{
  "type" : "FeatureCollection",
  "features" : [ {
    "type" : "Feature",
    "properties" : {
      "date" : "11/05/2021 09:09:30",
      "bikeType" : "City-/Trekking Bike",
      "child" : "Nein",
      "trailer" : "Nein",
      "pLoc" : "Jackentasche",
      "incident" : "Sonstiges",
      "participant" : "",
      "scary" : "Ja",
      "descr" : "Für abbiegende Fahrradfahrer gibt es keinen vernünftigen Weg. Sie müssen auf die Linksabbiegerspur, dann ein Stück weiter geradeaus und dann links auf die Verkehrsinsel, dann über eine weitere Abbiegespur zum gemeinsamen Geh- und Radweg.",
      "region" : "Bruehl"
    },
    "geometry" : {
      "type" : "Point",
      "coordinates" : [ 6.894915, 50.831241 ]
    }
  }, {
    "type" : "Feature",
    "properties" : {
      "date" : "26/06/2021 20:57:59",
      "bikeType" : "-",
      "child" : "Nein",
      "trailer" : "Nein",
      "pLoc" : "Hosentasche",
      "incident" : "Entgegenkommender Verkehrsteilnehmer",
      "participant" : "PKW",
      "scary" : "Ja",
      "descr" : "",
      "region" : "Bruehl"
    },
    "geometry" : {
      "type" : "Point",
      "coordinates" : [ 7.06511699, 50.70003513 ]
    }
  }, {
    "type" : "Feature",
    "properties" : {
      "date" : "15/07/2021 18:03:08",
      "bikeType" : "-",
      "child" : "Nein",
      "trailer" : "Nein",
      "pLoc" : "Hosentasche",
      "incident" : "Entgegenkommender Verkehrsteilnehmer",
      "participant" : "Bus, PKW",
      "scary" : "Nein",
      "descr" : "Straße zu schmal.",
      "region" : "Bruehl"
    },
    "geometry" : {
      "type" : "Point",
      "coordinates" : [ 7.07238636, 50.72686038 ]
    }
  }, {
    "type" : "Feature",
    "properties" : {
      "date" : "07/07/2021 17:22:35",
      "bikeType" : "-",
      "child" : "Nein",
      "trailer" : "Nein",
      "pLoc" : "Hosentasche",
      "incident" : "Hindernis ausweichen (z.B. Hund)",
      "participant" : "",
      "scary" : "Nein",
      "descr" : "Straßenbahngleise auf diesem Abschnitt.",
      "region" : "Bruehl"
    },
    "geometry" : {
      "type" : "Point",
      "coordinates" : [ 7.10218881, 50.72927766 ]
    }
  }, {
    "type" : "Feature",
    "properties" : {
      "date" : "07/07/2021 17:33:48",
      "bikeType" : "-",
      "child" : "Nein",
      "trailer" : "Nein",
      "pLoc" : "Hosentasche",
      "incident" : "Entgegenkommender Verkehrsteilnehmer",
      "participant" : "PKW",
      "scary" : "Nein",
      "descr" : "Einbahnstraße zu eng bei Gegenverkehr.",
      "region" : "Bruehl"
    },
    "geometry" : {
      "type" : "Point",
      "coordinates" : [ 7.07239994, 50.72690431 ]
    }
  }, {
    "type" : "Feature",
    "properties" : {
      "date" : "20/07/2021 17:17:33",
      "bikeType" : "-",
      "child" : "Nein",
      "trailer" : "Nein",
      "pLoc" : "Hosentasche",
      "incident" : "Hindernis ausweichen (z.B. Hund)",
      "participant" : "",
      "scary" : "Nein",
      "descr" : "Straßenbahngleise",
      "region" : "Bruehl"
    },
    "geometry" : {
      "type" : "Point",
      "coordinates" : [ 7.10228828, 50.72895298 ]
    }
  }, {
    "type" : "Feature",
    "properties" : {
      "date" : "20/07/2021 17:28:17",
      "bikeType" : "-",
      "child" : "Nein",
      "trailer" : "Nein",
      "pLoc" : "Hosentasche",
      "incident" : "Ein- oder ausparkendes Fahrzeug",
      "participant" : "PKW",
      "scary" : "Ja",
      "descr" : "",
      "region" : "Bruehl"
    },
    "geometry" : {
      "type" : "Point",
      "coordinates" : [ 7.07543711, 50.72568294 ]
    }
  }, {
    "type" : "Feature",
    "properties" : {
      "date" : "20/07/2021 17:29:50",
      "bikeType" : "-",
      "child" : "Nein",
      "trailer" : "Nein",
      "pLoc" : "Hosentasche",
      "incident" : "Beinahe-Dooring",
      "participant" : "PKW",
      "scary" : "Nein",
      "descr" : "",
      "region" : "Bruehl"
    },
    "geometry" : {
      "type" : "Point",
      "coordinates" : [ 7.07163373, 50.72651911 ]
    }
  }, {
    "type" : "Feature",
    "properties" : {
      "date" : "08/07/2021 17:30:31",
      "bikeType" : "-",
      "child" : "Nein",
      "trailer" : "Nein",
      "pLoc" : "Hosentasche",
      "incident" : "Ein- oder ausparkendes Fahrzeug",
      "participant" : "PKW",
      "scary" : "Nein",
      "descr" : "",
      "region" : "Bruehl"
    },
    "geometry" : {
      "type" : "Point",
      "coordinates" : [ 7.07200416, 50.72655616 ]
    }
  }, {
    "type" : "Feature",
    "properties" : {
      "date" : "23/04/2021 08:30:57",
      "bikeType" : "-",
      "child" : "Nein",
      "trailer" : "Nein",
      "pLoc" : "Hosentasche",
      "incident" : "Zu dichtes Überholen",
      "participant" : "LKW",
      "scary" : "Nein",
      "descr" : "Engstelle Löbtauer Straße Ecke Schäferstraße. Marker kann dort nicht platziert werden. ",
      "region" : "Bruehl"
    },
    "geometry" : {
      "type" : "Point",
      "coordinates" : [ 13.71971282, 51.05452962 ]
    }
  }, {
    "type" : "Feature",
    "properties" : {
      "date" : "22/04/2021 19:02:27",
      "bikeType" : "-",
      "child" : "Nein",
      "trailer" : "Nein",
      "pLoc" : "Hosentasche",
      "incident" : "Zu dichtes Überholen",
      "participant" : "",
      "scary" : "Nein",
      "descr" : "",
      "region" : "Bruehl"
    },
    "geometry" : {
      "type" : "Point",
      "coordinates" : [ 13.72805118, 51.07123996 ]
    }
  }, {
    "type" : "Feature",
    "properties" : {
      "date" : "06/05/2022 14:58:55",
      "bikeType" : "City-/Trekking Bike",
      "child" : "Nein",
      "trailer" : "Nein",
      "pLoc" : "Lenker",
      "incident" : "Hindernis ausweichen (z.B. Hund)",
      "participant" : "",
      "scary" : "Nein",
      "descr" : "",
      "region" : "Bruehl"
    },
    "geometry" : {
      "type" : "Point",
      "coordinates" : [ 6.9050545, 50.97078809 ]
    }
  }, {
    "type" : "Feature",
    "properties" : {
      "date" : "06/05/2022 14:59:17",
      "bikeType" : "City-/Trekking Bike",
      "child" : "Nein",
      "trailer" : "Nein",
      "pLoc" : "Lenker",
      "incident" : "Hindernis ausweichen (z.B. Hund)",
      "participant" : "",
      "scary" : "Nein",
      "descr" : "",
      "region" : "Bruehl"
    },
    "geometry" : {
      "type" : "Point",
      "coordinates" : [ 6.90519384, 50.96959698 ]
    }
  }, {
    "type" : "Feature",
    "properties" : {
      "date" : "06/05/2022 14:59:44",
      "bikeType" : "City-/Trekking Bike",
      "child" : "Nein",
      "trailer" : "Nein",
      "pLoc" : "Lenker",
      "incident" : "Zu dichtes Überholen",
      "participant" : "",
      "scary" : "Nein",
      "descr" : "",
      "region" : "Bruehl"
    },
    "geometry" : {
      "type" : "Point",
      "coordinates" : [ 6.90534985, 50.96814282 ]
    }
  }, {
    "type" : "Feature",
    "properties" : {
      "date" : "06/05/2022 15:01:09",
      "bikeType" : "City-/Trekking Bike",
      "child" : "Nein",
      "trailer" : "Nein",
      "pLoc" : "Lenker",
      "incident" : "Hindernis ausweichen (z.B. Hund)",
      "participant" : "",
      "scary" : "Nein",
      "descr" : "",
      "region" : "Bruehl"
    },
    "geometry" : {
      "type" : "Point",
      "coordinates" : [ 6.90580934, 50.96530677 ]
    }
  }, {
    "type" : "Feature",
    "properties" : {
      "date" : "06/05/2022 15:07:14",
      "bikeType" : "City-/Trekking Bike",
      "child" : "Nein",
      "trailer" : "Nein",
      "pLoc" : "Lenker",
      "incident" : "Hindernis ausweichen (z.B. Hund)",
      "participant" : "",
      "scary" : "Nein",
      "descr" : "",
      "region" : "Bruehl"
    },
    "geometry" : {
      "type" : "Point",
      "coordinates" : [ 6.91729395, 50.95485914 ]
    }
  }, {
    "type" : "Feature",
    "properties" : {
      "date" : "06/05/2022 15:07:20",
      "bikeType" : "City-/Trekking Bike",
      "child" : "Nein",
      "trailer" : "Nein",
      "pLoc" : "Lenker",
      "incident" : "Hindernis ausweichen (z.B. Hund)",
      "participant" : "",
      "scary" : "Nein",
      "descr" : "",
      "region" : "Bruehl"
    },
    "geometry" : {
      "type" : "Point",
      "coordinates" : [ 6.91768942, 50.9547206 ]
    }
  }, {
    "type" : "Feature",
    "properties" : {
      "date" : "06/05/2022 15:07:24",
      "bikeType" : "City-/Trekking Bike",
      "child" : "Nein",
      "trailer" : "Nein",
      "pLoc" : "Lenker",
      "incident" : "Hindernis ausweichen (z.B. Hund)",
      "participant" : "",
      "scary" : "Nein",
      "descr" : "",
      "region" : "Bruehl"
    },
    "geometry" : {
      "type" : "Point",
      "coordinates" : [ 6.91787914, 50.95465047 ]
    }
  }, {
    "type" : "Feature",
    "properties" : {
      "date" : "06/05/2022 15:07:36",
      "bikeType" : "City-/Trekking Bike",
      "child" : "Nein",
      "trailer" : "Nein",
      "pLoc" : "Lenker",
      "incident" : "Hindernis ausweichen (z.B. Hund)",
      "participant" : "",
      "scary" : "Nein",
      "descr" : "",
      "region" : "Bruehl"
    },
    "geometry" : {
      "type" : "Point",
      "coordinates" : [ 6.91878917, 50.95431113 ]
    }
  }, {
    "type" : "Feature",
    "properties" : {
      "date" : "06/05/2022 15:07:45",
      "bikeType" : "City-/Trekking Bike",
      "child" : "Nein",
      "trailer" : "Nein",
      "pLoc" : "Lenker",
      "incident" : "Hindernis ausweichen (z.B. Hund)",
      "participant" : "",
      "scary" : "Nein",
      "descr" : "",
      "region" : "Bruehl"
    },
    "geometry" : {
      "type" : "Point",
      "coordinates" : [ 6.91946735, 50.9540342 ]
    }
  }, {
    "type" : "Feature",
    "properties" : {
      "date" : "06/05/2022 15:09:04",
      "bikeType" : "City-/Trekking Bike",
      "child" : "Nein",
      "trailer" : "Nein",
      "pLoc" : "Lenker",
      "incident" : "Hindernis ausweichen (z.B. Hund)",
      "participant" : "",
      "scary" : "Nein",
      "descr" : "",
      "region" : "Bruehl"
    },
    "geometry" : {
      "type" : "Point",
      "coordinates" : [ 6.92489595, 50.95190064 ]
    }
  }, {
    "type" : "Feature",
    "properties" : {
      "date" : "06/05/2022 15:09:19",
      "bikeType" : "City-/Trekking Bike",
      "child" : "Nein",
      "trailer" : "Nein",
      "pLoc" : "Lenker",
      "incident" : "Zu dichtes Überholen",
      "participant" : "",
      "scary" : "Nein",
      "descr" : "",
      "region" : "Bruehl"
    },
    "geometry" : {
      "type" : "Point",
      "coordinates" : [ 6.9259146, 50.95138543 ]
    }
  }, {
    "type" : "Feature",
    "properties" : {
      "date" : "06/05/2022 15:14:11",
      "bikeType" : "City-/Trekking Bike",
      "child" : "Nein",
      "trailer" : "Nein",
      "pLoc" : "Lenker",
      "incident" : "Hindernis ausweichen (z.B. Hund)",
      "participant" : "",
      "scary" : "Nein",
      "descr" : "",
      "region" : "Bruehl"
    },
    "geometry" : {
      "type" : "Point",
      "coordinates" : [ 6.93937602, 50.94603481 ]
    }
  }, {
    "type" : "Feature",
    "properties" : {
      "date" : "06/05/2022 15:14:17",
      "bikeType" : "City-/Trekking Bike",
      "child" : "Nein",
      "trailer" : "Nein",
      "pLoc" : "Lenker",
      "incident" : "Hindernis ausweichen (z.B. Hund)",
      "participant" : "",
      "scary" : "Nein",
      "descr" : "",
      "region" : "Bruehl"
    },
    "geometry" : {
      "type" : "Point",
      "coordinates" : [ 6.93974913, 50.94587542 ]
    }
  }, {
    "type" : "Feature",
    "properties" : {
      "date" : "06/05/2022 15:15:24",
      "bikeType" : "City-/Trekking Bike",
      "child" : "Nein",
      "trailer" : "Nein",
      "pLoc" : "Lenker",
      "incident" : "Zu dichtes Überholen",
      "participant" : "",
      "scary" : "Nein",
      "descr" : "",
      "region" : "Bruehl"
    },
    "geometry" : {
      "type" : "Point",
      "coordinates" : [ 6.94229825, 50.94474441 ]
    }
  }, {
    "type" : "Feature",
    "properties" : {
      "date" : "06/05/2022 08:18:52",
      "bikeType" : "City-/Trekking Bike",
      "child" : "Nein",
      "trailer" : "Nein",
      "pLoc" : "Lenker",
      "incident" : "Hindernis ausweichen (z.B. Hund)",
      "participant" : "",
      "scary" : "Nein",
      "descr" : "",
      "region" : "Bruehl"
    },
    "geometry" : {
      "type" : "Point",
      "coordinates" : [ 6.88568829, 50.9469668 ]
    }
  }, {
    "type" : "Feature",
    "properties" : {
      "date" : "06/05/2022 08:25:30",
      "bikeType" : "City-/Trekking Bike",
      "child" : "Nein",
      "trailer" : "Nein",
      "pLoc" : "Lenker",
      "incident" : "Zu dichtes Überholen",
      "participant" : "",
      "scary" : "Nein",
      "descr" : "",
      "region" : "Bruehl"
    },
    "geometry" : {
      "type" : "Point",
      "coordinates" : [ 6.8897713, 50.96025042 ]
    }
  }, {
    "type" : "Feature",
    "properties" : {
      "date" : "06/05/2022 08:15:01",
      "bikeType" : "City-/Trekking Bike",
      "child" : "Nein",
      "trailer" : "Nein",
      "pLoc" : "Lenker",
      "incident" : "Hindernis ausweichen (z.B. Hund)",
      "participant" : "",
      "scary" : "Nein",
      "descr" : "",
      "region" : "Bruehl"
    },
    "geometry" : {
      "type" : "Point",
      "coordinates" : [ 6.88134709, 50.93886742 ]
    }
  }, {
    "type" : "Feature",
    "properties" : {
      "date" : "06/05/2022 08:15:13",
      "bikeType" : "City-/Trekking Bike",
      "child" : "Nein",
      "trailer" : "Nein",
      "pLoc" : "Lenker",
      "incident" : "Hindernis ausweichen (z.B. Hund)",
      "participant" : "",
      "scary" : "Nein",
      "descr" : "",
      "region" : "Bruehl"
    },
    "geometry" : {
      "type" : "Point",
      "coordinates" : [ 6.88083109, 50.93949674 ]
    }
  }, {
    "type" : "Feature",
    "properties" : {
      "date" : "06/05/2022 08:15:22",
      "bikeType" : "City-/Trekking Bike",
      "child" : "Nein",
      "trailer" : "Nein",
      "pLoc" : "Lenker",
      "incident" : "Zu dichtes Überholen",
      "participant" : "",
      "scary" : "Nein",
      "descr" : "",
      "region" : "Bruehl"
    },
    "geometry" : {
      "type" : "Point",
      "coordinates" : [ 6.88044483, 50.9399698 ]
    }
  }, {
    "type" : "Feature",
    "properties" : {
      "date" : "06/05/2022 08:16:26",
      "bikeType" : "City-/Trekking Bike",
      "child" : "Nein",
      "trailer" : "Nein",
      "pLoc" : "Lenker",
      "incident" : "Zu dichtes Überholen",
      "participant" : "",
      "scary" : "Nein",
      "descr" : "",
      "region" : "Bruehl"
    },
    "geometry" : {
      "type" : "Point",
      "coordinates" : [ 6.8795047, 50.94102071 ]
    }
  }, {
    "type" : "Feature",
    "properties" : {
      "date" : "06/05/2022 08:16:38",
      "bikeType" : "City-/Trekking Bike",
      "child" : "Nein",
      "trailer" : "Nein",
      "pLoc" : "Lenker",
      "incident" : "Hindernis ausweichen (z.B. Hund)",
      "participant" : "",
      "scary" : "Nein",
      "descr" : "",
      "region" : "Bruehl"
    },
    "geometry" : {
      "type" : "Point",
      "coordinates" : [ 6.87936147, 50.94160491 ]
    }
  }, {
    "type" : "Feature",
    "properties" : {
      "date" : "06/05/2022 08:17:33",
      "bikeType" : "City-/Trekking Bike",
      "child" : "Nein",
      "trailer" : "Nein",
      "pLoc" : "Lenker",
      "incident" : "Zu dichtes Überholen",
      "participant" : "",
      "scary" : "Nein",
      "descr" : "",
      "region" : "Bruehl"
    },
    "geometry" : {
      "type" : "Point",
      "coordinates" : [ 6.88258109, 50.94333496 ]
    }
  }, {
    "type" : "Feature",
    "properties" : {
      "date" : "06/05/2022 08:18:43",
      "bikeType" : "City-/Trekking Bike",
      "child" : "Nein",
      "trailer" : "Nein",
      "pLoc" : "Lenker",
      "incident" : "Hindernis ausweichen (z.B. Hund)",
      "participant" : "",
      "scary" : "Nein",
      "descr" : "",
      "region" : "Bruehl"
    },
    "geometry" : {
      "type" : "Point",
      "coordinates" : [ 6.88544287, 50.94655612 ]
    }
  }, {
    "type" : "Feature",
    "properties" : {
      "date" : "06/05/2022 08:18:49",
      "bikeType" : "City-/Trekking Bike",
      "child" : "Nein",
      "trailer" : "Nein",
      "pLoc" : "Lenker",
      "incident" : "Hindernis ausweichen (z.B. Hund)",
      "participant" : "",
      "scary" : "Nein",
      "descr" : "",
      "region" : "Bruehl"
    },
    "geometry" : {
      "type" : "Point",
      "coordinates" : [ 6.88560641, 50.94684433 ]
    }
  }, {
    "type" : "Feature",
    "properties" : {
      "date" : "29/04/2022 08:20:24",
      "bikeType" : "City-/Trekking Bike",
      "child" : "Nein",
      "trailer" : "Nein",
      "pLoc" : "Lenker",
      "incident" : "Hindernis ausweichen (z.B. Hund)",
      "participant" : "",
      "scary" : "Nein",
      "descr" : "",
      "region" : "Bruehl"
    },
    "geometry" : {
      "type" : "Point",
      "coordinates" : [ 6.88186712, 50.93823935 ]
    }
  }, {
    "type" : "Feature",
    "properties" : {
      "date" : "29/04/2022 08:20:27",
      "bikeType" : "City-/Trekking Bike",
      "child" : "Nein",
      "trailer" : "Nein",
      "pLoc" : "Lenker",
      "incident" : "Hindernis ausweichen (z.B. Hund)",
      "participant" : "",
      "scary" : "Nein",
      "descr" : "",
      "region" : "Bruehl"
    },
    "geometry" : {
      "type" : "Point",
      "coordinates" : [ 6.88171175, 50.93842074 ]
    }
  }, {
    "type" : "Feature",
    "properties" : {
      "date" : "29/04/2022 08:20:39",
      "bikeType" : "City-/Trekking Bike",
      "child" : "Nein",
      "trailer" : "Nein",
      "pLoc" : "Lenker",
      "incident" : "Zu dichtes Überholen",
      "participant" : "PKW, Taxi",
      "scary" : "Nein",
      "descr" : "Radweg zugeparkt",
      "region" : "Bruehl"
    },
    "geometry" : {
      "type" : "Point",
      "coordinates" : [ 6.88123488, 50.93897139 ]
    }
  }, {
    "type" : "Feature",
    "properties" : {
      "date" : "29/04/2022 08:21:03",
      "bikeType" : "City-/Trekking Bike",
      "child" : "Nein",
      "trailer" : "Nein",
      "pLoc" : "Lenker",
      "incident" : "Zu dichtes Überholen",
      "participant" : "",
      "scary" : "Nein",
      "descr" : "",
      "region" : "Bruehl"
    },
    "geometry" : {
      "type" : "Point",
      "coordinates" : [ 6.88015915, 50.94030506 ]
    }
  }, {
    "type" : "Feature",
    "properties" : {
      "date" : "29/04/2022 08:21:07",
      "bikeType" : "City-/Trekking Bike",
      "child" : "Nein",
      "trailer" : "Nein",
      "pLoc" : "Lenker",
      "incident" : "Hindernis ausweichen (z.B. Hund)",
      "participant" : "",
      "scary" : "Nein",
      "descr" : "",
      "region" : "Bruehl"
    },
    "geometry" : {
      "type" : "Point",
      "coordinates" : [ 6.88004894, 50.9404646 ]
    }
  }, {
    "type" : "Feature",
    "properties" : {
      "date" : "29/04/2022 08:21:28",
      "bikeType" : "City-/Trekking Bike",
      "child" : "Nein",
      "trailer" : "Nein",
      "pLoc" : "Lenker",
      "incident" : "Hindernis ausweichen (z.B. Hund)",
      "participant" : "",
      "scary" : "Nein",
      "descr" : "",
      "region" : "Bruehl"
    },
    "geometry" : {
      "type" : "Point",
      "coordinates" : [ 6.87934442, 50.94145111 ]
    }
  }, {
    "type" : "Feature",
    "properties" : {
      "date" : "29/04/2022 08:21:58",
      "bikeType" : "City-/Trekking Bike",
      "child" : "Nein",
      "trailer" : "Nein",
      "pLoc" : "Lenker",
      "incident" : "Zu dichtes Überholen",
      "participant" : "",
      "scary" : "Nein",
      "descr" : "",
      "region" : "Bruehl"
    },
    "geometry" : {
      "type" : "Point",
      "coordinates" : [ 6.88085927, 50.94266081 ]
    }
  }, {
    "type" : "Feature",
    "properties" : {
      "date" : "29/04/2022 08:22:38",
      "bikeType" : "City-/Trekking Bike",
      "child" : "Nein",
      "trailer" : "Nein",
      "pLoc" : "Lenker",
      "incident" : "Zu dichtes Überholen",
      "participant" : "",
      "scary" : "Nein",
      "descr" : "",
      "region" : "Bruehl"
    },
    "geometry" : {
      "type" : "Point",
      "coordinates" : [ 6.88310837, 50.94388865 ]
    }
  }, {
    "type" : "Feature",
    "properties" : {
      "date" : "29/04/2022 08:23:32",
      "bikeType" : "City-/Trekking Bike",
      "child" : "Nein",
      "trailer" : "Nein",
      "pLoc" : "Lenker",
      "incident" : "Hindernis ausweichen (z.B. Hund)",
      "participant" : "",
      "scary" : "Nein",
      "descr" : "",
      "region" : "Bruehl"
    },
    "geometry" : {
      "type" : "Point",
      "coordinates" : [ 6.88530336, 50.94642203 ]
    }
  }, {
    "type" : "Feature",
    "properties" : {
      "date" : "29/04/2022 08:23:44",
      "bikeType" : "City-/Trekking Bike",
      "child" : "Nein",
      "trailer" : "Nein",
      "pLoc" : "Lenker",
      "incident" : "Hindernis ausweichen (z.B. Hund)",
      "participant" : "",
      "scary" : "Nein",
      "descr" : "",
      "region" : "Bruehl"
    },
    "geometry" : {
      "type" : "Point",
      "coordinates" : [ 6.88552784, 50.94673442 ]
    }
  }, {
    "type" : "Feature",
    "properties" : {
      "date" : "29/04/2022 08:23:53",
      "bikeType" : "City-/Trekking Bike",
      "child" : "Nein",
      "trailer" : "Nein",
      "pLoc" : "Lenker",
      "incident" : "Hindernis ausweichen (z.B. Hund)",
      "participant" : "",
      "scary" : "Nein",
      "descr" : "",
      "region" : "Bruehl"
    },
    "geometry" : {
      "type" : "Point",
      "coordinates" : [ 6.88561145, 50.94680668 ]
    }
  }, {
    "type" : "Feature",
    "properties" : {
      "date" : "29/04/2022 08:25:21",
      "bikeType" : "City-/Trekking Bike",
      "child" : "Nein",
      "trailer" : "Nein",
      "pLoc" : "Lenker",
      "incident" : "Hindernis ausweichen (z.B. Hund)",
      "participant" : "",
      "scary" : "Nein",
      "descr" : "",
      "region" : "Bruehl"
    },
    "geometry" : {
      "type" : "Point",
      "coordinates" : [ 6.8884235, 50.94818173 ]
    }
  }, {
    "type" : "Feature",
    "properties" : {
      "date" : "29/04/2022 08:23:20",
      "bikeType" : "City-/Trekking Bike",
      "child" : "Nein",
      "trailer" : "Nein",
      "pLoc" : "Lenker",
      "incident" : "Sonstiges",
      "participant" : "PKW",
      "scary" : "Nein",
      "descr" : "Diverse Zweitereiheparker. ",
      "region" : "Bruehl"
    },
    "geometry" : {
      "type" : "Point",
      "coordinates" : [ 6.88510015, 50.94613695 ]
    }
  }, {
    "type" : "Feature",
    "properties" : {
      "date" : "29/04/2022 13:27:26",
      "bikeType" : "City-/Trekking Bike",
      "child" : "Nein",
      "trailer" : "Nein",
      "pLoc" : "Lenker",
      "incident" : "Zu dichtes Überholen",
      "participant" : "",
      "scary" : "Nein",
      "descr" : "",
      "region" : "Bruehl"
    },
    "geometry" : {
      "type" : "Point",
      "coordinates" : [ 6.94075151, 50.94544507 ]
    }
  }, {
    "type" : "Feature",
    "properties" : {
      "date" : "29/04/2022 13:28:00",
      "bikeType" : "City-/Trekking Bike",
      "child" : "Nein",
      "trailer" : "Nein",
      "pLoc" : "Lenker",
      "incident" : "Hindernis ausweichen (z.B. Hund)",
      "participant" : "",
      "scary" : "Nein",
      "descr" : "",
      "region" : "Bruehl"
    },
    "geometry" : {
      "type" : "Point",
      "coordinates" : [ 6.94303443, 50.94448544 ]
    }
  }, {
    "type" : "Feature",
    "properties" : {
      "date" : "29/04/2022 13:29:49",
      "bikeType" : "City-/Trekking Bike",
      "child" : "Nein",
      "trailer" : "Nein",
      "pLoc" : "Lenker",
      "incident" : "Hindernis ausweichen (z.B. Hund)",
      "participant" : "",
      "scary" : "Nein",
      "descr" : "",
      "region" : "Bruehl"
    },
    "geometry" : {
      "type" : "Point",
      "coordinates" : [ 6.94723482, 50.94551035 ]
    }
  }, {
    "type" : "Feature",
    "properties" : {
      "date" : "29/04/2022 13:12:03",
      "bikeType" : "City-/Trekking Bike",
      "child" : "Nein",
      "trailer" : "Nein",
      "pLoc" : "Lenker",
      "incident" : "Zu dichtes Überholen",
      "participant" : "",
      "scary" : "Nein",
      "descr" : "",
      "region" : "Bruehl"
    },
    "geometry" : {
      "type" : "Point",
      "coordinates" : [ 6.90514482, 50.96973886 ]
    }
  }, {
    "type" : "Feature",
    "properties" : {
      "date" : "29/04/2022 13:12:06",
      "bikeType" : "City-/Trekking Bike",
      "child" : "Nein",
      "trailer" : "Nein",
      "pLoc" : "Lenker",
      "incident" : "Zu dichtes Überholen",
      "participant" : "",
      "scary" : "Nein",
      "descr" : "",
      "region" : "Bruehl"
    },
    "geometry" : {
      "type" : "Point",
      "coordinates" : [ 6.90515333, 50.96957128 ]
    }
  }, {
    "type" : "Feature",
    "properties" : {
      "date" : "29/04/2022 13:19:11",
      "bikeType" : "City-/Trekking Bike",
      "child" : "Nein",
      "trailer" : "Nein",
      "pLoc" : "Lenker",
      "incident" : "Hindernis ausweichen (z.B. Hund)",
      "participant" : "",
      "scary" : "Nein",
      "descr" : "",
      "region" : "Bruehl"
    },
    "geometry" : {
      "type" : "Point",
      "coordinates" : [ 6.91547622, 50.95561451 ]
    }
  }, {
    "type" : "Feature",
    "properties" : {
      "date" : "29/04/2022 13:20:24",
      "bikeType" : "City-/Trekking Bike",
      "child" : "Nein",
      "trailer" : "Nein",
      "pLoc" : "Lenker",
      "incident" : "Hindernis ausweichen (z.B. Hund)",
      "participant" : "",
      "scary" : "Nein",
      "descr" : "",
      "region" : "Bruehl"
    },
    "geometry" : {
      "type" : "Point",
      "coordinates" : [ 6.91862873, 50.95439125 ]
    }
  }, {
    "type" : "Feature",
    "properties" : {
      "date" : "29/04/2022 13:21:28",
      "bikeType" : "City-/Trekking Bike",
      "child" : "Nein",
      "trailer" : "Nein",
      "pLoc" : "Lenker",
      "incident" : "Hindernis ausweichen (z.B. Hund)",
      "participant" : "",
      "scary" : "Nein",
      "descr" : "",
      "region" : "Bruehl"
    },
    "geometry" : {
      "type" : "Point",
      "coordinates" : [ 6.92091401, 50.95348969 ]
    }
  }, {
    "type" : "Feature",
    "properties" : {
      "date" : "29/04/2022 13:22:35",
      "bikeType" : "City-/Trekking Bike",
      "child" : "Nein",
      "trailer" : "Nein",
      "pLoc" : "Lenker",
      "incident" : "Zu dichtes Überholen",
      "participant" : "",
      "scary" : "Nein",
      "descr" : "",
      "region" : "Bruehl"
    },
    "geometry" : {
      "type" : "Point",
      "coordinates" : [ 6.92454851, 50.95210644 ]
    }
  }, {
    "type" : "Feature",
    "properties" : {
      "date" : "29/04/2022 13:22:50",
      "bikeType" : "City-/Trekking Bike",
      "child" : "Nein",
      "trailer" : "Nein",
      "pLoc" : "Lenker",
      "incident" : "Zu dichtes Überholen",
      "participant" : "",
      "scary" : "Nein",
      "descr" : "",
      "region" : "Bruehl"
    },
    "geometry" : {
      "type" : "Point",
      "coordinates" : [ 6.92529206, 50.95172206 ]
    }
  }, {
    "type" : "Feature",
    "properties" : {
      "date" : "29/04/2022 13:23:08",
      "bikeType" : "City-/Trekking Bike",
      "child" : "Nein",
      "trailer" : "Nein",
      "pLoc" : "Lenker",
      "incident" : "Zu dichtes Überholen",
      "participant" : "",
      "scary" : "Nein",
      "descr" : "",
      "region" : "Bruehl"
    },
    "geometry" : {
      "type" : "Point",
      "coordinates" : [ 6.92636347, 50.95115728 ]
    }
  } ]
}