{
  "type" : "FeatureCollection",
  "features" : [ {
    "type" : "Feature",
    "properties" : {
      "date" : "03/03/2022 12:48:49",
      "bikeType" : "City-/Trekking Bike",
      "child" : "Nein",
      "trailer" : "Nein",
      "pLoc" : "Lenker",
      "incident" : "Zu dichtes Überholen",
      "participant" : "",
      "scary" : "Nein",
      "descr" : "",
      "region" : "Köln"
    },
    "geometry" : {
      "type" : "Point",
      "coordinates" : [ 6.927884232613607, 50.92298694034363 ]
    }
  }, {
    "type" : "Feature",
    "properties" : {
      "date" : "03/03/2022 13:04:43",
      "bikeType" : "City-/Trekking Bike",
      "child" : "Nein",
      "trailer" : "Nein",
      "pLoc" : "Lenker",
      "incident" : "Zu dichtes Überholen",
      "participant" : "",
      "scary" : "Nein",
      "descr" : "",
      "region" : "Köln"
    },
    "geometry" : {
      "type" : "Point",
      "coordinates" : [ 6.885304692274563, 50.93381454208231 ]
    }
  }, {
    "type" : "Feature",
    "properties" : {
      "date" : "04/03/2022 07:50:23",
      "bikeType" : "Lastenrad",
      "child" : "Ja",
      "trailer" : "Nein",
      "pLoc" : "Hosentasche",
      "incident" : "Hindernis ausweichen (z.B. Hund)",
      "participant" : "PKW",
      "scary" : "Ja",
      "descr" : "Radweg und Kreuzung zugeparkt ",
      "region" : "Köln"
    },
    "geometry" : {
      "type" : "Point",
      "coordinates" : [ 7.037112, 50.982305 ]
    }
  }, {
    "type" : "Feature",
    "properties" : {
      "date" : "04/03/2022 07:50:31",
      "bikeType" : "Lastenrad",
      "child" : "Ja",
      "trailer" : "Nein",
      "pLoc" : "Hosentasche",
      "incident" : "Ein- oder ausparkendes Fahrzeug",
      "participant" : "Fußgänger, PKW",
      "scary" : "Ja",
      "descr" : "Auto parkt auf dem Radweg",
      "region" : "Köln"
    },
    "geometry" : {
      "type" : "Point",
      "coordinates" : [ 7.036992, 50.982336 ]
    }
  }, {
    "type" : "Feature",
    "properties" : {
      "date" : "04/03/2022 07:50:39",
      "bikeType" : "Lastenrad",
      "child" : "Ja",
      "trailer" : "Nein",
      "pLoc" : "Hosentasche",
      "incident" : "Beinahe-Dooring",
      "participant" : "PKW",
      "scary" : "Ja",
      "descr" : "Auto parkt auf dem Radweg",
      "region" : "Köln"
    },
    "geometry" : {
      "type" : "Point",
      "coordinates" : [ 7.036434, 50.982296 ]
    }
  }, {
    "type" : "Feature",
    "properties" : {
      "date" : "07/03/2022 07:48:04",
      "bikeType" : "Lastenrad",
      "child" : "Ja",
      "trailer" : "Nein",
      "pLoc" : "Hosentasche",
      "incident" : "Ein- oder ausparkendes Fahrzeug",
      "participant" : "PKW",
      "scary" : "Ja",
      "descr" : "",
      "region" : "Köln"
    },
    "geometry" : {
      "type" : "Point",
      "coordinates" : [ 7.035531, 50.983655 ]
    }
  }, {
    "type" : "Feature",
    "properties" : {
      "date" : "07/03/2022 07:53:29",
      "bikeType" : "Lastenrad",
      "child" : "Ja",
      "trailer" : "Nein",
      "pLoc" : "Hosentasche",
      "incident" : "Ein- oder ausparkendes Fahrzeug",
      "participant" : "PKW",
      "scary" : "Ja",
      "descr" : "",
      "region" : "Köln"
    },
    "geometry" : {
      "type" : "Point",
      "coordinates" : [ 7.036758, 50.992583 ]
    }
  } ]
}