{
  "type" : "FeatureCollection",
  "features" : [ {
    "type" : "Feature",
    "properties" : {
      "date" : "11/03/2022 08:08:33",
      "bikeType" : "City-/Trekking Bike",
      "child" : "Nein",
      "trailer" : "Nein",
      "pLoc" : "Lenker",
      "incident" : "Zu dichtes Überholen",
      "participant" : "PKW",
      "scary" : "Nein",
      "descr" : "Überholabstand unter 150 cm.. Messung durch Open Bike Sensor. ",
      "region" : "Köln"
    },
    "geometry" : {
      "type" : "Point",
      "coordinates" : [ 6.86198304124675, 50.932993336567286 ]
    }
  }, {
    "type" : "Feature",
    "properties" : {
      "date" : "11/03/2022 08:15:08",
      "bikeType" : "City-/Trekking Bike",
      "child" : "Nein",
      "trailer" : "Nein",
      "pLoc" : "Lenker",
      "incident" : "Zu dichtes Überholen",
      "participant" : "PKW",
      "scary" : "Nein",
      "descr" : "Überholabstand unter 150 cm.. Messung durch Open Bike Sensor. ",
      "region" : "Köln"
    },
    "geometry" : {
      "type" : "Point",
      "coordinates" : [ 6.841733404617052, 50.93563710090141 ]
    }
  }, {
    "type" : "Feature",
    "properties" : {
      "date" : "11/03/2022 08:03:30",
      "bikeType" : "City-/Trekking Bike",
      "child" : "Nein",
      "trailer" : "Nein",
      "pLoc" : "Lenker",
      "incident" : "Zu dichtes Überholen",
      "participant" : "PKW",
      "scary" : "Nein",
      "descr" : "Überholabstand unter 150 cm.. Messung durch Open Bike Sensor. ",
      "region" : "Köln"
    },
    "geometry" : {
      "type" : "Point",
      "coordinates" : [ 6.883846142544649, 50.93329098582413 ]
    }
  }, {
    "type" : "Feature",
    "properties" : {
      "date" : "11/03/2022 08:03:39",
      "bikeType" : "City-/Trekking Bike",
      "child" : "Nein",
      "trailer" : "Nein",
      "pLoc" : "Lenker",
      "incident" : "Zu dichtes Überholen",
      "participant" : "PKW",
      "scary" : "Nein",
      "descr" : "Überholabstand unter 150 cm.. Messung durch Open Bike Sensor. ",
      "region" : "Köln"
    },
    "geometry" : {
      "type" : "Point",
      "coordinates" : [ 6.883297201302436, 50.93309586654403 ]
    }
  }, {
    "type" : "Feature",
    "properties" : {
      "date" : "11/03/2022 08:04:54",
      "bikeType" : "City-/Trekking Bike",
      "child" : "Nein",
      "trailer" : "Nein",
      "pLoc" : "Lenker",
      "incident" : "Zu dichtes Überholen",
      "participant" : "PKW",
      "scary" : "Nein",
      "descr" : "Überholabstand unter 150 cm.. Messung durch Open Bike Sensor. ",
      "region" : "Köln"
    },
    "geometry" : {
      "type" : "Point",
      "coordinates" : [ 6.878694112437517, 50.931883251742114 ]
    }
  }, {
    "type" : "Feature",
    "properties" : {
      "date" : "11/03/2022 08:05:00",
      "bikeType" : "City-/Trekking Bike",
      "child" : "Nein",
      "trailer" : "Nein",
      "pLoc" : "Lenker",
      "incident" : "Zu dichtes Überholen",
      "participant" : "PKW",
      "scary" : "Nein",
      "descr" : "Überholabstand unter 150 cm.. Messung durch Open Bike Sensor. ",
      "region" : "Köln"
    },
    "geometry" : {
      "type" : "Point",
      "coordinates" : [ 6.8782257300341625, 50.931867923778505 ]
    }
  }, {
    "type" : "Feature",
    "properties" : {
      "date" : "11/03/2022 08:05:10",
      "bikeType" : "City-/Trekking Bike",
      "child" : "Nein",
      "trailer" : "Nein",
      "pLoc" : "Lenker",
      "incident" : "Zu dichtes Überholen",
      "participant" : "",
      "scary" : "Nein",
      "descr" : "Überholabstand unter 150 cm.. Messung durch Open Bike Sensor. ",
      "region" : "Köln"
    },
    "geometry" : {
      "type" : "Point",
      "coordinates" : [ 6.877464224820371, 50.93190951239482 ]
    }
  }, {
    "type" : "Feature",
    "properties" : {
      "date" : "11/03/2022 08:06:22",
      "bikeType" : "City-/Trekking Bike",
      "child" : "Nein",
      "trailer" : "Nein",
      "pLoc" : "Lenker",
      "incident" : "Zu dichtes Überholen",
      "participant" : "PKW",
      "scary" : "Nein",
      "descr" : "Überholabstand unter 150 cm.. Messung durch Open Bike Sensor. ",
      "region" : "Köln"
    },
    "geometry" : {
      "type" : "Point",
      "coordinates" : [ 6.87148375910196, 50.932253435053255 ]
    }
  }, {
    "type" : "Feature",
    "properties" : {
      "date" : "11/03/2022 08:06:35",
      "bikeType" : "City-/Trekking Bike",
      "child" : "Nein",
      "trailer" : "Nein",
      "pLoc" : "Lenker",
      "incident" : "Zu dichtes Überholen",
      "participant" : "PKW",
      "scary" : "Nein",
      "descr" : "Überholabstand unter 150 cm.. Messung durch Open Bike Sensor. ",
      "region" : "Köln"
    },
    "geometry" : {
      "type" : "Point",
      "coordinates" : [ 6.870599019189324, 50.932294321834846 ]
    }
  }, {
    "type" : "Feature",
    "properties" : {
      "date" : "11/03/2022 08:06:38",
      "bikeType" : "City-/Trekking Bike",
      "child" : "Nein",
      "trailer" : "Nein",
      "pLoc" : "Lenker",
      "incident" : "Zu dichtes Überholen",
      "participant" : "PKW",
      "scary" : "Nein",
      "descr" : "Überholabstand unter 150 cm.. Messung durch Open Bike Sensor. ",
      "region" : "Köln"
    },
    "geometry" : {
      "type" : "Point",
      "coordinates" : [ 6.870368331672851, 50.9322983985585 ]
    }
  }, {
    "type" : "Feature",
    "properties" : {
      "date" : "10/03/2022 18:25:26",
      "bikeType" : "Lastenrad",
      "child" : "Nein",
      "trailer" : "Nein",
      "pLoc" : "Hosentasche",
      "incident" : "Sonstiges",
      "participant" : "PKW",
      "scary" : "Nein",
      "descr" : "Double Dooring",
      "region" : "Köln"
    },
    "geometry" : {
      "type" : "Point",
      "coordinates" : [ 6.968489, 50.964481 ]
    }
  }, {
    "type" : "Feature",
    "properties" : {
      "date" : "11/03/2022 07:38:05",
      "bikeType" : "City-/Trekking Bike",
      "child" : "Nein",
      "trailer" : "Nein",
      "pLoc" : "Lenker",
      "incident" : "Zu dichtes Überholen",
      "participant" : "PKW",
      "scary" : "Nein",
      "descr" : "Überholabstand unter 150 cm.. Messung durch Open Bike Sensor. ",
      "region" : "Köln"
    },
    "geometry" : {
      "type" : "Point",
      "coordinates" : [ 6.881443449731494, 50.932375190548974 ]
    }
  }, {
    "type" : "Feature",
    "properties" : {
      "date" : "11/03/2022 07:38:15",
      "bikeType" : "City-/Trekking Bike",
      "child" : "Nein",
      "trailer" : "Nein",
      "pLoc" : "Lenker",
      "incident" : "Zu dichtes Überholen",
      "participant" : "PKW",
      "scary" : "Nein",
      "descr" : "Überholabstand unter 150 cm.. Messung durch Open Bike Sensor. ",
      "region" : "Köln"
    },
    "geometry" : {
      "type" : "Point",
      "coordinates" : [ 6.882066373095029, 50.932545747906815 ]
    }
  }, {
    "type" : "Feature",
    "properties" : {
      "date" : "11/03/2022 07:25:58",
      "bikeType" : "City-/Trekking Bike",
      "child" : "Nein",
      "trailer" : "Nein",
      "pLoc" : "Lenker",
      "incident" : "Zu dichtes Überholen",
      "participant" : "PKW",
      "scary" : "Nein",
      "descr" : "Überholabstand unter 150 cm.. Messung durch Open Bike Sensor. ",
      "region" : "Köln"
    },
    "geometry" : {
      "type" : "Point",
      "coordinates" : [ 6.839476952653363, 50.93560288054673 ]
    }
  }, {
    "type" : "Feature",
    "properties" : {
      "date" : "11/03/2022 07:30:49",
      "bikeType" : "City-/Trekking Bike",
      "child" : "Nein",
      "trailer" : "Nein",
      "pLoc" : "Lenker",
      "incident" : "Zu dichtes Überholen",
      "participant" : "PKW",
      "scary" : "Nein",
      "descr" : "Überholabstand unter 150 cm.. Messung durch Open Bike Sensor. ",
      "region" : "Köln"
    },
    "geometry" : {
      "type" : "Point",
      "coordinates" : [ 6.853453182066064, 50.933190801115124 ]
    }
  }, {
    "type" : "Feature",
    "properties" : {
      "date" : "11/03/2022 07:32:16",
      "bikeType" : "City-/Trekking Bike",
      "child" : "Nein",
      "trailer" : "Nein",
      "pLoc" : "Lenker",
      "incident" : "Zu dichtes Überholen",
      "participant" : "PKW",
      "scary" : "Nein",
      "descr" : "Überholabstand unter 150 cm.. Messung durch Open Bike Sensor. ",
      "region" : "Köln"
    },
    "geometry" : {
      "type" : "Point",
      "coordinates" : [ 6.857166593237779, 50.93205651907862 ]
    }
  }, {
    "type" : "Feature",
    "properties" : {
      "date" : "11/03/2022 07:34:18",
      "bikeType" : "City-/Trekking Bike",
      "child" : "Nein",
      "trailer" : "Nein",
      "pLoc" : "Lenker",
      "incident" : "Hindernis ausweichen (z.B. Hund)",
      "participant" : "PKW",
      "scary" : "Nein",
      "descr" : "Falschparker halb auf Radweg.",
      "region" : "Köln"
    },
    "geometry" : {
      "type" : "Point",
      "coordinates" : [ 6.865863804770883, 50.932117556970624 ]
    }
  }, {
    "type" : "Feature",
    "properties" : {
      "date" : "11/03/2022 07:36:14",
      "bikeType" : "City-/Trekking Bike",
      "child" : "Nein",
      "trailer" : "Nein",
      "pLoc" : "Lenker",
      "incident" : "Zu dichtes Überholen",
      "participant" : "Lieferwagen",
      "scary" : "Nein",
      "descr" : "Überholabstand unter 150 cm.. Messung durch Open Bike Sensor. ",
      "region" : "Köln"
    },
    "geometry" : {
      "type" : "Point",
      "coordinates" : [ 6.873646634448879, 50.932095172508895 ]
    }
  }, {
    "type" : "Feature",
    "properties" : {
      "date" : "11/03/2022 07:36:17",
      "bikeType" : "City-/Trekking Bike",
      "child" : "Nein",
      "trailer" : "Nein",
      "pLoc" : "Lenker",
      "incident" : "Zu dichtes Überholen",
      "participant" : "PKW",
      "scary" : "Nein",
      "descr" : "Überholabstand unter 150 cm.. Messung durch Open Bike Sensor. ",
      "region" : "Köln"
    },
    "geometry" : {
      "type" : "Point",
      "coordinates" : [ 6.873957243865859, 50.932075571119334 ]
    }
  }, {
    "type" : "Feature",
    "properties" : {
      "date" : "11/03/2022 07:37:23",
      "bikeType" : "City-/Trekking Bike",
      "child" : "Nein",
      "trailer" : "Nein",
      "pLoc" : "Lenker",
      "incident" : "Zu dichtes Überholen",
      "participant" : "PKW",
      "scary" : "Nein",
      "descr" : "Überholabstand unter 150 cm.. Messung durch Open Bike Sensor. ",
      "region" : "Köln"
    },
    "geometry" : {
      "type" : "Point",
      "coordinates" : [ 6.878369206587522, 50.93178877236149 ]
    }
  }, {
    "type" : "Feature",
    "properties" : {
      "date" : "11/03/2022 07:37:56",
      "bikeType" : "City-/Trekking Bike",
      "child" : "Nein",
      "trailer" : "Nein",
      "pLoc" : "Lenker",
      "incident" : "Zu dichtes Überholen",
      "participant" : "PKW",
      "scary" : "Nein",
      "descr" : "Überholabstand unter 150 cm.. Messung durch Open Bike Sensor. ",
      "region" : "Köln"
    },
    "geometry" : {
      "type" : "Point",
      "coordinates" : [ 6.880783533770367, 50.932239192750025 ]
    }
  }, {
    "type" : "Feature",
    "properties" : {
      "date" : "09/03/2022 15:54:31",
      "bikeType" : "City-/Trekking Bike",
      "child" : "Nein",
      "trailer" : "Nein",
      "pLoc" : "Lenker",
      "incident" : "Zu dichtes Überholen",
      "participant" : "PKW",
      "scary" : "Nein",
      "descr" : "",
      "region" : "Köln"
    },
    "geometry" : {
      "type" : "Point",
      "coordinates" : [ 6.88164722906417, 50.93256255041319 ]
    }
  }, {
    "type" : "Feature",
    "properties" : {
      "date" : "09/03/2022 15:54:41",
      "bikeType" : "City-/Trekking Bike",
      "child" : "Nein",
      "trailer" : "Nein",
      "pLoc" : "Lenker",
      "incident" : "Zu dichtes Überholen",
      "participant" : "PKW",
      "scary" : "Nein",
      "descr" : "",
      "region" : "Köln"
    },
    "geometry" : {
      "type" : "Point",
      "coordinates" : [ 6.881028077606794, 50.932322715254685 ]
    }
  }, {
    "type" : "Feature",
    "properties" : {
      "date" : "09/03/2022 15:55:59",
      "bikeType" : "City-/Trekking Bike",
      "child" : "Nein",
      "trailer" : "Nein",
      "pLoc" : "Lenker",
      "incident" : "Zu dichtes Überholen",
      "participant" : "",
      "scary" : "Nein",
      "descr" : "",
      "region" : "Köln"
    },
    "geometry" : {
      "type" : "Point",
      "coordinates" : [ 6.87399621136664, 50.932113925445385 ]
    }
  }, {
    "type" : "Feature",
    "properties" : {
      "date" : "09/03/2022 15:56:21",
      "bikeType" : "City-/Trekking Bike",
      "child" : "Nein",
      "trailer" : "Nein",
      "pLoc" : "Lenker",
      "incident" : "Zu dichtes Überholen",
      "participant" : "PKW",
      "scary" : "Ja",
      "descr" : "",
      "region" : "Köln"
    },
    "geometry" : {
      "type" : "Point",
      "coordinates" : [ 6.872124890701289, 50.932188003124104 ]
    }
  }, {
    "type" : "Feature",
    "properties" : {
      "date" : "09/03/2022 15:58:02",
      "bikeType" : "City-/Trekking Bike",
      "child" : "Nein",
      "trailer" : "Nein",
      "pLoc" : "Lenker",
      "incident" : "Zu dichtes Überholen",
      "participant" : "PKW",
      "scary" : "Ja",
      "descr" : "",
      "region" : "Köln"
    },
    "geometry" : {
      "type" : "Point",
      "coordinates" : [ 6.863340081237067, 50.93212964453906 ]
    }
  }, {
    "type" : "Feature",
    "properties" : {
      "date" : "09/03/2022 15:58:49",
      "bikeType" : "City-/Trekking Bike",
      "child" : "Nein",
      "trailer" : "Nein",
      "pLoc" : "Lenker",
      "incident" : "Hindernis ausweichen (z.B. Hund)",
      "participant" : "PKW",
      "scary" : "Nein",
      "descr" : "PKW parkt auf Radweg.",
      "region" : "Köln"
    },
    "geometry" : {
      "type" : "Point",
      "coordinates" : [ 6.865371856980447, 50.93211545213113 ]
    }
  }, {
    "type" : "Feature",
    "properties" : {
      "date" : "09/03/2022 16:00:32",
      "bikeType" : "City-/Trekking Bike",
      "child" : "Nein",
      "trailer" : "Nein",
      "pLoc" : "Lenker",
      "incident" : "Zu dichtes Überholen",
      "participant" : "PKW",
      "scary" : "Nein",
      "descr" : "",
      "region" : "Köln"
    },
    "geometry" : {
      "type" : "Point",
      "coordinates" : [ 6.873630889093811, 50.93208662533073 ]
    }
  }, {
    "type" : "Feature",
    "properties" : {
      "date" : "09/03/2022 16:00:50",
      "bikeType" : "City-/Trekking Bike",
      "child" : "Nein",
      "trailer" : "Nein",
      "pLoc" : "Lenker",
      "incident" : "Zu dichtes Überholen",
      "participant" : "PKW",
      "scary" : "Nein",
      "descr" : "",
      "region" : "Köln"
    },
    "geometry" : {
      "type" : "Point",
      "coordinates" : [ 6.8750218728212955, 50.932019129367454 ]
    }
  }, {
    "type" : "Feature",
    "properties" : {
      "date" : "09/03/2022 16:01:24",
      "bikeType" : "City-/Trekking Bike",
      "child" : "Nein",
      "trailer" : "Nein",
      "pLoc" : "Lenker",
      "incident" : "Zu dichtes Überholen",
      "participant" : "PKW",
      "scary" : "Nein",
      "descr" : "",
      "region" : "Köln"
    },
    "geometry" : {
      "type" : "Point",
      "coordinates" : [ 6.877430425422762, 50.93191927786079 ]
    }
  }, {
    "type" : "Feature",
    "properties" : {
      "date" : "09/03/2022 16:01:33",
      "bikeType" : "City-/Trekking Bike",
      "child" : "Nein",
      "trailer" : "Nein",
      "pLoc" : "Lenker",
      "incident" : "Zu dichtes Überholen",
      "participant" : "PKW",
      "scary" : "Nein",
      "descr" : "",
      "region" : "Köln"
    },
    "geometry" : {
      "type" : "Point",
      "coordinates" : [ 6.878074625853387, 50.93184316319744 ]
    }
  }, {
    "type" : "Feature",
    "properties" : {
      "date" : "09/03/2022 16:01:39",
      "bikeType" : "City-/Trekking Bike",
      "child" : "Nein",
      "trailer" : "Nein",
      "pLoc" : "Lenker",
      "incident" : "Zu dichtes Überholen",
      "participant" : "PKW",
      "scary" : "Nein",
      "descr" : "",
      "region" : "Köln"
    },
    "geometry" : {
      "type" : "Point",
      "coordinates" : [ 6.878478052112454, 50.931809878062055 ]
    }
  }, {
    "type" : "Feature",
    "properties" : {
      "date" : "09/03/2022 16:02:37",
      "bikeType" : "City-/Trekking Bike",
      "child" : "Nein",
      "trailer" : "Nein",
      "pLoc" : "Lenker",
      "incident" : "Zu dichtes Überholen",
      "participant" : "PKW",
      "scary" : "Nein",
      "descr" : "",
      "region" : "Köln"
    },
    "geometry" : {
      "type" : "Point",
      "coordinates" : [ 6.882917632916938, 50.93262111292582 ]
    }
  }, {
    "type" : "Feature",
    "properties" : {
      "date" : "09/03/2022 16:04:27",
      "bikeType" : "City-/Trekking Bike",
      "child" : "Nein",
      "trailer" : "Nein",
      "pLoc" : "Lenker",
      "incident" : "Zu dichtes Überholen",
      "participant" : "PKW",
      "scary" : "Nein",
      "descr" : "",
      "region" : "Köln"
    },
    "geometry" : {
      "type" : "Point",
      "coordinates" : [ 6.882705107025519, 50.93282169731061 ]
    }
  }, {
    "type" : "Feature",
    "properties" : {
      "date" : "09/03/2022 16:04:42",
      "bikeType" : "City-/Trekking Bike",
      "child" : "Nein",
      "trailer" : "Nein",
      "pLoc" : "Lenker",
      "incident" : "Zu dichtes Überholen",
      "participant" : "PKW",
      "scary" : "Nein",
      "descr" : "",
      "region" : "Köln"
    },
    "geometry" : {
      "type" : "Point",
      "coordinates" : [ 6.881787938577887, 50.932552466607156 ]
    }
  }, {
    "type" : "Feature",
    "properties" : {
      "date" : "09/03/2022 16:04:51",
      "bikeType" : "City-/Trekking Bike",
      "child" : "Nein",
      "trailer" : "Nein",
      "pLoc" : "Lenker",
      "incident" : "Zu dichtes Überholen",
      "participant" : "PKW",
      "scary" : "Nein",
      "descr" : "",
      "region" : "Köln"
    },
    "geometry" : {
      "type" : "Point",
      "coordinates" : [ 6.88114883352637, 50.93234898451298 ]
    }
  }, {
    "type" : "Feature",
    "properties" : {
      "date" : "09/03/2022 16:04:58",
      "bikeType" : "City-/Trekking Bike",
      "child" : "Nein",
      "trailer" : "Nein",
      "pLoc" : "Lenker",
      "incident" : "Zu dichtes Überholen",
      "participant" : "PKW",
      "scary" : "Nein",
      "descr" : "",
      "region" : "Köln"
    },
    "geometry" : {
      "type" : "Point",
      "coordinates" : [ 6.880736013042149, 50.93224942921596 ]
    }
  }, {
    "type" : "Feature",
    "properties" : {
      "date" : "09/03/2022 16:05:28",
      "bikeType" : "City-/Trekking Bike",
      "child" : "Nein",
      "trailer" : "Nein",
      "pLoc" : "Lenker",
      "incident" : "Zu dichtes Überholen",
      "participant" : "PKW",
      "scary" : "Nein",
      "descr" : "",
      "region" : "Köln"
    },
    "geometry" : {
      "type" : "Point",
      "coordinates" : [ 6.878481344071448, 50.93194572158585 ]
    }
  }, {
    "type" : "Feature",
    "properties" : {
      "date" : "09/03/2022 16:05:34",
      "bikeType" : "City-/Trekking Bike",
      "child" : "Nein",
      "trailer" : "Nein",
      "pLoc" : "Lenker",
      "incident" : "Zu dichtes Überholen",
      "participant" : "PKW",
      "scary" : "Nein",
      "descr" : "",
      "region" : "Köln"
    },
    "geometry" : {
      "type" : "Point",
      "coordinates" : [ 6.877943365031641, 50.93196417812648 ]
    }
  }, {
    "type" : "Feature",
    "properties" : {
      "date" : "09/03/2022 16:05:38",
      "bikeType" : "City-/Trekking Bike",
      "child" : "Nein",
      "trailer" : "Nein",
      "pLoc" : "Lenker",
      "incident" : "Zu dichtes Überholen",
      "participant" : "PKW",
      "scary" : "Nein",
      "descr" : "",
      "region" : "Köln"
    },
    "geometry" : {
      "type" : "Point",
      "coordinates" : [ 6.8776545569988965, 50.93200677357928 ]
    }
  }, {
    "type" : "Feature",
    "properties" : {
      "date" : "09/03/2022 16:06:14",
      "bikeType" : "City-/Trekking Bike",
      "child" : "Nein",
      "trailer" : "Nein",
      "pLoc" : "Lenker",
      "incident" : "Zu dichtes Überholen",
      "participant" : "Lieferwagen",
      "scary" : "Ja",
      "descr" : "",
      "region" : "Köln"
    },
    "geometry" : {
      "type" : "Point",
      "coordinates" : [ 6.875010338284509, 50.93212885898426 ]
    }
  }, {
    "type" : "Feature",
    "properties" : {
      "date" : "09/03/2022 16:07:06",
      "bikeType" : "City-/Trekking Bike",
      "child" : "Nein",
      "trailer" : "Nein",
      "pLoc" : "Lenker",
      "incident" : "Zu dichtes Überholen",
      "participant" : "Taxi",
      "scary" : "Nein",
      "descr" : "",
      "region" : "Köln"
    },
    "geometry" : {
      "type" : "Point",
      "coordinates" : [ 6.870576075772879, 50.9322765537395 ]
    }
  }, {
    "type" : "Feature",
    "properties" : {
      "date" : "09/03/2022 16:08:19",
      "bikeType" : "City-/Trekking Bike",
      "child" : "Nein",
      "trailer" : "Nein",
      "pLoc" : "Lenker",
      "incident" : "Zu dichtes Überholen",
      "participant" : "PKW",
      "scary" : "Nein",
      "descr" : "",
      "region" : "Köln"
    },
    "geometry" : {
      "type" : "Point",
      "coordinates" : [ 6.864161903718843, 50.93215257896408 ]
    }
  }, {
    "type" : "Feature",
    "properties" : {
      "date" : "11/03/2022 07:50:10",
      "bikeType" : "City-/Trekking Bike",
      "child" : "Nein",
      "trailer" : "Nein",
      "pLoc" : "Lenker",
      "incident" : "Zu dichtes Überholen",
      "participant" : "",
      "scary" : "Nein",
      "descr" : "Überholabstand unter 150 cm.. Messung durch Open Bike Sensor. ",
      "region" : "Köln"
    },
    "geometry" : {
      "type" : "Point",
      "coordinates" : [ 6.902345061046177, 50.941842493132455 ]
    }
  }, {
    "type" : "Feature",
    "properties" : {
      "date" : "11/03/2022 07:43:00",
      "bikeType" : "City-/Trekking Bike",
      "child" : "Nein",
      "trailer" : "Nein",
      "pLoc" : "Lenker",
      "incident" : "Zu dichtes Überholen",
      "participant" : "PKW",
      "scary" : "Nein",
      "descr" : "Überholabstand unter 150 cm.. Messung durch Open Bike Sensor. ",
      "region" : "Köln"
    },
    "geometry" : {
      "type" : "Point",
      "coordinates" : [ 6.881622518443134, 50.9386753218247 ]
    }
  }, {
    "type" : "Feature",
    "properties" : {
      "date" : "11/03/2022 07:43:16",
      "bikeType" : "City-/Trekking Bike",
      "child" : "Nein",
      "trailer" : "Nein",
      "pLoc" : "Lenker",
      "incident" : "Zu dichtes Überholen",
      "participant" : "PKW",
      "scary" : "Nein",
      "descr" : "Überholabstand unter 150 cm.. Messung durch Open Bike Sensor. ",
      "region" : "Köln"
    },
    "geometry" : {
      "type" : "Point",
      "coordinates" : [ 6.880980872755071, 50.93941786195466 ]
    }
  }, {
    "type" : "Feature",
    "properties" : {
      "date" : "11/03/2022 07:44:26",
      "bikeType" : "City-/Trekking Bike",
      "child" : "Nein",
      "trailer" : "Nein",
      "pLoc" : "Lenker",
      "incident" : "Zu dichtes Überholen",
      "participant" : "Lieferwagen",
      "scary" : "Nein",
      "descr" : "Überholabstand unter 150 cm.. Messung durch Open Bike Sensor. ",
      "region" : "Köln"
    },
    "geometry" : {
      "type" : "Point",
      "coordinates" : [ 6.879584374060531, 50.94103397896567 ]
    }
  }, {
    "type" : "Feature",
    "properties" : {
      "date" : "11/03/2022 07:44:32",
      "bikeType" : "City-/Trekking Bike",
      "child" : "Nein",
      "trailer" : "Nein",
      "pLoc" : "Lenker",
      "incident" : "Zu dichtes Überholen",
      "participant" : "PKW",
      "scary" : "Nein",
      "descr" : "Überholabstand unter 150 cm.. Messung durch Open Bike Sensor. ",
      "region" : "Köln"
    },
    "geometry" : {
      "type" : "Point",
      "coordinates" : [ 6.879474655042977, 50.941399369409694 ]
    }
  }, {
    "type" : "Feature",
    "properties" : {
      "date" : "11/03/2022 07:44:56",
      "bikeType" : "City-/Trekking Bike",
      "child" : "Nein",
      "trailer" : "Nein",
      "pLoc" : "Lenker",
      "incident" : "Hindernis ausweichen (z.B. Hund)",
      "participant" : "PKW",
      "scary" : "Nein",
      "descr" : "Falschparker auf Radweg.",
      "region" : "Köln"
    },
    "geometry" : {
      "type" : "Point",
      "coordinates" : [ 6.880321690617349, 50.94253601491823 ]
    }
  }, {
    "type" : "Feature",
    "properties" : {
      "date" : "11/03/2022 07:46:25",
      "bikeType" : "City-/Trekking Bike",
      "child" : "Nein",
      "trailer" : "Nein",
      "pLoc" : "Lenker",
      "incident" : "Hindernis ausweichen (z.B. Hund)",
      "participant" : "Lieferwagen",
      "scary" : "Ja",
      "descr" : "Offene Heckklappe eines Lieferwagens ragte in Köpfhöhe auf den Radweg.",
      "region" : "Köln"
    },
    "geometry" : {
      "type" : "Point",
      "coordinates" : [ 6.886063059078496, 50.94284192617399 ]
    }
  }, {
    "type" : "Feature",
    "properties" : {
      "date" : "11/03/2022 07:47:44",
      "bikeType" : "City-/Trekking Bike",
      "child" : "Nein",
      "trailer" : "Nein",
      "pLoc" : "Lenker",
      "incident" : "Zu dichtes Überholen",
      "participant" : "PKW",
      "scary" : "Nein",
      "descr" : "Überholabstand unter 150 cm.. Messung durch Open Bike Sensor. ",
      "region" : "Köln"
    },
    "geometry" : {
      "type" : "Point",
      "coordinates" : [ 6.890999607155651, 50.942186518618996 ]
    }
  }, {
    "type" : "Feature",
    "properties" : {
      "date" : "11/03/2022 07:48:20",
      "bikeType" : "City-/Trekking Bike",
      "child" : "Nein",
      "trailer" : "Nein",
      "pLoc" : "Lenker",
      "incident" : "Zu dichtes Überholen",
      "participant" : "Lieferwagen",
      "scary" : "Nein",
      "descr" : "Überholabstand unter 150 cm.. Messung durch Open Bike Sensor. ",
      "region" : "Köln"
    },
    "geometry" : {
      "type" : "Point",
      "coordinates" : [ 6.893587419122379, 50.94212117628975 ]
    }
  }, {
    "type" : "Feature",
    "properties" : {
      "date" : "09/03/2022 15:30:14",
      "bikeType" : "E-Bike",
      "child" : "Nein",
      "trailer" : "Nein",
      "pLoc" : "Fahrradkorb",
      "incident" : "Sonstiges",
      "participant" : "PKW",
      "scary" : "Nein",
      "descr" : "Parken in zweiter Reihe",
      "region" : "Köln"
    },
    "geometry" : {
      "type" : "Point",
      "coordinates" : [ 6.97773951564332, 50.96608785622274 ]
    }
  }, {
    "type" : "Feature",
    "properties" : {
      "date" : "03/03/2022 12:48:49",
      "bikeType" : "City-/Trekking Bike",
      "child" : "Nein",
      "trailer" : "Nein",
      "pLoc" : "Lenker",
      "incident" : "Zu dichtes Überholen",
      "participant" : "",
      "scary" : "Nein",
      "descr" : "",
      "region" : "Köln"
    },
    "geometry" : {
      "type" : "Point",
      "coordinates" : [ 6.927884232613607, 50.92298694034363 ]
    }
  }, {
    "type" : "Feature",
    "properties" : {
      "date" : "03/03/2022 13:04:43",
      "bikeType" : "City-/Trekking Bike",
      "child" : "Nein",
      "trailer" : "Nein",
      "pLoc" : "Lenker",
      "incident" : "Zu dichtes Überholen",
      "participant" : "",
      "scary" : "Nein",
      "descr" : "",
      "region" : "Köln"
    },
    "geometry" : {
      "type" : "Point",
      "coordinates" : [ 6.885304692274563, 50.93381454208231 ]
    }
  }, {
    "type" : "Feature",
    "properties" : {
      "date" : "09/03/2022 08:05:52",
      "bikeType" : "City-/Trekking Bike",
      "child" : "Nein",
      "trailer" : "Nein",
      "pLoc" : "Lenker",
      "incident" : "Zu dichtes Überholen",
      "participant" : "PKW",
      "scary" : "Nein",
      "descr" : "",
      "region" : "Köln"
    },
    "geometry" : {
      "type" : "Point",
      "coordinates" : [ 6.8753325984791545, 50.9320501604897 ]
    }
  }, {
    "type" : "Feature",
    "properties" : {
      "date" : "09/03/2022 08:05:58",
      "bikeType" : "City-/Trekking Bike",
      "child" : "Nein",
      "trailer" : "Nein",
      "pLoc" : "Lenker",
      "incident" : "Zu dichtes Überholen",
      "participant" : "PKW",
      "scary" : "Nein",
      "descr" : "",
      "region" : "Köln"
    },
    "geometry" : {
      "type" : "Point",
      "coordinates" : [ 6.87584887358918, 50.9320338706999 ]
    }
  }, {
    "type" : "Feature",
    "properties" : {
      "date" : "09/03/2022 08:06:16",
      "bikeType" : "City-/Trekking Bike",
      "child" : "Nein",
      "trailer" : "Nein",
      "pLoc" : "Lenker",
      "incident" : "Zu dichtes Überholen",
      "participant" : "PKW",
      "scary" : "Nein",
      "descr" : "",
      "region" : "Köln"
    },
    "geometry" : {
      "type" : "Point",
      "coordinates" : [ 6.877120842903593, 50.93191903605315 ]
    }
  }, {
    "type" : "Feature",
    "properties" : {
      "date" : "09/03/2022 08:06:44",
      "bikeType" : "City-/Trekking Bike",
      "child" : "Nein",
      "trailer" : "Nein",
      "pLoc" : "Lenker",
      "incident" : "Zu dichtes Überholen",
      "participant" : "PKW",
      "scary" : "Nein",
      "descr" : "",
      "region" : "Köln"
    },
    "geometry" : {
      "type" : "Point",
      "coordinates" : [ 6.878958148752519, 50.931855141261245 ]
    }
  }, {
    "type" : "Feature",
    "properties" : {
      "date" : "09/03/2022 08:08:00",
      "bikeType" : "City-/Trekking Bike",
      "child" : "Nein",
      "trailer" : "Nein",
      "pLoc" : "Lenker",
      "incident" : "Zu dichtes Überholen",
      "participant" : "PKW",
      "scary" : "Nein",
      "descr" : "",
      "region" : "Köln"
    },
    "geometry" : {
      "type" : "Point",
      "coordinates" : [ 6.884709901616232, 50.93365546707021 ]
    }
  }, {
    "type" : "Feature",
    "properties" : {
      "date" : "08/03/2022 08:04:32",
      "bikeType" : "Lastenrad",
      "child" : "Ja",
      "trailer" : "Nein",
      "pLoc" : "Hosentasche",
      "incident" : "Ein- oder ausparkendes Fahrzeug",
      "participant" : "PKW",
      "scary" : "Ja",
      "descr" : "",
      "region" : "Köln"
    },
    "geometry" : {
      "type" : "Point",
      "coordinates" : [ 7.036603, 50.99262 ]
    }
  }, {
    "type" : "Feature",
    "properties" : {
      "date" : "08/03/2022 13:15:31",
      "bikeType" : "City-/Trekking Bike",
      "child" : "Nein",
      "trailer" : "Nein",
      "pLoc" : "Lenker",
      "incident" : "Zu dichtes Überholen",
      "participant" : "PKW",
      "scary" : "Nein",
      "descr" : "",
      "region" : "Köln"
    },
    "geometry" : {
      "type" : "Point",
      "coordinates" : [ 6.888396462031818, 50.93433024449288 ]
    }
  }, {
    "type" : "Feature",
    "properties" : {
      "date" : "08/03/2022 13:17:24",
      "bikeType" : "City-/Trekking Bike",
      "child" : "Nein",
      "trailer" : "Nein",
      "pLoc" : "Lenker",
      "incident" : "Zu dichtes Überholen",
      "participant" : "PKW",
      "scary" : "Nein",
      "descr" : "",
      "region" : "Köln"
    },
    "geometry" : {
      "type" : "Point",
      "coordinates" : [ 6.884040440397767, 50.93335565059929 ]
    }
  }, {
    "type" : "Feature",
    "properties" : {
      "date" : "08/03/2022 13:17:37",
      "bikeType" : "City-/Trekking Bike",
      "child" : "Nein",
      "trailer" : "Nein",
      "pLoc" : "Lenker",
      "incident" : "Zu dichtes Überholen",
      "participant" : "PKW",
      "scary" : "Nein",
      "descr" : "",
      "region" : "Köln"
    },
    "geometry" : {
      "type" : "Point",
      "coordinates" : [ 6.8832200457069845, 50.933005687003615 ]
    }
  }, {
    "type" : "Feature",
    "properties" : {
      "date" : "08/03/2022 13:18:30",
      "bikeType" : "City-/Trekking Bike",
      "child" : "Nein",
      "trailer" : "Nein",
      "pLoc" : "Lenker",
      "incident" : "Zu dichtes Überholen",
      "participant" : "PKW",
      "scary" : "Nein",
      "descr" : "",
      "region" : "Köln"
    },
    "geometry" : {
      "type" : "Point",
      "coordinates" : [ 6.879447284214496, 50.931995381381235 ]
    }
  }, {
    "type" : "Feature",
    "properties" : {
      "date" : "10/03/2022 18:25:26",
      "bikeType" : "Lastenrad",
      "child" : "Nein",
      "trailer" : "Nein",
      "pLoc" : "Hosentasche",
      "incident" : "Sonstiges",
      "participant" : "PKW",
      "scary" : "Nein",
      "descr" : "Double Dooring",
      "region" : "Köln"
    },
    "geometry" : {
      "type" : "Point",
      "coordinates" : [ 6.968489, 50.964481 ]
    }
  }, {
    "type" : "Feature",
    "properties" : {
      "date" : "11/03/2022 07:58:30",
      "bikeType" : "City-/Trekking Bike",
      "child" : "Nein",
      "trailer" : "Nein",
      "pLoc" : "Lenker",
      "incident" : "Hindernis ausweichen (z.B. Hund)",
      "participant" : "PKW",
      "scary" : "Nein",
      "descr" : "Falschparker auf Radweg.",
      "region" : "Köln"
    },
    "geometry" : {
      "type" : "Point",
      "coordinates" : [ 6.879233465612133, 50.94133687434727 ]
    }
  }, {
    "type" : "Feature",
    "properties" : {
      "date" : "11/03/2022 07:59:34",
      "bikeType" : "City-/Trekking Bike",
      "child" : "Nein",
      "trailer" : "Nein",
      "pLoc" : "Lenker",
      "incident" : "Zu dichtes Überholen",
      "participant" : "PKW",
      "scary" : "Nein",
      "descr" : "Überholabstand unter 150 cm.. Messung durch Open Bike Sensor. ",
      "region" : "Köln"
    },
    "geometry" : {
      "type" : "Point",
      "coordinates" : [ 6.879635468797037, 50.940771988785954 ]
    }
  }, {
    "type" : "Feature",
    "properties" : {
      "date" : "11/03/2022 07:53:41",
      "bikeType" : "City-/Trekking Bike",
      "child" : "Nein",
      "trailer" : "Nein",
      "pLoc" : "Lenker",
      "incident" : "Hindernis ausweichen (z.B. Hund)",
      "participant" : "PKW",
      "scary" : "Nein",
      "descr" : "2. Reihe-Parker",
      "region" : "Köln"
    },
    "geometry" : {
      "type" : "Point",
      "coordinates" : [ 6.897027937890833, 50.942132766917695 ]
    }
  }, {
    "type" : "Feature",
    "properties" : {
      "date" : "11/03/2022 07:51:48",
      "bikeType" : "City-/Trekking Bike",
      "child" : "Nein",
      "trailer" : "Nein",
      "pLoc" : "Lenker",
      "incident" : "Hindernis ausweichen (z.B. Hund)",
      "participant" : "Sonstiges",
      "scary" : "Nein",
      "descr" : "Umgekippte Mülltonne auf Radweg",
      "region" : "Köln"
    },
    "geometry" : {
      "type" : "Point",
      "coordinates" : [ 6.900945590779438, 50.941864547563746 ]
    }
  }, {
    "type" : "Feature",
    "properties" : {
      "date" : "11/03/2022 07:54:05",
      "bikeType" : "City-/Trekking Bike",
      "child" : "Nein",
      "trailer" : "Nein",
      "pLoc" : "Lenker",
      "incident" : "Hindernis ausweichen (z.B. Hund)",
      "participant" : "PKW",
      "scary" : "Nein",
      "descr" : "2. Reihe Parker.",
      "region" : "Köln"
    },
    "geometry" : {
      "type" : "Point",
      "coordinates" : [ 6.895075646188978, 50.9422060845458 ]
    }
  }, {
    "type" : "Feature",
    "properties" : {
      "date" : "11/03/2022 07:54:39",
      "bikeType" : "City-/Trekking Bike",
      "child" : "Nein",
      "trailer" : "Nein",
      "pLoc" : "Lenker",
      "incident" : "Hindernis ausweichen (z.B. Hund)",
      "participant" : "PKW",
      "scary" : "Nein",
      "descr" : "Parken in 2. Reihe.",
      "region" : "Köln"
    },
    "geometry" : {
      "type" : "Point",
      "coordinates" : [ 6.892556847114441, 50.94232930604508 ]
    }
  }, {
    "type" : "Feature",
    "properties" : {
      "date" : "11/03/2022 07:54:48",
      "bikeType" : "City-/Trekking Bike",
      "child" : "Nein",
      "trailer" : "Nein",
      "pLoc" : "Lenker",
      "incident" : "Hindernis ausweichen (z.B. Hund)",
      "participant" : "PKW",
      "scary" : "Ja",
      "descr" : "Parken in 2. Reihe.",
      "region" : "Köln"
    },
    "geometry" : {
      "type" : "Point",
      "coordinates" : [ 6.891818578150198, 50.942316739613474 ]
    }
  }, {
    "type" : "Feature",
    "properties" : {
      "date" : "11/03/2022 07:56:59",
      "bikeType" : "City-/Trekking Bike",
      "child" : "Nein",
      "trailer" : "Nein",
      "pLoc" : "Lenker",
      "incident" : "Zu dichtes Überholen",
      "participant" : "PKW",
      "scary" : "Nein",
      "descr" : "Überholabstand unter 150 cm.. Messung durch Open Bike Sensor. ",
      "region" : "Köln"
    },
    "geometry" : {
      "type" : "Point",
      "coordinates" : [ 6.883518593311669, 50.943124338949346 ]
    }
  }, {
    "type" : "Feature",
    "properties" : {
      "date" : "11/03/2022 07:57:42",
      "bikeType" : "City-/Trekking Bike",
      "child" : "Nein",
      "trailer" : "Nein",
      "pLoc" : "Lenker",
      "incident" : "Zu dichtes Überholen",
      "participant" : "PKW",
      "scary" : "Nein",
      "descr" : "Überholabstand unter 150 cm.. Messung durch Open Bike Sensor. ",
      "region" : "Köln"
    },
    "geometry" : {
      "type" : "Point",
      "coordinates" : [ 6.881135086359762, 50.94284546548335 ]
    }
  }, {
    "type" : "Feature",
    "properties" : {
      "date" : "11/03/2022 07:58:06",
      "bikeType" : "City-/Trekking Bike",
      "child" : "Nein",
      "trailer" : "Nein",
      "pLoc" : "Lenker",
      "incident" : "Hindernis ausweichen (z.B. Hund)",
      "participant" : "PKW",
      "scary" : "Ja",
      "descr" : "Überholabstand unter 150 cm.. Messung durch Open Bike Sensor. ",
      "region" : "Köln"
    },
    "geometry" : {
      "type" : "Point",
      "coordinates" : [ 6.8795343658330115, 50.9422745067503 ]
    }
  }, {
    "type" : "Feature",
    "properties" : {
      "date" : "11/03/2022 07:58:21",
      "bikeType" : "City-/Trekking Bike",
      "child" : "Nein",
      "trailer" : "Nein",
      "pLoc" : "Lenker",
      "incident" : "Zu dichtes Überholen",
      "participant" : "PKW",
      "scary" : "Nein",
      "descr" : "Überholabstand unter 150 cm.. Messung durch Open Bike Sensor. ",
      "region" : "Köln"
    },
    "geometry" : {
      "type" : "Point",
      "coordinates" : [ 6.879193767240333, 50.9415929687569 ]
    }
  }, {
    "type" : "Feature",
    "properties" : {
      "date" : "09/03/2022 16:11:57",
      "bikeType" : "City-/Trekking Bike",
      "child" : "Nein",
      "trailer" : "Nein",
      "pLoc" : "Lenker",
      "incident" : "Zu dichtes Überholen",
      "participant" : "PKW",
      "scary" : "Nein",
      "descr" : "",
      "region" : "Köln"
    },
    "geometry" : {
      "type" : "Point",
      "coordinates" : [ 6.873295831813885, 50.93211749565586 ]
    }
  }, {
    "type" : "Feature",
    "properties" : {
      "date" : "09/03/2022 16:12:24",
      "bikeType" : "City-/Trekking Bike",
      "child" : "Nein",
      "trailer" : "Nein",
      "pLoc" : "Lenker",
      "incident" : "Zu dichtes Überholen",
      "participant" : "PKW",
      "scary" : "Nein",
      "descr" : "",
      "region" : "Köln"
    },
    "geometry" : {
      "type" : "Point",
      "coordinates" : [ 6.87554602303535, 50.931979508941396 ]
    }
  }, {
    "type" : "Feature",
    "properties" : {
      "date" : "09/03/2022 16:12:30",
      "bikeType" : "City-/Trekking Bike",
      "child" : "Nein",
      "trailer" : "Nein",
      "pLoc" : "Lenker",
      "incident" : "Zu dichtes Überholen",
      "participant" : "Lieferwagen",
      "scary" : "Ja",
      "descr" : "",
      "region" : "Köln"
    },
    "geometry" : {
      "type" : "Point",
      "coordinates" : [ 6.876010088194871, 50.93196049502102 ]
    }
  }, {
    "type" : "Feature",
    "properties" : {
      "date" : "09/03/2022 16:13:34",
      "bikeType" : "City-/Trekking Bike",
      "child" : "Nein",
      "trailer" : "Nein",
      "pLoc" : "Lenker",
      "incident" : "Zu dichtes Überholen",
      "participant" : "PKW",
      "scary" : "Nein",
      "descr" : "",
      "region" : "Köln"
    },
    "geometry" : {
      "type" : "Point",
      "coordinates" : [ 6.880762111711652, 50.93212058298797 ]
    }
  }, {
    "type" : "Feature",
    "properties" : {
      "date" : "09/03/2022 16:15:24",
      "bikeType" : "City-/Trekking Bike",
      "child" : "Nein",
      "trailer" : "Nein",
      "pLoc" : "Lenker",
      "incident" : "Zu dichtes Überholen",
      "participant" : "PKW",
      "scary" : "Nein",
      "descr" : "",
      "region" : "Köln"
    },
    "geometry" : {
      "type" : "Point",
      "coordinates" : [ 6.883576890588979, 50.933144440421536 ]
    }
  }, {
    "type" : "Feature",
    "properties" : {
      "date" : "09/03/2022 16:15:42",
      "bikeType" : "City-/Trekking Bike",
      "child" : "Nein",
      "trailer" : "Nein",
      "pLoc" : "Lenker",
      "incident" : "Zu dichtes Überholen",
      "participant" : "PKW",
      "scary" : "Nein",
      "descr" : "",
      "region" : "Köln"
    },
    "geometry" : {
      "type" : "Point",
      "coordinates" : [ 6.882628420203634, 50.93279843214728 ]
    }
  }, {
    "type" : "Feature",
    "properties" : {
      "date" : "09/03/2022 16:16:10",
      "bikeType" : "City-/Trekking Bike",
      "child" : "Nein",
      "trailer" : "Nein",
      "pLoc" : "Lenker",
      "incident" : "Zu dichtes Überholen",
      "participant" : "PKW",
      "scary" : "Ja",
      "descr" : "",
      "region" : "Köln"
    },
    "geometry" : {
      "type" : "Point",
      "coordinates" : [ 6.881099895359794, 50.93235542942014 ]
    }
  }, {
    "type" : "Feature",
    "properties" : {
      "date" : "09/03/2022 16:16:13",
      "bikeType" : "City-/Trekking Bike",
      "child" : "Nein",
      "trailer" : "Nein",
      "pLoc" : "Lenker",
      "incident" : "Zu dichtes Überholen",
      "participant" : "PKW",
      "scary" : "Ja",
      "descr" : "",
      "region" : "Köln"
    },
    "geometry" : {
      "type" : "Point",
      "coordinates" : [ 6.880904484604304, 50.93231052053876 ]
    }
  }, {
    "type" : "Feature",
    "properties" : {
      "date" : "09/03/2022 16:16:22",
      "bikeType" : "City-/Trekking Bike",
      "child" : "Nein",
      "trailer" : "Nein",
      "pLoc" : "Lenker",
      "incident" : "Zu dichtes Überholen",
      "participant" : "Lieferwagen",
      "scary" : "Nein",
      "descr" : "",
      "region" : "Köln"
    },
    "geometry" : {
      "type" : "Point",
      "coordinates" : [ 6.880251434640103, 50.932171907195226 ]
    }
  }, {
    "type" : "Feature",
    "properties" : {
      "date" : "09/03/2022 16:16:37",
      "bikeType" : "City-/Trekking Bike",
      "child" : "Nein",
      "trailer" : "Nein",
      "pLoc" : "Lenker",
      "incident" : "Zu dichtes Überholen",
      "participant" : "PKW",
      "scary" : "Nein",
      "descr" : "",
      "region" : "Köln"
    },
    "geometry" : {
      "type" : "Point",
      "coordinates" : [ 6.879069489704149, 50.93194102347583 ]
    }
  }, {
    "type" : "Feature",
    "properties" : {
      "date" : "09/03/2022 16:16:50",
      "bikeType" : "City-/Trekking Bike",
      "child" : "Nein",
      "trailer" : "Nein",
      "pLoc" : "Lenker",
      "incident" : "Zu dichtes Überholen",
      "participant" : "PKW",
      "scary" : "Nein",
      "descr" : "",
      "region" : "Köln"
    },
    "geometry" : {
      "type" : "Point",
      "coordinates" : [ 6.878053203442135, 50.93189701485293 ]
    }
  }, {
    "type" : "Feature",
    "properties" : {
      "date" : "09/03/2022 16:16:56",
      "bikeType" : "City-/Trekking Bike",
      "child" : "Nein",
      "trailer" : "Nein",
      "pLoc" : "Lenker",
      "incident" : "Zu dichtes Überholen",
      "participant" : "PKW",
      "scary" : "Nein",
      "descr" : "",
      "region" : "Köln"
    },
    "geometry" : {
      "type" : "Point",
      "coordinates" : [ 6.877525439561075, 50.93194269377618 ]
    }
  }, {
    "type" : "Feature",
    "properties" : {
      "date" : "09/03/2022 16:17:02",
      "bikeType" : "City-/Trekking Bike",
      "child" : "Nein",
      "trailer" : "Nein",
      "pLoc" : "Lenker",
      "incident" : "Zu dichtes Überholen",
      "participant" : "PKW",
      "scary" : "Nein",
      "descr" : "",
      "region" : "Köln"
    },
    "geometry" : {
      "type" : "Point",
      "coordinates" : [ 6.876983082638573, 50.93200071093656 ]
    }
  }, {
    "type" : "Feature",
    "properties" : {
      "date" : "09/03/2022 16:17:38",
      "bikeType" : "City-/Trekking Bike",
      "child" : "Nein",
      "trailer" : "Nein",
      "pLoc" : "Lenker",
      "incident" : "Zu dichtes Überholen",
      "participant" : "Lieferwagen",
      "scary" : "Nein",
      "descr" : "",
      "region" : "Köln"
    },
    "geometry" : {
      "type" : "Point",
      "coordinates" : [ 6.873641451722695, 50.93216838117057 ]
    }
  }, {
    "type" : "Feature",
    "properties" : {
      "date" : "09/03/2022 16:17:57",
      "bikeType" : "City-/Trekking Bike",
      "child" : "Nein",
      "trailer" : "Nein",
      "pLoc" : "Lenker",
      "incident" : "Zu dichtes Überholen",
      "participant" : "PKW",
      "scary" : "Nein",
      "descr" : "",
      "region" : "Köln"
    },
    "geometry" : {
      "type" : "Point",
      "coordinates" : [ 6.872177541737581, 50.93221536208665 ]
    }
  }, {
    "type" : "Feature",
    "properties" : {
      "date" : "09/03/2022 16:18:00",
      "bikeType" : "City-/Trekking Bike",
      "child" : "Nein",
      "trailer" : "Nein",
      "pLoc" : "Lenker",
      "incident" : "Zu dichtes Überholen",
      "participant" : "PKW",
      "scary" : "Nein",
      "descr" : "",
      "region" : "Köln"
    },
    "geometry" : {
      "type" : "Point",
      "coordinates" : [ 6.871929033150469, 50.93222722962336 ]
    }
  }, {
    "type" : "Feature",
    "properties" : {
      "date" : "09/03/2022 16:19:34",
      "bikeType" : "City-/Trekking Bike",
      "child" : "Nein",
      "trailer" : "Nein",
      "pLoc" : "Lenker",
      "incident" : "Zu dichtes Überholen",
      "participant" : "PKW",
      "scary" : "Nein",
      "descr" : "",
      "region" : "Köln"
    },
    "geometry" : {
      "type" : "Point",
      "coordinates" : [ 6.863734587252615, 50.93213773649904 ]
    }
  }, {
    "type" : "Feature",
    "properties" : {
      "date" : "09/03/2022 16:27:51",
      "bikeType" : "City-/Trekking Bike",
      "child" : "Nein",
      "trailer" : "Nein",
      "pLoc" : "Lenker",
      "incident" : "Hindernis ausweichen (z.B. Hund)",
      "participant" : "PKW",
      "scary" : "Nein",
      "descr" : "PKW parkt auf Straße",
      "region" : "Köln"
    },
    "geometry" : {
      "type" : "Point",
      "coordinates" : [ 6.835597486005322, 50.9357452439351 ]
    }
  }, {
    "type" : "Feature",
    "properties" : {
      "date" : "04/03/2022 07:50:23",
      "bikeType" : "Lastenrad",
      "child" : "Ja",
      "trailer" : "Nein",
      "pLoc" : "Hosentasche",
      "incident" : "Hindernis ausweichen (z.B. Hund)",
      "participant" : "PKW",
      "scary" : "Ja",
      "descr" : "Radweg und Kreuzung zugeparkt ",
      "region" : "Köln"
    },
    "geometry" : {
      "type" : "Point",
      "coordinates" : [ 7.037112, 50.982305 ]
    }
  }, {
    "type" : "Feature",
    "properties" : {
      "date" : "04/03/2022 07:50:31",
      "bikeType" : "Lastenrad",
      "child" : "Ja",
      "trailer" : "Nein",
      "pLoc" : "Hosentasche",
      "incident" : "Ein- oder ausparkendes Fahrzeug",
      "participant" : "Fußgänger, PKW",
      "scary" : "Ja",
      "descr" : "Auto parkt auf dem Radweg",
      "region" : "Köln"
    },
    "geometry" : {
      "type" : "Point",
      "coordinates" : [ 7.036992, 50.982336 ]
    }
  }, {
    "type" : "Feature",
    "properties" : {
      "date" : "04/03/2022 07:50:39",
      "bikeType" : "Lastenrad",
      "child" : "Ja",
      "trailer" : "Nein",
      "pLoc" : "Hosentasche",
      "incident" : "Beinahe-Dooring",
      "participant" : "PKW",
      "scary" : "Ja",
      "descr" : "Auto parkt auf dem Radweg",
      "region" : "Köln"
    },
    "geometry" : {
      "type" : "Point",
      "coordinates" : [ 7.036434, 50.982296 ]
    }
  }, {
    "type" : "Feature",
    "properties" : {
      "date" : "09/03/2022 15:53:30",
      "bikeType" : "City-/Trekking Bike",
      "child" : "Nein",
      "trailer" : "Nein",
      "pLoc" : "Lenker",
      "incident" : "Zu dichtes Überholen",
      "participant" : "PKW",
      "scary" : "Nein",
      "descr" : "",
      "region" : "Köln"
    },
    "geometry" : {
      "type" : "Point",
      "coordinates" : [ 6.8839541787763805, 50.93334278752609 ]
    }
  }, {
    "type" : "Feature",
    "properties" : {
      "date" : "09/03/2022 15:53:33",
      "bikeType" : "City-/Trekking Bike",
      "child" : "Nein",
      "trailer" : "Nein",
      "pLoc" : "Lenker",
      "incident" : "Zu dichtes Überholen",
      "participant" : "PKW",
      "scary" : "Nein",
      "descr" : "",
      "region" : "Köln"
    },
    "geometry" : {
      "type" : "Point",
      "coordinates" : [ 6.883800389772143, 50.93326737770071 ]
    }
  }, {
    "type" : "Feature",
    "properties" : {
      "date" : "09/03/2022 15:53:36",
      "bikeType" : "City-/Trekking Bike",
      "child" : "Nein",
      "trailer" : "Nein",
      "pLoc" : "Lenker",
      "incident" : "Zu dichtes Überholen",
      "participant" : "PKW",
      "scary" : "Ja",
      "descr" : "",
      "region" : "Köln"
    },
    "geometry" : {
      "type" : "Point",
      "coordinates" : [ 6.8835503991291365, 50.933153941503136 ]
    }
  }, {
    "type" : "Feature",
    "properties" : {
      "date" : "09/03/2022 15:45:36",
      "bikeType" : "City-/Trekking Bike",
      "child" : "Nein",
      "trailer" : "Nein",
      "pLoc" : "Lenker",
      "incident" : "Zu dichtes Überholen",
      "participant" : "Lieferwagen",
      "scary" : "Nein",
      "descr" : "",
      "region" : "Köln"
    },
    "geometry" : {
      "type" : "Point",
      "coordinates" : [ 6.8533407847596886, 50.933833632091094 ]
    }
  }, {
    "type" : "Feature",
    "properties" : {
      "date" : "09/03/2022 15:45:49",
      "bikeType" : "City-/Trekking Bike",
      "child" : "Nein",
      "trailer" : "Nein",
      "pLoc" : "Lenker",
      "incident" : "Zu dichtes Überholen",
      "participant" : "PKW",
      "scary" : "Nein",
      "descr" : "",
      "region" : "Köln"
    },
    "geometry" : {
      "type" : "Point",
      "coordinates" : [ 6.8534410707590485, 50.93316083482504 ]
    }
  }, {
    "type" : "Feature",
    "properties" : {
      "date" : "09/03/2022 15:46:11",
      "bikeType" : "City-/Trekking Bike",
      "child" : "Nein",
      "trailer" : "Nein",
      "pLoc" : "Lenker",
      "incident" : "Zu dichtes Überholen",
      "participant" : "PKW",
      "scary" : "Nein",
      "descr" : "",
      "region" : "Köln"
    },
    "geometry" : {
      "type" : "Point",
      "coordinates" : [ 6.8544755204320875, 50.932504624614545 ]
    }
  }, {
    "type" : "Feature",
    "properties" : {
      "date" : "09/03/2022 15:51:24",
      "bikeType" : "City-/Trekking Bike",
      "child" : "Nein",
      "trailer" : "Nein",
      "pLoc" : "Lenker",
      "incident" : "Zu dichtes Überholen",
      "participant" : "PKW",
      "scary" : "Nein",
      "descr" : "",
      "region" : "Köln"
    },
    "geometry" : {
      "type" : "Point",
      "coordinates" : [ 6.878260702097847, 50.93173275438777 ]
    }
  }, {
    "type" : "Feature",
    "properties" : {
      "date" : "09/03/2022 15:52:30",
      "bikeType" : "City-/Trekking Bike",
      "child" : "Nein",
      "trailer" : "Nein",
      "pLoc" : "Lenker",
      "incident" : "Zu dichtes Überholen",
      "participant" : "PKW",
      "scary" : "Nein",
      "descr" : "",
      "region" : "Köln"
    },
    "geometry" : {
      "type" : "Point",
      "coordinates" : [ 6.883569677412416, 50.93291403575555 ]
    }
  }, {
    "type" : "Feature",
    "properties" : {
      "date" : "09/03/2022 15:52:36",
      "bikeType" : "City-/Trekking Bike",
      "child" : "Nein",
      "trailer" : "Nein",
      "pLoc" : "Lenker",
      "incident" : "Zu dichtes Überholen",
      "participant" : "PKW",
      "scary" : "Nein",
      "descr" : "",
      "region" : "Köln"
    },
    "geometry" : {
      "type" : "Point",
      "coordinates" : [ 6.884194438233637, 50.93317642686754 ]
    }
  }, {
    "type" : "Feature",
    "properties" : {
      "date" : "09/03/2022 15:53:08",
      "bikeType" : "City-/Trekking Bike",
      "child" : "Nein",
      "trailer" : "Nein",
      "pLoc" : "Lenker",
      "incident" : "Zu dichtes Überholen",
      "participant" : "PKW",
      "scary" : "Nein",
      "descr" : "",
      "region" : "Köln"
    },
    "geometry" : {
      "type" : "Point",
      "coordinates" : [ 6.885617687834012, 50.9338084679408 ]
    }
  }, {
    "type" : "Feature",
    "properties" : {
      "date" : "09/03/2022 15:53:14",
      "bikeType" : "City-/Trekking Bike",
      "child" : "Nein",
      "trailer" : "Nein",
      "pLoc" : "Lenker",
      "incident" : "Zu dichtes Überholen",
      "participant" : "PKW",
      "scary" : "Nein",
      "descr" : "",
      "region" : "Köln"
    },
    "geometry" : {
      "type" : "Point",
      "coordinates" : [ 6.885157080369166, 50.93386973688102 ]
    }
  }, {
    "type" : "Feature",
    "properties" : {
      "date" : "10/03/2022 07:47:35",
      "bikeType" : "Lastenrad",
      "child" : "Ja",
      "trailer" : "Nein",
      "pLoc" : "Hosentasche",
      "incident" : "Ein- oder ausparkendes Fahrzeug",
      "participant" : "PKW",
      "scary" : "Ja",
      "descr" : "",
      "region" : "Köln"
    },
    "geometry" : {
      "type" : "Point",
      "coordinates" : [ 7.035982, 50.981863 ]
    }
  }, {
    "type" : "Feature",
    "properties" : {
      "date" : "10/03/2022 07:59:51",
      "bikeType" : "Lastenrad",
      "child" : "Ja",
      "trailer" : "Nein",
      "pLoc" : "Hosentasche",
      "incident" : "Entgegenkommender Verkehrsteilnehmer",
      "participant" : "Fußgänger, E-Scooter",
      "scary" : "Ja",
      "descr" : "",
      "region" : "Köln"
    },
    "geometry" : {
      "type" : "Point",
      "coordinates" : [ 7.037827, 50.995147 ]
    }
  }, {
    "type" : "Feature",
    "properties" : {
      "date" : "07/03/2022 07:48:04",
      "bikeType" : "Lastenrad",
      "child" : "Ja",
      "trailer" : "Nein",
      "pLoc" : "Hosentasche",
      "incident" : "Ein- oder ausparkendes Fahrzeug",
      "participant" : "PKW",
      "scary" : "Ja",
      "descr" : "",
      "region" : "Köln"
    },
    "geometry" : {
      "type" : "Point",
      "coordinates" : [ 7.035531, 50.983655 ]
    }
  }, {
    "type" : "Feature",
    "properties" : {
      "date" : "07/03/2022 07:53:29",
      "bikeType" : "Lastenrad",
      "child" : "Ja",
      "trailer" : "Nein",
      "pLoc" : "Hosentasche",
      "incident" : "Ein- oder ausparkendes Fahrzeug",
      "participant" : "PKW",
      "scary" : "Ja",
      "descr" : "",
      "region" : "Köln"
    },
    "geometry" : {
      "type" : "Point",
      "coordinates" : [ 7.036758, 50.992583 ]
    }
  }, {
    "type" : "Feature",
    "properties" : {
      "date" : "09/03/2022 07:32:58",
      "bikeType" : "City-/Trekking Bike",
      "child" : "Nein",
      "trailer" : "Nein",
      "pLoc" : "Lenker",
      "incident" : "Zu dichtes Überholen",
      "participant" : "PKW",
      "scary" : "Nein",
      "descr" : "",
      "region" : "Köln"
    },
    "geometry" : {
      "type" : "Point",
      "coordinates" : [ 6.833844202820578, 50.93558487498066 ]
    }
  }, {
    "type" : "Feature",
    "properties" : {
      "date" : "09/03/2022 07:38:18",
      "bikeType" : "City-/Trekking Bike",
      "child" : "Nein",
      "trailer" : "Nein",
      "pLoc" : "Lenker",
      "incident" : "Zu dichtes Überholen",
      "participant" : "PKW",
      "scary" : "Nein",
      "descr" : "",
      "region" : "Köln"
    },
    "geometry" : {
      "type" : "Point",
      "coordinates" : [ 6.853241175261018, 50.93408925003983 ]
    }
  }, {
    "type" : "Feature",
    "properties" : {
      "date" : "09/03/2022 07:38:27",
      "bikeType" : "City-/Trekking Bike",
      "child" : "Nein",
      "trailer" : "Nein",
      "pLoc" : "Lenker",
      "incident" : "Zu dichtes Überholen",
      "participant" : "Lieferwagen",
      "scary" : "Nein",
      "descr" : "Abstand unter einem Meter lt. Anzeige Open Bike Sensoren. ",
      "region" : "Köln"
    },
    "geometry" : {
      "type" : "Point",
      "coordinates" : [ 6.853351292341418, 50.933550014520755 ]
    }
  }, {
    "type" : "Feature",
    "properties" : {
      "date" : "09/03/2022 07:40:29",
      "bikeType" : "City-/Trekking Bike",
      "child" : "Nein",
      "trailer" : "Nein",
      "pLoc" : "Lenker",
      "incident" : "Hindernis ausweichen (z.B. Hund)",
      "participant" : "LKW",
      "scary" : "Nein",
      "descr" : "LKW auf Fahrradweg",
      "region" : "Köln"
    },
    "geometry" : {
      "type" : "Point",
      "coordinates" : [ 6.861385807680334, 50.932044571596556 ]
    }
  }, {
    "type" : "Feature",
    "properties" : {
      "date" : "09/03/2022 07:43:03",
      "bikeType" : "City-/Trekking Bike",
      "child" : "Nein",
      "trailer" : "Nein",
      "pLoc" : "Lenker",
      "incident" : "Zu dichtes Überholen",
      "participant" : "PKW",
      "scary" : "Nein",
      "descr" : "",
      "region" : "Köln"
    },
    "geometry" : {
      "type" : "Point",
      "coordinates" : [ 6.873121179067215, 50.93207480657557 ]
    }
  }, {
    "type" : "Feature",
    "properties" : {
      "date" : "09/03/2022 07:43:15",
      "bikeType" : "City-/Trekking Bike",
      "child" : "Nein",
      "trailer" : "Nein",
      "pLoc" : "Lenker",
      "incident" : "Zu dichtes Überholen",
      "participant" : "PKW",
      "scary" : "Nein",
      "descr" : "",
      "region" : "Köln"
    },
    "geometry" : {
      "type" : "Point",
      "coordinates" : [ 6.874055993094521, 50.93204446739621 ]
    }
  }, {
    "type" : "Feature",
    "properties" : {
      "date" : "09/03/2022 07:43:27",
      "bikeType" : "City-/Trekking Bike",
      "child" : "Nein",
      "trailer" : "Nein",
      "pLoc" : "Lenker",
      "incident" : "Zu dichtes Überholen",
      "participant" : "PKW",
      "scary" : "Nein",
      "descr" : "",
      "region" : "Köln"
    },
    "geometry" : {
      "type" : "Point",
      "coordinates" : [ 6.875069875005601, 50.932011359456816 ]
    }
  }, {
    "type" : "Feature",
    "properties" : {
      "date" : "09/03/2022 07:45:29",
      "bikeType" : "City-/Trekking Bike",
      "child" : "Nein",
      "trailer" : "Nein",
      "pLoc" : "Lenker",
      "incident" : "Zu dichtes Überholen",
      "participant" : "",
      "scary" : "Nein",
      "descr" : "",
      "region" : "Köln"
    },
    "geometry" : {
      "type" : "Point",
      "coordinates" : [ 6.88415504947053, 50.93329091303866 ]
    }
  }, {
    "type" : "Feature",
    "properties" : {
      "date" : "09/03/2022 07:46:42",
      "bikeType" : "City-/Trekking Bike",
      "child" : "Nein",
      "trailer" : "Nein",
      "pLoc" : "Lenker",
      "incident" : "Zu dichtes Überholen",
      "participant" : "",
      "scary" : "Nein",
      "descr" : "",
      "region" : "Köln"
    },
    "geometry" : {
      "type" : "Point",
      "coordinates" : [ 6.883570116837779, 50.93314969149439 ]
    }
  }, {
    "type" : "Feature",
    "properties" : {
      "date" : "09/03/2022 07:46:51",
      "bikeType" : "City-/Trekking Bike",
      "child" : "Nein",
      "trailer" : "Nein",
      "pLoc" : "Lenker",
      "incident" : "Zu dichtes Überholen",
      "participant" : "",
      "scary" : "Nein",
      "descr" : "",
      "region" : "Köln"
    },
    "geometry" : {
      "type" : "Point",
      "coordinates" : [ 6.882992552937137, 50.932939565592655 ]
    }
  }, {
    "type" : "Feature",
    "properties" : {
      "date" : "09/03/2022 07:46:54",
      "bikeType" : "City-/Trekking Bike",
      "child" : "Nein",
      "trailer" : "Nein",
      "pLoc" : "Lenker",
      "incident" : "Zu dichtes Überholen",
      "participant" : "",
      "scary" : "Nein",
      "descr" : "",
      "region" : "Köln"
    },
    "geometry" : {
      "type" : "Point",
      "coordinates" : [ 6.882816096933002, 50.93288148688638 ]
    }
  }, {
    "type" : "Feature",
    "properties" : {
      "date" : "09/03/2022 07:47:22",
      "bikeType" : "City-/Trekking Bike",
      "child" : "Nein",
      "trailer" : "Nein",
      "pLoc" : "Lenker",
      "incident" : "Zu dichtes Überholen",
      "participant" : "LKW",
      "scary" : "Nein",
      "descr" : "Abstand unter einem Meter lt. Anzeige Open Bike Sensoren. ",
      "region" : "Köln"
    },
    "geometry" : {
      "type" : "Point",
      "coordinates" : [ 6.881299013678452, 50.93239126169128 ]
    }
  }, {
    "type" : "Feature",
    "properties" : {
      "date" : "09/03/2022 07:47:43",
      "bikeType" : "City-/Trekking Bike",
      "child" : "Nein",
      "trailer" : "Nein",
      "pLoc" : "Lenker",
      "incident" : "Zu dichtes Überholen",
      "participant" : "PKW",
      "scary" : "Nein",
      "descr" : "",
      "region" : "Köln"
    },
    "geometry" : {
      "type" : "Point",
      "coordinates" : [ 6.879767720498609, 50.93206717452941 ]
    }
  }, {
    "type" : "Feature",
    "properties" : {
      "date" : "09/03/2022 07:49:05",
      "bikeType" : "City-/Trekking Bike",
      "child" : "Nein",
      "trailer" : "Nein",
      "pLoc" : "Lenker",
      "incident" : "Zu dichtes Überholen",
      "participant" : "PKW",
      "scary" : "Nein",
      "descr" : "",
      "region" : "Köln"
    },
    "geometry" : {
      "type" : "Point",
      "coordinates" : [ 6.873211163883497, 50.932142504370844 ]
    }
  }, {
    "type" : "Feature",
    "properties" : {
      "date" : "09/03/2022 07:49:08",
      "bikeType" : "City-/Trekking Bike",
      "child" : "Nein",
      "trailer" : "Nein",
      "pLoc" : "Lenker",
      "incident" : "Zu dichtes Überholen",
      "participant" : "PKW",
      "scary" : "Nein",
      "descr" : "",
      "region" : "Köln"
    },
    "geometry" : {
      "type" : "Point",
      "coordinates" : [ 6.872968697134609, 50.93214692263774 ]
    }
  }, {
    "type" : "Feature",
    "properties" : {
      "date" : "09/03/2022 07:49:24",
      "bikeType" : "City-/Trekking Bike",
      "child" : "Nein",
      "trailer" : "Nein",
      "pLoc" : "Lenker",
      "incident" : "Zu dichtes Überholen",
      "participant" : "PKW",
      "scary" : "Nein",
      "descr" : "",
      "region" : "Köln"
    },
    "geometry" : {
      "type" : "Point",
      "coordinates" : [ 6.871808975503362, 50.93217899119174 ]
    }
  }, {
    "type" : "Feature",
    "properties" : {
      "date" : "09/03/2022 07:49:51",
      "bikeType" : "City-/Trekking Bike",
      "child" : "Nein",
      "trailer" : "Nein",
      "pLoc" : "Lenker",
      "incident" : "Zu dichtes Überholen",
      "participant" : "PKW",
      "scary" : "Nein",
      "descr" : "",
      "region" : "Köln"
    },
    "geometry" : {
      "type" : "Point",
      "coordinates" : [ 6.869762243975484, 50.93226647844954 ]
    }
  }, {
    "type" : "Feature",
    "properties" : {
      "date" : "09/03/2022 07:50:15",
      "bikeType" : "City-/Trekking Bike",
      "child" : "Nein",
      "trailer" : "Nein",
      "pLoc" : "Lenker",
      "incident" : "Zu dichtes Überholen",
      "participant" : "PKW",
      "scary" : "Nein",
      "descr" : "",
      "region" : "Köln"
    },
    "geometry" : {
      "type" : "Point",
      "coordinates" : [ 6.867843582800534, 50.93223406291266 ]
    }
  }, {
    "type" : "Feature",
    "properties" : {
      "date" : "09/03/2022 07:50:31",
      "bikeType" : "City-/Trekking Bike",
      "child" : "Nein",
      "trailer" : "Nein",
      "pLoc" : "Lenker",
      "incident" : "Zu dichtes Überholen",
      "participant" : "PKW",
      "scary" : "Nein",
      "descr" : "",
      "region" : "Köln"
    },
    "geometry" : {
      "type" : "Point",
      "coordinates" : [ 6.866600516823769, 50.932204002033934 ]
    }
  }, {
    "type" : "Feature",
    "properties" : {
      "date" : "09/03/2022 08:00:06",
      "bikeType" : "Lastenrad",
      "child" : "Ja",
      "trailer" : "Nein",
      "pLoc" : "Hosentasche",
      "incident" : "Zu dichtes Überholen",
      "participant" : "PKW",
      "scary" : "Ja",
      "descr" : "",
      "region" : "Köln"
    },
    "geometry" : {
      "type" : "Point",
      "coordinates" : [ 7.04052, 51.001382 ]
    }
  } ]
}