{
  "type" : "FeatureCollection",
  "features" : [ {
    "type" : "Feature",
    "properties" : {
      "date" : "20/11/2020 07:26:42",
      "bikeType" : "-",
      "child" : "Nein",
      "trailer" : "Nein",
      "pLoc" : "Hosentasche",
      "incident" : "Ein- oder ausparkendes Fahrzeug",
      "participant" : "",
      "scary" : "Nein",
      "descr" : "",
      "region" : "Eichwalde"
    },
    "geometry" : {
      "type" : "Point",
      "coordinates" : [ 13.59245645255814, 52.36056028788815 ]
    }
  }, {
    "type" : "Feature",
    "properties" : {
      "date" : "11/11/2020 07:38:52",
      "bikeType" : "-",
      "child" : "Nein",
      "trailer" : "Nein",
      "pLoc" : "Hosentasche",
      "incident" : "Zu dichtes Überholen",
      "participant" : "",
      "scary" : "Nein",
      "descr" : "",
      "region" : "Eichwalde"
    },
    "geometry" : {
      "type" : "Point",
      "coordinates" : [ 13.596075471953448, 52.368619761657285 ]
    }
  }, {
    "type" : "Feature",
    "properties" : {
      "date" : "12/11/2020 07:36:25",
      "bikeType" : "-",
      "child" : "Nein",
      "trailer" : "Nein",
      "pLoc" : "Hosentasche",
      "incident" : "Zu dichtes Überholen",
      "participant" : "",
      "scary" : "Nein",
      "descr" : "",
      "region" : "Eichwalde"
    },
    "geometry" : {
      "type" : "Point",
      "coordinates" : [ 13.5927393136158, 52.360379524616754 ]
    }
  }, {
    "type" : "Feature",
    "properties" : {
      "date" : "10/11/2020 07:38:01",
      "bikeType" : "-",
      "child" : "Nein",
      "trailer" : "Nein",
      "pLoc" : "Hosentasche",
      "incident" : "Ein- oder ausparkendes Fahrzeug",
      "participant" : "",
      "scary" : "Nein",
      "descr" : "Für Kinder eine gefährliche Straße. Der Gehweg zu schmal, die Straße zu stark befahren wenn Eltern ihre Kinder abliefern.",
      "region" : "Eichwalde"
    },
    "geometry" : {
      "type" : "Point",
      "coordinates" : [ 13.592553920920558, 52.360530793358464 ]
    }
  }, {
    "type" : "Feature",
    "properties" : {
      "date" : "17/11/2020 11:43:36",
      "bikeType" : "-",
      "child" : "Nein",
      "trailer" : "Nein",
      "pLoc" : "Hosentasche",
      "incident" : "Beinahe-Abbiegeunfall",
      "participant" : "Lieferwagen, PKW",
      "scary" : "Ja",
      "descr" : "",
      "region" : "Eichwalde"
    },
    "geometry" : {
      "type" : "Point",
      "coordinates" : [ 13.473932078431973, 52.47489261452833 ]
    }
  }, {
    "type" : "Feature",
    "properties" : {
      "date" : "07/11/2020 16:14:59",
      "bikeType" : "-",
      "child" : "Nein",
      "trailer" : "Nein",
      "pLoc" : "Hosentasche",
      "incident" : "Hindernis ausweichen (z.B. Hund)",
      "participant" : "",
      "scary" : "Nein",
      "descr" : "",
      "region" : "Eichwalde"
    },
    "geometry" : {
      "type" : "Point",
      "coordinates" : [ 12.760848356410861, 52.44745901785791 ]
    }
  }, {
    "type" : "Feature",
    "properties" : {
      "date" : "07/11/2020 14:45:43",
      "bikeType" : "-",
      "child" : "Nein",
      "trailer" : "Nein",
      "pLoc" : "Hosentasche",
      "incident" : "Hindernis ausweichen (z.B. Hund)",
      "participant" : "",
      "scary" : "Nein",
      "descr" : "",
      "region" : "Eichwalde"
    },
    "geometry" : {
      "type" : "Point",
      "coordinates" : [ 12.727239774540067, 52.43545604869723 ]
    }
  }, {
    "type" : "Feature",
    "properties" : {
      "date" : "03/11/2020 14:30:39",
      "bikeType" : "-",
      "child" : "Nein",
      "trailer" : "Nein",
      "pLoc" : "Hosentasche",
      "incident" : "Zu dichtes Überholen",
      "participant" : "",
      "scary" : "Nein",
      "descr" : "",
      "region" : "Eichwalde"
    },
    "geometry" : {
      "type" : "Point",
      "coordinates" : [ 13.6053930043874, 52.36921473968138 ]
    }
  }, {
    "type" : "Feature",
    "properties" : {
      "date" : "09/11/2020 07:46:30",
      "bikeType" : "-",
      "child" : "Nein",
      "trailer" : "Nein",
      "pLoc" : "Hosentasche",
      "incident" : "Zu dichtes Überholen",
      "participant" : "",
      "scary" : "Nein",
      "descr" : "",
      "region" : "Eichwalde"
    },
    "geometry" : {
      "type" : "Point",
      "coordinates" : [ 13.597409399598812, 52.360916023110995 ]
    }
  }, {
    "type" : "Feature",
    "properties" : {
      "date" : "09/11/2020 07:46:30",
      "bikeType" : "-",
      "child" : "Nein",
      "trailer" : "Nein",
      "pLoc" : "Hosentasche",
      "incident" : "Zu dichtes Überholen",
      "participant" : "",
      "scary" : "Nein",
      "descr" : "",
      "region" : "Eichwalde"
    },
    "geometry" : {
      "type" : "Point",
      "coordinates" : [ 13.597409399598812, 52.360916023110995 ]
    }
  }, {
    "type" : "Feature",
    "properties" : {
      "date" : "09/11/2020 07:48:33",
      "bikeType" : "-",
      "child" : "Nein",
      "trailer" : "Nein",
      "pLoc" : "Hosentasche",
      "incident" : "Hindernis ausweichen (z.B. Hund)",
      "participant" : "Fußgänger",
      "scary" : "Nein",
      "descr" : "",
      "region" : "Eichwalde"
    },
    "geometry" : {
      "type" : "Point",
      "coordinates" : [ 13.597170785703785, 52.36436134100029 ]
    }
  }, {
    "type" : "Feature",
    "properties" : {
      "date" : "12/11/2020 15:18:37",
      "bikeType" : "-",
      "child" : "Nein",
      "trailer" : "Nein",
      "pLoc" : "Hosentasche",
      "incident" : "Beinahe-Dooring",
      "participant" : "",
      "scary" : "Nein",
      "descr" : "",
      "region" : "Eichwalde"
    },
    "geometry" : {
      "type" : "Point",
      "coordinates" : [ 13.59227506560224, 52.36074224065197 ]
    }
  }, {
    "type" : "Feature",
    "properties" : {
      "date" : "14/12/2020 10:57:26",
      "bikeType" : "-",
      "child" : "Nein",
      "trailer" : "Nein",
      "pLoc" : "Hosentasche",
      "incident" : "Entgegenkommender Verkehrsteilnehmer",
      "participant" : "Lieferwagen, PKW",
      "scary" : "Ja",
      "descr" : "",
      "region" : "Eichwalde"
    },
    "geometry" : {
      "type" : "Point",
      "coordinates" : [ 13.421358247148884, 52.50977088544982 ]
    }
  }, {
    "type" : "Feature",
    "properties" : {
      "date" : "14/12/2020 11:10:50",
      "bikeType" : "-",
      "child" : "Nein",
      "trailer" : "Nein",
      "pLoc" : "Hosentasche",
      "incident" : "Beinahe-Dooring",
      "participant" : "",
      "scary" : "Nein",
      "descr" : "",
      "region" : "Eichwalde"
    },
    "geometry" : {
      "type" : "Point",
      "coordinates" : [ 13.376029004163538, 52.52850268078108 ]
    }
  }, {
    "type" : "Feature",
    "properties" : {
      "date" : "14/12/2020 14:15:22",
      "bikeType" : "-",
      "child" : "Nein",
      "trailer" : "Nein",
      "pLoc" : "Hosentasche",
      "incident" : "Ein- oder ausparkendes Fahrzeug",
      "participant" : "Lieferwagen, PKW",
      "scary" : "Ja",
      "descr" : "",
      "region" : "Eichwalde"
    },
    "geometry" : {
      "type" : "Point",
      "coordinates" : [ 13.533438745677476, 52.42618282933154 ]
    }
  }, {
    "type" : "Feature",
    "properties" : {
      "date" : "18/10/2020 09:44:47",
      "bikeType" : "City-/Trekking Bike",
      "child" : "Nein",
      "trailer" : "Nein",
      "pLoc" : "Rucksack/Tasche",
      "incident" : "Hindernis ausweichen (z.B. Hund)",
      "participant" : "Fußgänger",
      "scary" : "Nein",
      "descr" : "Inkl einer Beleidigung vom Hundebesitzer. Schlechte Welt. ",
      "region" : "Eichwalde"
    },
    "geometry" : {
      "type" : "Point",
      "coordinates" : [ 13.628301520953114, 52.370077169147976 ]
    }
  }, {
    "type" : "Feature",
    "properties" : {
      "date" : "13/06/2020 11:56:05",
      "bikeType" : "City-/Trekking Bike",
      "child" : "Nein",
      "trailer" : "Nein",
      "pLoc" : "Hosentasche",
      "incident" : "Hindernis ausweichen (z.B. Hund)",
      "participant" : "Fußgänger",
      "scary" : "Nein",
      "descr" : "",
      "region" : "Eichwalde"
    },
    "geometry" : {
      "type" : "Point",
      "coordinates" : [ 13.620040202513337, 52.37103508785367 ]
    }
  }, {
    "type" : "Feature",
    "properties" : {
      "date" : "24/06/2020 18:14:57",
      "bikeType" : "Road Racing Bike",
      "child" : "Nein",
      "trailer" : "Nein",
      "pLoc" : "Hosentasche",
      "incident" : "Entgegenkommender Verkehrsteilnehmer",
      "participant" : "Fahrrad",
      "scary" : "Nein",
      "descr" : "",
      "region" : "Eichwalde"
    },
    "geometry" : {
      "type" : "Point",
      "coordinates" : [ 13.619863595813513, 52.36727911513299 ]
    }
  }, {
    "type" : "Feature",
    "properties" : {
      "date" : "21/06/2020 18:43:52",
      "bikeType" : "City-/Trekking Bike",
      "child" : "Nein",
      "trailer" : "Nein",
      "pLoc" : "Hosentasche",
      "incident" : "Hindernis ausweichen (z.B. Hund)",
      "participant" : "Fahrrad",
      "scary" : "Nein",
      "descr" : "",
      "region" : "Eichwalde"
    },
    "geometry" : {
      "type" : "Point",
      "coordinates" : [ 13.580475021153688, 52.41749572567642 ]
    }
  }, {
    "type" : "Feature",
    "properties" : {
      "date" : "13/06/2020 10:57:16",
      "bikeType" : "City-/Trekking Bike",
      "child" : "Nein",
      "trailer" : "Nein",
      "pLoc" : "Hosentasche",
      "incident" : "Hindernis ausweichen (z.B. Hund)",
      "participant" : "Fußgänger",
      "scary" : "Nein",
      "descr" : "",
      "region" : "Eichwalde"
    },
    "geometry" : {
      "type" : "Point",
      "coordinates" : [ 13.631586357951164, 52.35243882983923 ]
    }
  }, {
    "type" : "Feature",
    "properties" : {
      "date" : "13/06/2020 16:34:41",
      "bikeType" : "City-/Trekking Bike",
      "child" : "Nein",
      "trailer" : "Nein",
      "pLoc" : "Hosentasche",
      "incident" : "Hindernis ausweichen (z.B. Hund)",
      "participant" : "Fußgänger",
      "scary" : "Nein",
      "descr" : "Kind auf dem Radweg",
      "region" : "Eichwalde"
    },
    "geometry" : {
      "type" : "Point",
      "coordinates" : [ 13.618322247639298, 52.375685912556946 ]
    }
  }, {
    "type" : "Feature",
    "properties" : {
      "date" : "17/06/2020 08:47:15",
      "bikeType" : "Road Racing Bike",
      "child" : "Nein",
      "trailer" : "Nein",
      "pLoc" : "Hosentasche",
      "incident" : "Sonstiges",
      "participant" : "",
      "scary" : "Nein",
      "descr" : "Kopfsteinpflaster",
      "region" : "Eichwalde"
    },
    "geometry" : {
      "type" : "Point",
      "coordinates" : [ 13.551887115463614, 52.34506120439619 ]
    }
  }, {
    "type" : "Feature",
    "properties" : {
      "date" : "22/06/2020 20:57:54",
      "bikeType" : "City-/Trekking Bike",
      "child" : "Nein",
      "trailer" : "Nein",
      "pLoc" : "Hosentasche",
      "incident" : "Hindernis ausweichen (z.B. Hund)",
      "participant" : "Fußgänger",
      "scary" : "Nein",
      "descr" : "",
      "region" : "Eichwalde"
    },
    "geometry" : {
      "type" : "Point",
      "coordinates" : [ 13.617584891617298, 52.37118504010141 ]
    }
  }, {
    "type" : "Feature",
    "properties" : {
      "date" : "13/06/2020 13:34:53",
      "bikeType" : "City-/Trekking Bike",
      "child" : "Nein",
      "trailer" : "Nein",
      "pLoc" : "Hosentasche",
      "incident" : "Entgegenkommender Verkehrsteilnehmer",
      "participant" : "Fahrrad",
      "scary" : "Nein",
      "descr" : "",
      "region" : "Eichwalde"
    },
    "geometry" : {
      "type" : "Point",
      "coordinates" : [ 13.63339458592236, 52.38618143834174 ]
    }
  }, {
    "type" : "Feature",
    "properties" : {
      "date" : "28/07/2020 16:57:17",
      "bikeType" : "Road Racing Bike",
      "child" : "Nein",
      "trailer" : "Nein",
      "pLoc" : "Rucksack/Tasche",
      "incident" : "Entgegenkommender Verkehrsteilnehmer",
      "participant" : "Bus",
      "scary" : "Nein",
      "descr" : "",
      "region" : "Eichwalde"
    },
    "geometry" : {
      "type" : "Point",
      "coordinates" : [ 13.597461077128457, 52.37912194366264 ]
    }
  }, {
    "type" : "Feature",
    "properties" : {
      "date" : "30/07/2020 06:34:26",
      "bikeType" : "Road Racing Bike",
      "child" : "Nein",
      "trailer" : "Nein",
      "pLoc" : "Rucksack/Tasche",
      "incident" : "Hindernis ausweichen (z.B. Hund)",
      "participant" : "Fußgänger",
      "scary" : "Nein",
      "descr" : "",
      "region" : "Eichwalde"
    },
    "geometry" : {
      "type" : "Point",
      "coordinates" : [ 13.567695683203478, 52.38873252385797 ]
    }
  }, {
    "type" : "Feature",
    "properties" : {
      "date" : "27/07/2020 06:01:17",
      "bikeType" : "Road Racing Bike",
      "child" : "Nein",
      "trailer" : "Nein",
      "pLoc" : "Rucksack/Tasche",
      "incident" : "Beinahe-Abbiegeunfall",
      "participant" : "Lieferwagen",
      "scary" : "Nein",
      "descr" : "",
      "region" : "Eichwalde"
    },
    "geometry" : {
      "type" : "Point",
      "coordinates" : [ 13.575324516628315, 52.357611732996794 ]
    }
  }, {
    "type" : "Feature",
    "properties" : {
      "date" : "23/07/2020 06:45:34",
      "bikeType" : "Road Racing Bike",
      "child" : "Nein",
      "trailer" : "Nein",
      "pLoc" : "Rucksack/Tasche",
      "incident" : "Hindernis ausweichen (z.B. Hund)",
      "participant" : "LKW",
      "scary" : "Ja",
      "descr" : "",
      "region" : "Eichwalde"
    },
    "geometry" : {
      "type" : "Point",
      "coordinates" : [ 13.446544505803645, 52.34689406420517 ]
    }
  }, {
    "type" : "Feature",
    "properties" : {
      "date" : "23/07/2020 06:13:02",
      "bikeType" : "Road Racing Bike",
      "child" : "Nein",
      "trailer" : "Nein",
      "pLoc" : "Rucksack/Tasche",
      "incident" : "Zu dichtes Überholen",
      "participant" : "PKW",
      "scary" : "Nein",
      "descr" : "",
      "region" : "Eichwalde"
    },
    "geometry" : {
      "type" : "Point",
      "coordinates" : [ 13.558994141026018, 52.36146003085113 ]
    }
  }, {
    "type" : "Feature",
    "properties" : {
      "date" : "30/07/2020 15:59:13",
      "bikeType" : "Road Racing Bike",
      "child" : "Nein",
      "trailer" : "Nein",
      "pLoc" : "Rucksack/Tasche",
      "incident" : "Zu dichtes Überholen",
      "participant" : "Lieferwagen",
      "scary" : "Nein",
      "descr" : "",
      "region" : "Eichwalde"
    },
    "geometry" : {
      "type" : "Point",
      "coordinates" : [ 13.606676648827497, 52.33944913880243 ]
    }
  }, {
    "type" : "Feature",
    "properties" : {
      "date" : "30/07/2020 15:56:41",
      "bikeType" : "Road Racing Bike",
      "child" : "Nein",
      "trailer" : "Nein",
      "pLoc" : "Rucksack/Tasche",
      "incident" : "Zu dichtes Auffahren",
      "participant" : "PKW",
      "scary" : "Nein",
      "descr" : "",
      "region" : "Eichwalde"
    },
    "geometry" : {
      "type" : "Point",
      "coordinates" : [ 13.58701247429148, 52.339357698711865 ]
    }
  }, {
    "type" : "Feature",
    "properties" : {
      "date" : "30/07/2020 15:57:19",
      "bikeType" : "Road Racing Bike",
      "child" : "Nein",
      "trailer" : "Nein",
      "pLoc" : "Rucksack/Tasche",
      "incident" : "Entgegenkommender Verkehrsteilnehmer",
      "participant" : "PKW",
      "scary" : "Nein",
      "descr" : "",
      "region" : "Eichwalde"
    },
    "geometry" : {
      "type" : "Point",
      "coordinates" : [ 13.592056308476048, 52.338862535706056 ]
    }
  }, {
    "type" : "Feature",
    "properties" : {
      "date" : "30/07/2020 16:02:24",
      "bikeType" : "Road Racing Bike",
      "child" : "Nein",
      "trailer" : "Nein",
      "pLoc" : "Rucksack/Tasche",
      "incident" : "Zu dichtes Überholen",
      "participant" : "PKW",
      "scary" : "Nein",
      "descr" : "",
      "region" : "Eichwalde"
    },
    "geometry" : {
      "type" : "Point",
      "coordinates" : [ 13.620416425333584, 52.344652260848 ]
    }
  }, {
    "type" : "Feature",
    "properties" : {
      "date" : "03/07/2020 15:55:08",
      "bikeType" : "Road Racing Bike",
      "child" : "Nein",
      "trailer" : "Nein",
      "pLoc" : "Hosentasche",
      "incident" : "Sonstiges",
      "participant" : "",
      "scary" : "Nein",
      "descr" : "Kopfsteinpflaster",
      "region" : "Eichwalde"
    },
    "geometry" : {
      "type" : "Point",
      "coordinates" : [ 13.55228559114039, 52.34495110809803 ]
    }
  }, {
    "type" : "Feature",
    "properties" : {
      "date" : "03/07/2020 15:52:36",
      "bikeType" : "Road Racing Bike",
      "child" : "Nein",
      "trailer" : "Nein",
      "pLoc" : "Hosentasche",
      "incident" : "Ein- oder ausparkendes Fahrzeug",
      "participant" : "PKW",
      "scary" : "Nein",
      "descr" : "",
      "region" : "Eichwalde"
    },
    "geometry" : {
      "type" : "Point",
      "coordinates" : [ 13.536993144080043, 52.347208019346 ]
    }
  }, {
    "type" : "Feature",
    "properties" : {
      "date" : "28/07/2020 06:46:25",
      "bikeType" : "Road Racing Bike",
      "child" : "Nein",
      "trailer" : "Nein",
      "pLoc" : "Rucksack/Tasche",
      "incident" : "Ein- oder ausparkendes Fahrzeug",
      "participant" : "PKW",
      "scary" : "Nein",
      "descr" : "",
      "region" : "Eichwalde"
    },
    "geometry" : {
      "type" : "Point",
      "coordinates" : [ 13.597539043798777, 52.37907777488343 ]
    }
  }, {
    "type" : "Feature",
    "properties" : {
      "date" : "29/07/2020 16:44:56",
      "bikeType" : "Road Racing Bike",
      "child" : "Nein",
      "trailer" : "Nein",
      "pLoc" : "Rucksack/Tasche",
      "incident" : "Zu dichtes Auffahren",
      "participant" : "PKW",
      "scary" : "Nein",
      "descr" : "",
      "region" : "Eichwalde"
    },
    "geometry" : {
      "type" : "Point",
      "coordinates" : [ 13.556693233428778, 52.385478181409816 ]
    }
  }, {
    "type" : "Feature",
    "properties" : {
      "date" : "31/08/2020 17:17:26",
      "bikeType" : "Road Racing Bike",
      "child" : "Nein",
      "trailer" : "Nein",
      "pLoc" : "Rucksack/Tasche",
      "incident" : "Zu dichtes Auffahren",
      "participant" : "PKW",
      "scary" : "Ja",
      "descr" : "",
      "region" : "Eichwalde"
    },
    "geometry" : {
      "type" : "Point",
      "coordinates" : [ 13.58907556144874, 52.3800373898968 ]
    }
  }, {
    "type" : "Feature",
    "properties" : {
      "date" : "31/08/2020 17:19:23",
      "bikeType" : "Road Racing Bike",
      "child" : "Nein",
      "trailer" : "Nein",
      "pLoc" : "Rucksack/Tasche",
      "incident" : "Ein- oder ausparkendes Fahrzeug",
      "participant" : "PKW",
      "scary" : "Ja",
      "descr" : "",
      "region" : "Eichwalde"
    },
    "geometry" : {
      "type" : "Point",
      "coordinates" : [ 13.59774442299707, 52.37849938243785 ]
    }
  }, {
    "type" : "Feature",
    "properties" : {
      "date" : "10/08/2020 06:44:03",
      "bikeType" : "Road Racing Bike",
      "child" : "Nein",
      "trailer" : "Nein",
      "pLoc" : "Rucksack/Tasche",
      "incident" : "Zu dichtes Auffahren",
      "participant" : "Taxi",
      "scary" : "Nein",
      "descr" : "",
      "region" : "Eichwalde"
    },
    "geometry" : {
      "type" : "Point",
      "coordinates" : [ 13.509099424225946, 52.382681508586124 ]
    }
  }, {
    "type" : "Feature",
    "properties" : {
      "date" : "13/08/2020 06:49:27",
      "bikeType" : "Road Racing Bike",
      "child" : "Nein",
      "trailer" : "Nein",
      "pLoc" : "Rucksack/Tasche",
      "incident" : "Sonstiges",
      "participant" : "Fußgänger",
      "scary" : "Ja",
      "descr" : "Bedrohung mit einem Messer, Polizei verständigt. ",
      "region" : "Eichwalde"
    },
    "geometry" : {
      "type" : "Point",
      "coordinates" : [ 13.563269937363696, 52.38852884236487 ]
    }
  }, {
    "type" : "Feature",
    "properties" : {
      "date" : "24/08/2020 07:14:10",
      "bikeType" : "Mountainbik",
      "child" : "Nein",
      "trailer" : "Nein",
      "pLoc" : "Rucksack/Tasche",
      "incident" : "Beinahe-Abbiegeunfall",
      "participant" : "PKW",
      "scary" : "Nein",
      "descr" : "",
      "region" : "Eichwalde"
    },
    "geometry" : {
      "type" : "Point",
      "coordinates" : [ 13.61053763, 52.36654561 ]
    }
  }, {
    "type" : "Feature",
    "properties" : {
      "date" : "24/08/2020 07:12:32",
      "bikeType" : "Mountainbik",
      "child" : "Nein",
      "trailer" : "Nein",
      "pLoc" : "Rucksack/Tasche",
      "incident" : "Beinahe-Abbiegeunfall",
      "participant" : "PKW",
      "scary" : "Nein",
      "descr" : "",
      "region" : "Eichwalde"
    },
    "geometry" : {
      "type" : "Point",
      "coordinates" : [ 13.60620379, 52.36264084 ]
    }
  }, {
    "type" : "Feature",
    "properties" : {
      "date" : "03/09/2020 06:11:45",
      "bikeType" : "Road Racing Bike",
      "child" : "Nein",
      "trailer" : "Nein",
      "pLoc" : "Rucksack/Tasche",
      "incident" : "Zu dichtes Überholen",
      "participant" : "PKW",
      "scary" : "Nein",
      "descr" : "",
      "region" : "Eichwalde"
    },
    "geometry" : {
      "type" : "Point",
      "coordinates" : [ 13.574404597503062, 52.358387739232896 ]
    }
  }, {
    "type" : "Feature",
    "properties" : {
      "date" : "03/09/2020 06:11:45",
      "bikeType" : "Road Racing Bike",
      "child" : "Nein",
      "trailer" : "Nein",
      "pLoc" : "Rucksack/Tasche",
      "incident" : "Zu dichtes Überholen",
      "participant" : "PKW",
      "scary" : "Nein",
      "descr" : "",
      "region" : "Eichwalde"
    },
    "geometry" : {
      "type" : "Point",
      "coordinates" : [ 13.574404597503062, 52.358387739232896 ]
    }
  }, {
    "type" : "Feature",
    "properties" : {
      "date" : "07/09/2020 16:56:07",
      "bikeType" : "Road Racing Bike",
      "child" : "Nein",
      "trailer" : "Nein",
      "pLoc" : "Rucksack/Tasche",
      "incident" : "Zu dichtes Auffahren",
      "participant" : "Bus",
      "scary" : "Nein",
      "descr" : "",
      "region" : "Eichwalde"
    },
    "geometry" : {
      "type" : "Point",
      "coordinates" : [ 13.59288169571153, 52.375519594809326 ]
    }
  }, {
    "type" : "Feature",
    "properties" : {
      "date" : "08/09/2020 16:34:40",
      "bikeType" : "Road Racing Bike",
      "child" : "Nein",
      "trailer" : "Nein",
      "pLoc" : "Rucksack/Tasche",
      "incident" : "Zu dichtes Auffahren",
      "participant" : "Bus",
      "scary" : "Nein",
      "descr" : "",
      "region" : "Eichwalde"
    },
    "geometry" : {
      "type" : "Point",
      "coordinates" : [ 13.594578174876581, 52.376751770808 ]
    }
  }, {
    "type" : "Feature",
    "properties" : {
      "date" : "07/09/2020 06:09:54",
      "bikeType" : "Road Racing Bike",
      "child" : "Nein",
      "trailer" : "Nein",
      "pLoc" : "Rucksack/Tasche",
      "incident" : "Zu dichtes Überholen",
      "participant" : "PKW",
      "scary" : "Nein",
      "descr" : "",
      "region" : "Eichwalde"
    },
    "geometry" : {
      "type" : "Point",
      "coordinates" : [ 13.593266281157808, 52.37565974582025 ]
    }
  }, {
    "type" : "Feature",
    "properties" : {
      "date" : "07/09/2020 06:11:14",
      "bikeType" : "Road Racing Bike",
      "child" : "Nein",
      "trailer" : "Nein",
      "pLoc" : "Rucksack/Tasche",
      "incident" : "Zu dichtes Auffahren",
      "participant" : "LKW",
      "scary" : "Nein",
      "descr" : "",
      "region" : "Eichwalde"
    },
    "geometry" : {
      "type" : "Point",
      "coordinates" : [ 13.597322541207717, 52.37964206942376 ]
    }
  }, {
    "type" : "Feature",
    "properties" : {
      "date" : "30/09/2020 14:51:05",
      "bikeType" : "Mountainbik",
      "child" : "Nein",
      "trailer" : "Nein",
      "pLoc" : "Rucksack/Tasche",
      "incident" : "Beinahe-Abbiegeunfall",
      "participant" : "PKW",
      "scary" : "Nein",
      "descr" : "2 PKWs",
      "region" : "Eichwalde"
    },
    "geometry" : {
      "type" : "Point",
      "coordinates" : [ 13.59704777, 52.35002698 ]
    }
  }, {
    "type" : "Feature",
    "properties" : {
      "date" : "01/09/2020 16:59:15",
      "bikeType" : "Road Racing Bike",
      "child" : "Nein",
      "trailer" : "Nein",
      "pLoc" : "Rucksack/Tasche",
      "incident" : "Ein- oder ausparkendes Fahrzeug",
      "participant" : "PKW",
      "scary" : "Nein",
      "descr" : "",
      "region" : "Eichwalde"
    },
    "geometry" : {
      "type" : "Point",
      "coordinates" : [ 13.597488900937266, 52.379097113596984 ]
    }
  }, {
    "type" : "Feature",
    "properties" : {
      "date" : "08/06/2021 14:05:26",
      "bikeType" : "-",
      "child" : "Nein",
      "trailer" : "Nein",
      "pLoc" : "Hosentasche",
      "incident" : "Entgegenkommender Verkehrsteilnehmer",
      "participant" : "PKW",
      "scary" : "Ja",
      "descr" : "",
      "region" : "Eichwalde"
    },
    "geometry" : {
      "type" : "Point",
      "coordinates" : [ 13.592232969911498, 52.36049775442482 ]
    }
  }, {
    "type" : "Feature",
    "properties" : {
      "date" : "02/07/2021 19:41:33",
      "bikeType" : "-",
      "child" : "Nein",
      "trailer" : "Nein",
      "pLoc" : "Hosentasche",
      "incident" : "Hindernis ausweichen (z.B. Hund)",
      "participant" : "",
      "scary" : "Nein",
      "descr" : "",
      "region" : "Eichwalde"
    },
    "geometry" : {
      "type" : "Point",
      "coordinates" : [ 13.5907831581063, 52.383996487266835 ]
    }
  }, {
    "type" : "Feature",
    "properties" : {
      "date" : "20/02/2021 08:37:17",
      "bikeType" : "-",
      "child" : "Nein",
      "trailer" : "Nein",
      "pLoc" : "Hosentasche",
      "incident" : "Hindernis ausweichen (z.B. Hund)",
      "participant" : "Fußgänger",
      "scary" : "Nein",
      "descr" : "",
      "region" : "Eichwalde"
    },
    "geometry" : {
      "type" : "Point",
      "coordinates" : [ 13.637367021292448, 52.37581180874258 ]
    }
  }, {
    "type" : "Feature",
    "properties" : {
      "date" : "20/02/2021 16:02:42",
      "bikeType" : "-",
      "child" : "Nein",
      "trailer" : "Nein",
      "pLoc" : "Hosentasche",
      "incident" : "Entgegenkommender Verkehrsteilnehmer",
      "participant" : "Fußgänger",
      "scary" : "Nein",
      "descr" : "",
      "region" : "Eichwalde"
    },
    "geometry" : {
      "type" : "Point",
      "coordinates" : [ 13.687775116413832, 52.367568500339985 ]
    }
  }, {
    "type" : "Feature",
    "properties" : {
      "date" : "30/03/2021 18:31:47",
      "bikeType" : "-",
      "child" : "Nein",
      "trailer" : "Nein",
      "pLoc" : "Hosentasche",
      "incident" : "Sonstiges",
      "participant" : "Sonstiges",
      "scary" : "Nein",
      "descr" : "Straßenbahn überqueren\\n\\n",
      "region" : "Eichwalde"
    },
    "geometry" : {
      "type" : "Point",
      "coordinates" : [ 13.637577909976244, 52.38347630482167 ]
    }
  }, {
    "type" : "Feature",
    "properties" : {
      "date" : "23/06/2021 17:50:20",
      "bikeType" : "E-Bike",
      "child" : "Nein",
      "trailer" : "Nein",
      "pLoc" : "Hosentasche",
      "incident" : "Ein- oder ausparkendes Fahrzeug",
      "participant" : "PKW",
      "scary" : "Nein",
      "descr" : "",
      "region" : "Eichwalde"
    },
    "geometry" : {
      "type" : "Point",
      "coordinates" : [ 13.608322, 52.366173 ]
    }
  }, {
    "type" : "Feature",
    "properties" : {
      "date" : "15/06/2021 07:32:13",
      "bikeType" : "E-Bike",
      "child" : "Nein",
      "trailer" : "Nein",
      "pLoc" : "Hosentasche",
      "incident" : "Hindernis ausweichen (z.B. Hund)",
      "participant" : "Fußgänger",
      "scary" : "Nein",
      "descr" : "",
      "region" : "Eichwalde"
    },
    "geometry" : {
      "type" : "Point",
      "coordinates" : [ 13.612107, 52.375509 ]
    }
  }, {
    "type" : "Feature",
    "properties" : {
      "date" : "15/06/2021 07:34:11",
      "bikeType" : "E-Bike",
      "child" : "Nein",
      "trailer" : "Nein",
      "pLoc" : "Hosentasche",
      "incident" : "Entgegenkommender Verkehrsteilnehmer",
      "participant" : "Fußgänger",
      "scary" : "Nein",
      "descr" : "",
      "region" : "Eichwalde"
    },
    "geometry" : {
      "type" : "Point",
      "coordinates" : [ 13.616602, 52.37747 ]
    }
  }, {
    "type" : "Feature",
    "properties" : {
      "date" : "01/09/2021 05:11:19",
      "bikeType" : "-",
      "child" : "Nein",
      "trailer" : "Nein",
      "pLoc" : "Hosentasche",
      "incident" : "Zu dichtes Überholen",
      "participant" : "Lieferwagen",
      "scary" : "Ja",
      "descr" : "",
      "region" : "Eichwalde"
    },
    "geometry" : {
      "type" : "Point",
      "coordinates" : [ 13.590360444768063, 52.37994270762668 ]
    }
  }, {
    "type" : "Feature",
    "properties" : {
      "date" : "13/08/2021 16:55:03",
      "bikeType" : "-",
      "child" : "Nein",
      "trailer" : "Nein",
      "pLoc" : "Hosentasche",
      "incident" : "Zu dichtes Überholen",
      "participant" : "Lieferwagen",
      "scary" : "Ja",
      "descr" : "",
      "region" : "Eichwalde"
    },
    "geometry" : {
      "type" : "Point",
      "coordinates" : [ 13.573100996831975, 52.41321261052319 ]
    }
  }, {
    "type" : "Feature",
    "properties" : {
      "date" : "10/09/2021 08:37:58",
      "bikeType" : "-",
      "child" : "Nein",
      "trailer" : "Nein",
      "pLoc" : "Hosentasche",
      "incident" : "Zu dichtes Überholen",
      "participant" : "PKW",
      "scary" : "Ja",
      "descr" : "",
      "region" : "Eichwalde"
    },
    "geometry" : {
      "type" : "Point",
      "coordinates" : [ 13.392819746307353, 52.525195914205675 ]
    }
  }, {
    "type" : "Feature",
    "properties" : {
      "date" : "08/09/2021 05:06:23",
      "bikeType" : "-",
      "child" : "Nein",
      "trailer" : "Nein",
      "pLoc" : "Hosentasche",
      "incident" : "Zu dichtes Überholen",
      "participant" : "Lieferwagen",
      "scary" : "Ja",
      "descr" : "",
      "region" : "Eichwalde"
    },
    "geometry" : {
      "type" : "Point",
      "coordinates" : [ 13.594145008985711, 52.3763349898336 ]
    }
  }, {
    "type" : "Feature",
    "properties" : {
      "date" : "21/09/2022 11:23:35",
      "bikeType" : "-",
      "child" : "Nein",
      "trailer" : "Nein",
      "pLoc" : "Rucksack/Tasche",
      "incident" : "Beinahe-Abbiegeunfall",
      "participant" : "Lieferwagen",
      "scary" : "Nein",
      "descr" : "Kollision mit einem rechtsabiegenden Transporter ",
      "region" : "Eichwalde"
    },
    "geometry" : {
      "type" : "Point",
      "coordinates" : [ 13.4524609, 52.48995255 ]
    }
  }, {
    "type" : "Feature",
    "properties" : {
      "date" : "21/09/2022 11:37:55",
      "bikeType" : "-",
      "child" : "Nein",
      "trailer" : "Nein",
      "pLoc" : "Rucksack/Tasche",
      "incident" : "Ein- oder ausparkendes Fahrzeug",
      "participant" : "PKW",
      "scary" : "Nein",
      "descr" : "",
      "region" : "Eichwalde"
    },
    "geometry" : {
      "type" : "Point",
      "coordinates" : [ 13.50838941, 52.45269556 ]
    }
  }, {
    "type" : "Feature",
    "properties" : {
      "date" : "21/09/2022 11:29:19",
      "bikeType" : "-",
      "child" : "Nein",
      "trailer" : "Nein",
      "pLoc" : "Rucksack/Tasche",
      "incident" : "Zu dichtes Überholen",
      "participant" : "PKW",
      "scary" : "Nein",
      "descr" : "",
      "region" : "Eichwalde"
    },
    "geometry" : {
      "type" : "Point",
      "coordinates" : [ 13.47705968, 52.47266853 ]
    }
  }, {
    "type" : "Feature",
    "properties" : {
      "date" : "28/09/2022 13:18:09",
      "bikeType" : "-",
      "child" : "Nein",
      "trailer" : "Nein",
      "pLoc" : "Rucksack/Tasche",
      "incident" : "Ein- oder ausparkendes Fahrzeug",
      "participant" : "PKW",
      "scary" : "Nein",
      "descr" : "",
      "region" : "Eichwalde"
    },
    "geometry" : {
      "type" : "Point",
      "coordinates" : [ 13.45146933, 52.49201338 ]
    }
  }, {
    "type" : "Feature",
    "properties" : {
      "date" : "28/09/2022 13:12:20",
      "bikeType" : "-",
      "child" : "Nein",
      "trailer" : "Nein",
      "pLoc" : "Rucksack/Tasche",
      "incident" : "Zu dichtes Überholen",
      "participant" : "PKW",
      "scary" : "Nein",
      "descr" : "",
      "region" : "Eichwalde"
    },
    "geometry" : {
      "type" : "Point",
      "coordinates" : [ 13.43161988, 52.50588999 ]
    }
  }, {
    "type" : "Feature",
    "properties" : {
      "date" : "28/09/2022 13:14:50",
      "bikeType" : "-",
      "child" : "Nein",
      "trailer" : "Nein",
      "pLoc" : "Rucksack/Tasche",
      "incident" : "Zu dichtes Überholen",
      "participant" : "PKW",
      "scary" : "Nein",
      "descr" : "",
      "region" : "Eichwalde"
    },
    "geometry" : {
      "type" : "Point",
      "coordinates" : [ 13.44165798, 52.50124969 ]
    }
  } ]
}