{
  "type" : "FeatureCollection",
  "features" : [ {
    "type" : "Feature",
    "properties" : {
      "date" : "13/04/2021 07:19:14",
      "bikeType" : "-",
      "child" : "Nein",
      "trailer" : "Nein",
      "pLoc" : "Hosentasche",
      "incident" : "Sonstiges",
      "participant" : "",
      "scary" : "Nein",
      "descr" : "Viel zu enger Gleis-Übergang (Z zu eng). Man quetscht sich regelrecht durch die Gitter. Mehrere Gleise, mehrere Gitter.",
      "region" : "Bruchsal"
    },
    "geometry" : {
      "type" : "Point",
      "coordinates" : [ 8.34566898182401, 49.014890971921275 ]
    }
  }, {
    "type" : "Feature",
    "properties" : {
      "date" : "13/04/2021 07:01:31",
      "bikeType" : "-",
      "child" : "Nein",
      "trailer" : "Nein",
      "pLoc" : "Hosentasche",
      "incident" : "Sonstiges",
      "participant" : "",
      "scary" : "Nein",
      "descr" : "Gehweg durch Kabelgraben aufgeschlitzt. Ca. 4-5cm Versatz direkt nach Überqueren der Straße.  Da fehlt noch eine Feinschicht Bitumen.",
      "region" : "Bruchsal"
    },
    "geometry" : {
      "type" : "Point",
      "coordinates" : [ 8.298122478702643, 49.038194083408534 ]
    }
  }, {
    "type" : "Feature",
    "properties" : {
      "date" : "20/04/2021 17:22:27",
      "bikeType" : "-",
      "child" : "Nein",
      "trailer" : "Nein",
      "pLoc" : "Hosentasche",
      "incident" : "Hindernis ausweichen (z.B. Hund)",
      "participant" : "",
      "scary" : "Nein",
      "descr" : "",
      "region" : "Bruchsal"
    },
    "geometry" : {
      "type" : "Point",
      "coordinates" : [ 8.25259038, 49.02254151 ]
    }
  }, {
    "type" : "Feature",
    "properties" : {
      "date" : "20/04/2021 17:38:57",
      "bikeType" : "-",
      "child" : "Nein",
      "trailer" : "Nein",
      "pLoc" : "Hosentasche",
      "incident" : "Hindernis ausweichen (z.B. Hund)",
      "participant" : "",
      "scary" : "Nein",
      "descr" : "",
      "region" : "Bruchsal"
    },
    "geometry" : {
      "type" : "Point",
      "coordinates" : [ 8.26619384, 49.04909821 ]
    }
  }, {
    "type" : "Feature",
    "properties" : {
      "date" : "20/04/2021 16:23:00",
      "bikeType" : "-",
      "child" : "Nein",
      "trailer" : "Nein",
      "pLoc" : "Hosentasche",
      "incident" : "Sonstiges",
      "participant" : "",
      "scary" : "Nein",
      "descr" : "Vorderrad in Unebenheit stecken geblieben (Langsamfahrt bei starker Steigung auf unbefestigtem Weg)",
      "region" : "Bruchsal"
    },
    "geometry" : {
      "type" : "Point",
      "coordinates" : [ 8.0724824, 49.26087553 ]
    }
  }, {
    "type" : "Feature",
    "properties" : {
      "date" : "20/04/2021 11:24:52",
      "bikeType" : "-",
      "child" : "Nein",
      "trailer" : "Nein",
      "pLoc" : "Hosentasche",
      "incident" : "Sonstiges",
      "participant" : "",
      "scary" : "Nein",
      "descr" : "rechts vor links wird von den Du auf der Hauptstr. oft nicht beachtet.",
      "region" : "Bruchsal"
    },
    "geometry" : {
      "type" : "Point",
      "coordinates" : [ 8.24905574, 49.23029036 ]
    }
  }, {
    "type" : "Feature",
    "properties" : {
      "date" : "20/04/2021 11:46:23",
      "bikeType" : "-",
      "child" : "Nein",
      "trailer" : "Nein",
      "pLoc" : "Hosentasche",
      "incident" : "Sonstiges",
      "participant" : "Sonstiges",
      "scary" : "Nein",
      "descr" : "kein Schutzstreifen oder Radstreifen, obwohl Fahrbahn ausreichend breit",
      "region" : "Bruchsal"
    },
    "geometry" : {
      "type" : "Point",
      "coordinates" : [ 8.1391212, 49.2106736 ]
    }
  }, {
    "type" : "Feature",
    "properties" : {
      "date" : "24/04/2021 12:40:33",
      "bikeType" : "-",
      "child" : "Nein",
      "trailer" : "Nein",
      "pLoc" : "Hosentasche",
      "incident" : "Hindernis ausweichen (z.B. Hund)",
      "participant" : "",
      "scary" : "Nein",
      "descr" : "",
      "region" : "Bruchsal"
    },
    "geometry" : {
      "type" : "Point",
      "coordinates" : [ 8.12661913, 49.19772429 ]
    }
  }, {
    "type" : "Feature",
    "properties" : {
      "date" : "20/04/2021 18:37:48",
      "bikeType" : "-",
      "child" : "Nein",
      "trailer" : "Nein",
      "pLoc" : "Hosentasche",
      "incident" : "Hindernis ausweichen (z.B. Hund)",
      "participant" : "",
      "scary" : "Nein",
      "descr" : "",
      "region" : "Bruchsal"
    },
    "geometry" : {
      "type" : "Point",
      "coordinates" : [ 8.29677916, 49.19203 ]
    }
  }, {
    "type" : "Feature",
    "properties" : {
      "date" : "19/04/2021 22:33:41",
      "bikeType" : "-",
      "child" : "Nein",
      "trailer" : "Nein",
      "pLoc" : "Hosentasche",
      "incident" : "Hindernis ausweichen (z.B. Hund)",
      "participant" : "",
      "scary" : "Nein",
      "descr" : "",
      "region" : "Bruchsal"
    },
    "geometry" : {
      "type" : "Point",
      "coordinates" : [ 8.2505986, 49.23027503 ]
    }
  }, {
    "type" : "Feature",
    "properties" : {
      "date" : "19/04/2021 22:34:11",
      "bikeType" : "-",
      "child" : "Nein",
      "trailer" : "Nein",
      "pLoc" : "Hosentasche",
      "incident" : "Hindernis ausweichen (z.B. Hund)",
      "participant" : "",
      "scary" : "Nein",
      "descr" : "",
      "region" : "Bruchsal"
    },
    "geometry" : {
      "type" : "Point",
      "coordinates" : [ 8.24903054, 49.23028163 ]
    }
  }, {
    "type" : "Feature",
    "properties" : {
      "date" : "19/04/2021 22:36:59",
      "bikeType" : "-",
      "child" : "Nein",
      "trailer" : "Nein",
      "pLoc" : "Hosentasche",
      "incident" : "Hindernis ausweichen (z.B. Hund)",
      "participant" : "",
      "scary" : "Nein",
      "descr" : "",
      "region" : "Bruchsal"
    },
    "geometry" : {
      "type" : "Point",
      "coordinates" : [ 8.24228491, 49.2344161 ]
    }
  }, {
    "type" : "Feature",
    "properties" : {
      "date" : "19/04/2021 22:41:51",
      "bikeType" : "-",
      "child" : "Nein",
      "trailer" : "Nein",
      "pLoc" : "Hosentasche",
      "incident" : "Hindernis ausweichen (z.B. Hund)",
      "participant" : "",
      "scary" : "Nein",
      "descr" : "",
      "region" : "Bruchsal"
    },
    "geometry" : {
      "type" : "Point",
      "coordinates" : [ 8.22334006, 49.2393999 ]
    }
  }, {
    "type" : "Feature",
    "properties" : {
      "date" : "19/04/2021 22:47:35",
      "bikeType" : "-",
      "child" : "Nein",
      "trailer" : "Nein",
      "pLoc" : "Hosentasche",
      "incident" : "Hindernis ausweichen (z.B. Hund)",
      "participant" : "",
      "scary" : "Nein",
      "descr" : "",
      "region" : "Bruchsal"
    },
    "geometry" : {
      "type" : "Point",
      "coordinates" : [ 8.24178789, 49.23467155 ]
    }
  }, {
    "type" : "Feature",
    "properties" : {
      "date" : "20/04/2021 12:20:05",
      "bikeType" : "-",
      "child" : "Nein",
      "trailer" : "Nein",
      "pLoc" : "Hosentasche",
      "incident" : "Sonstiges",
      "participant" : "Sonstiges",
      "scary" : "Nein",
      "descr" : "Bäckerei ohne Fahrradstände\\nr für Kunden\\nrei",
      "region" : "Bruchsal"
    },
    "geometry" : {
      "type" : "Point",
      "coordinates" : [ 8.03576581, 49.04893153 ]
    }
  }, {
    "type" : "Feature",
    "properties" : {
      "date" : "17/04/2021 15:55:02",
      "bikeType" : "-",
      "child" : "Nein",
      "trailer" : "Nein",
      "pLoc" : "Hosentasche",
      "incident" : "Hindernis ausweichen (z.B. Hund)",
      "participant" : "",
      "scary" : "Nein",
      "descr" : "",
      "region" : "Bruchsal"
    },
    "geometry" : {
      "type" : "Point",
      "coordinates" : [ 8.27874705, 49.07042146 ]
    }
  }, {
    "type" : "Feature",
    "properties" : {
      "date" : "17/04/2021 16:00:24",
      "bikeType" : "-",
      "child" : "Nein",
      "trailer" : "Nein",
      "pLoc" : "Hosentasche",
      "incident" : "Hindernis ausweichen (z.B. Hund)",
      "participant" : "",
      "scary" : "Nein",
      "descr" : "",
      "region" : "Bruchsal"
    },
    "geometry" : {
      "type" : "Point",
      "coordinates" : [ 8.27688009, 49.07879358 ]
    }
  }, {
    "type" : "Feature",
    "properties" : {
      "date" : "17/04/2021 13:50:00",
      "bikeType" : "-",
      "child" : "Nein",
      "trailer" : "Nein",
      "pLoc" : "Hosentasche",
      "incident" : "Hindernis ausweichen (z.B. Hund)",
      "participant" : "",
      "scary" : "Nein",
      "descr" : "",
      "region" : "Bruchsal"
    },
    "geometry" : {
      "type" : "Point",
      "coordinates" : [ 8.00125138, 49.22698461 ]
    }
  }, {
    "type" : "Feature",
    "properties" : {
      "date" : "20/04/2021 16:43:20",
      "bikeType" : "-",
      "child" : "Nein",
      "trailer" : "Nein",
      "pLoc" : "Hosentasche",
      "incident" : "Entgegenkommender Verkehrsteilnehmer",
      "participant" : "",
      "scary" : "Nein",
      "descr" : "Warten auf entgegenkommenden Pkw",
      "region" : "Bruchsal"
    },
    "geometry" : {
      "type" : "Point",
      "coordinates" : [ 8.12997406, 49.26348611 ]
    }
  }, {
    "type" : "Feature",
    "properties" : {
      "date" : "20/04/2021 16:36:48",
      "bikeType" : "-",
      "child" : "Nein",
      "trailer" : "Nein",
      "pLoc" : "Hosentasche",
      "incident" : "Zu dichtes Überholen",
      "participant" : "Sonstiges",
      "scary" : "Nein",
      "descr" : "Traktor + Anhänger überholt kurz vor Knotenpunkt. Seitenabstand ca. 70 cm und Geschwindigkeitsdifferenz ca. 10 km/h. Bremsen notwendig um Flankenfahrt zu vermeiden.",
      "region" : "Bruchsal"
    },
    "geometry" : {
      "type" : "Point",
      "coordinates" : [ 8.10195222, 49.26337818 ]
    }
  } ]
}