lat,lon,ts,bike,childCheckBox,trailerCheckBox,pLoc,incident,i1,i2,i3,i4,i5,i6,i7,i8,i9,scary,desc,i10,region
53.55844429824008,10.007271274646898,1732556735999,2,0,0,5,7,0,0,0,0,0,0,1,1,0,0,"auf Radweg, Ampelumgeher aus  Holzdamm",0,Hamburg-Blankenese
53.56111260987313,10.018444982794728,1731911494999,2,0,0,5,7,0,0,0,0,0,0,1,0,0,0,"aus Kreuzung. sehr lästig",0,Hamburg-Blankenese
53.55755793260324,10.011327517662654,1732083473999,2,0,0,5,1,0,0,0,1,0,0,0,0,0,1,"sehr aggressiver Überholvorgang. musste notbremsen",0,Hamburg-Blankenese
53.572587022472064,10.034923322351215,1731001279000,2,0,0,5,7,0,0,0,0,0,0,1,0,0,0,"die Radweg. fuhr auch noch direkt vor mir ohne Anzeigen weg",0,Hamburg-Blankenese
53.56114619233506,10.0191963562617,1732689514000,2,0,0,5,7,0,0,0,1,1,0,1,1,0,1,"Autoverkehr steht Stoßstange an Stoßstange auf Kreuzung. schwer durch zu kommen. Kinder müssen zwischen den Autos durch. temporäre Ampel",0,Hamburg-Blankenese
53.58767562981606,10.034701465984602,1731075923000,2,0,0,5,7,0,0,0,0,0,0,1,0,0,0,"auf Radweg",0,Hamburg-Blankenese
53.58893712165448,10.023093945938001,1731075790000,2,0,0,5,7,0,0,0,0,0,0,1,0,0,0,"aus Radweg",0,Hamburg-Blankenese
53.589764558552595,10.017009332384468,1731075742000,2,0,0,5,7,0,0,0,1,0,0,0,0,0,0,"auf Radweg",0,Hamburg-Blankenese
53.5609421309444,10.018295275948383,1731950703999,2,0,0,5,7,0,0,0,1,1,0,1,0,0,0,"auf temporärer Kreuzung quer",0,Hamburg-Blankenese
53.56109545048174,10.018469116885221,1731306048000,2,0,0,5,7,0,0,0,1,0,0,1,0,0,0,"blockieren Kreuzung",0,Hamburg-Blankenese
53.564685484227034,10.02399245229348,1731769685000,2,0,0,5,7,0,0,0,0,0,0,1,0,0,1,"Ruf Radweg vor Kreuzung Graumannsweg",0,Hamburg-Blankenese
53.56109281370822,10.01838915817488,1732515934000,2,0,0,5,4,0,0,0,0,0,0,1,0,0,1,"blockieren wieder Kreuzung (temporär) komplett. wenn ich vorne vorbei fahre, fährt ein Eurofahrer an",0,Hamburg-Blankenese
53.560124649103514,10.01162406348025,1731347082000,2,0,0,5,7,0,0,0,1,0,0,0,0,0,0,"auf Radweg, dort wo kein Auto fahren sollte",0,Hamburg-Blankenese
53.55426041383694,9.998813964477442,1731435546999,2,0,0,5,7,0,0,0,0,0,0,0,1,0,0,"2x wird Radweg, irgendwie unpraktisch versetzt auf dem Radweg",0,Hamburg-Blankenese
53.56107708353432,10.01837477958838,1732775444000,2,0,0,5,4,0,0,0,0,0,0,1,0,0,1,"fährt knallhart durch Rot bei grüner Fußgängerampel",0,Hamburg-Blankenese
53.554645248846846,9.999481168025879,1732821040000,2,0,0,5,7,0,0,0,1,0,0,1,1,0,0,"fast der gesamte Radweg ist ein großer Parkstreifen",0,Hamburg-Blankenese
53.56108985629007,10.01845511161962,1731392844000,2,0,0,5,7,0,0,0,1,0,0,1,0,0,0,"blockieren Kreuzung",0,Hamburg-Blankenese
53.55484182858364,9.999762219316311,1730831411000,2,0,0,5,3,0,0,0,1,0,0,0,0,0,1,"Kreuzt Radweg und achtet nicht auch Radfahrer. werde fast überfahren",0,Hamburg-Blankenese
53.56045637647487,10.01480194804851,1732170230999,2,0,0,5,7,0,0,0,0,0,0,1,0,0,0,"SUV auf Radweg. da daneben eine freie Parklücke",0,Hamburg-Blankenese
53.56058603660618,10.014825335992702,1716267352000,2,0,0,5,3,0,0,0,0,0,0,1,0,0,0,"links abbiegender Autofahrer schneidet mich",0,Hamburg-Blankenese
53.54759066922466,9.996747124768083,1717046880000,2,0,0,5,3,0,0,0,0,0,0,1,0,0,1,"biegt rechts ab und guckt nicht Mal. musste scharf bremsen und warten",0,Hamburg-Blankenese
53.561952631069076,10.016404049380604,1716830377999,2,0,0,5,7,0,0,0,0,0,0,1,0,0,0,"SUV auf Bus/Fahrradspur. kenn durchkommen. Anzeige erstattet",0,Hamburg-Blankenese
53.57065009674035,10.04469931283833,1716303970999,2,0,0,5,7,0,0,0,0,0,0,1,0,0,0,"Falschparker. blockieren weg da Verkehr entgegen kommend",0,Hamburg-Blankenese
53.56565401121648,10.032446266665083,1716303784999,2,0,0,5,4,0,0,0,0,0,0,1,0,0,1,"kenn von links und ich hätte grün. war durch Stau schon nach der Ampel und fuhr plötzlich wieder los",0,Hamburg-Blankenese
53.558034374064015,9.994035243026246,1716303173000,2,0,0,5,7,0,0,0,0,0,0,1,0,0,0,"blockieren Radweg/Kreuzung",0,Hamburg-Blankenese
53.55744830081768,10.002942920032332,1716303326000,2,0,0,5,3,0,0,0,0,0,0,1,0,0,1,"fährt durch Rot und stößt fast nur mir zusammen. ich war bei grün",0,Hamburg-Blankenese
53.56168363049281,10.015941336366039,1717083908999,2,0,0,5,7,0,0,0,0,0,0,1,0,0,0,"2x auf Bus/Fahrradspur",0,Hamburg-Blankenese
53.54738772762364,9.997081385300142,1717083450999,2,0,0,5,7,0,0,0,0,1,0,0,0,0,0,"blockiert komplette kreuzung",0,Hamburg-Blankenese
53.54415138823662,9.998004120022173,1717083375999,2,0,0,5,7,0,0,0,0,0,0,1,0,0,0,"auf Radweg auf Kreuzung",0,Hamburg-Blankenese
53.54622623910684,9.997083336169508,1717083429999,2,0,0,5,7,0,0,0,0,0,0,1,0,0,0,"Kreuzung blockiert",0,Hamburg-Blankenese
53.57968980377772,9.993825791771087,1716914737000,2,0,0,5,3,0,0,0,0,0,0,1,0,0,0,"Autofahrerin von Mittelweg nimmt mir Vorfahrt und bleibt dann fast direkt vor mir stehen, weil sie gleich rechts abbiegen. Ich fahre fast rauf",0,Hamburg-Blankenese
53.559626154086,10.010391678493006,1714493746999,2,0,0,5,7,0,0,0,0,0,0,1,0,0,0,"gäbe hinten Auto fest, der auf dem Radweg fährt",0,Hamburg-Blankenese
53.5804898912635,10.010041856541836,1716542772000,2,0,0,5,7,0,0,0,0,0,0,1,0,0,0,"Pkw Chaos wie immer",0,Hamburg-Blankenese
53.55178094280527,10.005542285256512,1717002382999,2,0,0,5,5,0,0,0,0,0,0,1,0,0,0,"aggressiver Autofahrer, der schon falsch aus der Mönckebergstraße kommt, überholt mich mit ziemlicher Beschleunigung und nah",0,Hamburg-Blankenese
53.55804004373262,9.989281769184947,1733319692000,2,0,0,5,7,0,0,0,0,1,0,1,0,0,0,"aus Kreuzung. komplizierte Situation, da Abbieger neben mir auch noch da waren",0,Hamburg-Blankenese
53.55850933019373,9.989069935579904,1733380516999,2,0,0,5,3,0,0,0,0,0,0,1,0,0,1,"rechtsabbieger übersieht mich",0,Hamburg-Blankenese
53.555516457221586,10.006244313772287,1733121219000,2,0,0,5,6,0,0,0,0,0,0,0,1,0,1,"",0,Hamburg-Blankenese
53.559117797714165,10.008996545823337,1733246861999,2,0,0,5,7,0,0,0,0,0,0,1,0,0,1,"ganzer Radweg mit Autos",0,Hamburg-Blankenese
53.55758338143426,10.005061724505374,1733246822999,2,0,0,5,7,0,0,0,0,0,0,1,1,0,0,"ganzer Radweg voller Autos",0,Hamburg-Blankenese
53.56065792932525,10.012995190058113,1733246900999,2,0,0,5,7,0,0,0,0,0,0,1,0,0,1,"Radweg voller Autos",0,Hamburg-Blankenese
53.554681972545,9.99951683578186,1733246716999,2,0,0,5,7,0,0,0,0,0,0,1,0,0,0,"parks auf Radweg",0,Hamburg-Blankenese
53.561097377853294,10.018435817326505,1733293341000,2,0,0,5,7,0,0,0,1,0,0,1,0,0,1,"auf temporärer Kreuzung. weiß nicht, ob und wann sie losfahren",0,Hamburg-Blankenese
53.56110736642392,10.01839892501118,1733207692999,2,0,0,5,4,0,0,0,1,1,0,1,0,0,1,"fahren auf Kreuzung während ich und Kinder bei grün kreuzen",0,Hamburg-Blankenese
53.55959590948554,10.010213816795197,1706548415999,2,0,0,5,7,0,0,0,0,0,0,1,0,0,1,"ganzer Radweg zu 3/4 voll mit Autofahrer.",0,Hamburg-Blankenese
53.55548707406499,10.00081047935869,1706548289999,2,0,0,5,7,0,0,0,0,0,0,1,1,0,0,"Kreuzung blockiert",0,Hamburg-Blankenese
53.54633607505143,9.997100187142419,1706547861999,2,0,0,5,7,0,0,0,0,0,0,1,0,0,0,"Kreuzung auf Höhe Radweg blockiert",0,Hamburg-Blankenese
53.56203665001262,10.016646435763322,1706548560999,2,0,0,5,7,0,0,0,0,0,0,1,0,0,1,"kaum durchkommen, überall Autos Kreuz und quer auf Kreuzung",0,Hamburg-Blankenese
53.57521801130069,10.014813259057393,1706548869000,2,0,0,5,7,0,0,0,0,0,0,1,0,0,0,"auf Radweg geparkt",0,Hamburg-Blankenese
53.56498159234497,10.020240422289278,1706548690999,2,0,0,5,4,0,0,0,0,0,0,1,0,0,1,"aggressive Autofahrer, die mich voor frust nicht sehen und fast platt fahren, wenn sie zum die Kurve kommen. waren auf dieser Kreuzung mindestens 3 Autos",0,Hamburg-Blankenese
53.56199496633084,10.016252699045795,1706357684000,2,0,0,5,7,0,0,0,0,0,0,1,0,0,0,"3x Auto auf Busspur/radweg",0,Hamburg-Blankenese
53.55436545516538,10.00812292476801,1730183200999,2,0,0,5,2,0,0,0,0,0,0,1,0,0,0,"kommt vom Bahnhof Parkplatz und blockiert indem mir die Vorfahrt genommen wird. und bleibt dann kurze Zeit vor meiner Nase stehen.",0,Hamburg-Blankenese
53.55438519901888,9.973232685685655,1730042182000,2,0,0,5,7,0,0,0,0,0,0,1,0,0,0,"kommt aus Parkspur und blockiert quer Radweg",0,Hamburg-Blankenese
53.572395675945124,9.979876155765796,1727429084999,2,0,0,5,3,0,0,0,0,0,0,0,1,0,1,"Stand auf Radweg, links Blinker, fuhr los, und als ich rechts von ihm war, plötzlich rechts Blinker und sofort nach rechts gefahren",0,Hamburg-Blankenese
53.554364467918795,9.998951260236971,1729790175999,2,0,0,5,7,0,0,0,0,0,0,1,0,0,0,"auf Radweg",0,Hamburg-Blankenese
53.553265699347065,9.99716193790603,1729790157999,2,0,0,5,7,0,0,0,0,0,0,1,0,0,0,"auf Radweg",0,Hamburg-Blankenese
53.55689296297279,10.003364043264453,1729790250999,2,0,0,5,7,0,0,0,0,0,0,1,0,0,1,"quer auf Kreuzung, die Straßenführung ist auch komisch und für den Ravekehr fehlt eine Ampel",0,Hamburg-Blankenese
53.55458607852114,9.999338900958666,1728669556999,2,0,0,5,3,0,0,0,1,0,0,0,0,0,1,"fährt plötzlich auf Radweg und parkt dann drauf",0,Hamburg-Blankenese
53.55374519887733,9.997938330546512,1728669535999,2,0,0,5,7,0,0,0,0,0,0,1,0,0,0,"auf Radweg",0,Hamburg-Blankenese
53.559314359769175,10.00961909793404,1729010930999,2,0,0,5,2,0,0,0,1,0,0,0,0,0,1,"blockiert sowieso die ganzen Zeit den Radweg und parkt dann ohne Vorwarnung rechts ein. Radfahrer vor mir stößt dat mit dem Auto zusammen",0,Hamburg-Blankenese
53.55345546452904,9.997502328553905,1728492220000,2,0,0,5,7,0,0,0,1,0,0,0,0,0,0,"auf Radweg",0,Hamburg-Blankenese
53.55518971060872,10.000359817623384,1728492256000,2,0,0,5,7,0,0,0,0,0,0,0,1,0,0,"auf Radweg",0,Hamburg-Blankenese
53.55835515099467,10.007072304377903,1728492352000,2,0,0,5,7,0,0,0,1,0,0,0,0,0,0,"blockiert fast den ganzen Radweg",0,Hamburg-Blankenese
53.5685108002467,10.043521410678597,1728492948999,2,0,0,5,4,1,0,0,0,0,0,1,0,0,1,"gefährliche Verkehrsinfrastruktur. ich muss von Radweg auf Fahrbahn einfügen. Busfahrer gibt mir Vorrang (danke), kann aber weitere Verkehrsteilnehmer kaum sehen. komische Lösung",0,Hamburg-Blankenese
53.546403459629666,9.93433027633221,1709707775999,2,0,0,2,1,0,0,0,0,0,0,1,0,0,0,"",0,Hamburg-Blankenese
53.5465343820512,9.881827045659238,1709707308999,2,0,0,2,1,0,0,0,0,0,0,1,0,0,0,"",0,Hamburg-Blankenese
53.546225053214286,9.959928989329276,1709707980999,2,0,0,2,1,0,0,0,0,0,0,1,0,0,0,"",0,Hamburg-Blankenese
53.5726740979727,10.054099234413789,1710354988999,2,0,0,5,4,0,0,0,0,0,0,1,0,0,1,"aggressiver Autofahrer, überholt mich mit Vollgas um dann neben mir rechts ab zu biegen, ja, quasi durch mich durch",0,Hamburg-Blankenese
53.561947298307544,10.055935887184088,1710354795999,2,0,0,5,7,0,0,0,0,1,0,1,0,0,0,"aus Radweg",0,Hamburg-Blankenese
53.56376331949231,10.056927928371495,1710354822999,2,0,0,5,7,0,0,0,0,0,0,1,0,0,0,"aus Radweg",0,Hamburg-Blankenese
53.56391332635927,10.057019579345422,1710354824999,2,0,0,5,7,0,0,0,0,0,0,1,0,0,0,"aus Radweg, ja, 2x hintereinander",0,Hamburg-Blankenese
53.56951623603822,10.056441537622922,1710354939999,2,0,0,5,7,0,0,0,0,0,0,1,0,0,0,"Seumestraße: rechts und links überall Autos doppelt geparkt , etwa 6 Stück",0,Hamburg-Blankenese
53.55821517862083,9.878090750710188,1709620842000,2,0,0,2,8,0,0,0,0,0,0,0,1,0,0,"Vorfahrt ignoriert",0,Hamburg-Blankenese
53.567350008272285,9.847499685742727,1709620455999,2,0,0,2,8,0,0,0,0,0,0,1,0,0,0,"Vorfahrt genommen",0,Hamburg-Blankenese
53.55542228600921,10.05532682918844,1709793055999,2,0,0,5,7,0,0,0,1,0,0,1,0,0,1,"etwa 20cm Radweg übrig, stehen alle drauf, fahren auch plötzlich rechts auf den Radweg drauf",0,Hamburg-Blankenese
53.55468945512688,10.057618999212457,1710959428000,2,0,0,5,4,0,0,0,0,0,0,1,0,0,1,"Linksabbieger überfährt m Loch fast",0,Hamburg-Blankenese
53.55698980489835,10.053235679554348,1709015123999,2,0,0,5,1,0,0,0,0,0,0,1,0,0,0,"Radweg viel zu schmal. Autofahrer überholt mit 10cm Distanz",0,Hamburg-Blankenese
53.579993239759744,9.979762242341542,1709310946000,2,0,0,5,4,0,0,0,0,0,0,1,0,0,0,"kan von links und nam mit die Vorfahrt. hatte nicht gedacht, dass ich mich trauen würde weiter zu fahren. wurde dann eine Notbremsung.",0,Hamburg-Blankenese
53.579399338807185,10.010939320579572,1709311313999,2,0,0,5,4,0,0,0,0,0,0,1,0,0,0,"Auto von links ignoriert Vorfahrt für mich.",0,Hamburg-Blankenese
53.56990776925792,10.056026856298354,1709146424999,2,0,0,5,7,0,0,0,0,0,0,1,0,0,0,"doppelt geparkt nach der Ampel",0,Hamburg-Blankenese
53.56253530332744,10.056253148944668,1709146270999,2,0,0,5,7,0,0,0,0,0,0,1,0,0,0,"auf Radweg",0,Hamburg-Blankenese
53.55546625937085,10.054418653055217,1710311785000,2,0,0,5,7,1,0,0,0,0,0,0,0,0,0,"10cm vom Radweg übrig. Design Fehler beim Fahrradwegenbau",0,Hamburg-Blankenese
53.556726836733326,10.053171812153968,1710311761000,2,0,0,5,7,0,0,0,0,0,0,1,0,0,0,"sehr nah an mir dran aus Radweg",0,Hamburg-Blankenese
53.58818204813726,10.00451252164888,1709879779999,2,0,0,5,7,0,0,0,0,0,0,1,0,0,0,"rechts ab biegender Autofahrer vor mir kommt nicht an Auto davor vorbei, nutzt Radweg und steht dann blockierend auf Radweg. Ich muss herum fahren",0,Hamburg-Blankenese
53.555430414825004,10.05517095185555,1709187693999,2,0,0,5,1,0,0,0,0,0,0,1,0,0,1,"Autofahrer sehr eng auf engem Radweg",0,Hamburg-Blankenese
53.555454090519255,10.054705435571291,1709704370999,2,0,0,5,5,0,0,0,0,0,0,1,0,0,1,"Radweg extrem eng! Autos 10cm links, Bordsteinkante 10cm rechts",0,Hamburg-Blankenese
53.551877749081676,10.005602109044204,1718375077999,2,0,0,5,7,1,0,0,1,0,0,1,1,0,0,"Kreuzung komplett blockiert wegen Stau 🙄 damit der Stau auch bleibt",0,Hamburg-Blankenese
53.56593246192357,10.033097162718468,1717698236000,2,0,0,5,7,0,0,0,0,0,0,1,0,0,0,"parkt aus",0,Hamburg-Blankenese
53.552574445123675,9.971563929222288,1717697398999,2,0,0,5,7,0,0,0,1,0,0,0,0,0,0,"startet genau vor meiner Nase einen einparkvorgang",0,Hamburg-Blankenese
53.5577672078079,10.011682493197574,1717136639000,2,0,0,5,7,0,0,0,0,0,0,1,0,0,0,"Stau",0,Hamburg-Blankenese
53.557656731884634,10.011461961099052,1717136654000,2,0,0,5,7,0,0,0,0,0,0,1,0,0,0,"Stau",0,Hamburg-Blankenese
53.57331489694504,10.037884526920422,1717517017999,2,0,0,5,7,0,0,0,0,0,0,1,0,0,0,"Autofahrer wendet und ich muss ausgeweichen auf Fahrbahn",0,Hamburg-Blankenese
53.549501639356166,9.99626273481597,1717997192999,2,0,0,5,8,0,0,0,0,0,0,1,0,0,0,"Polizeiwagen verhindert, dass ich bei Rot über die Kreuzung fahre 😁",0,Hamburg-Blankenese
53.549501639356166,9.99626273481597,1717997192999,2,0,0,5,8,0,0,0,0,0,0,1,0,0,0,"Polizeiwagen verhindert, dass ich bei Rot über die Kreuzung fahre 😁",0,Hamburg-Blankenese
53.57492541048666,10.042655652700912,1717750197999,2,0,0,5,7,0,0,0,0,0,0,1,0,0,0,"autofahrerin von Rewe Gelände missachtet Vorfahrt für mich",0,Hamburg-Blankenese
53.56135596159477,10.013785842461067,1718904063999,2,0,0,5,7,0,0,0,0,0,0,0,1,0,0,"aus Lohnmühlenstraße, steht komplett quer auf Radweg. muss auf Fahrbahn ausweichen",0,Hamburg-Blankenese
53.56082414661752,9.9908519817147,1721022270999,2,0,0,5,3,0,0,0,0,0,0,1,0,0,1,"fährt rechts und stößt fast mit mir zusammen",0,Hamburg-Blankenese
53.560936592742486,10.018275163377778,1721667490999,2,0,0,5,8,1,0,0,1,1,1,1,1,0,1,"Ampel Ausfall auf 4-sperriger Straße",0,Hamburg-Blankenese
53.57226627021496,10.038768054724295,1721755321999,2,0,0,5,7,0,0,1,0,0,0,1,0,0,0,"natürlich steigt man genau dann ins Auto ein, wenn man sieht, dass ein Radfahren vorbei kommt",0,Hamburg-Blankenese
53.56199391317158,10.016989123953504,1720416737000,2,0,0,5,7,0,0,0,0,0,0,0,0,1,1,"schlechte Umgehung einer Baustelle",0,Hamburg-Blankenese
53.55611457944268,10.052376800998438,1720782827999,2,0,0,5,4,0,0,0,0,0,1,0,0,0,1,"Stau auf Querstraße, Lkw Fahrer winkt mich durch (danke), aber plötzlich überholt Motorrad Lkw rechts auf Fahrradspur",0,Hamburg-Blankenese
53.55486990108205,9.999848505259806,1721835988000,2,0,0,5,7,0,0,0,0,0,0,1,0,0,0,"fährt auf den Radweg zum Parken, sieht mich und fährt trotzdem weiter",0,Hamburg-Blankenese
53.544368530898595,9.976782338957864,1721835383000,2,0,0,5,8,0,0,0,0,0,0,0,0,1,1,"gefährliche Infrastruktur. Fahrbahn komplett überfüllt, Radweg super gefährlich",0,Hamburg-Blankenese
53.55176224615425,9.970855627825948,1721835681000,2,0,0,5,7,0,0,0,0,0,0,0,1,0,0,"auf Radweg",0,Hamburg-Blankenese
53.554410645913926,9.973256338212517,1721835717000,2,0,0,5,7,0,0,0,0,0,0,1,0,0,0,"auf Radweg",0,Hamburg-Blankenese
53.553738356768655,9.972608051434916,1721835708000,2,0,0,5,7,0,0,0,0,0,0,1,0,0,0,"auf Radweg",0,Hamburg-Blankenese
53.55568244420888,9.986538685299797,1721835838000,2,0,0,5,7,0,0,0,0,0,0,0,1,0,0,"auf Radweg",0,Hamburg-Blankenese
53.557092136979044,10.003931392841325,1721148467999,2,0,0,5,7,0,0,0,0,0,0,1,0,0,0,"3x auf Radweg zum Stau zu umgehen",0,Hamburg-Blankenese
53.55908604295674,10.02242174643941,1708538273999,2,0,0,5,7,0,0,0,0,0,0,1,0,0,0,"Autofahrer hält quer auf Radweg, kommt auf Seitenstraße",0,Hamburg-Blankenese
53.558895529767206,10.022834038411785,1708538264999,2,0,0,5,3,0,0,0,0,0,0,1,0,0,0,"gibt mir keine Vorfahrt",0,Hamburg-Blankenese
53.573462218120824,10.033961302559945,1706806975999,2,0,0,5,1,0,0,0,0,0,0,1,0,0,0,"Autofahrer findet es nicht gut, dass ich gerade aus fahre und hupt und fährt aggressiv vorbei",0,Hamburg-Blankenese
53.55273145937188,10.058216156387914,1707850480999,2,0,0,5,7,0,0,0,0,0,0,1,0,0,0,"geparkeerd auto blockiert 75% der Breite des Radwege",0,Hamburg-Blankenese
53.56994956731504,10.055979806115634,1707850878999,2,0,0,5,7,0,0,0,0,0,0,1,0,0,0,"Links und rechts stehen Autos doppelt geparkt. muss ausweichen und entgegenkommende Autos beachten",0,Hamburg-Blankenese
53.555371861382945,10.05616222372503,1708410732999,2,0,0,5,7,0,0,0,0,1,0,0,0,0,0,"auf Radweg, blockiert komplett",0,Hamburg-Blankenese
53.55158200293857,10.058742758294608,1707327144000,2,0,0,5,7,0,0,0,0,0,0,1,0,0,0,"auf Radweg geparkt",0,Hamburg-Blankenese
53.55317871636025,10.05802683635601,1707327165000,2,0,0,5,7,0,0,0,0,0,0,0,0,0,0,"aus Radweg",0,Hamburg-Blankenese
53.554675498543745,10.057659639302349,1707327192000,2,0,0,5,7,0,0,0,0,0,0,1,0,0,0,"aus Radweg",0,Hamburg-Blankenese
53.563240805463394,10.056667491099457,1707327391000,2,0,0,5,7,0,0,0,0,0,0,1,0,0,0,"auf Radweg",0,Hamburg-Blankenese
53.56967169410624,10.05613443210075,1707327536000,2,0,0,5,7,0,0,0,0,0,0,1,0,0,1,"2x falsch geparkt auf Straße. chaotische Situation.",0,Hamburg-Blankenese
53.561929588656874,10.016347872096377,1708698930000,2,0,0,5,7,0,0,0,0,0,0,1,0,0,0,"2x Autofahrer auf Busspur/Radweg",0,Hamburg-Blankenese
53.55995224838582,10.011072904735443,1708698812000,2,0,0,5,7,0,0,0,0,0,0,1,0,0,0,"viel Schleichverkehr auf Radweg. komme nicht vorbei.",0,Hamburg-Blankenese
53.568977595187775,10.047226204345035,1707373788999,2,0,0,5,7,0,0,0,0,0,0,1,0,0,0,"Radweg halb von warmen Autofahrern blockiert",0,Hamburg-Blankenese
53.57078604748948,10.044583132547587,1708323855000,2,0,0,5,4,0,0,0,0,0,0,1,0,0,1,"nimmt mir auf Kreuzung fast die Vorfahrt",0,Hamburg-Blankenese
53.555474589868744,10.054590623425653,1708324316000,2,0,0,5,7,0,0,0,0,0,0,1,0,0,0,"steht auf Radweg, komme kaum vorbei",0,Hamburg-Blankenese
53.555341562934906,10.056440576381227,1708324331000,2,0,0,5,7,0,0,0,0,0,0,1,0,0,0,"schwieriges vorbei kommen auf Radweg",0,Hamburg-Blankenese
53.555355625433656,10.056179167764695,1713245437999,2,0,0,5,7,1,0,0,0,0,0,0,0,0,0,"halb auf diesen komischen, schmalen Radweg",0,Hamburg-Blankenese
53.556462129517165,10.053153464649455,1713245410999,2,0,0,5,1,0,0,0,0,0,0,1,0,0,1,"drückt mich fast vom Radweg gegen den Bürgersteig wenn ich überhole",0,Hamburg-Blankenese
53.552685913105066,10.01891731144316,1713364085000,2,0,0,5,7,0,0,0,0,0,0,1,0,0,0,"quer auf weg auf Kreuzung",0,Hamburg-Blankenese
53.55626402915688,10.05317696028864,1712813501000,2,0,0,5,7,0,0,0,0,1,0,0,0,0,1,"Lkw nutzt 70% des Radweges. sehr gefährliche "Infrastruktur". muss geändert werden",0,Hamburg-Blankenese
53.555449351953875,10.054882703146932,1712813522000,2,0,0,5,7,0,0,0,0,1,0,0,0,0,0,"komme am Lkw auf meinem Radweg kein vorbei, wenn der schon fast steht",0,Hamburg-Blankenese
53.55712480334332,9.964664480875882,1712420815000,2,0,0,5,7,0,0,0,0,0,0,1,0,0,0,"auf Radweg",0,Hamburg-Blankenese
53.57024370701133,10.055804453417728,1713287780000,2,0,0,5,1,0,0,0,0,0,0,1,0,0,0,"mit viel zu hoher Geschwindigkeit.",0,Hamburg-Blankenese
53.555458294761216,10.054618251335805,1712036185000,2,0,0,5,7,0,0,0,0,0,0,1,0,0,0,"hab auf Radweg, nur 40cm übrig",0,Hamburg-Blankenese
53.54306615841695,9.995275321554004,1714369237999,2,0,0,5,7,0,0,0,0,1,0,0,0,0,0,"",0,Hamburg-Blankenese
53.56195212893401,10.01646752685033,1712075585999,2,0,0,5,7,0,0,0,0,0,0,1,0,0,0,"3x aus Radweg / Busspur",0,Hamburg-Blankenese
53.57518494817835,10.014843774084113,1712075818000,2,0,0,5,7,0,0,0,0,0,0,1,0,0,0,"aus Radweg",0,Hamburg-Blankenese
53.56892742498197,10.046080957168599,1713159094999,2,0,0,5,6,0,0,0,0,0,0,1,0,0,0,"",0,Hamburg-Blankenese
53.57496459605704,10.041557694590336,1713158943999,2,0,0,5,6,0,0,0,0,0,0,1,0,0,0,"",0,Hamburg-Blankenese
53.553694162664314,9.972597245442635,1724179126999,2,0,0,5,7,0,0,0,0,0,0,1,0,0,1,"neben mir, halb auf Radweg",0,Hamburg-Blankenese
53.57693833436994,10.025649425512112,1725034687000,2,0,0,5,7,0,0,0,1,0,0,0,0,0,0,"auf radweg",0,Hamburg-Blankenese
53.5758988914365,10.022983750926928,1725034660000,2,0,0,5,7,0,0,1,0,0,0,0,0,0,0,"seltsam, Frau mit Dackel kreuzt die Straße ohne Mal zu gucken und voll bei Rot",0,Hamburg-Blankenese
53.561099624377405,10.018362168643865,1723613174000,2,0,0,5,7,0,0,0,0,0,0,1,0,0,0,"auf Kreuzung",0,Hamburg-Blankenese
53.560395604608466,10.014688196793784,1724260782000,2,0,0,5,3,1,0,0,0,0,0,1,0,0,1,"sehr schlechte Sicht, immer gefährlich",0,Hamburg-Blankenese
53.55569151318671,9.974439307390808,1724668942000,2,0,0,5,7,0,0,0,0,0,0,1,0,0,0,"kommt von Parkplatz rechts",0,Hamburg-Blankenese
53.56105333021152,10.018438998080473,1723699709000,2,0,0,5,7,0,0,0,0,0,0,1,0,0,0,"auf Kreuzung",0,Hamburg-Blankenese
53.555578032906524,9.986870091506425,1724781361000,2,0,0,5,7,0,0,0,0,0,0,0,0,1,0,"lasse Polizei vorbei, da Blaulicht. alles gut",0,Hamburg-Blankenese
53.547493295226765,9.98610587286172,1724779483999,2,0,0,5,7,0,0,0,0,0,0,1,0,0,0,"auf Radweg",0,Hamburg-Blankenese
53.54995644079074,9.94054209044286,1724780884999,2,0,0,5,2,0,0,0,0,0,0,1,0,0,1,"auf Radweg geparkt (etwas länger, ich beobachte das eine Weile vorher schon). ich muss auf Fahrbahn ausweichen, an dem Moment fährt die Autofahrerin los nach links und überfährt mich fast",0,Hamburg-Blankenese
53.55523391040977,9.974007738609142,1724781250000,2,0,0,5,2,0,0,0,0,0,0,1,0,0,1,"überfährt mich fast beim Ausparken",0,Hamburg-Blankenese
53.553956826918785,9.972861587930613,1724781232000,2,0,0,5,2,0,0,0,0,0,0,1,0,0,0,"Ausparkender Autofahrer blockiert Radweg",0,Hamburg-Blankenese
53.5609714745972,10.018199524115396,1724908952999,2,0,0,5,7,0,0,0,0,0,0,1,0,0,0,"auf Kreuzung blockieren",0,Hamburg-Blankenese
53.591366951124556,10.006614896503457,1725027787000,2,0,0,5,7,0,0,0,0,0,0,1,0,0,0,"blockieren Kreuzung",0,Hamburg-Blankenese
53.56110187615611,10.01842066304263,1724045155000,2,0,0,5,7,0,0,0,0,0,0,1,0,0,0,"auf Kreuzung",0,Hamburg-Blankenese
53.56107528856393,10.018505671661414,1726464246000,2,0,0,5,7,0,0,0,1,0,0,1,0,0,0,"auf Kreuzung",0,Hamburg-Blankenese
53.58095905935031,10.0165155831314,1725877067000,2,0,0,5,2,0,0,0,1,0,0,0,0,0,0,"steht 2. Reihe und fährt dann plötzlich los",0,Hamburg-Blankenese
53.56071750577643,9.991207191242506,1726501947999,2,0,0,5,4,1,0,0,0,0,0,0,0,0,1,"Radweg hört plötzlich auf und muss unerwartet auf Fahrbahn wechseln. dort werde ich fast vom Bus erfasst",0,Hamburg-Blankenese
53.56044268951624,10.014491115817021,1726412938999,2,0,0,5,4,1,0,0,0,0,0,1,0,0,1,"gefährliche Situation, schlechte einsehbar",0,Hamburg-Blankenese
53.55981311478949,10.010728542979377,1727109331000,2,0,0,5,7,0,0,0,0,0,0,1,0,0,0,"7 PkW auf Radweg warten bis sie verlassen können. sind Stauungeher",0,Hamburg-Blankenese
53.55491634177612,9.999928216480553,1683196895999,2,0,0,5,7,0,0,0,0,0,0,1,0,0,0,"quer auf Radweg Richtung Rechtsabbiegespur",0,Hamburg-Blankenese
53.554060636573574,9.998477145395205,1683196874999,2,0,0,5,7,0,0,0,0,1,0,0,0,0,0,"auf Radweg",0,Hamburg-Blankenese
53.553510396232184,9.99761144072222,1683196865999,2,0,0,5,7,0,0,0,1,0,0,0,0,0,0,"auf Radweg",0,Hamburg-Blankenese
53.552753568324455,9.996425499249023,1683196853999,2,0,0,5,7,0,0,0,0,1,0,0,0,0,0,"auf Radweg",0,Hamburg-Blankenese
53.55223379483134,9.995543601826915,1683196844999,2,0,0,5,7,0,0,0,1,0,0,0,0,0,0,"auf Radweg",0,Hamburg-Blankenese
53.55709038265367,10.004039134746685,1683197014000,2,0,0,5,7,1,0,0,0,0,0,0,0,0,0,"Touristenbus blockiert Kreuzung",0,Hamburg-Blankenese
53.557003502960185,9.972958102128613,1682956351999,2,0,0,5,7,0,0,0,1,0,0,0,0,0,0,"auf Radweg",0,Hamburg-Blankenese
53.557448322211535,9.967844335334235,1682956393999,2,0,0,5,7,0,0,0,0,0,0,1,0,0,0,"auf Radweg",0,Hamburg-Blankenese
53.561904526161904,10.016322482499753,1683045278999,2,0,0,5,7,0,0,0,0,0,0,1,0,0,0,"2x Auto auf Busspur bzw. Radweg",0,Hamburg-Blankenese
53.561809010575814,10.016216455163942,1685467092999,2,0,0,5,7,0,0,0,0,0,0,1,0,0,0,"2x auf Bus/fahrradspur",0,Hamburg-Blankenese
53.55263345629411,10.058161331358848,1685372614000,2,0,0,5,7,0,0,0,0,0,0,1,0,0,0,"kan aus Seitenstraße und stand schon über den Radweg bis 10 cm auf Fahrradbahn",0,Hamburg-Blankenese
53.56371728834458,10.021143624784786,1674116285999,2,0,0,5,3,0,0,0,0,0,0,1,0,0,1,"aus Seitenstraße und bog links ab. Stand direkt vor mir plötzlich auf Radweg.",0,Hamburg-Blankenese
53.57312162572913,10.038003893179217,1674115998999,2,0,0,5,7,0,0,0,0,0,0,0,1,0,0,"auf Radweg",0,Hamburg-Blankenese
53.55578100736449,10.008942257136018,1674461487000,2,0,0,5,3,0,0,0,0,0,0,1,0,0,0,"aus Baumeisterstraße biegt links ab, obwohl er mich gesehen hat noch schnell vor mir, was nicht klappt.",0,Hamburg-Blankenese
53.558516020407176,10.007434442703627,1673290769999,2,0,0,5,8,0,0,0,0,0,0,1,0,0,0,"Autofahrer nutzen Radweg um Ampel zu umgehen. man kommt nicht vorbei",0,Hamburg-Blankenese
53.56138484875773,10.013878744405902,1697025987000,2,0,0,5,7,0,0,0,0,0,0,0,1,0,1,"aus Seitenstraße blockiert ganzer Radweg. muss auf Fahrbahn ausweichen",0,Hamburg-Blankenese
53.557828707667774,10.005776199279106,1697025903000,2,0,0,5,7,0,0,0,0,0,0,1,0,0,0,"3x auf Radweg hinter sehr langsamen Radfahrer. Studienfach für mich ganz langsames fahren angesagt",0,Hamburg-Blankenese
53.57212131477056,10.038848053455386,1697026483000,2,0,0,5,7,0,0,0,0,1,0,0,0,0,0,"ganz blöd so auf dem Radweg, dass ich nicht mehr Rechts vorbei kann",0,Hamburg-Blankenese
53.55848813900756,10.007384615768968,1697114832999,2,0,0,5,7,0,0,0,0,0,0,1,0,0,0,"3x auf Radweg als Ampelumgeher aus Holzdamm. hängen hinter langsamen Radfahrer",0,Hamburg-Blankenese
53.57194460969604,10.039029163268484,1697115385999,2,0,0,5,7,0,0,0,0,0,0,1,0,0,0,"aus gluckstraße weit auf Radweg, der der Autofahrer sonst nichts sieht. in ich muss ausweichen auf Fahrbahn",0,Hamburg-Blankenese
53.55477584041689,9.999725860840908,1696957455999,2,0,0,5,7,0,0,0,0,0,0,1,0,0,0,"aus Radweg",0,Hamburg-Blankenese
53.55954017446557,10.010059447450217,1696957634999,2,0,0,5,7,0,0,0,0,0,0,1,0,0,1,"von Seitenstraße quer auf Radweg. muss auf Fahrradbahn ausweichen",0,Hamburg-Blankenese
53.55831271316588,10.0069922380884,1696957604999,2,0,0,5,7,0,0,0,0,0,0,1,0,0,0,"Autofahrer auf Radweg, nur Ampelumgeher",0,Hamburg-Blankenese
53.5502676470493,9.96958273994095,1680108000999,2,0,0,5,7,0,0,0,0,0,0,1,0,0,0,"blockieren viele den Fußweg auf der Kreuzung und schneiden sogar Fußgänger dabei. Fußgänger haben grün",0,Hamburg-Blankenese
53.553144777393946,9.99701445649179,1679146324000,2,0,0,5,7,0,0,0,0,0,0,1,0,0,0,"fährt auf Radweg",0,Hamburg-Blankenese
53.55275317688927,9.99641918538897,1679146315000,2,0,0,5,7,0,0,0,0,0,0,1,0,0,0,"links Ableger blockiert Radweg",0,Hamburg-Blankenese
53.55485918328913,9.999931106397266,1679146382000,2,0,0,5,7,0,0,0,0,0,0,1,0,0,0,"drei Autofahrer blockieren Radweg",0,Hamburg-Blankenese
53.54317153815537,9.99100170780706,1679145490000,2,0,0,5,7,0,0,0,0,0,0,1,0,0,0,"stressige Situation mit ein und audiowerkenden Autos auf Radweg",0,Hamburg-Blankenese
53.57396915302722,10.037494530087203,1679139805999,2,0,0,5,7,0,0,0,0,0,0,1,0,0,0,"auf Radweg",0,Hamburg-Blankenese
53.573373907205166,10.037968338539887,1679139814999,2,0,0,5,7,0,0,0,0,0,0,1,0,0,0,"hält vor unserer Nase auf Radweg",0,Hamburg-Blankenese
53.566565675376765,10.032152414555096,1679380903000,2,0,0,5,7,0,0,0,0,0,0,1,0,0,0,"sämtliche blockieren Kreuzung",0,Hamburg-Blankenese
53.56192927887906,10.01633813728942,1677692704999,2,0,0,5,7,0,0,0,0,0,0,1,0,0,0,"4x Pkw auf Bus/Fahrrad Spur. blockieren komplett",0,Hamburg-Blankenese
53.55833455089401,10.007140339314242,1677692556999,2,0,0,5,7,0,0,0,0,0,0,1,0,0,0,"sämtliche rechtsabbiegen von Holzdamm auf Fahrradweg.",0,Hamburg-Blankenese
53.5647768681516,10.02437970465617,1677692803999,2,0,0,5,7,0,0,0,0,0,0,1,0,0,0,"ganze Kreuzung von Autofahrern blockiert",0,Hamburg-Blankenese
53.56568254614305,10.032568636489072,1678907600999,2,0,0,5,4,0,1,0,0,0,0,0,0,0,0,"Fahrradfahrerin von rechts fährt ohne zu gucken durch rot. so überhaupt ohne zu gucken. sagte wenigstens sorry, als ich sie auf mich aufmerksam machte",0,Hamburg-Blankenese
53.57191540526089,10.038990652995393,1679910207000,2,0,0,5,7,0,0,0,1,0,0,0,0,0,0,"auf Radweg",0,Hamburg-Blankenese
53.56165701598332,10.015929512684673,1680022526000,2,0,0,5,7,0,0,0,0,0,0,1,0,0,0,"2x Auto auf Busspur bzw. Radweg. Bus verfehlt 2 Ampelphasen",0,Hamburg-Blankenese
53.55420794752228,9.998619259310717,1680022265999,2,0,0,5,7,0,0,0,0,0,0,1,0,0,0,"stehe sehr asozial quer auf Radweg",0,Hamburg-Blankenese
53.56136798472259,10.015540731083144,1678215697999,2,0,0,5,7,0,0,0,0,0,0,1,0,0,0,"2x auf Busspur bzw. Radweg",0,Hamburg-Blankenese
53.56214287173682,10.016450343122887,1686030461000,2,0,0,5,4,0,0,0,0,0,0,1,0,0,0,"2x durch rot während ich grün hatte",0,Hamburg-Blankenese
53.56187765090239,10.01625108208775,1686672641000,2,0,0,5,7,0,0,0,0,0,0,1,0,0,0,"aus Bus/Raupe Radspur",0,Hamburg-Blankenese
53.58327894175088,10.01000704831119,1686673066999,2,0,0,5,7,0,0,0,0,0,0,1,0,0,0,"quer geparkt mit Heck auf Radspur. Ort nicht ganz sicher",0,Hamburg-Blankenese
53.56188807389937,10.016315803169107,1685551238000,2,0,0,5,7,0,0,0,0,0,0,1,0,0,0,"auf Bus/Rad Spur",0,Hamburg-Blankenese
53.5653553768107,10.024946009263193,1686721608999,2,0,0,5,7,1,0,0,0,0,0,0,0,0,0,"blockiert ganze Kreuzung quer",0,Hamburg-Blankenese
53.57318101555354,10.03800642266828,1689094976999,2,0,0,5,2,0,0,0,0,0,0,1,0,0,0,"kommt von privat Grundstück und nimmt Vorfahrt",0,Hamburg-Blankenese
53.56016452575756,10.011632109299136,1689094517999,2,0,0,5,8,0,1,0,0,0,0,0,0,0,0,"fährt links auf Radweg. ist immer gefährlich weil manche zu rechts herüber fahren wenn sie mich abholen sehen",0,Hamburg-Blankenese
53.55423061545731,9.998796911241863,1688403129000,2,0,0,5,7,0,0,0,0,0,0,1,0,0,0,"auf Radweg",0,Hamburg-Blankenese
53.55345132060382,9.997514555311394,1688403108000,2,0,0,5,7,0,0,0,0,0,0,1,1,0,0,"Taxi parkt auf Radweg, daneben steht ein Pkw quer, damit ich ziemlich ausweichen muss",0,Hamburg-Blankenese
53.56651606867143,10.03183979631234,1688449730000,2,0,0,5,7,0,0,0,0,0,0,1,0,0,0,"viele auf Queststraße stehen auf Kreuzung inkl. Radweg Überfahrt",0,Hamburg-Blankenese
53.56424013867188,10.023734260048903,1688535695000,2,0,0,5,4,0,1,0,0,0,0,0,0,0,0,"gegen Fahrtrichtung auf Radweg",0,Hamburg-Blankenese
53.55180351381464,10.00604223340889,1689352377000,2,0,0,5,7,0,0,0,0,0,0,1,0,0,0,"Kreuzung komplett voll mit Autos von der Querstraße",0,Hamburg-Blankenese
53.57338869202574,10.037884925733271,1690478399000,2,0,0,5,7,0,0,0,0,0,0,1,0,0,0,"schräg auf Radweg",0,Hamburg-Blankenese
53.55464885900058,9.99940446847573,1688320608999,2,0,0,5,7,0,0,0,0,0,0,0,1,0,0,"steht zuerst auf Radweg und fährt dann aus der Mitte des Radweges ganz, ganz langsam, so dass ich nicht links und nicht rechts vorbei kam und auf die Fahrbahn ausweichen muss",0,Hamburg-Blankenese
53.5639892843966,10.022372198918227,1688967442000,2,0,0,5,4,0,0,0,0,0,0,1,0,0,1,"biegt plötzlich ohne Vorwarnung auf Parkplatz links und steht quer auf Radweg. Notbremsung von mir",0,Hamburg-Blankenese
53.55464885900058,9.99940446847573,1688320608999,2,0,0,5,7,0,0,0,0,0,0,0,1,0,0,"steht zuerst auf Radweg und fährt dann aus der Mitte des Radweges ganz, ganz langsam, so dass ich nicht links und nicht rechts vorbei kam und auf die Fahrbahn ausweichen muss",0,Hamburg-Blankenese
53.560562389078974,10.012715062642119,1690819476000,2,0,0,5,7,0,0,0,0,0,0,1,0,0,0,"6x Stauumgeher auf Radweg",0,Hamburg-Blankenese
53.560560474860836,10.012828801024499,1689873931999,2,0,0,5,7,0,0,0,0,0,0,1,0,0,0,"holzdamm->rechtsabbieger und Stau umfahrer blockiert am Ende Radweg",0,Hamburg-Blankenese
53.56014147258441,10.011700002104567,1689873919999,2,0,0,5,7,0,0,0,0,0,0,0,1,0,0,"holzdamm->rechtsabbieger und Stau umfahrer blockiert am Ende Radweg",0,Hamburg-Blankenese
53.56032871789604,10.012240791943542,1689873925999,2,0,0,5,7,0,0,0,0,0,0,1,0,0,0,"holzdamm->rechtsabbieger und Stau umfahrer blockiert am Ende Radweg",0,Hamburg-Blankenese
53.56032871789604,10.012240791943542,1689873925999,2,0,0,5,7,0,0,0,0,0,0,1,0,0,0,"holzdamm->rechtsabbieger und Stau umfahrer blockiert am Ende Radweg",0,Hamburg-Blankenese
53.560437558145296,10.012530263182942,1689873928999,2,0,0,5,7,0,0,0,1,0,0,0,0,0,0,"holzdamm->rechtsabbieger und Stau umfahrer blockiert am Ende Radweg",0,Hamburg-Blankenese
53.561922842772674,10.01636948121951,1689787443999,2,0,0,5,7,0,0,0,0,0,0,1,0,0,0,"2x auf Radweg/Busspur",0,Hamburg-Blankenese
53.56174182264992,10.0160810946294,1676918178000,2,0,0,5,7,0,0,0,0,0,0,1,0,0,0,"auf Busspur/ Radweg sämtliche Autofahrer",0,Hamburg-Blankenese
53.5659358897072,10.033142463881315,1677088754000,2,0,0,5,3,0,1,0,0,0,0,0,0,0,1,"pizza Kurier nimmt Vorfahrt. keine Rücksicht, schimpft nur",0,Hamburg-Blankenese
53.560698007466286,10.013332290632539,1677088452000,2,0,0,5,7,0,0,0,0,0,0,1,0,0,0,"sämtliche Autofahrer auf Radweg blockieren",0,Hamburg-Blankenese
53.561922827595495,10.01637656762933,1677523793999,2,0,0,5,7,0,0,0,0,0,0,1,0,0,0,"sommerliche auf der Busspur bzw. Radweg. sehr störend",0,Hamburg-Blankenese
53.56523666666667,9.982985000000001,1675262674000,1,0,0,2,2,0,0,0,0,0,0,1,0,0,0,"",0,Hamburg-Blankenese
53.55385666666666,10.023911666666667,1675263494000,1,0,0,2,3,0,0,0,0,0,0,1,0,0,0,"",0,Hamburg-Blankenese
53.55630670646297,10.009781166603862,1681192100999,2,0,0,5,5,0,0,0,0,0,0,1,0,0,1,"drängelt und fährt bis auf 20cm neben mir zum überholen. klappt nicht. ich muss aber meinen Kurs mehr in die Mitte der Fahrbahn verlegen",0,Hamburg-Blankenese
53.55960441885898,10.010250984927849,1680798936000,2,0,0,5,7,0,0,0,0,0,0,1,0,0,0,"etwa 20 Autofahrer blockieren Radweg weil sie den Stau umfahren wollen. komme nur mühsam vorbei",0,Hamburg-Blankenese
53.55423872616724,9.998787716805706,1680798682000,2,0,0,5,7,0,0,0,0,0,0,1,0,0,0,"auf Radweg",0,Hamburg-Blankenese
53.5531496352474,9.996978279525534,1680798663000,2,0,0,5,7,0,0,0,0,0,0,1,0,0,0,"auf Radweg",0,Hamburg-Blankenese
53.55504208936422,10.00015317073654,1680798751000,2,0,0,5,7,0,0,0,0,0,0,1,0,0,0,"blockiert Kreuzung aus Radweg",0,Hamburg-Blankenese
53.55285584201944,9.996542132613282,1680798651000,2,0,0,5,7,0,0,0,0,0,0,1,0,0,0,"schwierig vorbei zu kommen. zwei Autofahrer blockieren auf Kreuzung Radweg weil sie durch Stau nicht weiter fahren können",0,Hamburg-Blankenese
53.57248026901057,10.038576909420776,1680278475000,2,0,0,5,7,0,0,0,1,0,0,0,0,0,0,"auf Radweg",0,Hamburg-Blankenese
53.561855449447755,10.016228807401435,1681753511000,2,0,0,5,7,0,0,0,0,0,0,1,0,0,0,"blockiert Bus und Fahrrad Spur",0,Hamburg-Blankenese
53.57607817019299,10.058148432427148,1681546507999,2,0,0,5,3,0,0,0,0,0,0,1,0,0,1,"Auto von links biegt plötzlich rechts ab: von der gerade aus Spur und ohne Blinker.",0,Hamburg-Blankenese
53.55626246248286,9.951956384726316,1682781100000,2,0,0,5,2,0,0,0,0,0,0,1,0,0,0,"fährt mich beim einparken auf Gegenseite fast zum, da praktisches einparken",0,Hamburg-Blankenese
53.557226727917524,9.954732379327012,1682781067000,2,0,0,5,4,0,0,1,0,0,0,0,0,0,0,"Kreuzt Straße ohne zu gucken da mit Mobiltelefon zu Gange",0,Hamburg-Blankenese
53.55275594529704,10.008616837140721,1681485390000,2,0,0,5,3,0,0,0,0,0,0,1,0,0,0,"wechselt spoor ohne zu gucken. ich bin daneben",0,Hamburg-Blankenese
53.558986983129834,10.008695194831363,1681228596999,2,0,0,5,7,0,0,0,0,0,0,1,0,0,0,"sämtliche Autofahrer umgehen Stau auf Radweg. hängen hinter einem langsamen Fahrrad und Rest der Radfahrer ist dahinter gefangen",0,Hamburg-Blankenese
53.55436971576436,9.99892858755787,1681228460999,2,0,0,5,7,0,0,0,0,0,0,1,0,0,0,"fährt auf Radweg",0,Hamburg-Blankenese
53.56169463534581,10.01596817679205,1681228809000,2,0,0,5,7,0,0,0,0,0,0,1,0,0,0,"zwei Autofahrer gezwungen von der Busspur ab zu fahren. Dankeschön von Busfahrer bekommen. der sagte: kriegt hier immer 3 Minuten Verspätung wegen Autofahrer",0,Hamburg-Blankenese
53.56215705360706,10.016464722147255,1681715406000,2,0,0,5,4,0,0,0,0,1,0,0,0,0,1,"fährt fast über rote Ampel. konnte gerade noch anhalten. Fahrradfahrer vor mir fast überfahren, ich hatte geguckt und war vorsichtiger",0,Hamburg-Blankenese
53.56939374121814,10.056696302169446,1692530625999,2,0,0,5,3,0,0,0,1,0,0,0,0,0,0,"fuhr rechts und guckte nicht in Rückspiegel.",0,Hamburg-Blankenese
53.57815898665737,9.976525671301534,1692794858999,2,0,0,5,7,0,0,0,0,0,0,1,0,0,0,"blockiert Radweg bzw. Kreuzung",0,Hamburg-Blankenese
53.57846155080937,9.997309007506043,1692795122999,2,0,0,5,7,0,0,0,0,0,0,0,1,0,0,"direkt hinter Kreuzung auf Radweg",0,Hamburg-Blankenese
53.57155138102198,10.039414777488135,1691693407999,2,0,0,5,6,0,0,0,0,0,0,1,0,0,1,"gerade noch entwichen. Dame war ganz nett und hat sich entschuldigt.",0,Hamburg-Blankenese
53.561915586388714,10.01626257460744,1692034706999,2,0,0,5,7,0,0,0,0,0,0,1,0,0,0,"auf Radweg/Busspur",0,Hamburg-Blankenese
53.55549788233044,9.974173177270862,1692034209999,2,0,0,5,2,0,0,0,0,0,0,1,0,0,1,"chaotisches durcheinander von Autos, vor allem auf Radweg",0,Hamburg-Blankenese
53.56026628507843,10.011947327490402,1692034627999,2,0,0,5,7,0,0,0,0,0,0,1,0,0,0,"etwas 6 Autos auf Radweg blockieren beim Radfahren",0,Hamburg-Blankenese
53.55560636261563,10.008631707195812,1691991730000,2,0,0,5,4,0,0,0,0,0,0,1,0,0,1,"biegt aus Seitenstraße links ab und nimmt mit Vorfahrt.",0,Hamburg-Blankenese
53.56193305573541,10.016284515363685,1692342244000,2,0,0,5,7,0,0,0,0,0,0,1,0,0,0,"auf Radweg / Busspur",0,Hamburg-Blankenese
53.553156612715455,9.972047944563018,1691606517999,2,0,0,5,7,0,0,0,0,0,0,1,0,0,0,"dieser Parkplatz zum Dom ist echt fürchterlich. und das aus der einzigen Straße zu den Landungsbrücken, wo man gut radeln kann",0,Hamburg-Blankenese
53.56001655683708,10.011240968130513,1691607007999,2,0,0,5,2,1,0,0,0,0,0,0,0,0,1,"fast vom audpsrkendem Rettungswagen erfasst. ÖBB Blaulicht, ohne Blicken",0,Hamburg-Blankenese
53.57346860463196,10.037776948273926,1692639218000,2,0,0,5,2,0,0,0,0,0,0,1,0,0,0,"bin vom Radweg weg, will so wild manoeuvreert wurde",0,Hamburg-Blankenese
53.554227202369745,9.99872549800673,1692638534000,2,0,0,5,2,0,0,0,0,0,0,1,0,0,0,"blockiert komplett den breiten Radweg",0,Hamburg-Blankenese
53.56526797594114,10.024621840310225,1692163906999,2,0,0,5,7,0,0,0,0,0,0,1,0,0,0,"steht direkt vor Ampel und nicht an Haltelinie bei Langzeit Baustelle. dadurch können Radfahrer nicht durch",0,Hamburg-Blankenese
53.575274658011935,10.03535968449626,1692545866999,2,0,0,5,7,0,0,0,0,0,0,1,0,0,0,"rechtsabbieger blockiert Radweg",0,Hamburg-Blankenese
53.56364235529895,10.020951703756696,1694410938000,2,0,0,5,8,0,1,0,0,0,0,0,0,0,0,"Selbstunfall: Mutter mit Kind verkeilt und gefallen. beide auf Fahrrad. Assistenz geleistet",0,Hamburg-Blankenese
53.552793965865035,10.008570971628664,1694411901999,2,0,0,5,8,0,0,0,0,0,0,1,0,0,0,"agressiever Autofahrer. fährt durch rot und hupt Leute weg.",0,Hamburg-Blankenese
53.55409931365739,9.99856155181104,1694630343999,2,0,0,5,7,0,0,0,0,0,0,1,0,0,0,"auf Radweg",0,Hamburg-Blankenese
53.571906226681314,10.039060281658001,1694630939999,2,0,0,5,7,0,0,0,1,0,0,0,0,0,0,"aus Radweg",0,Hamburg-Blankenese
53.561968648316316,10.016410972910045,1695317528999,2,0,0,5,7,0,0,0,0,0,0,1,0,0,0,"auf Radweg bzw. Busspur",0,Hamburg-Blankenese
53.55402916574623,9.99851048048152,1695317271999,2,0,0,5,7,0,0,0,0,0,0,0,1,0,0,"auf Radweg",0,Hamburg-Blankenese
53.57237822031366,10.038641277193651,1695317985999,2,0,0,5,7,0,0,0,0,0,0,1,0,0,0,"aus Radweg",0,Hamburg-Blankenese
53.575894185268005,10.057155568354549,1696020053000,2,0,0,5,3,0,0,0,0,0,0,1,0,0,1,"massives und aggressives schneiden, von Autofahrer gewollt und absichtlich.",0,Hamburg-Blankenese
53.56292198194787,10.018429443754497,1695388048999,2,0,0,5,7,0,0,0,0,0,0,1,0,0,0,"sämtliche sind über Haltelinie gefahren und blockieren die Zufahrt für Radfahrer",0,Hamburg-Blankenese
53.564010411586196,10.022597502701377,1694669846999,2,0,0,5,7,0,0,0,0,1,0,0,0,0,0,"aus Radweg",0,Hamburg-Blankenese
53.558125537923324,10.006567252027859,1694711622000,2,0,0,5,7,0,0,0,0,0,0,1,0,0,0,"lekker blockieren een gedaanten Radweg für längere Zeit",0,Hamburg-Blankenese
53.5545500512,9.999284637197741,1694711523000,2,0,0,5,7,0,0,0,0,0,0,1,0,0,0,"auf Radweg",0,Hamburg-Blankenese
53.5627649684405,10.018045354684402,1694711818999,2,0,0,5,7,0,1,0,0,0,0,0,0,0,0,"Fahrradkurier mit Essen fährt gegen Fahrtrichtung auf Radweg und blockiert meinen Weg",0,Hamburg-Blankenese
53.55488766458064,9.999818842621577,1667846496000,2,0,0,5,7,0,0,0,0,0,0,0,1,0,0,"auf radweg",0,Hamburg-Blankenese
53.56041393703132,10.012325974892354,1669750095000,2,0,0,5,8,0,0,0,0,0,0,1,0,0,1,"Unfall zwischen Radfahrerin und Einparkem Autofahrer",0,Hamburg-Blankenese
53.55699213353073,10.010644688377798,1668062904999,2,0,0,5,6,0,0,0,1,0,0,0,0,0,1,"",0,Hamburg-Blankenese
53.57391182380713,10.037372156300652,1667413751000,2,0,0,5,7,0,0,0,0,0,0,1,0,0,0,"auf Radweg",0,Hamburg-Blankenese
53.554775904063526,9.999646702739465,1667413046999,2,0,0,5,7,0,0,0,0,0,0,1,0,0,0,"auf Radweg",0,Hamburg-Blankenese
53.557777156518135,10.00551812359612,1667413191999,2,0,0,5,8,0,0,0,0,0,0,1,0,0,0,"viele PKW auf Radweg: abbieger aus Holzdamm, die nicht vor der roten Ampel waren wollten.",0,Hamburg-Blankenese
53.572711020551516,10.038383577216388,1668713809000,2,0,0,5,7,0,0,0,0,1,0,0,0,0,0,"auf Radweg",0,Hamburg-Blankenese
53.573831016508684,10.03746948522562,1668713827000,2,0,0,5,7,0,0,0,0,0,0,1,0,0,0,"auf Radweg",0,Hamburg-Blankenese
53.55542504183681,9.974010516804178,1667933550000,2,0,0,5,7,0,0,0,0,0,0,1,0,0,0,"Dom: Auf Radweg geparkt",0,Hamburg-Blankenese
53.55444910984495,9.973164855879704,1667933568000,2,0,0,5,7,0,0,0,0,0,0,1,0,0,0,"Dom: Auf Radweg geparkt",0,Hamburg-Blankenese
53.552933934098334,9.971757507894697,1667933596000,2,0,0,5,7,0,0,0,0,0,0,1,0,0,0,"Dom: Auf Radweg geparkt",0,Hamburg-Blankenese
53.55184649108742,9.970824252430468,1667933620000,2,0,0,5,7,0,0,0,0,0,0,1,0,0,0,"Dom: Auf Radweg geparkt",0,Hamburg-Blankenese
53.55156199503703,9.97052006762528,1667933626000,2,0,0,5,7,0,0,0,0,0,0,1,0,0,0,"Dom: Auf Radweg geparkt",0,Hamburg-Blankenese
53.55457080956646,9.999376829598798,1668020538999,2,0,0,5,7,0,1,0,0,0,0,0,0,0,0,"fährt links auf Radweg, muss rechts überholen. versteht meine Anmerkung zum Gefahr auch nicht wenn darauf angesprochen",0,Hamburg-Blankenese
53.552883704762664,9.996651580892925,1668020504999,2,0,0,5,7,0,1,0,0,0,0,0,0,0,0,"fährt links auf Radweg, muss rechts überholen",0,Hamburg-Blankenese
53.55705100974758,9.972732928341452,1668165418999,2,0,0,5,7,0,0,0,0,1,0,0,0,0,0,"",0,Hamburg-Blankenese
53.55743232871501,9.96891745920311,1668165458999,2,0,0,5,7,0,0,0,1,0,0,0,0,0,0,"",0,Hamburg-Blankenese
53.57218670778111,10.035394597599359,1667330343000,2,0,0,5,7,0,0,0,0,0,0,1,0,0,0,"auf Radweg",0,Hamburg-Blankenese
53.55426932754231,9.998877268827785,1669830024999,2,0,0,5,7,0,0,0,0,0,0,0,1,0,0,"auf Radweg",0,Hamburg-Blankenese
53.56647191149252,10.031918585856404,1667803455000,2,0,0,5,7,0,0,0,0,0,0,1,0,0,0,"Kreuzung blockiert",0,Hamburg-Blankenese
53.564251432644944,10.023950086023216,1670923599000,2,0,0,5,7,0,0,0,0,0,0,1,0,0,0,"auf Radweg",0,Hamburg-Blankenese
53.564251432644944,10.023950086023216,1670923599000,2,0,0,5,7,0,0,0,0,0,0,1,0,0,0,"auf Radweg",0,Hamburg-Blankenese
53.55409078881245,9.998523987292415,1671557491999,2,0,0,5,7,0,0,0,0,0,0,1,0,0,0,"auf Radweg neben freiem Parkplatz",0,Hamburg-Blankenese
53.55759595138129,10.00509380617118,1671557597999,2,0,0,5,7,0,0,0,0,0,0,1,0,0,0,"rechtsabbiegen von Holzwall auf Radweg",0,Hamburg-Blankenese
53.559165072320674,10.009138190991923,1671557648999,2,0,0,5,7,0,0,0,0,0,0,1,0,0,0,"rechtsabbiegen von Holzwall auf Radweg",0,Hamburg-Blankenese
53.56000709148797,10.011279769699035,1671557673999,2,0,0,5,7,0,0,0,0,0,0,1,0,0,0,"rechtsabbiegen von Holzwall auf Radweg",0,Hamburg-Blankenese
53.55563340897775,10.000999908395471,1671557528999,2,0,0,5,7,0,0,0,0,0,0,1,0,0,0,"rechtsabbiegen überall auf Radweg",0,Hamburg-Blankenese
53.56372352540775,10.02110976659911,1671091927999,2,0,0,5,3,0,0,0,1,0,0,0,0,0,1,"kommt aus Seitenstraße und überfährt mich und anderen Radfahrer fast",0,Hamburg-Blankenese
53.56941186448941,10.056626332211657,1667042668999,2,0,0,5,7,0,0,0,0,0,0,1,0,0,0,"auf Radweg von Tankstelle",0,Hamburg-Blankenese
53.5695799029724,10.057356854143933,1667042677999,2,0,0,5,7,0,0,0,0,0,0,1,0,0,0,"quer auf Radweg",0,Hamburg-Blankenese
53.581433878343454,9.988025377068107,1667039679999,2,0,0,5,3,0,0,0,0,0,0,1,0,0,0,"biegt von Kreisverkehr ab ohne zu gucken",0,Hamburg-Blankenese
53.565344,9.821971,1648491839001,7,0,0,1,8,0,0,0,0,0,0,0,0,0,0,"Starke Steigung",0,Hamburg-Blankenese
53.565645,9.826791,1648492052001,7,0,0,1,8,0,0,0,0,0,0,0,0,0,0,"Schlechte Ampel, stelle, Ampelschaltung",0,Hamburg-Blankenese
53.564660,9.839994,1648492246000,7,0,0,1,3,0,1,0,0,0,0,1,0,0,1,"",0,Hamburg-Blankenese
53.564113,9.841910,1648492282000,7,0,0,1,4,0,0,0,0,0,0,0,0,0,0,"",0,Hamburg-Blankenese
53.563788,9.843152,1648492303000,7,0,0,1,1,0,0,0,0,0,0,0,0,0,0,"",0,Hamburg-Blankenese
53.563592,9.845170,1648492337999,7,0,0,1,8,0,0,0,0,0,0,0,0,0,0,"Fehlender Fahrradweg",0,Hamburg-Blankenese
53.56042903700847,10.014747747530478,1657173352000,2,0,0,5,3,0,0,0,1,0,0,0,0,0,0,"linksabbieger",0,Hamburg-Blankenese
53.57217701564585,10.038839266521608,1658250272000,2,0,0,5,7,0,0,0,0,0,0,1,0,0,0,"kam aufms Gluckstraße und stand weit über gesamte Radwegbreite",0,Hamburg-Blankenese
53.54028265437347,10.009628116465526,1657045998999,2,0,0,5,7,0,0,0,0,0,0,1,0,0,0,"auf Radweg, direkt vor Ampel",0,Hamburg-Blankenese
53.52294852876357,10.01504146570589,1657046484999,2,0,0,5,7,0,0,0,0,0,0,1,0,0,0,"auf Radweg. Ort ist Am Zollhafen, konnte Ereignis nicht richt7g platzieren",0,Hamburg-Blankenese
53.56200318919293,10.016470373205436,1658857854999,2,0,0,5,7,0,0,0,0,0,0,1,0,0,0,"auf Busspur/Radspur",0,Hamburg-Blankenese
53.55635163380076,10.005690180894806,1657211594999,2,0,0,5,4,0,0,0,0,0,0,0,1,0,1,"überholt Radfahrer und kommt mir dabei sehr, sehr nah",0,Hamburg-Blankenese
53.55520766948302,10.00035198978321,1657211488999,2,0,0,5,3,0,0,0,0,0,0,0,1,0,1,"Taxifahrer fährt über Radspur auf Rechtsabbiegerspur ohne zu gucken. meldet sich immerhin freiwillig bei mir als er Fehler gesehen hat",0,Hamburg-Blankenese
53.557007933663726,10.004248861286824,1657211569999,2,0,0,5,7,1,0,0,0,0,0,0,0,0,0,"Bus halb auf Radspur geparkt. komme kaum durch bei viel Gegenverkehr",0,Hamburg-Blankenese
53.556796052198266,10.004869262191558,1657211579999,2,0,0,5,4,0,0,0,0,0,0,0,1,0,0,"Steht im Stau so weit links, dass Radweg fast blockiert ist",0,Hamburg-Blankenese
53.558044,9.866865,1648470875000,1,0,0,2,8,0,0,0,0,0,0,0,0,0,0,"Schlaglöcher",0,Hamburg-Blankenese
53.558246,9.876796,1648471017000,1,0,0,2,8,0,0,0,0,0,0,0,0,0,0,"Tiefe Schlaglöcher",0,Hamburg-Blankenese
53.559263,9.880136,1648471197000,1,0,0,2,8,0,0,0,0,0,0,0,0,0,0,"Kantstein",0,Hamburg-Blankenese
53.563342,9.812467,1648466981998,0,0,0,0,8,0,0,1,0,0,0,0,0,0,0,"Zu hoher Kantstein",0,Hamburg-Blankenese
53.580678553222896,10.015430715351023,1650559182000,1,0,0,0,1,0,0,0,0,0,0,1,0,0,0,"",0,Hamburg-Blankenese
53.578192197348955,9.97695992209493,1650558320999,1,0,0,0,3,0,0,0,0,0,0,1,0,0,0,"",0,Hamburg-Blankenese
53.564304,9.858335,1649182788000,0,0,0,2,8,0,0,0,0,0,0,0,0,0,0,"Schlaglöcher",0,Hamburg-Blankenese
53.55460572501854,9.999421488093338,1660666917000,2,0,0,5,7,0,0,0,0,0,0,0,1,0,0,"auf Radweg",0,Hamburg-Blankenese
53.55681627961383,10.004679334715794,1660667041000,2,0,0,5,7,1,0,0,0,0,0,0,0,0,0,"auf meiner Seite auf Parkplatz. war zu breit und konnte nicht vorbei. musste warten bis Gegenverkehr verschwunden war",0,Hamburg-Blankenese
53.555978536765544,10.005994645103701,1660667065000,2,0,0,5,2,0,0,0,0,0,0,1,0,0,0,"rechts von mir geparkt fährt d der Autofahrer plötzlich weg. fast frontal Unfall",0,Hamburg-Blankenese
53.55460572501854,9.999421488093338,1660666917000,2,0,0,5,7,0,0,0,0,0,0,0,1,0,0,"auf Radweg",0,Hamburg-Blankenese
53.55681627961383,10.004679334715794,1660667041000,2,0,0,5,7,1,0,0,0,0,0,0,0,0,0,"auf meiner Seite auf Parkplatz. war zu breit und konnte nicht vorbei. musste warten bis Gegenverkehr verschwunden war",0,Hamburg-Blankenese
53.555978536765544,10.005994645103701,1660667065000,2,0,0,5,2,0,0,0,0,0,0,1,0,0,0,"rechts von mir geparkt fährt d der Autofahrer plötzlich weg. fast frontal Unfall",0,Hamburg-Blankenese
53.554798255140014,9.973550975027806,1659465735999,2,0,0,5,2,0,0,0,0,0,0,1,0,0,0,"viele, sehr unsicher wegen Dom",0,Hamburg-Blankenese
53.553814643858395,9.972663701757954,1659465720999,2,0,0,5,7,0,0,0,0,0,0,1,0,0,0,"auf Radweg",0,Hamburg-Blankenese
53.55593788178339,10.005962296383668,1663605551000,2,0,0,5,2,0,0,0,0,0,0,1,0,0,0,"lunksparker parkt aus und guckt nur nach hinten",0,Hamburg-Blankenese
53.556467397891865,10.005283431883688,1663605539000,2,0,0,5,4,0,0,0,0,0,0,1,0,0,0,"zu viel nach links, gerade noch 50cm frei",0,Hamburg-Blankenese
53.573494331789,10.03778469083807,1663606122000,2,0,0,5,2,0,0,0,0,0,0,1,0,0,0,"blockiert Radweg beim wenden einiger zeit",0,Hamburg-Blankenese
53.556945356264066,10.004415302035804,1663605526999,2,0,0,5,4,0,0,0,0,0,0,1,0,0,0,"fährt zu weit links, kan kam vorbei",0,Hamburg-Blankenese
53.55671442087258,10.004873386128912,1663605532999,2,0,0,5,4,1,0,0,0,0,0,0,0,0,0,"zu breit, komme kaum durch",0,Hamburg-Blankenese
53.55651407689645,10.005459568736274,1663416090999,2,0,0,5,4,0,0,0,0,0,0,1,0,0,0,"zu weit links. muss absteigen um vorbei zu kommen",0,Hamburg-Blankenese
53.55708684875514,10.00405939512127,1663416072999,2,0,0,5,4,0,0,0,0,0,0,1,0,0,0,"steht zu weit links vor ampel",0,Hamburg-Blankenese
53.55689635537674,10.004564338406205,1663416078999,2,0,0,5,4,0,0,0,0,0,0,1,0,0,0,"komm kaum vorbei. Autofahrer zu weit links vor ampel",0,Hamburg-Blankenese
53.56211511230429,10.016547241927661,1662728448999,2,0,0,5,7,0,0,0,0,0,0,1,0,0,0,"blockiert Kreuzung\n",0,Hamburg-Blankenese
53.56480856986554,10.033779016365694,1663947028999,2,0,0,5,7,0,0,0,0,0,0,1,0,0,0,"aus Seitenstraße blockiert Radweg",0,Hamburg-Blankenese
53.559436523949735,10.013858493250094,1663514809999,2,0,0,5,2,0,0,0,0,0,0,1,0,0,0,"macht Autotür vor Nase auf",0,Hamburg-Blankenese
