{
  "type" : "FeatureCollection",
  "features" : [ {
    "type" : "Feature",
    "properties" : {
      "date" : "19/01/2023 09:18:05",
      "bikeType" : "Road Racing Bike",
      "child" : "Nein",
      "trailer" : "Nein",
      "pLoc" : "Rucksack/Tasche",
      "incident" : "Beinahe-Abbiegeunfall",
      "participant" : "PKW",
      "scary" : "Ja",
      "descr" : "aus Seitenstraße und bog links ab. Stand direkt vor mir plötzlich auf Radweg.",
      "region" : "Hamburg-Blankenese"
    },
    "geometry" : {
      "type" : "Point",
      "coordinates" : [ 10.021143624784786, 53.56371728834458 ]
    }
  }, {
    "type" : "Feature",
    "properties" : {
      "date" : "19/01/2023 09:13:18",
      "bikeType" : "Road Racing Bike",
      "child" : "Nein",
      "trailer" : "Nein",
      "pLoc" : "Rucksack/Tasche",
      "incident" : "Hindernis ausweichen (z.B. Hund)",
      "participant" : "Taxi",
      "scary" : "Nein",
      "descr" : "auf Radweg",
      "region" : "Hamburg-Blankenese"
    },
    "geometry" : {
      "type" : "Point",
      "coordinates" : [ 10.038003893179217, 53.57312162572913 ]
    }
  }, {
    "type" : "Feature",
    "properties" : {
      "date" : "23/01/2023 09:11:27",
      "bikeType" : "Road Racing Bike",
      "child" : "Nein",
      "trailer" : "Nein",
      "pLoc" : "Rucksack/Tasche",
      "incident" : "Beinahe-Abbiegeunfall",
      "participant" : "PKW",
      "scary" : "Nein",
      "descr" : "aus Baumeisterstraße biegt links ab, obwohl er mich gesehen hat noch schnell vor mir, was nicht klappt. ",
      "region" : "Hamburg-Blankenese"
    },
    "geometry" : {
      "type" : "Point",
      "coordinates" : [ 10.008942257136018, 53.55578100736449 ]
    }
  }, {
    "type" : "Feature",
    "properties" : {
      "date" : "09/01/2023 19:59:29",
      "bikeType" : "Road Racing Bike",
      "child" : "Nein",
      "trailer" : "Nein",
      "pLoc" : "Rucksack/Tasche",
      "incident" : "Sonstiges",
      "participant" : "PKW",
      "scary" : "Nein",
      "descr" : "Autofahrer nutzen Radweg um Ampel zu umgehen. man kommt nicht vorbei",
      "region" : "Hamburg-Blankenese"
    },
    "geometry" : {
      "type" : "Point",
      "coordinates" : [ 10.007434442703627, 53.558516020407176 ]
    }
  }, {
    "type" : "Feature",
    "properties" : {
      "date" : "01/02/2023 15:44:34",
      "bikeType" : "City-/Trekking Bike",
      "child" : "Nein",
      "trailer" : "Nein",
      "pLoc" : "Jackentasche",
      "incident" : "Ein- oder ausparkendes Fahrzeug",
      "participant" : "PKW",
      "scary" : "Nein",
      "descr" : "",
      "region" : "Hamburg-Blankenese"
    },
    "geometry" : {
      "type" : "Point",
      "coordinates" : [ 9.982985000000001, 53.56523666666667 ]
    }
  }, {
    "type" : "Feature",
    "properties" : {
      "date" : "01/02/2023 15:58:14",
      "bikeType" : "City-/Trekking Bike",
      "child" : "Nein",
      "trailer" : "Nein",
      "pLoc" : "Jackentasche",
      "incident" : "Beinahe-Abbiegeunfall",
      "participant" : "PKW",
      "scary" : "Nein",
      "descr" : "",
      "region" : "Hamburg-Blankenese"
    },
    "geometry" : {
      "type" : "Point",
      "coordinates" : [ 10.023911666666667, 53.55385666666666 ]
    }
  }, {
    "type" : "Feature",
    "properties" : {
      "date" : "07/11/2022 19:41:36",
      "bikeType" : "Road Racing Bike",
      "child" : "Nein",
      "trailer" : "Nein",
      "pLoc" : "Rucksack/Tasche",
      "incident" : "Hindernis ausweichen (z.B. Hund)",
      "participant" : "Taxi",
      "scary" : "Nein",
      "descr" : "auf radweg",
      "region" : "Hamburg-Blankenese"
    },
    "geometry" : {
      "type" : "Point",
      "coordinates" : [ 9.999818842621577, 53.55488766458064 ]
    }
  }, {
    "type" : "Feature",
    "properties" : {
      "date" : "29/11/2022 20:28:15",
      "bikeType" : "Road Racing Bike",
      "child" : "Nein",
      "trailer" : "Nein",
      "pLoc" : "Rucksack/Tasche",
      "incident" : "Sonstiges",
      "participant" : "PKW",
      "scary" : "Ja",
      "descr" : "Unfall zwischen Radfahrerin und Einparkem Autofahrer ",
      "region" : "Hamburg-Blankenese"
    },
    "geometry" : {
      "type" : "Point",
      "coordinates" : [ 10.012325974892354, 53.56041393703132 ]
    }
  }, {
    "type" : "Feature",
    "properties" : {
      "date" : "10/11/2022 07:48:24",
      "bikeType" : "Road Racing Bike",
      "child" : "Nein",
      "trailer" : "Nein",
      "pLoc" : "Rucksack/Tasche",
      "incident" : "Beinahe-Dooring",
      "participant" : "Lieferwagen",
      "scary" : "Ja",
      "descr" : "",
      "region" : "Hamburg-Blankenese"
    },
    "geometry" : {
      "type" : "Point",
      "coordinates" : [ 10.010644688377798, 53.55699213353073 ]
    }
  }, {
    "type" : "Feature",
    "properties" : {
      "date" : "02/11/2022 19:29:11",
      "bikeType" : "Road Racing Bike",
      "child" : "Nein",
      "trailer" : "Nein",
      "pLoc" : "Rucksack/Tasche",
      "incident" : "Hindernis ausweichen (z.B. Hund)",
      "participant" : "PKW",
      "scary" : "Nein",
      "descr" : "auf Radweg",
      "region" : "Hamburg-Blankenese"
    },
    "geometry" : {
      "type" : "Point",
      "coordinates" : [ 10.037372156300652, 53.57391182380713 ]
    }
  }, {
    "type" : "Feature",
    "properties" : {
      "date" : "02/11/2022 19:17:26",
      "bikeType" : "Road Racing Bike",
      "child" : "Nein",
      "trailer" : "Nein",
      "pLoc" : "Rucksack/Tasche",
      "incident" : "Hindernis ausweichen (z.B. Hund)",
      "participant" : "PKW",
      "scary" : "Nein",
      "descr" : "auf Radweg",
      "region" : "Hamburg-Blankenese"
    },
    "geometry" : {
      "type" : "Point",
      "coordinates" : [ 9.999646702739465, 53.554775904063526 ]
    }
  }, {
    "type" : "Feature",
    "properties" : {
      "date" : "02/11/2022 19:19:51",
      "bikeType" : "Road Racing Bike",
      "child" : "Nein",
      "trailer" : "Nein",
      "pLoc" : "Rucksack/Tasche",
      "incident" : "Sonstiges",
      "participant" : "PKW",
      "scary" : "Nein",
      "descr" : "viele PKW auf Radweg: abbieger aus Holzdamm, die nicht vor der roten Ampel waren wollten.  ",
      "region" : "Hamburg-Blankenese"
    },
    "geometry" : {
      "type" : "Point",
      "coordinates" : [ 10.00551812359612, 53.557777156518135 ]
    }
  }, {
    "type" : "Feature",
    "properties" : {
      "date" : "17/11/2022 20:36:49",
      "bikeType" : "Road Racing Bike",
      "child" : "Nein",
      "trailer" : "Nein",
      "pLoc" : "Rucksack/Tasche",
      "incident" : "Hindernis ausweichen (z.B. Hund)",
      "participant" : "LKW",
      "scary" : "Nein",
      "descr" : "auf Radweg ",
      "region" : "Hamburg-Blankenese"
    },
    "geometry" : {
      "type" : "Point",
      "coordinates" : [ 10.038383577216388, 53.572711020551516 ]
    }
  }, {
    "type" : "Feature",
    "properties" : {
      "date" : "17/11/2022 20:37:07",
      "bikeType" : "Road Racing Bike",
      "child" : "Nein",
      "trailer" : "Nein",
      "pLoc" : "Rucksack/Tasche",
      "incident" : "Hindernis ausweichen (z.B. Hund)",
      "participant" : "PKW",
      "scary" : "Nein",
      "descr" : "auf Radweg",
      "region" : "Hamburg-Blankenese"
    },
    "geometry" : {
      "type" : "Point",
      "coordinates" : [ 10.03746948522562, 53.573831016508684 ]
    }
  }, {
    "type" : "Feature",
    "properties" : {
      "date" : "08/11/2022 19:52:30",
      "bikeType" : "Road Racing Bike",
      "child" : "Nein",
      "trailer" : "Nein",
      "pLoc" : "Rucksack/Tasche",
      "incident" : "Hindernis ausweichen (z.B. Hund)",
      "participant" : "PKW",
      "scary" : "Nein",
      "descr" : "Dom: Auf Radweg geparkt",
      "region" : "Hamburg-Blankenese"
    },
    "geometry" : {
      "type" : "Point",
      "coordinates" : [ 9.974010516804178, 53.55542504183681 ]
    }
  }, {
    "type" : "Feature",
    "properties" : {
      "date" : "08/11/2022 19:52:48",
      "bikeType" : "Road Racing Bike",
      "child" : "Nein",
      "trailer" : "Nein",
      "pLoc" : "Rucksack/Tasche",
      "incident" : "Hindernis ausweichen (z.B. Hund)",
      "participant" : "PKW",
      "scary" : "Nein",
      "descr" : "Dom: Auf Radweg geparkt",
      "region" : "Hamburg-Blankenese"
    },
    "geometry" : {
      "type" : "Point",
      "coordinates" : [ 9.973164855879704, 53.55444910984495 ]
    }
  }, {
    "type" : "Feature",
    "properties" : {
      "date" : "08/11/2022 19:53:16",
      "bikeType" : "Road Racing Bike",
      "child" : "Nein",
      "trailer" : "Nein",
      "pLoc" : "Rucksack/Tasche",
      "incident" : "Hindernis ausweichen (z.B. Hund)",
      "participant" : "PKW",
      "scary" : "Nein",
      "descr" : "Dom: Auf Radweg geparkt",
      "region" : "Hamburg-Blankenese"
    },
    "geometry" : {
      "type" : "Point",
      "coordinates" : [ 9.971757507894697, 53.552933934098334 ]
    }
  }, {
    "type" : "Feature",
    "properties" : {
      "date" : "08/11/2022 19:53:40",
      "bikeType" : "Road Racing Bike",
      "child" : "Nein",
      "trailer" : "Nein",
      "pLoc" : "Rucksack/Tasche",
      "incident" : "Hindernis ausweichen (z.B. Hund)",
      "participant" : "PKW",
      "scary" : "Nein",
      "descr" : "Dom: Auf Radweg geparkt",
      "region" : "Hamburg-Blankenese"
    },
    "geometry" : {
      "type" : "Point",
      "coordinates" : [ 9.970824252430468, 53.55184649108742 ]
    }
  }, {
    "type" : "Feature",
    "properties" : {
      "date" : "08/11/2022 19:53:46",
      "bikeType" : "Road Racing Bike",
      "child" : "Nein",
      "trailer" : "Nein",
      "pLoc" : "Rucksack/Tasche",
      "incident" : "Hindernis ausweichen (z.B. Hund)",
      "participant" : "PKW",
      "scary" : "Nein",
      "descr" : "Dom: Auf Radweg geparkt",
      "region" : "Hamburg-Blankenese"
    },
    "geometry" : {
      "type" : "Point",
      "coordinates" : [ 9.97052006762528, 53.55156199503703 ]
    }
  }, {
    "type" : "Feature",
    "properties" : {
      "date" : "09/11/2022 20:02:18",
      "bikeType" : "Road Racing Bike",
      "child" : "Nein",
      "trailer" : "Nein",
      "pLoc" : "Rucksack/Tasche",
      "incident" : "Hindernis ausweichen (z.B. Hund)",
      "participant" : "Fahrrad",
      "scary" : "Nein",
      "descr" : "fährt links auf Radweg, muss rechts überholen. versteht meine Anmerkung zum Gefahr auch nicht wenn darauf angesprochen",
      "region" : "Hamburg-Blankenese"
    },
    "geometry" : {
      "type" : "Point",
      "coordinates" : [ 9.999376829598798, 53.55457080956646 ]
    }
  }, {
    "type" : "Feature",
    "properties" : {
      "date" : "09/11/2022 20:01:44",
      "bikeType" : "Road Racing Bike",
      "child" : "Nein",
      "trailer" : "Nein",
      "pLoc" : "Rucksack/Tasche",
      "incident" : "Hindernis ausweichen (z.B. Hund)",
      "participant" : "Fahrrad",
      "scary" : "Nein",
      "descr" : "fährt links auf Radweg, muss rechts überholen",
      "region" : "Hamburg-Blankenese"
    },
    "geometry" : {
      "type" : "Point",
      "coordinates" : [ 9.996651580892925, 53.552883704762664 ]
    }
  }, {
    "type" : "Feature",
    "properties" : {
      "date" : "11/11/2022 12:16:58",
      "bikeType" : "Road Racing Bike",
      "child" : "Nein",
      "trailer" : "Nein",
      "pLoc" : "Rucksack/Tasche",
      "incident" : "Hindernis ausweichen (z.B. Hund)",
      "participant" : "LKW",
      "scary" : "Nein",
      "descr" : "",
      "region" : "Hamburg-Blankenese"
    },
    "geometry" : {
      "type" : "Point",
      "coordinates" : [ 9.972732928341452, 53.55705100974758 ]
    }
  }, {
    "type" : "Feature",
    "properties" : {
      "date" : "11/11/2022 12:17:38",
      "bikeType" : "Road Racing Bike",
      "child" : "Nein",
      "trailer" : "Nein",
      "pLoc" : "Rucksack/Tasche",
      "incident" : "Hindernis ausweichen (z.B. Hund)",
      "participant" : "Lieferwagen",
      "scary" : "Nein",
      "descr" : "",
      "region" : "Hamburg-Blankenese"
    },
    "geometry" : {
      "type" : "Point",
      "coordinates" : [ 9.96891745920311, 53.55743232871501 ]
    }
  }, {
    "type" : "Feature",
    "properties" : {
      "date" : "01/11/2022 20:19:03",
      "bikeType" : "Road Racing Bike",
      "child" : "Nein",
      "trailer" : "Nein",
      "pLoc" : "Rucksack/Tasche",
      "incident" : "Hindernis ausweichen (z.B. Hund)",
      "participant" : "PKW",
      "scary" : "Nein",
      "descr" : "auf Radweg",
      "region" : "Hamburg-Blankenese"
    },
    "geometry" : {
      "type" : "Point",
      "coordinates" : [ 10.035394597599359, 53.57218670778111 ]
    }
  }, {
    "type" : "Feature",
    "properties" : {
      "date" : "30/11/2022 18:40:24",
      "bikeType" : "Road Racing Bike",
      "child" : "Nein",
      "trailer" : "Nein",
      "pLoc" : "Rucksack/Tasche",
      "incident" : "Hindernis ausweichen (z.B. Hund)",
      "participant" : "Taxi",
      "scary" : "Nein",
      "descr" : "auf Radweg",
      "region" : "Hamburg-Blankenese"
    },
    "geometry" : {
      "type" : "Point",
      "coordinates" : [ 9.998877268827785, 53.55426932754231 ]
    }
  }, {
    "type" : "Feature",
    "properties" : {
      "date" : "07/11/2022 07:44:15",
      "bikeType" : "Road Racing Bike",
      "child" : "Nein",
      "trailer" : "Nein",
      "pLoc" : "Rucksack/Tasche",
      "incident" : "Hindernis ausweichen (z.B. Hund)",
      "participant" : "PKW",
      "scary" : "Nein",
      "descr" : "Kreuzung blockiert",
      "region" : "Hamburg-Blankenese"
    },
    "geometry" : {
      "type" : "Point",
      "coordinates" : [ 10.031918585856404, 53.56647191149252 ]
    }
  }, {
    "type" : "Feature",
    "properties" : {
      "date" : "13/12/2022 10:26:39",
      "bikeType" : "Road Racing Bike",
      "child" : "Nein",
      "trailer" : "Nein",
      "pLoc" : "Rucksack/Tasche",
      "incident" : "Hindernis ausweichen (z.B. Hund)",
      "participant" : "PKW",
      "scary" : "Nein",
      "descr" : "auf Radweg ",
      "region" : "Hamburg-Blankenese"
    },
    "geometry" : {
      "type" : "Point",
      "coordinates" : [ 10.023950086023216, 53.564251432644944 ]
    }
  }, {
    "type" : "Feature",
    "properties" : {
      "date" : "13/12/2022 10:26:39",
      "bikeType" : "Road Racing Bike",
      "child" : "Nein",
      "trailer" : "Nein",
      "pLoc" : "Rucksack/Tasche",
      "incident" : "Hindernis ausweichen (z.B. Hund)",
      "participant" : "PKW",
      "scary" : "Nein",
      "descr" : "auf Radweg ",
      "region" : "Hamburg-Blankenese"
    },
    "geometry" : {
      "type" : "Point",
      "coordinates" : [ 10.023950086023216, 53.564251432644944 ]
    }
  }, {
    "type" : "Feature",
    "properties" : {
      "date" : "20/12/2022 18:31:31",
      "bikeType" : "Road Racing Bike",
      "child" : "Nein",
      "trailer" : "Nein",
      "pLoc" : "Rucksack/Tasche",
      "incident" : "Hindernis ausweichen (z.B. Hund)",
      "participant" : "PKW",
      "scary" : "Nein",
      "descr" : "auf Radweg neben freiem Parkplatz",
      "region" : "Hamburg-Blankenese"
    },
    "geometry" : {
      "type" : "Point",
      "coordinates" : [ 9.998523987292415, 53.55409078881245 ]
    }
  }, {
    "type" : "Feature",
    "properties" : {
      "date" : "20/12/2022 18:33:17",
      "bikeType" : "Road Racing Bike",
      "child" : "Nein",
      "trailer" : "Nein",
      "pLoc" : "Rucksack/Tasche",
      "incident" : "Hindernis ausweichen (z.B. Hund)",
      "participant" : "PKW",
      "scary" : "Nein",
      "descr" : "rechtsabbiegen von Holzwall auf Radweg",
      "region" : "Hamburg-Blankenese"
    },
    "geometry" : {
      "type" : "Point",
      "coordinates" : [ 10.00509380617118, 53.55759595138129 ]
    }
  }, {
    "type" : "Feature",
    "properties" : {
      "date" : "20/12/2022 18:34:08",
      "bikeType" : "Road Racing Bike",
      "child" : "Nein",
      "trailer" : "Nein",
      "pLoc" : "Rucksack/Tasche",
      "incident" : "Hindernis ausweichen (z.B. Hund)",
      "participant" : "PKW",
      "scary" : "Nein",
      "descr" : "rechtsabbiegen von Holzwall auf Radweg",
      "region" : "Hamburg-Blankenese"
    },
    "geometry" : {
      "type" : "Point",
      "coordinates" : [ 10.009138190991923, 53.559165072320674 ]
    }
  }, {
    "type" : "Feature",
    "properties" : {
      "date" : "20/12/2022 18:34:33",
      "bikeType" : "Road Racing Bike",
      "child" : "Nein",
      "trailer" : "Nein",
      "pLoc" : "Rucksack/Tasche",
      "incident" : "Hindernis ausweichen (z.B. Hund)",
      "participant" : "PKW",
      "scary" : "Nein",
      "descr" : "rechtsabbiegen von Holzwall auf Radweg",
      "region" : "Hamburg-Blankenese"
    },
    "geometry" : {
      "type" : "Point",
      "coordinates" : [ 10.011279769699035, 53.56000709148797 ]
    }
  }, {
    "type" : "Feature",
    "properties" : {
      "date" : "20/12/2022 18:32:08",
      "bikeType" : "Road Racing Bike",
      "child" : "Nein",
      "trailer" : "Nein",
      "pLoc" : "Rucksack/Tasche",
      "incident" : "Hindernis ausweichen (z.B. Hund)",
      "participant" : "PKW",
      "scary" : "Nein",
      "descr" : "rechtsabbiegen überall auf Radweg",
      "region" : "Hamburg-Blankenese"
    },
    "geometry" : {
      "type" : "Point",
      "coordinates" : [ 10.000999908395471, 53.55563340897775 ]
    }
  }, {
    "type" : "Feature",
    "properties" : {
      "date" : "15/12/2022 09:12:07",
      "bikeType" : "Road Racing Bike",
      "child" : "Nein",
      "trailer" : "Nein",
      "pLoc" : "Rucksack/Tasche",
      "incident" : "Beinahe-Abbiegeunfall",
      "participant" : "Lieferwagen",
      "scary" : "Ja",
      "descr" : "kommt aus Seitenstraße und überfährt mich und anderen Radfahrer fast ",
      "region" : "Hamburg-Blankenese"
    },
    "geometry" : {
      "type" : "Point",
      "coordinates" : [ 10.02110976659911, 53.56372352540775 ]
    }
  }, {
    "type" : "Feature",
    "properties" : {
      "date" : "29/10/2022 13:24:28",
      "bikeType" : "Road Racing Bike",
      "child" : "Nein",
      "trailer" : "Nein",
      "pLoc" : "Rucksack/Tasche",
      "incident" : "Hindernis ausweichen (z.B. Hund)",
      "participant" : "PKW",
      "scary" : "Nein",
      "descr" : "auf Radweg von Tankstelle",
      "region" : "Hamburg-Blankenese"
    },
    "geometry" : {
      "type" : "Point",
      "coordinates" : [ 10.056626332211657, 53.56941186448941 ]
    }
  }, {
    "type" : "Feature",
    "properties" : {
      "date" : "29/10/2022 13:24:37",
      "bikeType" : "Road Racing Bike",
      "child" : "Nein",
      "trailer" : "Nein",
      "pLoc" : "Rucksack/Tasche",
      "incident" : "Hindernis ausweichen (z.B. Hund)",
      "participant" : "PKW",
      "scary" : "Nein",
      "descr" : "quer auf Radweg ",
      "region" : "Hamburg-Blankenese"
    },
    "geometry" : {
      "type" : "Point",
      "coordinates" : [ 10.057356854143933, 53.5695799029724 ]
    }
  }, {
    "type" : "Feature",
    "properties" : {
      "date" : "29/10/2022 12:34:39",
      "bikeType" : "Road Racing Bike",
      "child" : "Nein",
      "trailer" : "Nein",
      "pLoc" : "Rucksack/Tasche",
      "incident" : "Beinahe-Abbiegeunfall",
      "participant" : "PKW",
      "scary" : "Nein",
      "descr" : "biegt von Kreisverkehr ab ohne zu gucken",
      "region" : "Hamburg-Blankenese"
    },
    "geometry" : {
      "type" : "Point",
      "coordinates" : [ 9.988025377068107, 53.581433878343454 ]
    }
  }, {
    "type" : "Feature",
    "properties" : {
      "date" : "28/03/2022 20:23:59",
      "bikeType" : "Mountainbik",
      "child" : "Nein",
      "trailer" : "Nein",
      "pLoc" : "Lenker",
      "incident" : "Sonstiges",
      "participant" : "",
      "scary" : "Nein",
      "descr" : "Starke Steigung ",
      "region" : "Hamburg-Blankenese"
    },
    "geometry" : {
      "type" : "Point",
      "coordinates" : [ 9.821971, 53.565344 ]
    }
  }, {
    "type" : "Feature",
    "properties" : {
      "date" : "28/03/2022 20:27:32",
      "bikeType" : "Mountainbik",
      "child" : "Nein",
      "trailer" : "Nein",
      "pLoc" : "Lenker",
      "incident" : "Sonstiges",
      "participant" : "",
      "scary" : "Nein",
      "descr" : "Schlechte Ampel, stelle, Ampelschaltung",
      "region" : "Hamburg-Blankenese"
    },
    "geometry" : {
      "type" : "Point",
      "coordinates" : [ 9.826791, 53.565645 ]
    }
  }, {
    "type" : "Feature",
    "properties" : {
      "date" : "28/03/2022 20:30:46",
      "bikeType" : "Mountainbik",
      "child" : "Nein",
      "trailer" : "Nein",
      "pLoc" : "Lenker",
      "incident" : "Beinahe-Abbiegeunfall",
      "participant" : "Fahrrad, PKW",
      "scary" : "Ja",
      "descr" : "",
      "region" : "Hamburg-Blankenese"
    },
    "geometry" : {
      "type" : "Point",
      "coordinates" : [ 9.839994, 53.56466 ]
    }
  }, {
    "type" : "Feature",
    "properties" : {
      "date" : "28/03/2022 20:31:22",
      "bikeType" : "Mountainbik",
      "child" : "Nein",
      "trailer" : "Nein",
      "pLoc" : "Lenker",
      "incident" : "Entgegenkommender Verkehrsteilnehmer",
      "participant" : "",
      "scary" : "Nein",
      "descr" : "",
      "region" : "Hamburg-Blankenese"
    },
    "geometry" : {
      "type" : "Point",
      "coordinates" : [ 9.84191, 53.564113 ]
    }
  }, {
    "type" : "Feature",
    "properties" : {
      "date" : "28/03/2022 20:31:43",
      "bikeType" : "Mountainbik",
      "child" : "Nein",
      "trailer" : "Nein",
      "pLoc" : "Lenker",
      "incident" : "Zu dichtes Überholen",
      "participant" : "",
      "scary" : "Nein",
      "descr" : "",
      "region" : "Hamburg-Blankenese"
    },
    "geometry" : {
      "type" : "Point",
      "coordinates" : [ 9.843152, 53.563788 ]
    }
  }, {
    "type" : "Feature",
    "properties" : {
      "date" : "28/03/2022 20:32:17",
      "bikeType" : "Mountainbik",
      "child" : "Nein",
      "trailer" : "Nein",
      "pLoc" : "Lenker",
      "incident" : "Sonstiges",
      "participant" : "",
      "scary" : "Nein",
      "descr" : "Fehlender Fahrradweg ",
      "region" : "Hamburg-Blankenese"
    },
    "geometry" : {
      "type" : "Point",
      "coordinates" : [ 9.84517, 53.563592 ]
    }
  }, {
    "type" : "Feature",
    "properties" : {
      "date" : "07/07/2022 07:55:52",
      "bikeType" : "Road Racing Bike",
      "child" : "Nein",
      "trailer" : "Nein",
      "pLoc" : "Rucksack/Tasche",
      "incident" : "Beinahe-Abbiegeunfall",
      "participant" : "Lieferwagen",
      "scary" : "Nein",
      "descr" : "linksabbieger",
      "region" : "Hamburg-Blankenese"
    },
    "geometry" : {
      "type" : "Point",
      "coordinates" : [ 10.014747747530478, 53.56042903700847 ]
    }
  }, {
    "type" : "Feature",
    "properties" : {
      "date" : "19/07/2022 19:04:32",
      "bikeType" : "Road Racing Bike",
      "child" : "Nein",
      "trailer" : "Nein",
      "pLoc" : "Rucksack/Tasche",
      "incident" : "Hindernis ausweichen (z.B. Hund)",
      "participant" : "PKW",
      "scary" : "Nein",
      "descr" : "kam aufms Gluckstraße und stand weit über gesamte Radwegbreite",
      "region" : "Hamburg-Blankenese"
    },
    "geometry" : {
      "type" : "Point",
      "coordinates" : [ 10.038839266521608, 53.57217701564585 ]
    }
  }, {
    "type" : "Feature",
    "properties" : {
      "date" : "05/07/2022 20:33:18",
      "bikeType" : "Road Racing Bike",
      "child" : "Nein",
      "trailer" : "Nein",
      "pLoc" : "Rucksack/Tasche",
      "incident" : "Hindernis ausweichen (z.B. Hund)",
      "participant" : "PKW",
      "scary" : "Nein",
      "descr" : "auf Radweg, direkt vor Ampel ",
      "region" : "Hamburg-Blankenese"
    },
    "geometry" : {
      "type" : "Point",
      "coordinates" : [ 10.009628116465526, 53.54028265437347 ]
    }
  }, {
    "type" : "Feature",
    "properties" : {
      "date" : "05/07/2022 20:41:24",
      "bikeType" : "Road Racing Bike",
      "child" : "Nein",
      "trailer" : "Nein",
      "pLoc" : "Rucksack/Tasche",
      "incident" : "Hindernis ausweichen (z.B. Hund)",
      "participant" : "PKW",
      "scary" : "Nein",
      "descr" : "auf Radweg. Ort ist Am Zollhafen, konnte Ereignis nicht richt7g platzieren ",
      "region" : "Hamburg-Blankenese"
    },
    "geometry" : {
      "type" : "Point",
      "coordinates" : [ 10.01504146570589, 53.52294852876357 ]
    }
  }, {
    "type" : "Feature",
    "properties" : {
      "date" : "26/07/2022 19:50:54",
      "bikeType" : "Road Racing Bike",
      "child" : "Nein",
      "trailer" : "Nein",
      "pLoc" : "Rucksack/Tasche",
      "incident" : "Hindernis ausweichen (z.B. Hund)",
      "participant" : "PKW",
      "scary" : "Nein",
      "descr" : "auf Busspur/Radspur",
      "region" : "Hamburg-Blankenese"
    },
    "geometry" : {
      "type" : "Point",
      "coordinates" : [ 10.016470373205436, 53.56200318919293 ]
    }
  }, {
    "type" : "Feature",
    "properties" : {
      "date" : "07/07/2022 18:33:14",
      "bikeType" : "Road Racing Bike",
      "child" : "Nein",
      "trailer" : "Nein",
      "pLoc" : "Rucksack/Tasche",
      "incident" : "Entgegenkommender Verkehrsteilnehmer",
      "participant" : "Taxi",
      "scary" : "Ja",
      "descr" : "überholt Radfahrer und kommt mir dabei sehr, sehr nah",
      "region" : "Hamburg-Blankenese"
    },
    "geometry" : {
      "type" : "Point",
      "coordinates" : [ 10.005690180894806, 53.55635163380076 ]
    }
  }, {
    "type" : "Feature",
    "properties" : {
      "date" : "07/07/2022 18:31:28",
      "bikeType" : "Road Racing Bike",
      "child" : "Nein",
      "trailer" : "Nein",
      "pLoc" : "Rucksack/Tasche",
      "incident" : "Beinahe-Abbiegeunfall",
      "participant" : "Taxi",
      "scary" : "Ja",
      "descr" : "Taxifahrer fährt über Radspur auf Rechtsabbiegerspur ohne zu gucken. meldet sich immerhin freiwillig bei mir als er Fehler gesehen hat",
      "region" : "Hamburg-Blankenese"
    },
    "geometry" : {
      "type" : "Point",
      "coordinates" : [ 10.00035198978321, 53.55520766948302 ]
    }
  }, {
    "type" : "Feature",
    "properties" : {
      "date" : "07/07/2022 18:32:49",
      "bikeType" : "Road Racing Bike",
      "child" : "Nein",
      "trailer" : "Nein",
      "pLoc" : "Rucksack/Tasche",
      "incident" : "Hindernis ausweichen (z.B. Hund)",
      "participant" : "Bus",
      "scary" : "Nein",
      "descr" : "Bus halb auf Radspur geparkt. komme kaum durch bei viel Gegenverkehr",
      "region" : "Hamburg-Blankenese"
    },
    "geometry" : {
      "type" : "Point",
      "coordinates" : [ 10.004248861286824, 53.557007933663726 ]
    }
  }, {
    "type" : "Feature",
    "properties" : {
      "date" : "07/07/2022 18:32:59",
      "bikeType" : "Road Racing Bike",
      "child" : "Nein",
      "trailer" : "Nein",
      "pLoc" : "Rucksack/Tasche",
      "incident" : "Entgegenkommender Verkehrsteilnehmer",
      "participant" : "Taxi",
      "scary" : "Nein",
      "descr" : "Steht im Stau so weit links, dass Radweg fast blockiert ist",
      "region" : "Hamburg-Blankenese"
    },
    "geometry" : {
      "type" : "Point",
      "coordinates" : [ 10.004869262191558, 53.556796052198266 ]
    }
  }, {
    "type" : "Feature",
    "properties" : {
      "date" : "28/03/2022 14:34:35",
      "bikeType" : "City-/Trekking Bike",
      "child" : "Nein",
      "trailer" : "Nein",
      "pLoc" : "Jackentasche",
      "incident" : "Sonstiges",
      "participant" : "",
      "scary" : "Nein",
      "descr" : "Schlaglöcher ",
      "region" : "Hamburg-Blankenese"
    },
    "geometry" : {
      "type" : "Point",
      "coordinates" : [ 9.866865, 53.558044 ]
    }
  }, {
    "type" : "Feature",
    "properties" : {
      "date" : "28/03/2022 14:36:57",
      "bikeType" : "City-/Trekking Bike",
      "child" : "Nein",
      "trailer" : "Nein",
      "pLoc" : "Jackentasche",
      "incident" : "Sonstiges",
      "participant" : "",
      "scary" : "Nein",
      "descr" : "Tiefe Schlaglöcher ",
      "region" : "Hamburg-Blankenese"
    },
    "geometry" : {
      "type" : "Point",
      "coordinates" : [ 9.876796, 53.558246 ]
    }
  }, {
    "type" : "Feature",
    "properties" : {
      "date" : "28/03/2022 14:39:57",
      "bikeType" : "City-/Trekking Bike",
      "child" : "Nein",
      "trailer" : "Nein",
      "pLoc" : "Jackentasche",
      "incident" : "Sonstiges",
      "participant" : "",
      "scary" : "Nein",
      "descr" : "Kantstein ",
      "region" : "Hamburg-Blankenese"
    },
    "geometry" : {
      "type" : "Point",
      "coordinates" : [ 9.880136, 53.559263 ]
    }
  }, {
    "type" : "Feature",
    "properties" : {
      "date" : "28/03/2022 13:29:41",
      "bikeType" : "-",
      "child" : "Nein",
      "trailer" : "Nein",
      "pLoc" : "Hosentasche",
      "incident" : "Sonstiges",
      "participant" : "Fußgänger",
      "scary" : "Nein",
      "descr" : "Zu hoher Kantstein ",
      "region" : "Hamburg-Blankenese"
    },
    "geometry" : {
      "type" : "Point",
      "coordinates" : [ 9.812467, 53.563342 ]
    }
  }, {
    "type" : "Feature",
    "properties" : {
      "date" : "21/04/2022 18:39:42",
      "bikeType" : "City-/Trekking Bike",
      "child" : "Nein",
      "trailer" : "Nein",
      "pLoc" : "Hosentasche",
      "incident" : "Zu dichtes Überholen",
      "participant" : "PKW",
      "scary" : "Nein",
      "descr" : "",
      "region" : "Hamburg-Blankenese"
    },
    "geometry" : {
      "type" : "Point",
      "coordinates" : [ 10.015430715351023, 53.580678553222896 ]
    }
  }, {
    "type" : "Feature",
    "properties" : {
      "date" : "21/04/2022 18:25:20",
      "bikeType" : "City-/Trekking Bike",
      "child" : "Nein",
      "trailer" : "Nein",
      "pLoc" : "Hosentasche",
      "incident" : "Beinahe-Abbiegeunfall",
      "participant" : "PKW",
      "scary" : "Nein",
      "descr" : "",
      "region" : "Hamburg-Blankenese"
    },
    "geometry" : {
      "type" : "Point",
      "coordinates" : [ 9.97695992209493, 53.578192197348955 ]
    }
  }, {
    "type" : "Feature",
    "properties" : {
      "date" : "05/04/2022 20:19:48",
      "bikeType" : "-",
      "child" : "Nein",
      "trailer" : "Nein",
      "pLoc" : "Jackentasche",
      "incident" : "Sonstiges",
      "participant" : "",
      "scary" : "Nein",
      "descr" : "Schlaglöcher ",
      "region" : "Hamburg-Blankenese"
    },
    "geometry" : {
      "type" : "Point",
      "coordinates" : [ 9.858335, 53.564304 ]
    }
  }, {
    "type" : "Feature",
    "properties" : {
      "date" : "16/08/2022 18:21:57",
      "bikeType" : "Road Racing Bike",
      "child" : "Nein",
      "trailer" : "Nein",
      "pLoc" : "Rucksack/Tasche",
      "incident" : "Hindernis ausweichen (z.B. Hund)",
      "participant" : "Taxi",
      "scary" : "Nein",
      "descr" : "auf Radweg",
      "region" : "Hamburg-Blankenese"
    },
    "geometry" : {
      "type" : "Point",
      "coordinates" : [ 9.999421488093338, 53.55460572501854 ]
    }
  }, {
    "type" : "Feature",
    "properties" : {
      "date" : "16/08/2022 18:24:01",
      "bikeType" : "Road Racing Bike",
      "child" : "Nein",
      "trailer" : "Nein",
      "pLoc" : "Rucksack/Tasche",
      "incident" : "Hindernis ausweichen (z.B. Hund)",
      "participant" : "Bus",
      "scary" : "Nein",
      "descr" : "auf meiner Seite auf Parkplatz. war zu breit und konnte nicht vorbei. musste warten bis Gegenverkehr verschwunden war",
      "region" : "Hamburg-Blankenese"
    },
    "geometry" : {
      "type" : "Point",
      "coordinates" : [ 10.004679334715794, 53.55681627961383 ]
    }
  }, {
    "type" : "Feature",
    "properties" : {
      "date" : "16/08/2022 18:24:25",
      "bikeType" : "Road Racing Bike",
      "child" : "Nein",
      "trailer" : "Nein",
      "pLoc" : "Rucksack/Tasche",
      "incident" : "Ein- oder ausparkendes Fahrzeug",
      "participant" : "PKW",
      "scary" : "Nein",
      "descr" : "rechts von mir geparkt fährt d der Autofahrer plötzlich weg. fast frontal Unfall",
      "region" : "Hamburg-Blankenese"
    },
    "geometry" : {
      "type" : "Point",
      "coordinates" : [ 10.005994645103701, 53.555978536765544 ]
    }
  }, {
    "type" : "Feature",
    "properties" : {
      "date" : "16/08/2022 18:21:57",
      "bikeType" : "Road Racing Bike",
      "child" : "Nein",
      "trailer" : "Nein",
      "pLoc" : "Rucksack/Tasche",
      "incident" : "Hindernis ausweichen (z.B. Hund)",
      "participant" : "Taxi",
      "scary" : "Nein",
      "descr" : "auf Radweg",
      "region" : "Hamburg-Blankenese"
    },
    "geometry" : {
      "type" : "Point",
      "coordinates" : [ 9.999421488093338, 53.55460572501854 ]
    }
  }, {
    "type" : "Feature",
    "properties" : {
      "date" : "16/08/2022 18:24:01",
      "bikeType" : "Road Racing Bike",
      "child" : "Nein",
      "trailer" : "Nein",
      "pLoc" : "Rucksack/Tasche",
      "incident" : "Hindernis ausweichen (z.B. Hund)",
      "participant" : "Bus",
      "scary" : "Nein",
      "descr" : "auf meiner Seite auf Parkplatz. war zu breit und konnte nicht vorbei. musste warten bis Gegenverkehr verschwunden war",
      "region" : "Hamburg-Blankenese"
    },
    "geometry" : {
      "type" : "Point",
      "coordinates" : [ 10.004679334715794, 53.55681627961383 ]
    }
  }, {
    "type" : "Feature",
    "properties" : {
      "date" : "16/08/2022 18:24:25",
      "bikeType" : "Road Racing Bike",
      "child" : "Nein",
      "trailer" : "Nein",
      "pLoc" : "Rucksack/Tasche",
      "incident" : "Ein- oder ausparkendes Fahrzeug",
      "participant" : "PKW",
      "scary" : "Nein",
      "descr" : "rechts von mir geparkt fährt d der Autofahrer plötzlich weg. fast frontal Unfall",
      "region" : "Hamburg-Blankenese"
    },
    "geometry" : {
      "type" : "Point",
      "coordinates" : [ 10.005994645103701, 53.555978536765544 ]
    }
  }, {
    "type" : "Feature",
    "properties" : {
      "date" : "02/08/2022 20:42:15",
      "bikeType" : "Road Racing Bike",
      "child" : "Nein",
      "trailer" : "Nein",
      "pLoc" : "Rucksack/Tasche",
      "incident" : "Ein- oder ausparkendes Fahrzeug",
      "participant" : "PKW",
      "scary" : "Nein",
      "descr" : "viele, sehr unsicher wegen Dom",
      "region" : "Hamburg-Blankenese"
    },
    "geometry" : {
      "type" : "Point",
      "coordinates" : [ 9.973550975027806, 53.554798255140014 ]
    }
  }, {
    "type" : "Feature",
    "properties" : {
      "date" : "02/08/2022 20:42:00",
      "bikeType" : "Road Racing Bike",
      "child" : "Nein",
      "trailer" : "Nein",
      "pLoc" : "Rucksack/Tasche",
      "incident" : "Hindernis ausweichen (z.B. Hund)",
      "participant" : "PKW",
      "scary" : "Nein",
      "descr" : "auf Radweg ",
      "region" : "Hamburg-Blankenese"
    },
    "geometry" : {
      "type" : "Point",
      "coordinates" : [ 9.972663701757954, 53.553814643858395 ]
    }
  }, {
    "type" : "Feature",
    "properties" : {
      "date" : "19/09/2022 18:39:11",
      "bikeType" : "Road Racing Bike",
      "child" : "Nein",
      "trailer" : "Nein",
      "pLoc" : "Rucksack/Tasche",
      "incident" : "Ein- oder ausparkendes Fahrzeug",
      "participant" : "PKW",
      "scary" : "Nein",
      "descr" : "lunksparker parkt aus und guckt nur nach hinten",
      "region" : "Hamburg-Blankenese"
    },
    "geometry" : {
      "type" : "Point",
      "coordinates" : [ 10.005962296383668, 53.55593788178339 ]
    }
  }, {
    "type" : "Feature",
    "properties" : {
      "date" : "19/09/2022 18:38:59",
      "bikeType" : "Road Racing Bike",
      "child" : "Nein",
      "trailer" : "Nein",
      "pLoc" : "Rucksack/Tasche",
      "incident" : "Entgegenkommender Verkehrsteilnehmer",
      "participant" : "PKW",
      "scary" : "Nein",
      "descr" : "zu viel nach links, gerade noch 50cm frei",
      "region" : "Hamburg-Blankenese"
    },
    "geometry" : {
      "type" : "Point",
      "coordinates" : [ 10.005283431883688, 53.556467397891865 ]
    }
  }, {
    "type" : "Feature",
    "properties" : {
      "date" : "19/09/2022 18:48:42",
      "bikeType" : "Road Racing Bike",
      "child" : "Nein",
      "trailer" : "Nein",
      "pLoc" : "Rucksack/Tasche",
      "incident" : "Ein- oder ausparkendes Fahrzeug",
      "participant" : "PKW",
      "scary" : "Nein",
      "descr" : "blockiert Radweg beim wenden einiger zeit",
      "region" : "Hamburg-Blankenese"
    },
    "geometry" : {
      "type" : "Point",
      "coordinates" : [ 10.03778469083807, 53.573494331789 ]
    }
  }, {
    "type" : "Feature",
    "properties" : {
      "date" : "19/09/2022 18:38:46",
      "bikeType" : "Road Racing Bike",
      "child" : "Nein",
      "trailer" : "Nein",
      "pLoc" : "Rucksack/Tasche",
      "incident" : "Entgegenkommender Verkehrsteilnehmer",
      "participant" : "PKW",
      "scary" : "Nein",
      "descr" : "fährt zu weit links, kan kam vorbei",
      "region" : "Hamburg-Blankenese"
    },
    "geometry" : {
      "type" : "Point",
      "coordinates" : [ 10.004415302035804, 53.556945356264066 ]
    }
  }, {
    "type" : "Feature",
    "properties" : {
      "date" : "19/09/2022 18:38:52",
      "bikeType" : "Road Racing Bike",
      "child" : "Nein",
      "trailer" : "Nein",
      "pLoc" : "Rucksack/Tasche",
      "incident" : "Entgegenkommender Verkehrsteilnehmer",
      "participant" : "Bus",
      "scary" : "Nein",
      "descr" : "zu breit, komme kaum durch",
      "region" : "Hamburg-Blankenese"
    },
    "geometry" : {
      "type" : "Point",
      "coordinates" : [ 10.004873386128912, 53.55671442087258 ]
    }
  }, {
    "type" : "Feature",
    "properties" : {
      "date" : "17/09/2022 14:01:30",
      "bikeType" : "Road Racing Bike",
      "child" : "Nein",
      "trailer" : "Nein",
      "pLoc" : "Rucksack/Tasche",
      "incident" : "Entgegenkommender Verkehrsteilnehmer",
      "participant" : "PKW",
      "scary" : "Nein",
      "descr" : "zu weit links. muss absteigen um vorbei zu kommen",
      "region" : "Hamburg-Blankenese"
    },
    "geometry" : {
      "type" : "Point",
      "coordinates" : [ 10.005459568736274, 53.55651407689645 ]
    }
  }, {
    "type" : "Feature",
    "properties" : {
      "date" : "17/09/2022 14:01:12",
      "bikeType" : "Road Racing Bike",
      "child" : "Nein",
      "trailer" : "Nein",
      "pLoc" : "Rucksack/Tasche",
      "incident" : "Entgegenkommender Verkehrsteilnehmer",
      "participant" : "PKW",
      "scary" : "Nein",
      "descr" : "steht zu weit links vor ampel",
      "region" : "Hamburg-Blankenese"
    },
    "geometry" : {
      "type" : "Point",
      "coordinates" : [ 10.00405939512127, 53.55708684875514 ]
    }
  }, {
    "type" : "Feature",
    "properties" : {
      "date" : "17/09/2022 14:01:18",
      "bikeType" : "Road Racing Bike",
      "child" : "Nein",
      "trailer" : "Nein",
      "pLoc" : "Rucksack/Tasche",
      "incident" : "Entgegenkommender Verkehrsteilnehmer",
      "participant" : "PKW",
      "scary" : "Nein",
      "descr" : "komm kaum vorbei. Autofahrer zu weit links vor ampel",
      "region" : "Hamburg-Blankenese"
    },
    "geometry" : {
      "type" : "Point",
      "coordinates" : [ 10.004564338406205, 53.55689635537674 ]
    }
  }, {
    "type" : "Feature",
    "properties" : {
      "date" : "09/09/2022 15:00:48",
      "bikeType" : "Road Racing Bike",
      "child" : "Nein",
      "trailer" : "Nein",
      "pLoc" : "Rucksack/Tasche",
      "incident" : "Hindernis ausweichen (z.B. Hund)",
      "participant" : "PKW",
      "scary" : "Nein",
      "descr" : "blockiert Kreuzung\\n",
      "region" : "Hamburg-Blankenese"
    },
    "geometry" : {
      "type" : "Point",
      "coordinates" : [ 10.016547241927661, 53.56211511230429 ]
    }
  }, {
    "type" : "Feature",
    "properties" : {
      "date" : "23/09/2022 17:30:28",
      "bikeType" : "Road Racing Bike",
      "child" : "Nein",
      "trailer" : "Nein",
      "pLoc" : "Rucksack/Tasche",
      "incident" : "Hindernis ausweichen (z.B. Hund)",
      "participant" : "PKW",
      "scary" : "Nein",
      "descr" : "aus Seitenstraße blockiert Radweg ",
      "region" : "Hamburg-Blankenese"
    },
    "geometry" : {
      "type" : "Point",
      "coordinates" : [ 10.033779016365694, 53.56480856986554 ]
    }
  }, {
    "type" : "Feature",
    "properties" : {
      "date" : "18/09/2022 17:26:49",
      "bikeType" : "Road Racing Bike",
      "child" : "Nein",
      "trailer" : "Nein",
      "pLoc" : "Rucksack/Tasche",
      "incident" : "Ein- oder ausparkendes Fahrzeug",
      "participant" : "PKW",
      "scary" : "Nein",
      "descr" : "macht Autotür vor Nase auf",
      "region" : "Hamburg-Blankenese"
    },
    "geometry" : {
      "type" : "Point",
      "coordinates" : [ 10.013858493250094, 53.559436523949735 ]
    }
  } ]
}