lat,lon,ts,bike,childCheckBox,trailerCheckBox,pLoc,incident,i1,i2,i3,i4,i5,i6,i7,i8,i9,scary,desc,i10,region
53.56371728834458,10.021143624784786,1674116285999,2,0,0,5,3,0,0,0,0,0,0,1,0,0,1,aus Seitenstraße und bog links ab. Stand direkt vor mir plötzlich auf Radweg.,0,Hamburg-Blankenese
53.57312162572913,10.038003893179217,1674115998999,2,0,0,5,7,0,0,0,0,0,0,0,1,0,0,auf Radweg,0,Hamburg-Blankenese
53.55578100736449,10.008942257136018,1674461487000,2,0,0,5,3,0,0,0,0,0,0,1,0,0,0,aus Baumeisterstraße biegt links ab, obwohl er mich gesehen hat noch schnell vor mir, was nicht klappt. ,0,Hamburg-Blankenese
53.558516020407176,10.007434442703627,1673290769999,2,0,0,5,8,0,0,0,0,0,0,1,0,0,0,Autofahrer nutzen Radweg um Ampel zu umgehen. man kommt nicht vorbei,0,Hamburg-Blankenese
53.5502676470493,9.96958273994095,1680108000999,2,0,0,5,7,0,0,0,0,0,0,1,0,0,0,blockieren viele den Fußweg auf der Kreuzung und schneiden sogar Fußgänger dabei. Fußgänger haben grün,0,Hamburg-Blankenese
53.553144777393946,9.99701445649179,1679146324000,2,0,0,5,7,0,0,0,0,0,0,1,0,0,0,fährt auf Radweg,0,Hamburg-Blankenese
53.55275317688927,9.99641918538897,1679146315000,2,0,0,5,7,0,0,0,0,0,0,1,0,0,0,links Ableger blockiert Radweg,0,Hamburg-Blankenese
53.55485918328913,9.999931106397266,1679146382000,2,0,0,5,7,0,0,0,0,0,0,1,0,0,0,drei Autofahrer blockieren Radweg,0,Hamburg-Blankenese
53.54317153815537,9.99100170780706,1679145490000,2,0,0,5,7,0,0,0,0,0,0,1,0,0,0,stressige Situation mit ein und audiowerkenden Autos auf Radweg,0,Hamburg-Blankenese
53.57396915302722,10.037494530087203,1679139805999,2,0,0,5,7,0,0,0,0,0,0,1,0,0,0,auf Radweg,0,Hamburg-Blankenese
53.573373907205166,10.037968338539887,1679139814999,2,0,0,5,7,0,0,0,0,0,0,1,0,0,0,hält vor unserer Nase auf Radweg,0,Hamburg-Blankenese
53.566565675376765,10.032152414555096,1679380903000,2,0,0,5,7,0,0,0,0,0,0,1,0,0,0,sämtliche blockieren Kreuzung,0,Hamburg-Blankenese
53.56192927887906,10.01633813728942,1677692704999,2,0,0,5,7,0,0,0,0,0,0,1,0,0,0,4x Pkw auf Bus/Fahrrad Spur. blockieren komplett,0,Hamburg-Blankenese
53.55833455089401,10.007140339314242,1677692556999,2,0,0,5,7,0,0,0,0,0,0,1,0,0,0,sämtliche rechtsabbiegen von Holzdamm auf Fahrradweg. ,0,Hamburg-Blankenese
53.5647768681516,10.02437970465617,1677692803999,2,0,0,5,7,0,0,0,0,0,0,1,0,0,0,ganze Kreuzung von Autofahrern blockiert,0,Hamburg-Blankenese
53.56568254614305,10.032568636489072,1678907600999,2,0,0,5,4,0,1,0,0,0,0,0,0,0,0,Fahrradfahrerin von rechts fährt ohne zu gucken durch rot. so überhaupt ohne zu gucken. sagte wenigstens sorry, als ich sie auf mich aufmerksam machte ,0,Hamburg-Blankenese
53.57191540526089,10.038990652995393,1679910207000,2,0,0,5,7,0,0,0,1,0,0,0,0,0,0,auf Radweg,0,Hamburg-Blankenese
53.56165701598332,10.015929512684673,1680022526000,2,0,0,5,7,0,0,0,0,0,0,1,0,0,0,2x Auto auf Busspur bzw. Radweg. Bus verfehlt 2 Ampelphasen,0,Hamburg-Blankenese
53.55420794752228,9.998619259310717,1680022265999,2,0,0,5,7,0,0,0,0,0,0,1,0,0,0,stehe sehr asozial quer auf Radweg,0,Hamburg-Blankenese
53.56136798472259,10.015540731083144,1678215697999,2,0,0,5,7,0,0,0,0,0,0,1,0,0,0,2x auf Busspur bzw. Radweg,0,Hamburg-Blankenese
53.56174182264992,10.0160810946294,1676918178000,2,0,0,5,7,0,0,0,0,0,0,1,0,0,0,auf Busspur/ Radweg sämtliche Autofahrer,0,Hamburg-Blankenese
53.5659358897072,10.033142463881315,1677088754000,2,0,0,5,3,0,1,0,0,0,0,0,0,0,1,pizza Kurier nimmt Vorfahrt. keine Rücksicht, schimpft nur,0,Hamburg-Blankenese
53.560698007466286,10.013332290632539,1677088452000,2,0,0,5,7,0,0,0,0,0,0,1,0,0,0,sämtliche Autofahrer auf Radweg blockieren,0,Hamburg-Blankenese
53.561922827595495,10.01637656762933,1677523793999,2,0,0,5,7,0,0,0,0,0,0,1,0,0,0,sommerliche auf der Busspur bzw. Radweg. sehr störend,0,Hamburg-Blankenese
53.56523666666667,9.982985000000001,1675262674000,1,0,0,2,2,0,0,0,0,0,0,1,0,0,0,,0,Hamburg-Blankenese
53.55385666666666,10.023911666666667,1675263494000,1,0,0,2,3,0,0,0,0,0,0,1,0,0,0,,0,Hamburg-Blankenese
53.57248026901057,10.038576909420776,1680278475000,2,0,0,5,7,0,0,0,1,0,0,0,0,0,0,auf Radweg,0,Hamburg-Blankenese
53.55488766458064,9.999818842621577,1667846496000,2,0,0,5,7,0,0,0,0,0,0,0,1,0,0,auf radweg,0,Hamburg-Blankenese
53.56041393703132,10.012325974892354,1669750095000,2,0,0,5,8,0,0,0,0,0,0,1,0,0,1,Unfall zwischen Radfahrerin und Einparkem Autofahrer ,0,Hamburg-Blankenese
53.55699213353073,10.010644688377798,1668062904999,2,0,0,5,6,0,0,0,1,0,0,0,0,0,1,,0,Hamburg-Blankenese
53.57391182380713,10.037372156300652,1667413751000,2,0,0,5,7,0,0,0,0,0,0,1,0,0,0,auf Radweg,0,Hamburg-Blankenese
53.554775904063526,9.999646702739465,1667413046999,2,0,0,5,7,0,0,0,0,0,0,1,0,0,0,auf Radweg,0,Hamburg-Blankenese
53.557777156518135,10.00551812359612,1667413191999,2,0,0,5,8,0,0,0,0,0,0,1,0,0,0,viele PKW auf Radweg: abbieger aus Holzdamm, die nicht vor der roten Ampel waren wollten.  ,0,Hamburg-Blankenese
53.572711020551516,10.038383577216388,1668713809000,2,0,0,5,7,0,0,0,0,1,0,0,0,0,0,auf Radweg ,0,Hamburg-Blankenese
53.573831016508684,10.03746948522562,1668713827000,2,0,0,5,7,0,0,0,0,0,0,1,0,0,0,auf Radweg,0,Hamburg-Blankenese
53.55542504183681,9.974010516804178,1667933550000,2,0,0,5,7,0,0,0,0,0,0,1,0,0,0,Dom: Auf Radweg geparkt,0,Hamburg-Blankenese
53.55444910984495,9.973164855879704,1667933568000,2,0,0,5,7,0,0,0,0,0,0,1,0,0,0,Dom: Auf Radweg geparkt,0,Hamburg-Blankenese
53.552933934098334,9.971757507894697,1667933596000,2,0,0,5,7,0,0,0,0,0,0,1,0,0,0,Dom: Auf Radweg geparkt,0,Hamburg-Blankenese
53.55184649108742,9.970824252430468,1667933620000,2,0,0,5,7,0,0,0,0,0,0,1,0,0,0,Dom: Auf Radweg geparkt,0,Hamburg-Blankenese
53.55156199503703,9.97052006762528,1667933626000,2,0,0,5,7,0,0,0,0,0,0,1,0,0,0,Dom: Auf Radweg geparkt,0,Hamburg-Blankenese
53.55457080956646,9.999376829598798,1668020538999,2,0,0,5,7,0,1,0,0,0,0,0,0,0,0,fährt links auf Radweg, muss rechts überholen. versteht meine Anmerkung zum Gefahr auch nicht wenn darauf angesprochen,0,Hamburg-Blankenese
53.552883704762664,9.996651580892925,1668020504999,2,0,0,5,7,0,1,0,0,0,0,0,0,0,0,fährt links auf Radweg, muss rechts überholen,0,Hamburg-Blankenese
53.55705100974758,9.972732928341452,1668165418999,2,0,0,5,7,0,0,0,0,1,0,0,0,0,0,,0,Hamburg-Blankenese
53.55743232871501,9.96891745920311,1668165458999,2,0,0,5,7,0,0,0,1,0,0,0,0,0,0,,0,Hamburg-Blankenese
53.57218670778111,10.035394597599359,1667330343000,2,0,0,5,7,0,0,0,0,0,0,1,0,0,0,auf Radweg,0,Hamburg-Blankenese
53.55426932754231,9.998877268827785,1669830024999,2,0,0,5,7,0,0,0,0,0,0,0,1,0,0,auf Radweg,0,Hamburg-Blankenese
53.56647191149252,10.031918585856404,1667803455000,2,0,0,5,7,0,0,0,0,0,0,1,0,0,0,Kreuzung blockiert,0,Hamburg-Blankenese
53.564251432644944,10.023950086023216,1670923599000,2,0,0,5,7,0,0,0,0,0,0,1,0,0,0,auf Radweg ,0,Hamburg-Blankenese
53.564251432644944,10.023950086023216,1670923599000,2,0,0,5,7,0,0,0,0,0,0,1,0,0,0,auf Radweg ,0,Hamburg-Blankenese
53.55409078881245,9.998523987292415,1671557491999,2,0,0,5,7,0,0,0,0,0,0,1,0,0,0,auf Radweg neben freiem Parkplatz,0,Hamburg-Blankenese
53.55759595138129,10.00509380617118,1671557597999,2,0,0,5,7,0,0,0,0,0,0,1,0,0,0,rechtsabbiegen von Holzwall auf Radweg,0,Hamburg-Blankenese
53.559165072320674,10.009138190991923,1671557648999,2,0,0,5,7,0,0,0,0,0,0,1,0,0,0,rechtsabbiegen von Holzwall auf Radweg,0,Hamburg-Blankenese
53.56000709148797,10.011279769699035,1671557673999,2,0,0,5,7,0,0,0,0,0,0,1,0,0,0,rechtsabbiegen von Holzwall auf Radweg,0,Hamburg-Blankenese
53.55563340897775,10.000999908395471,1671557528999,2,0,0,5,7,0,0,0,0,0,0,1,0,0,0,rechtsabbiegen überall auf Radweg,0,Hamburg-Blankenese
53.56372352540775,10.02110976659911,1671091927999,2,0,0,5,3,0,0,0,1,0,0,0,0,0,1,kommt aus Seitenstraße und überfährt mich und anderen Radfahrer fast ,0,Hamburg-Blankenese
53.56941186448941,10.056626332211657,1667042668999,2,0,0,5,7,0,0,0,0,0,0,1,0,0,0,auf Radweg von Tankstelle,0,Hamburg-Blankenese
53.5695799029724,10.057356854143933,1667042677999,2,0,0,5,7,0,0,0,0,0,0,1,0,0,0,quer auf Radweg ,0,Hamburg-Blankenese
53.581433878343454,9.988025377068107,1667039679999,2,0,0,5,3,0,0,0,0,0,0,1,0,0,0,biegt von Kreisverkehr ab ohne zu gucken,0,Hamburg-Blankenese
53.565344,9.821971,1648491839001,7,0,0,1,8,0,0,0,0,0,0,0,0,0,0,"Starke Steigung ",0,Hamburg-Blankenese
53.565645,9.826791,1648492052001,7,0,0,1,8,0,0,0,0,0,0,0,0,0,0,"Schlechte Ampel, stelle, Ampelschaltung",0,Hamburg-Blankenese
53.564660,9.839994,1648492246000,7,0,0,1,3,0,1,0,0,0,0,1,0,0,1,,0,Hamburg-Blankenese
53.564113,9.841910,1648492282000,7,0,0,1,4,0,0,0,0,0,0,0,0,0,0,,0,Hamburg-Blankenese
53.563788,9.843152,1648492303000,7,0,0,1,1,0,0,0,0,0,0,0,0,0,0,,0,Hamburg-Blankenese
53.563592,9.845170,1648492337999,7,0,0,1,8,0,0,0,0,0,0,0,0,0,0,"Fehlender Fahrradweg ",0,Hamburg-Blankenese
53.56042903700847,10.014747747530478,1657173352000,2,0,0,5,3,0,0,0,1,0,0,0,0,0,0,linksabbieger,0,Hamburg-Blankenese
53.57217701564585,10.038839266521608,1658250272000,2,0,0,5,7,0,0,0,0,0,0,1,0,0,0,kam aufms Gluckstraße und stand weit über gesamte Radwegbreite,0,Hamburg-Blankenese
53.54028265437347,10.009628116465526,1657045998999,2,0,0,5,7,0,0,0,0,0,0,1,0,0,0,auf Radweg, direkt vor Ampel ,0,Hamburg-Blankenese
53.52294852876357,10.01504146570589,1657046484999,2,0,0,5,7,0,0,0,0,0,0,1,0,0,0,auf Radweg. Ort ist Am Zollhafen, konnte Ereignis nicht richt7g platzieren ,0,Hamburg-Blankenese
53.56200318919293,10.016470373205436,1658857854999,2,0,0,5,7,0,0,0,0,0,0,1,0,0,0,auf Busspur/Radspur,0,Hamburg-Blankenese
53.55635163380076,10.005690180894806,1657211594999,2,0,0,5,4,0,0,0,0,0,0,0,1,0,1,überholt Radfahrer und kommt mir dabei sehr, sehr nah,0,Hamburg-Blankenese
53.55520766948302,10.00035198978321,1657211488999,2,0,0,5,3,0,0,0,0,0,0,0,1,0,1,Taxifahrer fährt über Radspur auf Rechtsabbiegerspur ohne zu gucken. meldet sich immerhin freiwillig bei mir als er Fehler gesehen hat,0,Hamburg-Blankenese
53.557007933663726,10.004248861286824,1657211569999,2,0,0,5,7,1,0,0,0,0,0,0,0,0,0,Bus halb auf Radspur geparkt. komme kaum durch bei viel Gegenverkehr,0,Hamburg-Blankenese
53.556796052198266,10.004869262191558,1657211579999,2,0,0,5,4,0,0,0,0,0,0,0,1,0,0,Steht im Stau so weit links, dass Radweg fast blockiert ist,0,Hamburg-Blankenese
53.558044,9.866865,1648470875000,1,0,0,2,8,0,0,0,0,0,0,0,0,0,0,"Schlaglöcher ",0,Hamburg-Blankenese
53.558246,9.876796,1648471017000,1,0,0,2,8,0,0,0,0,0,0,0,0,0,0,"Tiefe Schlaglöcher ",0,Hamburg-Blankenese
53.559263,9.880136,1648471197000,1,0,0,2,8,0,0,0,0,0,0,0,0,0,0,"Kantstein ",0,Hamburg-Blankenese
53.563342,9.812467,1648466981998,0,0,0,0,8,0,0,1,0,0,0,0,0,0,0,"Zu hoher Kantstein ",0,Hamburg-Blankenese
53.580678553222896,10.015430715351023,1650559182000,1,0,0,0,1,0,0,0,0,0,0,1,0,0,0,,0,Hamburg-Blankenese
53.578192197348955,9.97695992209493,1650558320999,1,0,0,0,3,0,0,0,0,0,0,1,0,0,0,,0,Hamburg-Blankenese
53.564304,9.858335,1649182788000,0,0,0,2,8,0,0,0,0,0,0,0,0,0,0,"Schlaglöcher ",0,Hamburg-Blankenese
53.55460572501854,9.999421488093338,1660666917000,2,0,0,5,7,0,0,0,0,0,0,0,1,0,0,auf Radweg,0,Hamburg-Blankenese
53.55681627961383,10.004679334715794,1660667041000,2,0,0,5,7,1,0,0,0,0,0,0,0,0,0,auf meiner Seite auf Parkplatz. war zu breit und konnte nicht vorbei. musste warten bis Gegenverkehr verschwunden war,0,Hamburg-Blankenese
53.555978536765544,10.005994645103701,1660667065000,2,0,0,5,2,0,0,0,0,0,0,1,0,0,0,rechts von mir geparkt fährt d der Autofahrer plötzlich weg. fast frontal Unfall,0,Hamburg-Blankenese
53.55460572501854,9.999421488093338,1660666917000,2,0,0,5,7,0,0,0,0,0,0,0,1,0,0,auf Radweg,0,Hamburg-Blankenese
53.55681627961383,10.004679334715794,1660667041000,2,0,0,5,7,1,0,0,0,0,0,0,0,0,0,auf meiner Seite auf Parkplatz. war zu breit und konnte nicht vorbei. musste warten bis Gegenverkehr verschwunden war,0,Hamburg-Blankenese
53.555978536765544,10.005994645103701,1660667065000,2,0,0,5,2,0,0,0,0,0,0,1,0,0,0,rechts von mir geparkt fährt d der Autofahrer plötzlich weg. fast frontal Unfall,0,Hamburg-Blankenese
53.554798255140014,9.973550975027806,1659465735999,2,0,0,5,2,0,0,0,0,0,0,1,0,0,0,viele, sehr unsicher wegen Dom,0,Hamburg-Blankenese
53.553814643858395,9.972663701757954,1659465720999,2,0,0,5,7,0,0,0,0,0,0,1,0,0,0,auf Radweg ,0,Hamburg-Blankenese
53.55593788178339,10.005962296383668,1663605551000,2,0,0,5,2,0,0,0,0,0,0,1,0,0,0,lunksparker parkt aus und guckt nur nach hinten,0,Hamburg-Blankenese
53.556467397891865,10.005283431883688,1663605539000,2,0,0,5,4,0,0,0,0,0,0,1,0,0,0,zu viel nach links, gerade noch 50cm frei,0,Hamburg-Blankenese
53.573494331789,10.03778469083807,1663606122000,2,0,0,5,2,0,0,0,0,0,0,1,0,0,0,blockiert Radweg beim wenden einiger zeit,0,Hamburg-Blankenese
53.556945356264066,10.004415302035804,1663605526999,2,0,0,5,4,0,0,0,0,0,0,1,0,0,0,fährt zu weit links, kan kam vorbei,0,Hamburg-Blankenese
53.55671442087258,10.004873386128912,1663605532999,2,0,0,5,4,1,0,0,0,0,0,0,0,0,0,zu breit, komme kaum durch,0,Hamburg-Blankenese
53.55651407689645,10.005459568736274,1663416090999,2,0,0,5,4,0,0,0,0,0,0,1,0,0,0,zu weit links. muss absteigen um vorbei zu kommen,0,Hamburg-Blankenese
53.55708684875514,10.00405939512127,1663416072999,2,0,0,5,4,0,0,0,0,0,0,1,0,0,0,steht zu weit links vor ampel,0,Hamburg-Blankenese
53.55689635537674,10.004564338406205,1663416078999,2,0,0,5,4,0,0,0,0,0,0,1,0,0,0,komm kaum vorbei. Autofahrer zu weit links vor ampel,0,Hamburg-Blankenese
53.56211511230429,10.016547241927661,1662728448999,2,0,0,5,7,0,0,0,0,0,0,1,0,0,0,blockiert Kreuzung\n,0,Hamburg-Blankenese
53.56480856986554,10.033779016365694,1663947028999,2,0,0,5,7,0,0,0,0,0,0,1,0,0,0,aus Seitenstraße blockiert Radweg ,0,Hamburg-Blankenese
53.559436523949735,10.013858493250094,1663514809999,2,0,0,5,2,0,0,0,0,0,0,1,0,0,0,macht Autotür vor Nase auf,0,Hamburg-Blankenese
