{
  "type" : "FeatureCollection",
  "features" : [ {
    "type" : "Feature",
    "properties" : {
      "date" : "09/05/2021 18:05:04",
      "bikeType" : "-",
      "child" : "Nein",
      "trailer" : "Nein",
      "pLoc" : "Hosentasche",
      "incident" : "Zu dichtes Überholen",
      "participant" : "",
      "scary" : "Nein",
      "descr" : "",
      "region" : "Breisgau-Hochschwarzwald"
    },
    "geometry" : {
      "type" : "Point",
      "coordinates" : [ 7.85424935, 47.99018829 ]
    }
  }, {
    "type" : "Feature",
    "properties" : {
      "date" : "09/05/2021 17:51:21",
      "bikeType" : "-",
      "child" : "Nein",
      "trailer" : "Nein",
      "pLoc" : "Hosentasche",
      "incident" : "Entgegenkommender Verkehrsteilnehmer",
      "participant" : "",
      "scary" : "Ja",
      "descr" : "",
      "region" : "Breisgau-Hochschwarzwald"
    },
    "geometry" : {
      "type" : "Point",
      "coordinates" : [ 7.81772002, 47.99832026 ]
    }
  }, {
    "type" : "Feature",
    "properties" : {
      "date" : "23/04/2021 08:56:35",
      "bikeType" : "-",
      "child" : "Nein",
      "trailer" : "Nein",
      "pLoc" : "Hosentasche",
      "incident" : "Ein- oder ausparkendes Fahrzeug",
      "participant" : "",
      "scary" : "Ja",
      "descr" : "sehr schnell fahrendes Auto nimmt mir die Vorfahrt. ",
      "region" : "Breisgau-Hochschwarzwald"
    },
    "geometry" : {
      "type" : "Point",
      "coordinates" : [ 7.831835579127073, 47.99533332232386 ]
    }
  }, {
    "type" : "Feature",
    "properties" : {
      "date" : "19/04/2021 21:58:48",
      "bikeType" : "-",
      "child" : "Nein",
      "trailer" : "Nein",
      "pLoc" : "Hosentasche",
      "incident" : "Entgegenkommender Verkehrsteilnehmer",
      "participant" : "Fahrrad",
      "scary" : "Nein",
      "descr" : "Radfahrer von links hat stark Kurve geschnitten",
      "region" : "Breisgau-Hochschwarzwald"
    },
    "geometry" : {
      "type" : "Point",
      "coordinates" : [ 7.717966666666666, 47.980841666666656 ]
    }
  }, {
    "type" : "Feature",
    "properties" : {
      "date" : "20/04/2021 16:25:00",
      "bikeType" : "-",
      "child" : "Nein",
      "trailer" : "Nein",
      "pLoc" : "Hosentasche",
      "incident" : "Hindernis ausweichen (z.B. Hund)",
      "participant" : "",
      "scary" : "Nein",
      "descr" : "Auto mitten auf dem Radweg in der Fußgängerzone. hat sich verfahren wie so oft hier ",
      "region" : "Breisgau-Hochschwarzwald"
    },
    "geometry" : {
      "type" : "Point",
      "coordinates" : [ 7.845818605273962, 47.995404484681785 ]
    }
  }, {
    "type" : "Feature",
    "properties" : {
      "date" : "20/04/2021 16:20:05",
      "bikeType" : "-",
      "child" : "Nein",
      "trailer" : "Nein",
      "pLoc" : "Hosentasche",
      "incident" : "Ein- oder ausparkendes Fahrzeug",
      "participant" : "",
      "scary" : "Nein",
      "descr" : "",
      "region" : "Breisgau-Hochschwarzwald"
    },
    "geometry" : {
      "type" : "Point",
      "coordinates" : [ 7.853058893233538, 48.00636738538742 ]
    }
  }, {
    "type" : "Feature",
    "properties" : {
      "date" : "20/04/2021 15:42:48",
      "bikeType" : "City-/Trekking Bike",
      "child" : "Nein",
      "trailer" : "Nein",
      "pLoc" : "Rucksack/Tasche",
      "incident" : "Hindernis ausweichen (z.B. Hund)",
      "participant" : "Bus",
      "scary" : "Ja",
      "descr" : "Hier teilen sich Rad und Bus eine Spur bis zur Ampel. Der Busfahrer stand hier aber und machte Pause. Daher musste ich auf die Autospur ausweichen und später die Busspur mit dem nun anfahrenden Bus wieder kreuzen um zum Radweg zu gelangen ",
      "region" : "Breisgau-Hochschwarzwald"
    },
    "geometry" : {
      "type" : "Point",
      "coordinates" : [ 7.854507, 47.991005 ]
    }
  }, {
    "type" : "Feature",
    "properties" : {
      "date" : "20/04/2021 14:51:58",
      "bikeType" : "City-/Trekking Bike",
      "child" : "Nein",
      "trailer" : "Nein",
      "pLoc" : "Rucksack/Tasche",
      "incident" : "Hindernis ausweichen (z.B. Hund)",
      "participant" : "LKW",
      "scary" : "Ja",
      "descr" : "LkW stand quer über Radweg. Musste mit Kind auf die dicht befahrene Straße ausweichen ",
      "region" : "Breisgau-Hochschwarzwald"
    },
    "geometry" : {
      "type" : "Point",
      "coordinates" : [ 7.854872, 47.993247 ]
    }
  }, {
    "type" : "Feature",
    "properties" : {
      "date" : "20/04/2021 09:26:59",
      "bikeType" : "-",
      "child" : "Nein",
      "trailer" : "Nein",
      "pLoc" : "Hosentasche",
      "incident" : "Beinahe-Abbiegeunfall",
      "participant" : "",
      "scary" : "Nein",
      "descr" : "rechtsabbieger schneidet mich ",
      "region" : "Breisgau-Hochschwarzwald"
    },
    "geometry" : {
      "type" : "Point",
      "coordinates" : [ 7.855258472263813, 48.00739106722176 ]
    }
  } ]
}