lat,lon,ts,bike,childCheckBox,trailerCheckBox,pLoc,incident,i1,i2,i3,i4,i5,i6,i7,i8,i9,scary,desc,i10,region
47.995404484681785,7.845818605273962,1618928700000,0,0,0,0,7,0,0,0,0,0,0,0,0,0,0,Auto mitten auf dem Radweg in der Fußgängerzone. hat sich verfahren wie so oft hier ,0,Breisgau-Hochschwarzwald
48.00636738538742,7.853058893233538,1618928405000,0,0,0,0,2,0,0,0,0,0,0,0,0,0,0,,0,Breisgau-Hochschwarzwald
47.980841666666656,7.717966666666666,1618862328000,0,0,0,0,4,0,1,0,0,0,0,0,0,0,0,Radfahrer von links hat stark Kurve geschnitten,0,Breisgau-Hochschwarzwald
47.99533332232386,7.831835579127073,1619160995000,0,0,0,0,2,0,0,0,0,0,0,0,0,0,1,sehr schnell fahrendes Auto nimmt mir die Vorfahrt. ,0,Breisgau-Hochschwarzwald
47.991005,7.854507,1618926168987,1,0,0,5,7,1,0,0,0,0,0,0,0,0,1,"Hier teilen sich Rad und Bus eine Spur bis zur Ampel. Der Busfahrer stand hier aber und machte Pause. Daher musste ich auf die Autospur ausweichen und später die Busspur mit dem nun anfahrenden Bus wieder kreuzen um zum Radweg zu gelangen ",0,Breisgau-Hochschwarzwald
48.00739106722176,7.855258472263813,1618903619000,0,0,0,0,3,0,0,0,0,0,0,0,0,0,0,rechtsabbieger schneidet mich ,0,Breisgau-Hochschwarzwald
47.993247,7.854872,1618923118998,1,0,0,5,7,0,0,0,0,1,0,0,0,0,1,"LkW stand quer über Radweg. Musste mit Kind auf die dicht befahrene Straße ausweichen ",0,Breisgau-Hochschwarzwald
47.99018829,7.85424935,1620576304000,0,0,0,0,1,0,0,0,0,0,0,0,0,0,0,,0,Breisgau-Hochschwarzwald
47.99832026,7.81772002,1620575481000,0,0,0,0,4,0,0,0,0,0,0,0,0,0,1,,0,Breisgau-Hochschwarzwald
