{
  "type" : "FeatureCollection",
  "features" : [ {
    "type" : "Feature",
    "properties" : {
      "date" : "30/04/2021 10:41:38",
      "bikeType" : "City-/Trekking Bike",
      "child" : "Nein",
      "trailer" : "Nein",
      "pLoc" : "Hosentasche",
      "incident" : "Sonstiges",
      "participant" : "",
      "scary" : "Nein",
      "descr" : "Baustelle ",
      "region" : "Alzey"
    },
    "geometry" : {
      "type" : "Point",
      "coordinates" : [ 7.588327, 50.344223 ]
    }
  }, {
    "type" : "Feature",
    "properties" : {
      "date" : "29/04/2021 16:26:13",
      "bikeType" : "City-/Trekking Bike",
      "child" : "Nein",
      "trailer" : "Nein",
      "pLoc" : "Hosentasche",
      "incident" : "Entgegenkommender Verkehrsteilnehmer",
      "participant" : "PKW",
      "scary" : "Nein",
      "descr" : "",
      "region" : "Alzey"
    },
    "geometry" : {
      "type" : "Point",
      "coordinates" : [ 7.559505, 50.351597 ]
    }
  }, {
    "type" : "Feature",
    "properties" : {
      "date" : "23/04/2021 07:45:25",
      "bikeType" : "City-/Trekking Bike",
      "child" : "Nein",
      "trailer" : "Nein",
      "pLoc" : "Hosentasche",
      "incident" : "Ein- oder ausparkendes Fahrzeug",
      "participant" : "PKW",
      "scary" : "Ja",
      "descr" : "",
      "region" : "Alzey"
    },
    "geometry" : {
      "type" : "Point",
      "coordinates" : [ 7.565206, 50.356201 ]
    }
  }, {
    "type" : "Feature",
    "properties" : {
      "date" : "21/04/2021 07:59:15",
      "bikeType" : "City-/Trekking Bike",
      "child" : "Nein",
      "trailer" : "Nein",
      "pLoc" : "Hosentasche",
      "incident" : "Entgegenkommender Verkehrsteilnehmer",
      "participant" : "PKW",
      "scary" : "Ja",
      "descr" : "",
      "region" : "Alzey"
    },
    "geometry" : {
      "type" : "Point",
      "coordinates" : [ 7.563835, 50.355975 ]
    }
  }, {
    "type" : "Feature",
    "properties" : {
      "date" : "30/04/2021 14:45:13",
      "bikeType" : "City-/Trekking Bike",
      "child" : "Nein",
      "trailer" : "Nein",
      "pLoc" : "Hosentasche",
      "incident" : "Sonstiges",
      "participant" : "",
      "scary" : "Nein",
      "descr" : "Kette abgesprungen auf dem holprigen Radweg ",
      "region" : "Alzey"
    },
    "geometry" : {
      "type" : "Point",
      "coordinates" : [ 7.58021, 50.352671 ]
    }
  }, {
    "type" : "Feature",
    "properties" : {
      "date" : "30/04/2021 07:44:17",
      "bikeType" : "City-/Trekking Bike",
      "child" : "Nein",
      "trailer" : "Nein",
      "pLoc" : "Hosentasche",
      "incident" : "Entgegenkommender Verkehrsteilnehmer",
      "participant" : "PKW",
      "scary" : "Nein",
      "descr" : "",
      "region" : "Alzey"
    },
    "geometry" : {
      "type" : "Point",
      "coordinates" : [ 7.562714, 50.35509 ]
    }
  }, {
    "type" : "Feature",
    "properties" : {
      "date" : "27/04/2021 07:41:42",
      "bikeType" : "City-/Trekking Bike",
      "child" : "Nein",
      "trailer" : "Nein",
      "pLoc" : "Hosentasche",
      "incident" : "Hindernis ausweichen (z.B. Hund)",
      "participant" : "LKW",
      "scary" : "Nein",
      "descr" : "",
      "region" : "Alzey"
    },
    "geometry" : {
      "type" : "Point",
      "coordinates" : [ 7.58107, 50.352576 ]
    }
  }, {
    "type" : "Feature",
    "properties" : {
      "date" : "20/05/2021 07:42:49",
      "bikeType" : "City-/Trekking Bike",
      "child" : "Nein",
      "trailer" : "Nein",
      "pLoc" : "Hosentasche",
      "incident" : "Beinahe-Abbiegeunfall",
      "participant" : "PKW",
      "scary" : "Nein",
      "descr" : "",
      "region" : "Alzey"
    },
    "geometry" : {
      "type" : "Point",
      "coordinates" : [ 7.561327, 50.352884 ]
    }
  }, {
    "type" : "Feature",
    "properties" : {
      "date" : "01/06/2021 18:01:59",
      "bikeType" : "City-/Trekking Bike",
      "child" : "Nein",
      "trailer" : "Nein",
      "pLoc" : "Hosentasche",
      "incident" : "Entgegenkommender Verkehrsteilnehmer",
      "participant" : "PKW",
      "scary" : "Nein",
      "descr" : "",
      "region" : "Alzey"
    },
    "geometry" : {
      "type" : "Point",
      "coordinates" : [ 7.562794, 50.355259 ]
    }
  }, {
    "type" : "Feature",
    "properties" : {
      "date" : "01/06/2021 18:03:11",
      "bikeType" : "City-/Trekking Bike",
      "child" : "Nein",
      "trailer" : "Nein",
      "pLoc" : "Hosentasche",
      "incident" : "Ein- oder ausparkendes Fahrzeug",
      "participant" : "PKW",
      "scary" : "Ja",
      "descr" : "rückwärts ohne den Verkehr zu beachten",
      "region" : "Alzey"
    },
    "geometry" : {
      "type" : "Point",
      "coordinates" : [ 7.560886, 50.353254 ]
    }
  }, {
    "type" : "Feature",
    "properties" : {
      "date" : "01/06/2021 18:04:05",
      "bikeType" : "City-/Trekking Bike",
      "child" : "Nein",
      "trailer" : "Nein",
      "pLoc" : "Hosentasche",
      "incident" : "Entgegenkommender Verkehrsteilnehmer",
      "participant" : "PKW",
      "scary" : "Ja",
      "descr" : "",
      "region" : "Alzey"
    },
    "geometry" : {
      "type" : "Point",
      "coordinates" : [ 7.560148, 50.352222 ]
    }
  }, {
    "type" : "Feature",
    "properties" : {
      "date" : "07/06/2021 15:17:35",
      "bikeType" : "City-/Trekking Bike",
      "child" : "Nein",
      "trailer" : "Nein",
      "pLoc" : "Hosentasche",
      "incident" : "Ein- oder ausparkendes Fahrzeug",
      "participant" : "Bus",
      "scary" : "Nein",
      "descr" : "",
      "region" : "Alzey"
    },
    "geometry" : {
      "type" : "Point",
      "coordinates" : [ 7.595397, 50.359151 ]
    }
  }, {
    "type" : "Feature",
    "properties" : {
      "date" : "27/05/2021 07:41:53",
      "bikeType" : "City-/Trekking Bike",
      "child" : "Nein",
      "trailer" : "Nein",
      "pLoc" : "Hosentasche",
      "incident" : "Entgegenkommender Verkehrsteilnehmer",
      "participant" : "PKW",
      "scary" : "Nein",
      "descr" : "",
      "region" : "Alzey"
    },
    "geometry" : {
      "type" : "Point",
      "coordinates" : [ 7.563814, 50.356011 ]
    }
  }, {
    "type" : "Feature",
    "properties" : {
      "date" : "02/06/2021 07:44:03",
      "bikeType" : "City-/Trekking Bike",
      "child" : "Nein",
      "trailer" : "Nein",
      "pLoc" : "Hosentasche",
      "incident" : "Entgegenkommender Verkehrsteilnehmer",
      "participant" : "",
      "scary" : "Nein",
      "descr" : "",
      "region" : "Alzey"
    },
    "geometry" : {
      "type" : "Point",
      "coordinates" : [ 7.563849, 50.355956 ]
    }
  }, {
    "type" : "Feature",
    "properties" : {
      "date" : "28/05/2021 07:45:15",
      "bikeType" : "City-/Trekking Bike",
      "child" : "Nein",
      "trailer" : "Nein",
      "pLoc" : "Hosentasche",
      "incident" : "Entgegenkommender Verkehrsteilnehmer",
      "participant" : "LKW",
      "scary" : "Nein",
      "descr" : "",
      "region" : "Alzey"
    },
    "geometry" : {
      "type" : "Point",
      "coordinates" : [ 7.563903, 50.355957 ]
    }
  }, {
    "type" : "Feature",
    "properties" : {
      "date" : "07/06/2021 15:34:50",
      "bikeType" : "City-/Trekking Bike",
      "child" : "Nein",
      "trailer" : "Nein",
      "pLoc" : "Hosentasche",
      "incident" : "Hindernis ausweichen (z.B. Hund)",
      "participant" : "Fußgänger",
      "scary" : "Nein",
      "descr" : "",
      "region" : "Alzey"
    },
    "geometry" : {
      "type" : "Point",
      "coordinates" : [ 7.587768, 50.355659 ]
    }
  }, {
    "type" : "Feature",
    "properties" : {
      "date" : "01/06/2021 07:36:27",
      "bikeType" : "City-/Trekking Bike",
      "child" : "Nein",
      "trailer" : "Nein",
      "pLoc" : "Hosentasche",
      "incident" : "Entgegenkommender Verkehrsteilnehmer",
      "participant" : "PKW",
      "scary" : "Nein",
      "descr" : "",
      "region" : "Alzey"
    },
    "geometry" : {
      "type" : "Point",
      "coordinates" : [ 7.562767, 50.355058 ]
    }
  } ]
}