{
  "type" : "FeatureCollection",
  "features" : [ {
    "type" : "Feature",
    "properties" : {
      "date" : "28/04/2021 14:37:22",
      "bikeType" : "-",
      "child" : "Nein",
      "trailer" : "Nein",
      "pLoc" : "Hosentasche",
      "incident" : "Hindernis ausweichen (z.B. Hund)",
      "participant" : "",
      "scary" : "Nein",
      "descr" : "",
      "region" : "Mainz"
    },
    "geometry" : {
      "type" : "Point",
      "coordinates" : [ 8.26449, 50.000593333333335 ]
    }
  }, {
    "type" : "Feature",
    "properties" : {
      "date" : "28/04/2021 14:36:22",
      "bikeType" : "-",
      "child" : "Nein",
      "trailer" : "Nein",
      "pLoc" : "Hosentasche",
      "incident" : "Hindernis ausweichen (z.B. Hund)",
      "participant" : "",
      "scary" : "Nein",
      "descr" : "",
      "region" : "Mainz"
    },
    "geometry" : {
      "type" : "Point",
      "coordinates" : [ 8.261566666666665, 50.000175000000006 ]
    }
  }, {
    "type" : "Feature",
    "properties" : {
      "date" : "29/04/2021 14:00:37",
      "bikeType" : "-",
      "child" : "Nein",
      "trailer" : "Nein",
      "pLoc" : "Hosentasche",
      "incident" : "Entgegenkommender Verkehrsteilnehmer",
      "participant" : "Fahrrad",
      "scary" : "Nein",
      "descr" : "",
      "region" : "Mainz"
    },
    "geometry" : {
      "type" : "Point",
      "coordinates" : [ 8.260063333333333, 49.999826666666664 ]
    }
  }, {
    "type" : "Feature",
    "properties" : {
      "date" : "29/04/2021 14:01:22",
      "bikeType" : "-",
      "child" : "Nein",
      "trailer" : "Nein",
      "pLoc" : "Hosentasche",
      "incident" : "Hindernis ausweichen (z.B. Hund)",
      "participant" : "",
      "scary" : "Nein",
      "descr" : "",
      "region" : "Mainz"
    },
    "geometry" : {
      "type" : "Point",
      "coordinates" : [ 8.262088333333333, 50.00019833333334 ]
    }
  }, {
    "type" : "Feature",
    "properties" : {
      "date" : "29/04/2021 08:49:15",
      "bikeType" : "-",
      "child" : "Nein",
      "trailer" : "Nein",
      "pLoc" : "Hosentasche",
      "incident" : "Entgegenkommender Verkehrsteilnehmer",
      "participant" : "Fahrrad",
      "scary" : "Nein",
      "descr" : "",
      "region" : "Mainz"
    },
    "geometry" : {
      "type" : "Point",
      "coordinates" : [ 8.256233333333334, 49.998348333333325 ]
    }
  }, {
    "type" : "Feature",
    "properties" : {
      "date" : "29/04/2021 08:54:26",
      "bikeType" : "-",
      "child" : "Nein",
      "trailer" : "Nein",
      "pLoc" : "Hosentasche",
      "incident" : "Zu dichtes Überholen",
      "participant" : "",
      "scary" : "Nein",
      "descr" : "",
      "region" : "Mainz"
    },
    "geometry" : {
      "type" : "Point",
      "coordinates" : [ 8.24517, 49.99070166666667 ]
    }
  }, {
    "type" : "Feature",
    "properties" : {
      "date" : "31/03/2021 13:15:56",
      "bikeType" : "Road Racing Bike",
      "child" : "Nein",
      "trailer" : "Nein",
      "pLoc" : "Hosentasche",
      "incident" : "Zu dichtes Überholen",
      "participant" : "PKW",
      "scary" : "Nein",
      "descr" : "",
      "region" : "Mainz"
    },
    "geometry" : {
      "type" : "Point",
      "coordinates" : [ 8.279171, 50.025267 ]
    }
  }, {
    "type" : "Feature",
    "properties" : {
      "date" : "31/03/2021 13:19:48",
      "bikeType" : "Road Racing Bike",
      "child" : "Nein",
      "trailer" : "Nein",
      "pLoc" : "Hosentasche",
      "incident" : "Zu dichtes Überholen",
      "participant" : "PKW",
      "scary" : "Ja",
      "descr" : "",
      "region" : "Mainz"
    },
    "geometry" : {
      "type" : "Point",
      "coordinates" : [ 8.277435, 50.033772 ]
    }
  }, {
    "type" : "Feature",
    "properties" : {
      "date" : "31/03/2021 13:25:37",
      "bikeType" : "Road Racing Bike",
      "child" : "Nein",
      "trailer" : "Nein",
      "pLoc" : "Hosentasche",
      "incident" : "Beinahe-Abbiegeunfall",
      "participant" : "Lieferwagen",
      "scary" : "Ja",
      "descr" : "Sehr gefährlicher Kreisel! Übliche Stelle wo man höllisch aufpassen muss",
      "region" : "Mainz"
    },
    "geometry" : {
      "type" : "Point",
      "coordinates" : [ 8.25548, 50.045119 ]
    }
  }, {
    "type" : "Feature",
    "properties" : {
      "date" : "26/03/2021 17:46:45",
      "bikeType" : "Road Racing Bike",
      "child" : "Nein",
      "trailer" : "Nein",
      "pLoc" : "Hosentasche",
      "incident" : "Zu dichtes Überholen",
      "participant" : "PKW",
      "scary" : "Ja",
      "descr" : "",
      "region" : "Mainz"
    },
    "geometry" : {
      "type" : "Point",
      "coordinates" : [ 8.266012, 50.063542 ]
    }
  }, {
    "type" : "Feature",
    "properties" : {
      "date" : "26/03/2021 18:41:47",
      "bikeType" : "Road Racing Bike",
      "child" : "Nein",
      "trailer" : "Nein",
      "pLoc" : "Hosentasche",
      "incident" : "Zu dichtes Überholen",
      "participant" : "Lieferwagen",
      "scary" : "Nein",
      "descr" : "",
      "region" : "Mainz"
    },
    "geometry" : {
      "type" : "Point",
      "coordinates" : [ 8.291845, 50.011384 ]
    }
  }, {
    "type" : "Feature",
    "properties" : {
      "date" : "25/03/2021 19:43:51",
      "bikeType" : "Road Racing Bike",
      "child" : "Nein",
      "trailer" : "Nein",
      "pLoc" : "Hosentasche",
      "incident" : "Beinahe-Abbiegeunfall",
      "participant" : "PKW",
      "scary" : "Nein",
      "descr" : "Übliche Stelle. Hier kreuzt Fahrradweg Abbiegespur",
      "region" : "Mainz"
    },
    "geometry" : {
      "type" : "Point",
      "coordinates" : [ 8.26397, 50.067729 ]
    }
  }, {
    "type" : "Feature",
    "properties" : {
      "date" : "25/03/2021 20:44:06",
      "bikeType" : "Road Racing Bike",
      "child" : "Nein",
      "trailer" : "Nein",
      "pLoc" : "Hosentasche",
      "incident" : "Zu dichtes Überholen",
      "participant" : "Lieferwagen",
      "scary" : "Nein",
      "descr" : "",
      "region" : "Mainz"
    },
    "geometry" : {
      "type" : "Point",
      "coordinates" : [ 8.24847, 50.004387 ]
    }
  }, {
    "type" : "Feature",
    "properties" : {
      "date" : "25/03/2021 13:06:28",
      "bikeType" : "Road Racing Bike",
      "child" : "Nein",
      "trailer" : "Nein",
      "pLoc" : "Hosentasche",
      "incident" : "Zu dichtes Auffahren",
      "participant" : "PKW",
      "scary" : "Nein",
      "descr" : "",
      "region" : "Mainz"
    },
    "geometry" : {
      "type" : "Point",
      "coordinates" : [ 8.270448, 50.005485 ]
    }
  }, {
    "type" : "Feature",
    "properties" : {
      "date" : "25/03/2021 13:16:14",
      "bikeType" : "Road Racing Bike",
      "child" : "Nein",
      "trailer" : "Nein",
      "pLoc" : "Hosentasche",
      "incident" : "Beinahe-Abbiegeunfall",
      "participant" : "PKW",
      "scary" : "Ja",
      "descr" : "An diesem Kreisel im Industriegebiet hat man den Eindruck, einige Autos wollen nicht anhalten, obwohl man im Kreisel Vorfahrt hat fahren die Autos weiter und die Fahrer schauen einen dabei an",
      "region" : "Mainz"
    },
    "geometry" : {
      "type" : "Point",
      "coordinates" : [ 8.281662, 50.028732 ]
    }
  }, {
    "type" : "Feature",
    "properties" : {
      "date" : "25/03/2021 13:33:47",
      "bikeType" : "Road Racing Bike",
      "child" : "Nein",
      "trailer" : "Nein",
      "pLoc" : "Hosentasche",
      "incident" : "Beinahe-Abbiegeunfall",
      "participant" : "PKW",
      "scary" : "Ja",
      "descr" : "",
      "region" : "Mainz"
    },
    "geometry" : {
      "type" : "Point",
      "coordinates" : [ 8.261397, 50.06217 ]
    }
  }, {
    "type" : "Feature",
    "properties" : {
      "date" : "30/03/2021 20:28:42",
      "bikeType" : "Road Racing Bike",
      "child" : "Nein",
      "trailer" : "Nein",
      "pLoc" : "Hosentasche",
      "incident" : "Ein- oder ausparkendes Fahrzeug",
      "participant" : "PKW",
      "scary" : "Nein",
      "descr" : "Tankstellenausfahrt",
      "region" : "Mainz"
    },
    "geometry" : {
      "type" : "Point",
      "coordinates" : [ 8.259921, 50.070016 ]
    }
  }, {
    "type" : "Feature",
    "properties" : {
      "date" : "30/03/2021 20:59:24",
      "bikeType" : "Road Racing Bike",
      "child" : "Nein",
      "trailer" : "Nein",
      "pLoc" : "Hosentasche",
      "incident" : "Zu dichtes Überholen",
      "participant" : "PKW",
      "scary" : "Nein",
      "descr" : "",
      "region" : "Mainz"
    },
    "geometry" : {
      "type" : "Point",
      "coordinates" : [ 8.251465, 50.002991 ]
    }
  }, {
    "type" : "Feature",
    "properties" : {
      "date" : "30/03/2021 20:59:36",
      "bikeType" : "Road Racing Bike",
      "child" : "Nein",
      "trailer" : "Nein",
      "pLoc" : "Hosentasche",
      "incident" : "Zu dichtes Überholen",
      "participant" : "PKW",
      "scary" : "Nein",
      "descr" : "",
      "region" : "Mainz"
    },
    "geometry" : {
      "type" : "Point",
      "coordinates" : [ 8.250844, 50.003316 ]
    }
  }, {
    "type" : "Feature",
    "properties" : {
      "date" : "30/03/2021 20:59:48",
      "bikeType" : "Road Racing Bike",
      "child" : "Nein",
      "trailer" : "Nein",
      "pLoc" : "Hosentasche",
      "incident" : "Zu dichtes Überholen",
      "participant" : "",
      "scary" : "Nein",
      "descr" : "",
      "region" : "Mainz"
    },
    "geometry" : {
      "type" : "Point",
      "coordinates" : [ 8.250229, 50.003656 ]
    }
  }, {
    "type" : "Feature",
    "properties" : {
      "date" : "31/03/2021 20:11:04",
      "bikeType" : "Road Racing Bike",
      "child" : "Nein",
      "trailer" : "Nein",
      "pLoc" : "Hosentasche",
      "incident" : "Beinahe-Dooring",
      "participant" : "PKW",
      "scary" : "Nein",
      "descr" : "",
      "region" : "Mainz"
    },
    "geometry" : {
      "type" : "Point",
      "coordinates" : [ 8.281083, 50.028141 ]
    }
  }, {
    "type" : "Feature",
    "properties" : {
      "date" : "31/03/2021 20:20:32",
      "bikeType" : "Road Racing Bike",
      "child" : "Nein",
      "trailer" : "Nein",
      "pLoc" : "Hosentasche",
      "incident" : "Zu dichtes Überholen",
      "participant" : "PKW",
      "scary" : "Ja",
      "descr" : "",
      "region" : "Mainz"
    },
    "geometry" : {
      "type" : "Point",
      "coordinates" : [ 8.278081, 50.011016 ]
    }
  }, {
    "type" : "Feature",
    "properties" : {
      "date" : "31/03/2021 20:28:31",
      "bikeType" : "Road Racing Bike",
      "child" : "Nein",
      "trailer" : "Nein",
      "pLoc" : "Hosentasche",
      "incident" : "Beinahe-Abbiegeunfall",
      "participant" : "PKW",
      "scary" : "Nein",
      "descr" : "",
      "region" : "Mainz"
    },
    "geometry" : {
      "type" : "Point",
      "coordinates" : [ 8.26087, 50.000453 ]
    }
  }, {
    "type" : "Feature",
    "properties" : {
      "date" : "30/03/2021 12:06:53",
      "bikeType" : "Road Racing Bike",
      "child" : "Nein",
      "trailer" : "Nein",
      "pLoc" : "Hosentasche",
      "incident" : "Beinahe-Dooring",
      "participant" : "PKW",
      "scary" : "Ja",
      "descr" : "",
      "region" : "Mainz"
    },
    "geometry" : {
      "type" : "Point",
      "coordinates" : [ 8.283924, 50.033452 ]
    }
  }, {
    "type" : "Feature",
    "properties" : {
      "date" : "27/03/2021 18:33:12",
      "bikeType" : "Road Racing Bike",
      "child" : "Nein",
      "trailer" : "Nein",
      "pLoc" : "Hosentasche",
      "incident" : "Zu dichtes Überholen",
      "participant" : "Lieferwagen, PKW",
      "scary" : "Nein",
      "descr" : "Insgesamt enge Straße mit vielen parkenden Autos. Der Rest muss dicht überholen wenn Gegenverkehr kommt.",
      "region" : "Mainz"
    },
    "geometry" : {
      "type" : "Point",
      "coordinates" : [ 8.256892, 50.067788 ]
    }
  }, {
    "type" : "Feature",
    "properties" : {
      "date" : "26/03/2021 11:24:54",
      "bikeType" : "Road Racing Bike",
      "child" : "Nein",
      "trailer" : "Nein",
      "pLoc" : "Hosentasche",
      "incident" : "Entgegenkommender Verkehrsteilnehmer",
      "participant" : "",
      "scary" : "Ja",
      "descr" : "Einbahnstraße mit Erlaubnis für Fahrräder im Gegenverkehr. Das passt dem einen oder anderen Autofahrer nicht. Dichtes vorbeifahren unter BlickKontakt. Übliche Erfahrung an dieser Stelle",
      "region" : "Mainz"
    },
    "geometry" : {
      "type" : "Point",
      "coordinates" : [ 8.261431, 50.00639 ]
    }
  }, {
    "type" : "Feature",
    "properties" : {
      "date" : "27/03/2021 12:17:34",
      "bikeType" : "Road Racing Bike",
      "child" : "Nein",
      "trailer" : "Nein",
      "pLoc" : "Hosentasche",
      "incident" : "Zu dichtes Überholen",
      "participant" : "PKW",
      "scary" : "Nein",
      "descr" : "",
      "region" : "Mainz"
    },
    "geometry" : {
      "type" : "Point",
      "coordinates" : [ 8.255319, 50.016053 ]
    }
  }, {
    "type" : "Feature",
    "properties" : {
      "date" : "24/03/2021 14:57:50",
      "bikeType" : "Road Racing Bike",
      "child" : "Nein",
      "trailer" : "Nein",
      "pLoc" : "Hosentasche",
      "incident" : "Beinahe-Abbiegeunfall",
      "participant" : "PKW",
      "scary" : "Ja",
      "descr" : "An dieser Tankstelle tägliche Erfahrung",
      "region" : "Mainz"
    },
    "geometry" : {
      "type" : "Point",
      "coordinates" : [ 8.25894, 50.070701 ]
    }
  }, {
    "type" : "Feature",
    "properties" : {
      "date" : "24/03/2021 14:58:06",
      "bikeType" : "Road Racing Bike",
      "child" : "Nein",
      "trailer" : "Nein",
      "pLoc" : "Hosentasche",
      "incident" : "Ein- oder ausparkendes Fahrzeug",
      "participant" : "PKW",
      "scary" : "Nein",
      "descr" : "Tägliche Erfahrung an dieser Tankstelle. Autos kreuzen den Fahrradweg beim Verlassen der Tankstelle ohne auf die Fahrradfahrer zu achten",
      "region" : "Mainz"
    },
    "geometry" : {
      "type" : "Point",
      "coordinates" : [ 8.259696, 50.070181 ]
    }
  }, {
    "type" : "Feature",
    "properties" : {
      "date" : "24/03/2021 15:11:43",
      "bikeType" : "Road Racing Bike",
      "child" : "Nein",
      "trailer" : "Nein",
      "pLoc" : "Hosentasche",
      "incident" : "Beinahe-Abbiegeunfall",
      "participant" : "Lieferwagen",
      "scary" : "Ja",
      "descr" : "Ein hochgefährlicher Autokreisel. Wenn man als Fahrradfahrer in den Kreisel fährt, kommt es oft vor, dass PKWs, Transporter Von rechts kommend einen sehen aber nicht anhalten wollen, Obwohl man Vorfahrt hat.",
      "region" : "Mainz"
    },
    "geometry" : {
      "type" : "Point",
      "coordinates" : [ 8.281542, 50.028833 ]
    }
  }, {
    "type" : "Feature",
    "properties" : {
      "date" : "24/03/2021 15:14:59",
      "bikeType" : "Road Racing Bike",
      "child" : "Nein",
      "trailer" : "Nein",
      "pLoc" : "Hosentasche",
      "incident" : "Entgegenkommender Verkehrsteilnehmer",
      "participant" : "PKW",
      "scary" : "Ja",
      "descr" : "Rennstrecke auf einer Nebenstraße. Hohe Geschwindigkeiten Von entgegen kommenden Verkehr bei sehr enger Straße",
      "region" : "Mainz"
    },
    "geometry" : {
      "type" : "Point",
      "coordinates" : [ 8.280439, 50.017172 ]
    }
  }, {
    "type" : "Feature",
    "properties" : {
      "date" : "24/03/2021 15:20:43",
      "bikeType" : "Road Racing Bike",
      "child" : "Nein",
      "trailer" : "Nein",
      "pLoc" : "Hosentasche",
      "incident" : "Beinahe-Abbiegeunfall",
      "participant" : "Bus",
      "scary" : "Ja",
      "descr" : "Highlight des Tages. StadtBusfahrer übersieht mich beim rechts abbiegen",
      "region" : "Mainz"
    },
    "geometry" : {
      "type" : "Point",
      "coordinates" : [ 8.268751, 50.004341 ]
    }
  }, {
    "type" : "Feature",
    "properties" : {
      "date" : "29/03/2021 13:49:38",
      "bikeType" : "Road Racing Bike",
      "child" : "Nein",
      "trailer" : "Nein",
      "pLoc" : "Hosentasche",
      "incident" : "Zu dichtes Überholen",
      "participant" : "PKW",
      "scary" : "Ja",
      "descr" : "Berufsschulzentrum! Viele junge Raser. Heute von einem jungen Mann mit mehr als 70 Km/h überholt",
      "region" : "Mainz"
    },
    "geometry" : {
      "type" : "Point",
      "coordinates" : [ 8.259924, 50.064568 ]
    }
  }, {
    "type" : "Feature",
    "properties" : {
      "date" : "27/03/2021 21:15:00",
      "bikeType" : "Road Racing Bike",
      "child" : "Nein",
      "trailer" : "Nein",
      "pLoc" : "Hosentasche",
      "incident" : "Ein- oder ausparkendes Fahrzeug",
      "participant" : "PKW",
      "scary" : "Nein",
      "descr" : "",
      "region" : "Mainz"
    },
    "geometry" : {
      "type" : "Point",
      "coordinates" : [ 8.255884, 50.056527 ]
    }
  }, {
    "type" : "Feature",
    "properties" : {
      "date" : "27/03/2021 21:33:13",
      "bikeType" : "Road Racing Bike",
      "child" : "Nein",
      "trailer" : "Nein",
      "pLoc" : "Hosentasche",
      "incident" : "Zu dichtes Überholen",
      "participant" : "Taxi",
      "scary" : "Nein",
      "descr" : "",
      "region" : "Mainz"
    },
    "geometry" : {
      "type" : "Point",
      "coordinates" : [ 8.249154, 50.011499 ]
    }
  }, {
    "type" : "Feature",
    "properties" : {
      "date" : "27/03/2021 21:34:24",
      "bikeType" : "Road Racing Bike",
      "child" : "Nein",
      "trailer" : "Nein",
      "pLoc" : "Hosentasche",
      "incident" : "Zu dichtes Überholen",
      "participant" : "PKW",
      "scary" : "Ja",
      "descr" : "Enge Unterführung. Hier fahren die Autos gerne sehr schnell und knapp an Fahrrädern vorbei",
      "region" : "Mainz"
    },
    "geometry" : {
      "type" : "Point",
      "coordinates" : [ 8.250188, 50.008271 ]
    }
  }, {
    "type" : "Feature",
    "properties" : {
      "date" : "09/04/2021 07:34:10",
      "bikeType" : "Road Racing Bike",
      "child" : "Nein",
      "trailer" : "Nein",
      "pLoc" : "Hosentasche",
      "incident" : "Ein- oder ausparkendes Fahrzeug",
      "participant" : "PKW",
      "scary" : "Nein",
      "descr" : "",
      "region" : "Mainz"
    },
    "geometry" : {
      "type" : "Point",
      "coordinates" : [ 8.254596, 50.002502 ]
    }
  }, {
    "type" : "Feature",
    "properties" : {
      "date" : "21/04/2021 10:42:49",
      "bikeType" : "-",
      "child" : "Nein",
      "trailer" : "Nein",
      "pLoc" : "Hosentasche",
      "incident" : "Zu dichtes Überholen",
      "participant" : "",
      "scary" : "Nein",
      "descr" : "",
      "region" : "Mainz"
    },
    "geometry" : {
      "type" : "Point",
      "coordinates" : [ 8.246041666666667, 49.99235 ]
    }
  }, {
    "type" : "Feature",
    "properties" : {
      "date" : "22/04/2021 19:23:52",
      "bikeType" : "-",
      "child" : "Nein",
      "trailer" : "Nein",
      "pLoc" : "Hosentasche",
      "incident" : "Beinahe-Abbiegeunfall",
      "participant" : "",
      "scary" : "Nein",
      "descr" : "",
      "region" : "Mainz"
    },
    "geometry" : {
      "type" : "Point",
      "coordinates" : [ 8.256428333333334, 49.99777000000001 ]
    }
  }, {
    "type" : "Feature",
    "properties" : {
      "date" : "22/04/2021 19:25:20",
      "bikeType" : "-",
      "child" : "Nein",
      "trailer" : "Nein",
      "pLoc" : "Hosentasche",
      "incident" : "Ein- oder ausparkendes Fahrzeug",
      "participant" : "",
      "scary" : "Nein",
      "descr" : "",
      "region" : "Mainz"
    },
    "geometry" : {
      "type" : "Point",
      "coordinates" : [ 8.261976666666667, 50.00026166666667 ]
    }
  }, {
    "type" : "Feature",
    "properties" : {
      "date" : "22/04/2021 19:26:17",
      "bikeType" : "-",
      "child" : "Nein",
      "trailer" : "Nein",
      "pLoc" : "Hosentasche",
      "incident" : "Zu dichtes Überholen",
      "participant" : "",
      "scary" : "Nein",
      "descr" : "",
      "region" : "Mainz"
    },
    "geometry" : {
      "type" : "Point",
      "coordinates" : [ 8.264483333333335, 50.00057166666667 ]
    }
  }, {
    "type" : "Feature",
    "properties" : {
      "date" : "22/04/2021 19:23:01",
      "bikeType" : "-",
      "child" : "Nein",
      "trailer" : "Nein",
      "pLoc" : "Hosentasche",
      "incident" : "Hindernis ausweichen (z.B. Hund)",
      "participant" : "",
      "scary" : "Nein",
      "descr" : "",
      "region" : "Mainz"
    },
    "geometry" : {
      "type" : "Point",
      "coordinates" : [ 8.254718333333333, 49.99688166666667 ]
    }
  }, {
    "type" : "Feature",
    "properties" : {
      "date" : "06/04/2021 11:57:15",
      "bikeType" : "Road Racing Bike",
      "child" : "Nein",
      "trailer" : "Nein",
      "pLoc" : "Hosentasche",
      "incident" : "Zu dichtes Überholen",
      "participant" : "PKW",
      "scary" : "Nein",
      "descr" : "",
      "region" : "Mainz"
    },
    "geometry" : {
      "type" : "Point",
      "coordinates" : [ 8.255706, 50.001805 ]
    }
  }, {
    "type" : "Feature",
    "properties" : {
      "date" : "27/04/2021 14:01:16",
      "bikeType" : "-",
      "child" : "Nein",
      "trailer" : "Nein",
      "pLoc" : "Hosentasche",
      "incident" : "Hindernis ausweichen (z.B. Hund)",
      "participant" : "",
      "scary" : "Nein",
      "descr" : "",
      "region" : "Mainz"
    },
    "geometry" : {
      "type" : "Point",
      "coordinates" : [ 8.253831666666667, 49.99623 ]
    }
  }, {
    "type" : "Feature",
    "properties" : {
      "date" : "27/04/2021 14:03:50",
      "bikeType" : "-",
      "child" : "Nein",
      "trailer" : "Nein",
      "pLoc" : "Hosentasche",
      "incident" : "Entgegenkommender Verkehrsteilnehmer",
      "participant" : "Fahrrad",
      "scary" : "Nein",
      "descr" : "",
      "region" : "Mainz"
    },
    "geometry" : {
      "type" : "Point",
      "coordinates" : [ 8.257088333333334, 49.998441666666665 ]
    }
  }, {
    "type" : "Feature",
    "properties" : {
      "date" : "25/04/2021 12:49:19",
      "bikeType" : "-",
      "child" : "Nein",
      "trailer" : "Nein",
      "pLoc" : "Hosentasche",
      "incident" : "Zu dichtes Überholen",
      "participant" : "Motorrad",
      "scary" : "Nein",
      "descr" : "",
      "region" : "Mainz"
    },
    "geometry" : {
      "type" : "Point",
      "coordinates" : [ 8.249651666666667, 50.003995 ]
    }
  }, {
    "type" : "Feature",
    "properties" : {
      "date" : "25/04/2021 12:49:04",
      "bikeType" : "-",
      "child" : "Nein",
      "trailer" : "Nein",
      "pLoc" : "Hosentasche",
      "incident" : "Zu dichtes Überholen",
      "participant" : "Motorrad",
      "scary" : "Nein",
      "descr" : "",
      "region" : "Mainz"
    },
    "geometry" : {
      "type" : "Point",
      "coordinates" : [ 8.250171666666667, 50.003789999999995 ]
    }
  }, {
    "type" : "Feature",
    "properties" : {
      "date" : "07/04/2021 11:59:47",
      "bikeType" : "Road Racing Bike",
      "child" : "Nein",
      "trailer" : "Nein",
      "pLoc" : "Hosentasche",
      "incident" : "Ein- oder ausparkendes Fahrzeug",
      "participant" : "PKW",
      "scary" : "Ja",
      "descr" : "",
      "region" : "Mainz"
    },
    "geometry" : {
      "type" : "Point",
      "coordinates" : [ 8.25271, 50.002976 ]
    }
  }, {
    "type" : "Feature",
    "properties" : {
      "date" : "07/04/2021 13:16:41",
      "bikeType" : "Road Racing Bike",
      "child" : "Nein",
      "trailer" : "Nein",
      "pLoc" : "Hosentasche",
      "incident" : "Ein- oder ausparkendes Fahrzeug",
      "participant" : "PKW",
      "scary" : "Nein",
      "descr" : "Tankstellen-Ausfahrt und Fahrradweg vertragen sich schlecht. Man wird als Fahrradfahrer gerne übersehen an der Ausfahrt von der Tankstelle",
      "region" : "Mainz"
    },
    "geometry" : {
      "type" : "Point",
      "coordinates" : [ 8.260188, 50.069667 ]
    }
  }, {
    "type" : "Feature",
    "properties" : {
      "date" : "01/04/2021 15:53:49",
      "bikeType" : "Road Racing Bike",
      "child" : "Nein",
      "trailer" : "Nein",
      "pLoc" : "Hosentasche",
      "incident" : "Beinahe-Abbiegeunfall",
      "participant" : "PKW",
      "scary" : "Ja",
      "descr" : "",
      "region" : "Mainz"
    },
    "geometry" : {
      "type" : "Point",
      "coordinates" : [ 8.272245, 50.064743 ]
    }
  }, {
    "type" : "Feature",
    "properties" : {
      "date" : "01/04/2021 16:02:45",
      "bikeType" : "Road Racing Bike",
      "child" : "Nein",
      "trailer" : "Nein",
      "pLoc" : "Hosentasche",
      "incident" : "Zu dichtes Überholen",
      "participant" : "PKW",
      "scary" : "Ja",
      "descr" : "",
      "region" : "Mainz"
    },
    "geometry" : {
      "type" : "Point",
      "coordinates" : [ 8.307806, 50.049586 ]
    }
  }, {
    "type" : "Feature",
    "properties" : {
      "date" : "01/04/2021 16:33:47",
      "bikeType" : "Road Racing Bike",
      "child" : "Nein",
      "trailer" : "Nein",
      "pLoc" : "Hosentasche",
      "incident" : "Zu dichtes Überholen",
      "participant" : "PKW",
      "scary" : "Nein",
      "descr" : "",
      "region" : "Mainz"
    },
    "geometry" : {
      "type" : "Point",
      "coordinates" : [ 8.292863, 50.03468 ]
    }
  }, {
    "type" : "Feature",
    "properties" : {
      "date" : "28/04/2021 09:33:24",
      "bikeType" : "-",
      "child" : "Nein",
      "trailer" : "Nein",
      "pLoc" : "Hosentasche",
      "incident" : "Beinahe-Abbiegeunfall",
      "participant" : "",
      "scary" : "Nein",
      "descr" : "",
      "region" : "Mainz"
    },
    "geometry" : {
      "type" : "Point",
      "coordinates" : [ 8.247416666666668, 49.99725333333334 ]
    }
  }, {
    "type" : "Feature",
    "properties" : {
      "date" : "28/04/2021 09:35:13",
      "bikeType" : "-",
      "child" : "Nein",
      "trailer" : "Nein",
      "pLoc" : "Hosentasche",
      "incident" : "Zu dichtes Überholen",
      "participant" : "",
      "scary" : "Nein",
      "descr" : "",
      "region" : "Mainz"
    },
    "geometry" : {
      "type" : "Point",
      "coordinates" : [ 8.24535, 49.99104166666666 ]
    }
  }, {
    "type" : "Feature",
    "properties" : {
      "date" : "28/04/2021 09:33:12",
      "bikeType" : "-",
      "child" : "Nein",
      "trailer" : "Nein",
      "pLoc" : "Hosentasche",
      "incident" : "Entgegenkommender Verkehrsteilnehmer",
      "participant" : "Fahrrad",
      "scary" : "Nein",
      "descr" : "",
      "region" : "Mainz"
    },
    "geometry" : {
      "type" : "Point",
      "coordinates" : [ 8.247906666666667, 49.99736333333333 ]
    }
  }, {
    "type" : "Feature",
    "properties" : {
      "date" : "01/04/2021 08:03:13",
      "bikeType" : "Road Racing Bike",
      "child" : "Nein",
      "trailer" : "Nein",
      "pLoc" : "Hosentasche",
      "incident" : "Zu dichtes Überholen",
      "participant" : "PKW",
      "scary" : "Nein",
      "descr" : "",
      "region" : "Mainz"
    },
    "geometry" : {
      "type" : "Point",
      "coordinates" : [ 8.253394, 50.073941 ]
    }
  }, {
    "type" : "Feature",
    "properties" : {
      "date" : "27/04/2021 09:01:34",
      "bikeType" : "-",
      "child" : "Nein",
      "trailer" : "Nein",
      "pLoc" : "Hosentasche",
      "incident" : "Zu dichtes Überholen",
      "participant" : "",
      "scary" : "Nein",
      "descr" : "",
      "region" : "Mainz"
    },
    "geometry" : {
      "type" : "Point",
      "coordinates" : [ 8.245135, 49.99069833333333 ]
    }
  }, {
    "type" : "Feature",
    "properties" : {
      "date" : "27/04/2021 08:55:45",
      "bikeType" : "-",
      "child" : "Nein",
      "trailer" : "Nein",
      "pLoc" : "Hosentasche",
      "incident" : "Hindernis ausweichen (z.B. Hund)",
      "participant" : "",
      "scary" : "Nein",
      "descr" : "",
      "region" : "Mainz"
    },
    "geometry" : {
      "type" : "Point",
      "coordinates" : [ 8.256918333333335, 49.998753333333326 ]
    }
  }, {
    "type" : "Feature",
    "properties" : {
      "date" : "07/04/2021 20:26:02",
      "bikeType" : "Road Racing Bike",
      "child" : "Nein",
      "trailer" : "Nein",
      "pLoc" : "Hosentasche",
      "incident" : "Hindernis ausweichen (z.B. Hund)",
      "participant" : "Fußgänger",
      "scary" : "Nein",
      "descr" : "",
      "region" : "Mainz"
    },
    "geometry" : {
      "type" : "Point",
      "coordinates" : [ 8.279229, 50.007749 ]
    }
  }, {
    "type" : "Feature",
    "properties" : {
      "date" : "07/04/2021 20:26:14",
      "bikeType" : "Road Racing Bike",
      "child" : "Nein",
      "trailer" : "Nein",
      "pLoc" : "Hosentasche",
      "incident" : "Hindernis ausweichen (z.B. Hund)",
      "participant" : "Fußgänger",
      "scary" : "Nein",
      "descr" : "",
      "region" : "Mainz"
    },
    "geometry" : {
      "type" : "Point",
      "coordinates" : [ 8.279227, 50.007737 ]
    }
  }, {
    "type" : "Feature",
    "properties" : {
      "date" : "07/04/2021 20:33:21",
      "bikeType" : "Road Racing Bike",
      "child" : "Nein",
      "trailer" : "Nein",
      "pLoc" : "Hosentasche",
      "incident" : "Zu dichtes Überholen",
      "participant" : "PKW",
      "scary" : "Ja",
      "descr" : "",
      "region" : "Mainz"
    },
    "geometry" : {
      "type" : "Point",
      "coordinates" : [ 8.265161, 50.003389 ]
    }
  }, {
    "type" : "Feature",
    "properties" : {
      "date" : "08/04/2021 07:33:20",
      "bikeType" : "Road Racing Bike",
      "child" : "Nein",
      "trailer" : "Nein",
      "pLoc" : "Hosentasche",
      "incident" : "Zu dichtes Überholen",
      "participant" : "PKW",
      "scary" : "Nein",
      "descr" : "",
      "region" : "Mainz"
    },
    "geometry" : {
      "type" : "Point",
      "coordinates" : [ 8.253774, 50.002646 ]
    }
  }, {
    "type" : "Feature",
    "properties" : {
      "date" : "08/04/2021 07:33:52",
      "bikeType" : "Road Racing Bike",
      "child" : "Nein",
      "trailer" : "Nein",
      "pLoc" : "Hosentasche",
      "incident" : "Zu dichtes Überholen",
      "participant" : "PKW",
      "scary" : "Nein",
      "descr" : "",
      "region" : "Mainz"
    },
    "geometry" : {
      "type" : "Point",
      "coordinates" : [ 8.256387, 50.001179 ]
    }
  }, {
    "type" : "Feature",
    "properties" : {
      "date" : "08/04/2021 07:37:16",
      "bikeType" : "Road Racing Bike",
      "child" : "Nein",
      "trailer" : "Nein",
      "pLoc" : "Hosentasche",
      "incident" : "Entgegenkommender Verkehrsteilnehmer",
      "participant" : "PKW",
      "scary" : "Ja",
      "descr" : "",
      "region" : "Mainz"
    },
    "geometry" : {
      "type" : "Point",
      "coordinates" : [ 8.268561, 50.007327 ]
    }
  }, {
    "type" : "Feature",
    "properties" : {
      "date" : "08/04/2021 07:37:24",
      "bikeType" : "Road Racing Bike",
      "child" : "Nein",
      "trailer" : "Nein",
      "pLoc" : "Hosentasche",
      "incident" : "Ein- oder ausparkendes Fahrzeug",
      "participant" : "PKW",
      "scary" : "Nein",
      "descr" : "",
      "region" : "Mainz"
    },
    "geometry" : {
      "type" : "Point",
      "coordinates" : [ 8.26932, 50.007329 ]
    }
  }, {
    "type" : "Feature",
    "properties" : {
      "date" : "21/04/2021 18:40:32",
      "bikeType" : "-",
      "child" : "Nein",
      "trailer" : "Nein",
      "pLoc" : "Hosentasche",
      "incident" : "Hindernis ausweichen (z.B. Hund)",
      "participant" : "",
      "scary" : "Nein",
      "descr" : "",
      "region" : "Mainz"
    },
    "geometry" : {
      "type" : "Point",
      "coordinates" : [ 8.253955, 49.99638333333334 ]
    }
  }, {
    "type" : "Feature",
    "properties" : {
      "date" : "21/04/2021 18:43:21",
      "bikeType" : "-",
      "child" : "Nein",
      "trailer" : "Nein",
      "pLoc" : "Hosentasche",
      "incident" : "Zu dichtes Auffahren",
      "participant" : "",
      "scary" : "Nein",
      "descr" : "",
      "region" : "Mainz"
    },
    "geometry" : {
      "type" : "Point",
      "coordinates" : [ 8.261161666666668, 50.00021 ]
    }
  }, {
    "type" : "Feature",
    "properties" : {
      "date" : "21/04/2021 18:44:09",
      "bikeType" : "-",
      "child" : "Nein",
      "trailer" : "Nein",
      "pLoc" : "Hosentasche",
      "incident" : "Hindernis ausweichen (z.B. Hund)",
      "participant" : "",
      "scary" : "Nein",
      "descr" : "",
      "region" : "Mainz"
    },
    "geometry" : {
      "type" : "Point",
      "coordinates" : [ 8.262205, 50.000094999999995 ]
    }
  }, {
    "type" : "Feature",
    "properties" : {
      "date" : "08/04/2021 14:56:30",
      "bikeType" : "Road Racing Bike",
      "child" : "Nein",
      "trailer" : "Nein",
      "pLoc" : "Hosentasche",
      "incident" : "Zu dichtes Überholen",
      "participant" : "PKW",
      "scary" : "Nein",
      "descr" : "",
      "region" : "Mainz"
    },
    "geometry" : {
      "type" : "Point",
      "coordinates" : [ 8.281454, 50.081697 ]
    }
  }, {
    "type" : "Feature",
    "properties" : {
      "date" : "26/04/2021 10:17:38",
      "bikeType" : "-",
      "child" : "Nein",
      "trailer" : "Nein",
      "pLoc" : "Hosentasche",
      "incident" : "Sonstiges",
      "participant" : "",
      "scary" : "Nein",
      "descr" : "",
      "region" : "Mainz"
    },
    "geometry" : {
      "type" : "Point",
      "coordinates" : [ 8.247800000000002, 49.997295 ]
    }
  }, {
    "type" : "Feature",
    "properties" : {
      "date" : "26/04/2021 10:20:35",
      "bikeType" : "-",
      "child" : "Nein",
      "trailer" : "Nein",
      "pLoc" : "Hosentasche",
      "incident" : "Zu dichtes Überholen",
      "participant" : "",
      "scary" : "Nein",
      "descr" : "",
      "region" : "Mainz"
    },
    "geometry" : {
      "type" : "Point",
      "coordinates" : [ 8.245428333333333, 49.99102833333333 ]
    }
  }, {
    "type" : "Feature",
    "properties" : {
      "date" : "26/04/2021 10:15:49",
      "bikeType" : "-",
      "child" : "Nein",
      "trailer" : "Nein",
      "pLoc" : "Hosentasche",
      "incident" : "Hindernis ausweichen (z.B. Hund)",
      "participant" : "",
      "scary" : "Nein",
      "descr" : "",
      "region" : "Mainz"
    },
    "geometry" : {
      "type" : "Point",
      "coordinates" : [ 8.255291666666666, 49.99851833333334 ]
    }
  }, {
    "type" : "Feature",
    "properties" : {
      "date" : "02/04/2021 19:22:42",
      "bikeType" : "Road Racing Bike",
      "child" : "Nein",
      "trailer" : "Nein",
      "pLoc" : "Hosentasche",
      "incident" : "Entgegenkommender Verkehrsteilnehmer",
      "participant" : "Fahrrad",
      "scary" : "Ja",
      "descr" : "Extrem gefährliche Stelle auf dem Fahrradweg. Der Fahrradweg macht einen Knick an einer Mauer und man sieht die entgegenkommenden Radfahrer nicht. Hier wird mit hoher Geschwindigkeit gefahren",
      "region" : "Mainz"
    },
    "geometry" : {
      "type" : "Point",
      "coordinates" : [ 8.175115, 50.031497 ]
    }
  }, {
    "type" : "Feature",
    "properties" : {
      "date" : "02/04/2021 19:41:21",
      "bikeType" : "Road Racing Bike",
      "child" : "Nein",
      "trailer" : "Nein",
      "pLoc" : "Hosentasche",
      "incident" : "Zu dichtes Überholen",
      "participant" : "PKW",
      "scary" : "Nein",
      "descr" : "",
      "region" : "Mainz"
    },
    "geometry" : {
      "type" : "Point",
      "coordinates" : [ 8.228679, 50.021536 ]
    }
  }, {
    "type" : "Feature",
    "properties" : {
      "date" : "09/04/2021 16:16:49",
      "bikeType" : "Road Racing Bike",
      "child" : "Nein",
      "trailer" : "Nein",
      "pLoc" : "Hosentasche",
      "incident" : "Zu dichtes Überholen",
      "participant" : "Taxi",
      "scary" : "Ja",
      "descr" : "",
      "region" : "Mainz"
    },
    "geometry" : {
      "type" : "Point",
      "coordinates" : [ 8.259003, 50.070749 ]
    }
  }, {
    "type" : "Feature",
    "properties" : {
      "date" : "09/04/2021 16:18:17",
      "bikeType" : "Road Racing Bike",
      "child" : "Nein",
      "trailer" : "Nein",
      "pLoc" : "Hosentasche",
      "incident" : "Beinahe-Abbiegeunfall",
      "participant" : "PKW",
      "scary" : "Nein",
      "descr" : "",
      "region" : "Mainz"
    },
    "geometry" : {
      "type" : "Point",
      "coordinates" : [ 8.263065, 50.068099 ]
    }
  }, {
    "type" : "Feature",
    "properties" : {
      "date" : "09/04/2021 16:21:37",
      "bikeType" : "Road Racing Bike",
      "child" : "Nein",
      "trailer" : "Nein",
      "pLoc" : "Hosentasche",
      "incident" : "Zu dichtes Überholen",
      "participant" : "PKW",
      "scary" : "Nein",
      "descr" : "",
      "region" : "Mainz"
    },
    "geometry" : {
      "type" : "Point",
      "coordinates" : [ 8.262307, 50.059341 ]
    }
  }, {
    "type" : "Feature",
    "properties" : {
      "date" : "09/04/2021 16:29:37",
      "bikeType" : "Road Racing Bike",
      "child" : "Nein",
      "trailer" : "Nein",
      "pLoc" : "Hosentasche",
      "incident" : "Ein- oder ausparkendes Fahrzeug",
      "participant" : "PKW",
      "scary" : "Nein",
      "descr" : "",
      "region" : "Mainz"
    },
    "geometry" : {
      "type" : "Point",
      "coordinates" : [ 8.247994, 50.041168 ]
    }
  }, {
    "type" : "Feature",
    "properties" : {
      "date" : "09/04/2021 16:33:22",
      "bikeType" : "Road Racing Bike",
      "child" : "Nein",
      "trailer" : "Nein",
      "pLoc" : "Hosentasche",
      "incident" : "Zu dichtes Überholen",
      "participant" : "PKW",
      "scary" : "Nein",
      "descr" : "",
      "region" : "Mainz"
    },
    "geometry" : {
      "type" : "Point",
      "coordinates" : [ 8.254973, 50.029502 ]
    }
  }, {
    "type" : "Feature",
    "properties" : {
      "date" : "09/04/2021 16:39:42",
      "bikeType" : "Road Racing Bike",
      "child" : "Nein",
      "trailer" : "Nein",
      "pLoc" : "Hosentasche",
      "incident" : "Zu dichtes Überholen",
      "participant" : "PKW",
      "scary" : "Nein",
      "descr" : "",
      "region" : "Mainz"
    },
    "geometry" : {
      "type" : "Point",
      "coordinates" : [ 8.254874, 50.016334 ]
    }
  }, {
    "type" : "Feature",
    "properties" : {
      "date" : "09/04/2021 16:46:47",
      "bikeType" : "Road Racing Bike",
      "child" : "Nein",
      "trailer" : "Nein",
      "pLoc" : "Hosentasche",
      "incident" : "Zu dichtes Überholen",
      "participant" : "Lieferwagen",
      "scary" : "Nein",
      "descr" : "",
      "region" : "Mainz"
    },
    "geometry" : {
      "type" : "Point",
      "coordinates" : [ 8.253471, 50.01054 ]
    }
  }, {
    "type" : "Feature",
    "properties" : {
      "date" : "09/04/2021 16:47:59",
      "bikeType" : "Road Racing Bike",
      "child" : "Nein",
      "trailer" : "Nein",
      "pLoc" : "Hosentasche",
      "incident" : "Zu dichtes Überholen",
      "participant" : "PKW",
      "scary" : "Nein",
      "descr" : "In der Unterführung ist eine schlechte Sicht, enge Straße, sehr schlechte Straßenverhältnisse und Autos die mit hoher Geschwindigkeit im halb dunklen an einem vorbeifahren",
      "region" : "Mainz"
    },
    "geometry" : {
      "type" : "Point",
      "coordinates" : [ 8.25101, 50.008341 ]
    }
  }, {
    "type" : "Feature",
    "properties" : {
      "date" : "22/04/2021 08:50:13",
      "bikeType" : "-",
      "child" : "Nein",
      "trailer" : "Nein",
      "pLoc" : "Hosentasche",
      "incident" : "Zu dichtes Auffahren",
      "participant" : "",
      "scary" : "Nein",
      "descr" : "",
      "region" : "Mainz"
    },
    "geometry" : {
      "type" : "Point",
      "coordinates" : [ 8.244733333333333, 49.990655 ]
    }
  }, {
    "type" : "Feature",
    "properties" : {
      "date" : "22/04/2021 08:46:56",
      "bikeType" : "-",
      "child" : "Nein",
      "trailer" : "Nein",
      "pLoc" : "Hosentasche",
      "incident" : "Beinahe-Abbiegeunfall",
      "participant" : "",
      "scary" : "Nein",
      "descr" : "",
      "region" : "Mainz"
    },
    "geometry" : {
      "type" : "Point",
      "coordinates" : [ 8.247489999999999, 49.99725166666667 ]
    }
  }, {
    "type" : "Feature",
    "properties" : {
      "date" : "22/04/2021 08:49:36",
      "bikeType" : "-",
      "child" : "Nein",
      "trailer" : "Nein",
      "pLoc" : "Hosentasche",
      "incident" : "Zu dichtes Überholen",
      "participant" : "",
      "scary" : "Nein",
      "descr" : "",
      "region" : "Mainz"
    },
    "geometry" : {
      "type" : "Point",
      "coordinates" : [ 8.245996666666667, 49.992055 ]
    }
  }, {
    "type" : "Feature",
    "properties" : {
      "date" : "04/04/2021 18:52:52",
      "bikeType" : "Road Racing Bike",
      "child" : "Nein",
      "trailer" : "Nein",
      "pLoc" : "Hosentasche",
      "incident" : "Zu dichtes Überholen",
      "participant" : "PKW",
      "scary" : "Nein",
      "descr" : "",
      "region" : "Mainz"
    },
    "geometry" : {
      "type" : "Point",
      "coordinates" : [ 8.246483, 50.00226 ]
    }
  }, {
    "type" : "Feature",
    "properties" : {
      "date" : "09/05/2022 08:12:18",
      "bikeType" : "E-Bike",
      "child" : "Nein",
      "trailer" : "Nein",
      "pLoc" : "Lenker",
      "incident" : "Hindernis ausweichen (z.B. Hund)",
      "participant" : "Lieferwagen",
      "scary" : "Nein",
      "descr" : "Firma knettenbrech hat auf Radweg Container abgeladen. Musste auf 3 spurige Bundesstraße ausweichen ",
      "region" : "Mainz"
    },
    "geometry" : {
      "type" : "Point",
      "coordinates" : [ 8.267428, 50.067098 ]
    }
  }, {
    "type" : "Feature",
    "properties" : {
      "date" : "09/05/2022 08:14:01",
      "bikeType" : "E-Bike",
      "child" : "Nein",
      "trailer" : "Nein",
      "pLoc" : "Lenker",
      "incident" : "Zu dichtes Überholen",
      "participant" : "PKW",
      "scary" : "Ja",
      "descr" : "",
      "region" : "Mainz"
    },
    "geometry" : {
      "type" : "Point",
      "coordinates" : [ 8.258223, 50.071801 ]
    }
  }, {
    "type" : "Feature",
    "properties" : {
      "date" : "02/05/2022 07:49:43",
      "bikeType" : "E-Bike",
      "child" : "Nein",
      "trailer" : "Nein",
      "pLoc" : "Lenker",
      "incident" : "Zu dichtes Überholen",
      "participant" : "PKW",
      "scary" : "Ja",
      "descr" : "",
      "region" : "Mainz"
    },
    "geometry" : {
      "type" : "Point",
      "coordinates" : [ 8.268467, 50.003909 ]
    }
  }, {
    "type" : "Feature",
    "properties" : {
      "date" : "02/05/2022 08:12:49",
      "bikeType" : "E-Bike",
      "child" : "Nein",
      "trailer" : "Nein",
      "pLoc" : "Lenker",
      "incident" : "Zu dichtes Überholen",
      "participant" : "Lieferwagen, PKW",
      "scary" : "Ja",
      "descr" : "Zu dicht überholt ",
      "region" : "Mainz"
    },
    "geometry" : {
      "type" : "Point",
      "coordinates" : [ 8.271358, 50.066487 ]
    }
  }, {
    "type" : "Feature",
    "properties" : {
      "date" : "02/05/2022 08:12:53",
      "bikeType" : "E-Bike",
      "child" : "Nein",
      "trailer" : "Nein",
      "pLoc" : "Lenker",
      "incident" : "Zu dichtes Überholen",
      "participant" : "Lieferwagen, PKW",
      "scary" : "Nein",
      "descr" : "Mehrer Fahrzeuge ohne Abstand überholt",
      "region" : "Mainz"
    },
    "geometry" : {
      "type" : "Point",
      "coordinates" : [ 8.271348, 50.066488 ]
    }
  }, {
    "type" : "Feature",
    "properties" : {
      "date" : "02/05/2022 08:14:06",
      "bikeType" : "E-Bike",
      "child" : "Nein",
      "trailer" : "Nein",
      "pLoc" : "Lenker",
      "incident" : "Zu dichtes Überholen",
      "participant" : "PKW",
      "scary" : "Ja",
      "descr" : "",
      "region" : "Mainz"
    },
    "geometry" : {
      "type" : "Point",
      "coordinates" : [ 8.26469, 50.06806 ]
    }
  }, {
    "type" : "Feature",
    "properties" : {
      "date" : "03/05/2022 08:14:30",
      "bikeType" : "E-Bike",
      "child" : "Nein",
      "trailer" : "Nein",
      "pLoc" : "Lenker",
      "incident" : "Zu dichtes Überholen",
      "participant" : "PKW",
      "scary" : "Ja",
      "descr" : "",
      "region" : "Mainz"
    },
    "geometry" : {
      "type" : "Point",
      "coordinates" : [ 8.272722, 50.066191 ]
    }
  }, {
    "type" : "Feature",
    "properties" : {
      "date" : "10/05/2022 08:10:43",
      "bikeType" : "E-Bike",
      "child" : "Nein",
      "trailer" : "Nein",
      "pLoc" : "Lenker",
      "incident" : "Zu dichtes Überholen",
      "participant" : "Bus",
      "scary" : "Nein",
      "descr" : "",
      "region" : "Mainz"
    },
    "geometry" : {
      "type" : "Point",
      "coordinates" : [ 8.270421, 50.066552 ]
    }
  }, {
    "type" : "Feature",
    "properties" : {
      "date" : "26/06/2022 19:41:41",
      "bikeType" : "Mountainbik",
      "child" : "Nein",
      "trailer" : "Nein",
      "pLoc" : "Rucksack/Tasche",
      "incident" : "Sonstiges",
      "participant" : "PKW",
      "scary" : "Nein",
      "descr" : "PKW parkt auf Radweg, zu dichtes Überholen des von hinten kommenden PKWs beim Vorbeifahren am Hindernis",
      "region" : "Mainz"
    },
    "geometry" : {
      "type" : "Point",
      "coordinates" : [ 8.222144734399544, 50.00560339054019 ]
    }
  }, {
    "type" : "Feature",
    "properties" : {
      "date" : "26/06/2022 19:52:51",
      "bikeType" : "Mountainbik",
      "child" : "Nein",
      "trailer" : "Nein",
      "pLoc" : "Hosentasche",
      "incident" : "Entgegenkommender Verkehrsteilnehmer",
      "participant" : "PKW",
      "scary" : "Nein",
      "descr" : "Entgegenkommender PKW (vermutlich überhöhte Geschwindigkeit) schert vor parkendem PKW aus, dadurch zu dicht ",
      "region" : "Mainz"
    },
    "geometry" : {
      "type" : "Point",
      "coordinates" : [ 8.231493269789462, 50.016287630407895 ]
    }
  }, {
    "type" : "Feature",
    "properties" : {
      "date" : "17/06/2022 16:55:03",
      "bikeType" : "Mountainbik",
      "child" : "Nein",
      "trailer" : "Nein",
      "pLoc" : "Rucksack/Tasche",
      "incident" : "Zu dichtes Auffahren",
      "participant" : "PKW",
      "scary" : "Nein",
      "descr" : "",
      "region" : "Mainz"
    },
    "geometry" : {
      "type" : "Point",
      "coordinates" : [ 8.214098916762405, 50.00131853206127 ]
    }
  }, {
    "type" : "Feature",
    "properties" : {
      "date" : "21/07/2022 17:59:23",
      "bikeType" : "Mountainbik",
      "child" : "Nein",
      "trailer" : "Nein",
      "pLoc" : "Rucksack/Tasche",
      "incident" : "Zu dichtes Überholen",
      "participant" : "PKW",
      "scary" : "Nein",
      "descr" : "zu dichtes Überholen im Zweiräder-Überholverbot",
      "region" : "Mainz"
    },
    "geometry" : {
      "type" : "Point",
      "coordinates" : [ 8.217335629524527, 50.0014003002041 ]
    }
  }, {
    "type" : "Feature",
    "properties" : {
      "date" : "12/07/2022 18:07:36",
      "bikeType" : "Mountainbik",
      "child" : "Nein",
      "trailer" : "Nein",
      "pLoc" : "Rucksack/Tasche",
      "incident" : "Zu dichtes Auffahren",
      "participant" : "PKW",
      "scary" : "Ja",
      "descr" : "inkl. Überholversuch auf enger Fahrbahn mit Überholverbot von Zweirädern für PKW ",
      "region" : "Mainz"
    },
    "geometry" : {
      "type" : "Point",
      "coordinates" : [ 8.214538117007306, 50.00144991084885 ]
    }
  }, {
    "type" : "Feature",
    "properties" : {
      "date" : "27/07/2022 18:14:28",
      "bikeType" : "Mountainbik",
      "child" : "Nein",
      "trailer" : "Nein",
      "pLoc" : "Rucksack/Tasche",
      "incident" : "Entgegenkommender Verkehrsteilnehmer",
      "participant" : "E-Scooter",
      "scary" : "Nein",
      "descr" : "E-Scooter (doppelt besetzt) mit hoher Geschwindigkeit in verkehrter Richtung auf Radweg",
      "region" : "Mainz"
    },
    "geometry" : {
      "type" : "Point",
      "coordinates" : [ 8.240596473327617, 49.997549840483934 ]
    }
  }, {
    "type" : "Feature",
    "properties" : {
      "date" : "18/07/2022 17:47:32",
      "bikeType" : "Mountainbik",
      "child" : "Nein",
      "trailer" : "Nein",
      "pLoc" : "Rucksack/Tasche",
      "incident" : "Sonstiges",
      "participant" : "PKW",
      "scary" : "Nein",
      "descr" : "2 PKW blockieren Radweg durch Parken",
      "region" : "Mainz"
    },
    "geometry" : {
      "type" : "Point",
      "coordinates" : [ 8.220284967877049, 50.001036205080965 ]
    }
  }, {
    "type" : "Feature",
    "properties" : {
      "date" : "18/07/2022 17:49:26",
      "bikeType" : "Mountainbik",
      "child" : "Nein",
      "trailer" : "Nein",
      "pLoc" : "Rucksack/Tasche",
      "incident" : "Zu dichtes Auffahren",
      "participant" : "PKW",
      "scary" : "Nein",
      "descr" : "",
      "region" : "Mainz"
    },
    "geometry" : {
      "type" : "Point",
      "coordinates" : [ 8.215057832103048, 50.00161639779599 ]
    }
  }, {
    "type" : "Feature",
    "properties" : {
      "date" : "25/07/2022 17:38:06",
      "bikeType" : "Mountainbik",
      "child" : "Nein",
      "trailer" : "Nein",
      "pLoc" : "Rucksack/Tasche",
      "incident" : "Sonstiges",
      "participant" : "Bus, PKW",
      "scary" : "Nein",
      "descr" : "Rückstauende Fahrzeuge (mehrere PKW, Linienbus) an roter Ampel blockieren Radspur",
      "region" : "Mainz"
    },
    "geometry" : {
      "type" : "Point",
      "coordinates" : [ 8.218663419519778, 50.001077270007364 ]
    }
  }, {
    "type" : "Feature",
    "properties" : {
      "date" : "13/07/2022 08:48:47",
      "bikeType" : "Mountainbik",
      "child" : "Nein",
      "trailer" : "Nein",
      "pLoc" : "Rucksack/Tasche",
      "incident" : "Zu dichtes Überholen",
      "participant" : "PKW",
      "scary" : "Nein",
      "descr" : "",
      "region" : "Mainz"
    },
    "geometry" : {
      "type" : "Point",
      "coordinates" : [ 8.221754333888295, 50.00099975461195 ]
    }
  }, {
    "type" : "Feature",
    "properties" : {
      "date" : "19/04/2022 08:34:53",
      "bikeType" : "City-/Trekking Bike",
      "child" : "Nein",
      "trailer" : "Nein",
      "pLoc" : "Jackentasche",
      "incident" : "Hindernis ausweichen (z.B. Hund)",
      "participant" : "LKW",
      "scary" : "Nein",
      "descr" : "Lkws beparken Bus- und Fahrradstreifen",
      "region" : "Mainz"
    },
    "geometry" : {
      "type" : "Point",
      "coordinates" : [ 8.251686683693428, 50.064257153486594 ]
    }
  }, {
    "type" : "Feature",
    "properties" : {
      "date" : "19/04/2022 08:26:35",
      "bikeType" : "City-/Trekking Bike",
      "child" : "Nein",
      "trailer" : "Nein",
      "pLoc" : "Jackentasche",
      "incident" : "Zu dichtes Überholen",
      "participant" : "PKW",
      "scary" : "Nein",
      "descr" : "Seitlicher Abstand weniger als 1m",
      "region" : "Mainz"
    },
    "geometry" : {
      "type" : "Point",
      "coordinates" : [ 8.243449103743064, 50.04894538477615 ]
    }
  }, {
    "type" : "Feature",
    "properties" : {
      "date" : "19/04/2022 08:34:22",
      "bikeType" : "City-/Trekking Bike",
      "child" : "Nein",
      "trailer" : "Nein",
      "pLoc" : "Jackentasche",
      "incident" : "Hindernis ausweichen (z.B. Hund)",
      "participant" : "LKW",
      "scary" : "Nein",
      "descr" : "",
      "region" : "Mainz"
    },
    "geometry" : {
      "type" : "Point",
      "coordinates" : [ 8.252000933202645, 50.06383949073934 ]
    }
  }, {
    "type" : "Feature",
    "properties" : {
      "date" : "12/08/2022 08:36:41",
      "bikeType" : "Mountainbik",
      "child" : "Nein",
      "trailer" : "Nein",
      "pLoc" : "Rucksack/Tasche",
      "incident" : "Zu dichtes Überholen",
      "participant" : "PKW",
      "scary" : "Nein",
      "descr" : "",
      "region" : "Mainz"
    },
    "geometry" : {
      "type" : "Point",
      "coordinates" : [ 8.223310206417668, 50.00092464419944 ]
    }
  }, {
    "type" : "Feature",
    "properties" : {
      "date" : "27/08/2022 11:36:18",
      "bikeType" : "Mountainbik",
      "child" : "Nein",
      "trailer" : "Nein",
      "pLoc" : "Rucksack/Tasche",
      "incident" : "Beinahe-Abbiegeunfall",
      "participant" : "PKW",
      "scary" : "Nein",
      "descr" : "Autofahrer übersieht beim Rechtsabbiegen über Radweg den Fahrradfahrer, scharfes Bremsen des Radlers",
      "region" : "Mainz"
    },
    "geometry" : {
      "type" : "Point",
      "coordinates" : [ 8.264820947196522, 50.00080026317857 ]
    }
  }, {
    "type" : "Feature",
    "properties" : {
      "date" : "15/08/2022 18:27:14",
      "bikeType" : "Mountainbik",
      "child" : "Nein",
      "trailer" : "Nein",
      "pLoc" : "Rucksack/Tasche",
      "incident" : "Hindernis ausweichen (z.B. Hund)",
      "participant" : "PKW",
      "scary" : "Nein",
      "descr" : "rote Ampel überfahrender PKW",
      "region" : "Mainz"
    },
    "geometry" : {
      "type" : "Point",
      "coordinates" : [ 8.240422591080879, 50.01572083951017 ]
    }
  }, {
    "type" : "Feature",
    "properties" : {
      "date" : "18/08/2022 07:45:41",
      "bikeType" : "Mountainbik",
      "child" : "Nein",
      "trailer" : "Nein",
      "pLoc" : "Rucksack/Tasche",
      "incident" : "Hindernis ausweichen (z.B. Hund)",
      "participant" : "PKW",
      "scary" : "Nein",
      "descr" : "PKW parkt auf Radweg",
      "region" : "Mainz"
    },
    "geometry" : {
      "type" : "Point",
      "coordinates" : [ 8.220374342438951, 50.001051294342076 ]
    }
  }, {
    "type" : "Feature",
    "properties" : {
      "date" : "01/08/2022 18:35:45",
      "bikeType" : "Mountainbik",
      "child" : "Nein",
      "trailer" : "Nein",
      "pLoc" : "Rucksack/Tasche",
      "incident" : "Sonstiges",
      "participant" : "PKW",
      "scary" : "Nein",
      "descr" : "PKW überholt im (2x innerhalb von 50 m ausgeschildertem) Zweiradüberholverbot",
      "region" : "Mainz"
    },
    "geometry" : {
      "type" : "Point",
      "coordinates" : [ 8.217335655140362, 50.00142038780201 ]
    }
  }, {
    "type" : "Feature",
    "properties" : {
      "date" : "23/08/2022 18:07:50",
      "bikeType" : "Mountainbik",
      "child" : "Nein",
      "trailer" : "Nein",
      "pLoc" : "Rucksack/Tasche",
      "incident" : "Zu dichtes Überholen",
      "participant" : "PKW",
      "scary" : "Ja",
      "descr" : "PKW streift Fahrrad am Lenker und Radfahrer am Unterarm beim Überholen in Engstelle mit Außenspiegel, Spiegel wird dabei eingeklappt, Radfahrer fängt Sturz noch auf.",
      "region" : "Mainz"
    },
    "geometry" : {
      "type" : "Point",
      "coordinates" : [ 8.21333020607127, 50.001233582054375 ]
    }
  }, {
    "type" : "Feature",
    "properties" : {
      "date" : "27/08/2022 12:48:32",
      "bikeType" : "Mountainbik",
      "child" : "Nein",
      "trailer" : "Nein",
      "pLoc" : "Rucksack/Tasche",
      "incident" : "Zu dichtes Überholen",
      "participant" : "Bus",
      "scary" : "Nein",
      "descr" : "Linienbus",
      "region" : "Mainz"
    },
    "geometry" : {
      "type" : "Point",
      "coordinates" : [ 8.223970693939737, 50.00090074227443 ]
    }
  }, {
    "type" : "Feature",
    "properties" : {
      "date" : "22/08/2022 18:28:01",
      "bikeType" : "Mountainbik",
      "child" : "Nein",
      "trailer" : "Nein",
      "pLoc" : "Rucksack/Tasche",
      "incident" : "Sonstiges",
      "participant" : "PKW",
      "scary" : "Nein",
      "descr" : "PKW parkt auf Radweg ",
      "region" : "Mainz"
    },
    "geometry" : {
      "type" : "Point",
      "coordinates" : [ 8.223078486856755, 50.0009517033909 ]
    }
  }, {
    "type" : "Feature",
    "properties" : {
      "date" : "01/09/2022 17:52:01",
      "bikeType" : "Mountainbik",
      "child" : "Nein",
      "trailer" : "Nein",
      "pLoc" : "Rucksack/Tasche",
      "incident" : "Zu dichtes Auffahren",
      "participant" : "PKW",
      "scary" : "Nein",
      "descr" : "",
      "region" : "Mainz"
    },
    "geometry" : {
      "type" : "Point",
      "coordinates" : [ 8.216638078879363, 50.00174419194671 ]
    }
  }, {
    "type" : "Feature",
    "properties" : {
      "date" : "01/09/2022 17:51:58",
      "bikeType" : "Mountainbik",
      "child" : "Nein",
      "trailer" : "Nein",
      "pLoc" : "Rucksack/Tasche",
      "incident" : "Zu dichtes Auffahren",
      "participant" : "PKW",
      "scary" : "Nein",
      "descr" : "inkl. Hupen und Anpöbeln des Radfahrers durch PKW-Fahrer im Zweiradüberholverbot",
      "region" : "Mainz"
    },
    "geometry" : {
      "type" : "Point",
      "coordinates" : [ 8.216920288500123, 50.001645411673096 ]
    }
  }, {
    "type" : "Feature",
    "properties" : {
      "date" : "01/09/2022 17:52:01",
      "bikeType" : "Mountainbik",
      "child" : "Nein",
      "trailer" : "Nein",
      "pLoc" : "Rucksack/Tasche",
      "incident" : "Zu dichtes Auffahren",
      "participant" : "PKW",
      "scary" : "Nein",
      "descr" : "",
      "region" : "Mainz"
    },
    "geometry" : {
      "type" : "Point",
      "coordinates" : [ 8.216638078879363, 50.00174419194671 ]
    }
  }, {
    "type" : "Feature",
    "properties" : {
      "date" : "01/09/2022 17:51:58",
      "bikeType" : "Mountainbik",
      "child" : "Nein",
      "trailer" : "Nein",
      "pLoc" : "Rucksack/Tasche",
      "incident" : "Zu dichtes Auffahren",
      "participant" : "PKW",
      "scary" : "Nein",
      "descr" : "inkl. Hupen und Anpöbeln des Radfahrers durch PKW-Fahrer im Zweiradüberholverbot",
      "region" : "Mainz"
    },
    "geometry" : {
      "type" : "Point",
      "coordinates" : [ 8.216920288500123, 50.001645411673096 ]
    }
  } ]
}