lat,lon,ts,bike,childCheckBox,trailerCheckBox,pLoc,incident,i1,i2,i3,i4,i5,i6,i7,i8,i9,scary,desc,i10,region
50.76584930737507,6.090109043444439,1620807995000,0,0,0,0,8,0,0,0,0,0,0,0,0,1,0,Fahrradweg endet im Nichts,0,Vulkaneifel
50.76754197787891,6.092720533439048,1620807875000,0,0,0,0,8,0,0,0,0,0,0,0,0,1,0,Fahrradwege unzumutbar und gefährlich!. ,0,Vulkaneifel
50.7811103423887,6.102654070024886,1621923983000,0,0,0,0,8,0,0,0,0,0,0,0,0,0,0,Fast wäre es zu einem Auffahrunfall gekommen. Ich wollte rechts abbiegen und ein schnellfahrendes Auto (von hinten kommend) ist erst sehr spät auf die zweite Spur gewechselt. Das Auto hat dabei nicht gebremst. ,0,Vulkaneifel
50.77839933861511,6.0885824149975525,1620393672000,0,0,0,0,4,0,1,0,0,0,0,0,0,0,0,In falscher Richtung aus Einbahnstraße ,0,Vulkaneifel
50.76732464100301,6.092244652931795,1622191217000,0,0,0,0,8,0,0,0,0,0,0,0,0,1,0,Unklare Markierungen für Fahrradfahrer ,0,Vulkaneifel
50.78003489917205,6.100498738480625,1623650343000,0,0,0,0,8,0,0,0,0,0,0,1,0,0,1,Autofahrer stand wegen Rückstau kurz vor dem Fahrradweg auf der Straße (Ampel inzwischen rot) und hat der nach mir fahrenden Fahrradfahrerin die Vorfahrt genommen. Mich hatte er gesehen und gewartet. ,0,Vulkaneifel
50.768373378107995,6.055638583778599,1617383175000,0,0,0,0,8,0,0,0,0,0,0,0,0,1,0,Abgesenkter Bordstein,0,Vulkaneifel
50.772386989512384,6.073804373788925,1617294964000,0,0,0,0,8,0,0,0,0,0,0,0,0,0,0,Kurze Pause,0,Vulkaneifel
