{
  "type" : "FeatureCollection",
  "features" : [ {
    "type" : "Feature",
    "properties" : {
      "date" : "07/05/2021 18:16:24",
      "bikeType" : "-",
      "child" : "Nein",
      "trailer" : "Nein",
      "pLoc" : "Hosentasche",
      "incident" : "Hindernis ausweichen (z.B. Hund)",
      "participant" : "",
      "scary" : "Nein",
      "descr" : "schlechter Straßenzustand",
      "region" : "Tübingen"
    },
    "geometry" : {
      "type" : "Point",
      "coordinates" : [ 9.06348293, 48.51051734 ]
    }
  }, {
    "type" : "Feature",
    "properties" : {
      "date" : "04/05/2021 11:37:46",
      "bikeType" : "-",
      "child" : "Nein",
      "trailer" : "Nein",
      "pLoc" : "Hosentasche",
      "incident" : "Entgegenkommender Verkehrsteilnehmer",
      "participant" : "",
      "scary" : "Nein",
      "descr" : "",
      "region" : "Tübingen"
    },
    "geometry" : {
      "type" : "Point",
      "coordinates" : [ 9.05667241, 48.51215122 ]
    }
  }, {
    "type" : "Feature",
    "properties" : {
      "date" : "04/05/2021 11:46:04",
      "bikeType" : "-",
      "child" : "Nein",
      "trailer" : "Nein",
      "pLoc" : "Hosentasche",
      "incident" : "Ein- oder ausparkendes Fahrzeug",
      "participant" : "",
      "scary" : "Ja",
      "descr" : "",
      "region" : "Tübingen"
    },
    "geometry" : {
      "type" : "Point",
      "coordinates" : [ 9.07834797, 48.53166816 ]
    }
  }, {
    "type" : "Feature",
    "properties" : {
      "date" : "04/05/2021 11:35:48",
      "bikeType" : "-",
      "child" : "Nein",
      "trailer" : "Nein",
      "pLoc" : "Hosentasche",
      "incident" : "Hindernis ausweichen (z.B. Hund)",
      "participant" : "Lieferwagen, PKW",
      "scary" : "Nein",
      "descr" : "",
      "region" : "Tübingen"
    },
    "geometry" : {
      "type" : "Point",
      "coordinates" : [ 9.05153855, 48.50575198 ]
    }
  }, {
    "type" : "Feature",
    "properties" : {
      "date" : "26/04/2021 08:28:28",
      "bikeType" : "-",
      "child" : "Nein",
      "trailer" : "Nein",
      "pLoc" : "Hosentasche",
      "incident" : "Zu dichtes Überholen",
      "participant" : "",
      "scary" : "Ja",
      "descr" : "",
      "region" : "Tübingen"
    },
    "geometry" : {
      "type" : "Point",
      "coordinates" : [ 9.06764118, 48.47017796 ]
    }
  }, {
    "type" : "Feature",
    "properties" : {
      "date" : "04/05/2021 08:36:44",
      "bikeType" : "-",
      "child" : "Nein",
      "trailer" : "Nein",
      "pLoc" : "Hosentasche",
      "incident" : "Zu dichtes Überholen",
      "participant" : "",
      "scary" : "Nein",
      "descr" : "",
      "region" : "Tübingen"
    },
    "geometry" : {
      "type" : "Point",
      "coordinates" : [ 9.06535847, 48.48910548 ]
    }
  }, {
    "type" : "Feature",
    "properties" : {
      "date" : "05/05/2021 08:43:18",
      "bikeType" : "-",
      "child" : "Nein",
      "trailer" : "Nein",
      "pLoc" : "Hosentasche",
      "incident" : "Zu dichtes Auffahren",
      "participant" : "Lieferwagen, PKW",
      "scary" : "Ja",
      "descr" : "nicht genügend Abstand zu mir, fast hinten aufgefahren, als ich zum Abbiegen bremsen musste",
      "region" : "Tübingen"
    },
    "geometry" : {
      "type" : "Point",
      "coordinates" : [ 9.06669484, 48.47045952 ]
    }
  }, {
    "type" : "Feature",
    "properties" : {
      "date" : "24/03/2021 15:31:38",
      "bikeType" : "-",
      "child" : "Nein",
      "trailer" : "Nein",
      "pLoc" : "Hosentasche",
      "incident" : "Zu dichtes Überholen",
      "participant" : "Fahrrad",
      "scary" : "Nein",
      "descr" : "stehend rechts überholt worden",
      "region" : "Tübingen"
    },
    "geometry" : {
      "type" : "Point",
      "coordinates" : [ 9.05959501, 48.5249979 ]
    }
  }, {
    "type" : "Feature",
    "properties" : {
      "date" : "24/03/2021 15:33:51",
      "bikeType" : "-",
      "child" : "Nein",
      "trailer" : "Nein",
      "pLoc" : "Hosentasche",
      "incident" : "Zu dichtes Auffahren",
      "participant" : "",
      "scary" : "Ja",
      "descr" : "Erst angehubt und dann vmt. absichtlich zu dicht aufgefahrenen, da er mit zu wenig Platz überholen wollte, was er dann auch gemacht hat",
      "region" : "Tübingen"
    },
    "geometry" : {
      "type" : "Point",
      "coordinates" : [ 9.05541548, 48.52620096 ]
    }
  }, {
    "type" : "Feature",
    "properties" : {
      "date" : "24/03/2021 15:28:42",
      "bikeType" : "-",
      "child" : "Nein",
      "trailer" : "Nein",
      "pLoc" : "Hosentasche",
      "incident" : "Beinahe-Abbiegeunfall",
      "participant" : "",
      "scary" : "Nein",
      "descr" : "Auto das von rechts kommen illegaler Weiße links abbiegen wollte und uns erst spät gesehen hat",
      "region" : "Tübingen"
    },
    "geometry" : {
      "type" : "Point",
      "coordinates" : [ 9.05804665, 48.51836356 ]
    }
  }, {
    "type" : "Feature",
    "properties" : {
      "date" : "13/03/2021 10:08:13",
      "bikeType" : "-",
      "child" : "Nein",
      "trailer" : "Nein",
      "pLoc" : "Hosentasche",
      "incident" : "Sonstiges",
      "participant" : "Sonstiges",
      "scary" : "Nein",
      "descr" : "Bump in the way caused the hinges of my carrier bag to break off and fall off my bike.",
      "region" : "Tübingen"
    },
    "geometry" : {
      "type" : "Point",
      "coordinates" : [ 9.05939975, 48.50878698 ]
    }
  }, {
    "type" : "Feature",
    "properties" : {
      "date" : "24/03/2021 13:13:27",
      "bikeType" : "-",
      "child" : "Nein",
      "trailer" : "Nein",
      "pLoc" : "Hosentasche",
      "incident" : "Zu dichtes Überholen",
      "participant" : "",
      "scary" : "Nein",
      "descr" : "direkt am Ortsausgang mit ca. 1m Abstand",
      "region" : "Tübingen"
    },
    "geometry" : {
      "type" : "Point",
      "coordinates" : [ 9.11995325, 48.54409498 ]
    }
  }, {
    "type" : "Feature",
    "properties" : {
      "date" : "24/03/2021 12:02:37",
      "bikeType" : "-",
      "child" : "Nein",
      "trailer" : "Nein",
      "pLoc" : "Hosentasche",
      "incident" : "Zu dichtes Überholen",
      "participant" : "",
      "scary" : "Ja",
      "descr" : "Plötzlich während des Abbigevorgangs überholt worden",
      "region" : "Tübingen"
    },
    "geometry" : {
      "type" : "Point",
      "coordinates" : [ 9.04252569, 48.54437265 ]
    }
  }, {
    "type" : "Feature",
    "properties" : {
      "date" : "24/03/2021 12:00:51",
      "bikeType" : "-",
      "child" : "Nein",
      "trailer" : "Nein",
      "pLoc" : "Hosentasche",
      "incident" : "Zu dichtes Überholen",
      "participant" : "",
      "scary" : "Ja",
      "descr" : "Hindernis (parkendes Auto) auf der rechten Seite. Nach hinten zu dem langsamen Auto in einigen Abstand geschaut. Beim wechseln der Straßenseite unerwartet knapp überholt worden",
      "region" : "Tübingen"
    },
    "geometry" : {
      "type" : "Point",
      "coordinates" : [ 9.0478494, 48.54389318 ]
    }
  }, {
    "type" : "Feature",
    "properties" : {
      "date" : "22/03/2021 16:39:00",
      "bikeType" : "-",
      "child" : "Nein",
      "trailer" : "Nein",
      "pLoc" : "Hosentasche",
      "incident" : "Zu dichtes Überholen",
      "participant" : "",
      "scary" : "Nein",
      "descr" : "Da es an dieser Stelle nicht möglich ist mit ausreichend Abstand zu überholen sind wir prophylaktisch rechts ran gefahren",
      "region" : "Tübingen"
    },
    "geometry" : {
      "type" : "Point",
      "coordinates" : [ 8.99965198, 48.55136787 ]
    }
  }, {
    "type" : "Feature",
    "properties" : {
      "date" : "09/06/2021 12:29:18",
      "bikeType" : "Mountainbik",
      "child" : "Nein",
      "trailer" : "Nein",
      "pLoc" : "Hosentasche",
      "incident" : "Sonstiges",
      "participant" : "Sonstiges",
      "scary" : "Nein",
      "descr" : "Der „Fahrradweg“ von Kreisel bei Baumarkt Hornbach bis Ecke Nürtinger Straße ist ein gefährlicher und schlechter Witz: einfach nur eine Strichlinie auf der Straße (in beide Richtungen). Viel zu eng für je 2 entgegenkommende Kfz + je ein Fahrrad auf diesem „Fahrradweg“. Kein Kfz hält die vorgeschriebenen 1,5 m Abstsnd ein.",
      "region" : "Tübingen"
    },
    "geometry" : {
      "type" : "Point",
      "coordinates" : [ 9.096532, 48.522299 ]
    }
  }, {
    "type" : "Feature",
    "properties" : {
      "date" : "09/06/2021 12:30:26",
      "bikeType" : "Mountainbik",
      "child" : "Nein",
      "trailer" : "Nein",
      "pLoc" : "Hosentasche",
      "incident" : "Beinahe-Abbiegeunfall",
      "participant" : "PKW",
      "scary" : "Ja",
      "descr" : "Auto fuhr rechts ran und wollte wenden, ich wurde dabei übersehen (Fahrer hat offenkundig weder Schulterblick nach links gemacht noch in die Rückspiegel geschaut) und bin dank Vollbremsung nicht in die Fahrerseite gekracht.",
      "region" : "Tübingen"
    },
    "geometry" : {
      "type" : "Point",
      "coordinates" : [ 9.092497, 48.524945 ]
    }
  }, {
    "type" : "Feature",
    "properties" : {
      "date" : "09/06/2021 12:38:41",
      "bikeType" : "Mountainbik",
      "child" : "Nein",
      "trailer" : "Nein",
      "pLoc" : "Hosentasche",
      "incident" : "Sonstiges",
      "participant" : "Bus, Fahrrad, Fußgänger, Lieferwagen, LKW, Motorrad, PKW, Taxi, Sonstiges, E-Scooter",
      "scary" : "Nein",
      "descr" : "Tagsüber durchweg sehr hohes Verkehrsaufkommen zwischen Neckarbrücke und Ecke Europastraße (Tübingens Nadelöhr?), unangenehm zu fahren. ",
      "region" : "Tübingen"
    },
    "geometry" : {
      "type" : "Point",
      "coordinates" : [ 9.058271, 48.519551 ]
    }
  }, {
    "type" : "Feature",
    "properties" : {
      "date" : "07/04/2021 08:19:01",
      "bikeType" : "-",
      "child" : "Nein",
      "trailer" : "Nein",
      "pLoc" : "Hosentasche",
      "incident" : "Zu dichtes Überholen",
      "participant" : "",
      "scary" : "Nein",
      "descr" : "",
      "region" : "Tübingen"
    },
    "geometry" : {
      "type" : "Point",
      "coordinates" : [ 9.07336275, 48.46841914 ]
    }
  }, {
    "type" : "Feature",
    "properties" : {
      "date" : "07/04/2021 08:27:47",
      "bikeType" : "-",
      "child" : "Nein",
      "trailer" : "Nein",
      "pLoc" : "Hosentasche",
      "incident" : "Zu dichtes Überholen",
      "participant" : "",
      "scary" : "Nein",
      "descr" : "",
      "region" : "Tübingen"
    },
    "geometry" : {
      "type" : "Point",
      "coordinates" : [ 9.06208699, 48.49206578 ]
    }
  }, {
    "type" : "Feature",
    "properties" : {
      "date" : "07/04/2021 08:27:05",
      "bikeType" : "-",
      "child" : "Nein",
      "trailer" : "Nein",
      "pLoc" : "Hosentasche",
      "incident" : "Zu dichtes Überholen",
      "participant" : "",
      "scary" : "Nein",
      "descr" : "",
      "region" : "Tübingen"
    },
    "geometry" : {
      "type" : "Point",
      "coordinates" : [ 9.06464477, 48.48977977 ]
    }
  }, {
    "type" : "Feature",
    "properties" : {
      "date" : "26/03/2021 07:57:32",
      "bikeType" : "-",
      "child" : "Nein",
      "trailer" : "Nein",
      "pLoc" : "Hosentasche",
      "incident" : "Zu dichtes Überholen",
      "participant" : "",
      "scary" : "Nein",
      "descr" : "mehrere gefährliche/riskante Überholvorgang trotz Fahrradanhänger, indem potentiell Kinder sitzen könnten",
      "region" : "Tübingen"
    },
    "geometry" : {
      "type" : "Point",
      "coordinates" : [ 9.06283284, 48.49139521 ]
    }
  }, {
    "type" : "Feature",
    "properties" : {
      "date" : "27/04/2021 12:07:28",
      "bikeType" : "-",
      "child" : "Nein",
      "trailer" : "Nein",
      "pLoc" : "Hosentasche",
      "incident" : "Entgegenkommender Verkehrsteilnehmer",
      "participant" : "",
      "scary" : "Nein",
      "descr" : "Gegenverkehr wich trotz Platz und Hindernis auf der Seite des Gegenverkehr nicht aus und regte sich auch noch auf",
      "region" : "Tübingen"
    },
    "geometry" : {
      "type" : "Point",
      "coordinates" : [ 9.04804911, 48.52663014 ]
    }
  }, {
    "type" : "Feature",
    "properties" : {
      "date" : "27/04/2021 12:17:23",
      "bikeType" : "-",
      "child" : "Nein",
      "trailer" : "Nein",
      "pLoc" : "Hosentasche",
      "incident" : "Zu dichtes Überholen",
      "participant" : "",
      "scary" : "Nein",
      "descr" : "während des Abbiegen",
      "region" : "Tübingen"
    },
    "geometry" : {
      "type" : "Point",
      "coordinates" : [ 9.03456637, 48.54033094 ]
    }
  }, {
    "type" : "Feature",
    "properties" : {
      "date" : "27/03/2021 10:10:31",
      "bikeType" : "-",
      "child" : "Nein",
      "trailer" : "Nein",
      "pLoc" : "Hosentasche",
      "incident" : "Zu dichtes Überholen",
      "participant" : "",
      "scary" : "Nein",
      "descr" : "gefährliches Drängeln zwischen mir und Verkehrsinsel vor Kreisverkehr. Abstand max 20cm",
      "region" : "Tübingen"
    },
    "geometry" : {
      "type" : "Point",
      "coordinates" : [ 9.06737611, 48.47031618 ]
    }
  }, {
    "type" : "Feature",
    "properties" : {
      "date" : "27/11/2022 13:04:49",
      "bikeType" : "E-Bike",
      "child" : "Nein",
      "trailer" : "Nein",
      "pLoc" : "Lenker",
      "incident" : "Zu dichtes Überholen",
      "participant" : "PKW",
      "scary" : "Nein",
      "descr" : "",
      "region" : "Tübingen"
    },
    "geometry" : {
      "type" : "Point",
      "coordinates" : [ 9.046726130045842, 48.54374400405839 ]
    }
  }, {
    "type" : "Feature",
    "properties" : {
      "date" : "11/05/2022 20:17:42",
      "bikeType" : "E-Bike",
      "child" : "Nein",
      "trailer" : "Nein",
      "pLoc" : "Lenker",
      "incident" : "Sonstiges",
      "participant" : "PKW",
      "scary" : "Nein",
      "descr" : "unübersichtliche Verkehrsführung, ich  konnte nur spät Richtungswechsel anzeigen und hab ggf. nachfolgenden PKW-Fahrer:in erschreckt\\n\\n",
      "region" : "Tübingen"
    },
    "geometry" : {
      "type" : "Point",
      "coordinates" : [ 8.967946304458131, 48.501012142520096 ]
    }
  }, {
    "type" : "Feature",
    "properties" : {
      "date" : "30/05/2022 12:41:30",
      "bikeType" : "E-Bike",
      "child" : "Nein",
      "trailer" : "Nein",
      "pLoc" : "Lenker",
      "incident" : "Beinahe-Abbiegeunfall",
      "participant" : "PKW",
      "scary" : "Nein",
      "descr" : "PKW von links hat Vorfahrt geklaut\\n",
      "region" : "Tübingen"
    },
    "geometry" : {
      "type" : "Point",
      "coordinates" : [ 9.050150315804851, 48.54134313890185 ]
    }
  }, {
    "type" : "Feature",
    "properties" : {
      "date" : "26/05/2022 14:32:55",
      "bikeType" : "E-Bike",
      "child" : "Nein",
      "trailer" : "Nein",
      "pLoc" : "Lenker",
      "incident" : "Zu dichtes Überholen",
      "participant" : "Fahrrad, PKW",
      "scary" : "Nein",
      "descr" : "",
      "region" : "Tübingen"
    },
    "geometry" : {
      "type" : "Point",
      "coordinates" : [ 9.055441866114691, 48.52623541035397 ]
    }
  }, {
    "type" : "Feature",
    "properties" : {
      "date" : "01/10/2022 12:37:12",
      "bikeType" : "E-Bike",
      "child" : "Nein",
      "trailer" : "Nein",
      "pLoc" : "Lenker",
      "incident" : "Zu dichtes Überholen",
      "participant" : "PKW",
      "scary" : "Nein",
      "descr" : "",
      "region" : "Tübingen"
    },
    "geometry" : {
      "type" : "Point",
      "coordinates" : [ 9.056904044406787, 48.52605175589802 ]
    }
  }, {
    "type" : "Feature",
    "properties" : {
      "date" : "01/10/2022 12:37:24",
      "bikeType" : "E-Bike",
      "child" : "Nein",
      "trailer" : "Nein",
      "pLoc" : "Lenker",
      "incident" : "Zu dichtes Überholen",
      "participant" : "PKW",
      "scary" : "Nein",
      "descr" : "",
      "region" : "Tübingen"
    },
    "geometry" : {
      "type" : "Point",
      "coordinates" : [ 9.05604280721217, 48.52617647699623 ]
    }
  }, {
    "type" : "Feature",
    "properties" : {
      "date" : "23/10/2022 17:18:52",
      "bikeType" : "E-Bike",
      "child" : "Nein",
      "trailer" : "Nein",
      "pLoc" : "Lenker",
      "incident" : "Zu dichtes Überholen",
      "participant" : "PKW",
      "scary" : "Nein",
      "descr" : "",
      "region" : "Tübingen"
    },
    "geometry" : {
      "type" : "Point",
      "coordinates" : [ 9.048316004049951, 48.526617208391954 ]
    }
  }, {
    "type" : "Feature",
    "properties" : {
      "date" : "03/10/2022 17:25:18",
      "bikeType" : "E-Bike",
      "child" : "Nein",
      "trailer" : "Nein",
      "pLoc" : "Lenker",
      "incident" : "Zu dichtes Überholen",
      "participant" : "PKW",
      "scary" : "Nein",
      "descr" : "",
      "region" : "Tübingen"
    },
    "geometry" : {
      "type" : "Point",
      "coordinates" : [ 9.055946297826381, 48.52620271531371 ]
    }
  }, {
    "type" : "Feature",
    "properties" : {
      "date" : "23/06/2022 19:19:19",
      "bikeType" : "E-Bike",
      "child" : "Nein",
      "trailer" : "Nein",
      "pLoc" : "Lenker",
      "incident" : "Beinahe-Abbiegeunfall",
      "participant" : "PKW",
      "scary" : "Nein",
      "descr" : "PKW Fahrerin wollte rechts parken, hat mich übersehen. Nix passiert. Hat sich direkt entschuldigt. ",
      "region" : "Tübingen"
    },
    "geometry" : {
      "type" : "Point",
      "coordinates" : [ 8.96976023443052, 48.50267960232778 ]
    }
  }, {
    "type" : "Feature",
    "properties" : {
      "date" : "23/06/2022 19:48:05",
      "bikeType" : "E-Bike",
      "child" : "Nein",
      "trailer" : "Nein",
      "pLoc" : "Lenker",
      "incident" : "Zu dichtes Überholen",
      "participant" : "PKW",
      "scary" : "Nein",
      "descr" : "",
      "region" : "Tübingen"
    },
    "geometry" : {
      "type" : "Point",
      "coordinates" : [ 9.045636729036842, 48.5290281036372 ]
    }
  }, {
    "type" : "Feature",
    "properties" : {
      "date" : "23/06/2022 12:17:33",
      "bikeType" : "E-Bike",
      "child" : "Nein",
      "trailer" : "Nein",
      "pLoc" : "Lenker",
      "incident" : "Hindernis ausweichen (z.B. Hund)",
      "participant" : "Lieferwagen",
      "scary" : "Nein",
      "descr" : "Kleinlaster hat Einfahrt zugeparkt, müsste umfahren werden",
      "region" : "Tübingen"
    },
    "geometry" : {
      "type" : "Point",
      "coordinates" : [ 9.05573838795153, 48.539180963560234 ]
    }
  }, {
    "type" : "Feature",
    "properties" : {
      "date" : "12/06/2022 09:55:12",
      "bikeType" : "E-Bike",
      "child" : "Nein",
      "trailer" : "Nein",
      "pLoc" : "Lenker",
      "incident" : "Zu dichtes Überholen",
      "participant" : "PKW",
      "scary" : "Nein",
      "descr" : "",
      "region" : "Tübingen"
    },
    "geometry" : {
      "type" : "Point",
      "coordinates" : [ 9.054043190325721, 48.60533673021728 ]
    }
  }, {
    "type" : "Feature",
    "properties" : {
      "date" : "05/07/2022 18:33:27",
      "bikeType" : "E-Bike",
      "child" : "Nein",
      "trailer" : "Nein",
      "pLoc" : "Lenker",
      "incident" : "Hindernis ausweichen (z.B. Hund)",
      "participant" : "PKW",
      "scary" : "Nein",
      "descr" : "Auto fuhr langsam und unentschlossen. eventuell Parkplatzsuche... ",
      "region" : "Tübingen"
    },
    "geometry" : {
      "type" : "Point",
      "coordinates" : [ 9.062157193229995, 48.51889931071935 ]
    }
  } ]
}