{
  "type" : "FeatureCollection",
  "features" : [ {
    "type" : "Feature",
    "properties" : {
      "date" : "31/03/2021 15:48:48",
      "bikeType" : "-",
      "child" : "Nein",
      "trailer" : "Nein",
      "pLoc" : "Hosentasche",
      "incident" : "Zu dichtes Überholen",
      "participant" : "",
      "scary" : "Nein",
      "descr" : "",
      "region" : "Ahrweiler"
    },
    "geometry" : {
      "type" : "Point",
      "coordinates" : [ 7.04615373, 50.53440847 ]
    }
  }, {
    "type" : "Feature",
    "properties" : {
      "date" : "22/01/2022 11:42:44",
      "bikeType" : "City-/Trekking Bike",
      "child" : "Nein",
      "trailer" : "Nein",
      "pLoc" : "Hosentasche",
      "incident" : "Entgegenkommender Verkehrsteilnehmer",
      "participant" : "PKW",
      "scary" : "Ja",
      "descr" : "",
      "region" : "Ahrweiler"
    },
    "geometry" : {
      "type" : "Point",
      "coordinates" : [ 7.145085, 50.692682 ]
    }
  }, {
    "type" : "Feature",
    "properties" : {
      "date" : "22/01/2022 11:45:45",
      "bikeType" : "City-/Trekking Bike",
      "child" : "Nein",
      "trailer" : "Nein",
      "pLoc" : "Hosentasche",
      "incident" : "Beinahe-Dooring",
      "participant" : "PKW",
      "scary" : "Ja",
      "descr" : "",
      "region" : "Ahrweiler"
    },
    "geometry" : {
      "type" : "Point",
      "coordinates" : [ 7.15744, 50.684718 ]
    }
  }, {
    "type" : "Feature",
    "properties" : {
      "date" : "12/01/2022 17:22:36",
      "bikeType" : "City-/Trekking Bike",
      "child" : "Nein",
      "trailer" : "Nein",
      "pLoc" : "Hosentasche",
      "incident" : "Beinahe-Dooring",
      "participant" : "PKW",
      "scary" : "Ja",
      "descr" : "Dooring",
      "region" : "Ahrweiler"
    },
    "geometry" : {
      "type" : "Point",
      "coordinates" : [ 7.15986, 50.697648 ]
    }
  }, {
    "type" : "Feature",
    "properties" : {
      "date" : "12/01/2022 17:27:22",
      "bikeType" : "City-/Trekking Bike",
      "child" : "Nein",
      "trailer" : "Nein",
      "pLoc" : "Hosentasche",
      "incident" : "Sonstiges",
      "participant" : "PKW",
      "scary" : "Ja",
      "descr" : "Sudden U Turn ",
      "region" : "Ahrweiler"
    },
    "geometry" : {
      "type" : "Point",
      "coordinates" : [ 7.144919, 50.689475 ]
    }
  }, {
    "type" : "Feature",
    "properties" : {
      "date" : "20/01/2022 11:40:55",
      "bikeType" : "City-/Trekking Bike",
      "child" : "Nein",
      "trailer" : "Nein",
      "pLoc" : "Hosentasche",
      "incident" : "Zu dichtes Überholen",
      "participant" : "PKW",
      "scary" : "Nein",
      "descr" : "",
      "region" : "Ahrweiler"
    },
    "geometry" : {
      "type" : "Point",
      "coordinates" : [ 7.144755, 50.698182 ]
    }
  }, {
    "type" : "Feature",
    "properties" : {
      "date" : "20/01/2022 11:43:28",
      "bikeType" : "City-/Trekking Bike",
      "child" : "Nein",
      "trailer" : "Nein",
      "pLoc" : "Hosentasche",
      "incident" : "Beinahe-Abbiegeunfall",
      "participant" : "PKW",
      "scary" : "Ja",
      "descr" : "",
      "region" : "Ahrweiler"
    },
    "geometry" : {
      "type" : "Point",
      "coordinates" : [ 7.150987, 50.701696 ]
    }
  }, {
    "type" : "Feature",
    "properties" : {
      "date" : "25/01/2022 15:34:07",
      "bikeType" : "City-/Trekking Bike",
      "child" : "Nein",
      "trailer" : "Nein",
      "pLoc" : "Hosentasche",
      "incident" : "Zu dichtes Überholen",
      "participant" : "PKW",
      "scary" : "Nein",
      "descr" : "",
      "region" : "Ahrweiler"
    },
    "geometry" : {
      "type" : "Point",
      "coordinates" : [ 7.105128, 50.735525 ]
    }
  }, {
    "type" : "Feature",
    "properties" : {
      "date" : "18/01/2022 12:25:47",
      "bikeType" : "City-/Trekking Bike",
      "child" : "Nein",
      "trailer" : "Nein",
      "pLoc" : "Hosentasche",
      "incident" : "Entgegenkommender Verkehrsteilnehmer",
      "participant" : "PKW",
      "scary" : "Ja",
      "descr" : "",
      "region" : "Ahrweiler"
    },
    "geometry" : {
      "type" : "Point",
      "coordinates" : [ 7.138637, 50.696136 ]
    }
  }, {
    "type" : "Feature",
    "properties" : {
      "date" : "25/01/2022 14:44:22",
      "bikeType" : "City-/Trekking Bike",
      "child" : "Nein",
      "trailer" : "Nein",
      "pLoc" : "Hosentasche",
      "incident" : "Zu dichtes Überholen",
      "participant" : "PKW",
      "scary" : "Nein",
      "descr" : "",
      "region" : "Ahrweiler"
    },
    "geometry" : {
      "type" : "Point",
      "coordinates" : [ 7.109558, 50.728418 ]
    }
  }, {
    "type" : "Feature",
    "properties" : {
      "date" : "25/01/2022 14:49:09",
      "bikeType" : "City-/Trekking Bike",
      "child" : "Nein",
      "trailer" : "Nein",
      "pLoc" : "Hosentasche",
      "incident" : "Zu dichtes Überholen",
      "participant" : "PKW",
      "scary" : "Nein",
      "descr" : "",
      "region" : "Ahrweiler"
    },
    "geometry" : {
      "type" : "Point",
      "coordinates" : [ 7.102513, 50.738784 ]
    }
  }, {
    "type" : "Feature",
    "properties" : {
      "date" : "20/01/2022 11:27:09",
      "bikeType" : "City-/Trekking Bike",
      "child" : "Nein",
      "trailer" : "Nein",
      "pLoc" : "Hosentasche",
      "incident" : "Sonstiges",
      "participant" : "LKW",
      "scary" : "Nein",
      "descr" : "Blocking road / bike path",
      "region" : "Ahrweiler"
    },
    "geometry" : {
      "type" : "Point",
      "coordinates" : [ 7.134434, 50.694399 ]
    }
  }, {
    "type" : "Feature",
    "properties" : {
      "date" : "17/01/2022 12:28:07",
      "bikeType" : "City-/Trekking Bike",
      "child" : "Nein",
      "trailer" : "Nein",
      "pLoc" : "Hosentasche",
      "incident" : "Zu dichtes Überholen",
      "participant" : "PKW",
      "scary" : "Ja",
      "descr" : "Very close passing",
      "region" : "Ahrweiler"
    },
    "geometry" : {
      "type" : "Point",
      "coordinates" : [ 7.140543, 50.697036 ]
    }
  }, {
    "type" : "Feature",
    "properties" : {
      "date" : "17/01/2022 12:37:56",
      "bikeType" : "City-/Trekking Bike",
      "child" : "Nein",
      "trailer" : "Nein",
      "pLoc" : "Hosentasche",
      "incident" : "Beinahe-Abbiegeunfall",
      "participant" : "PKW",
      "scary" : "Nein",
      "descr" : "",
      "region" : "Ahrweiler"
    },
    "geometry" : {
      "type" : "Point",
      "coordinates" : [ 7.139276, 50.696285 ]
    }
  }, {
    "type" : "Feature",
    "properties" : {
      "date" : "12/01/2022 17:58:54",
      "bikeType" : "City-/Trekking Bike",
      "child" : "Nein",
      "trailer" : "Nein",
      "pLoc" : "Hosentasche",
      "incident" : "Entgegenkommender Verkehrsteilnehmer",
      "participant" : "PKW",
      "scary" : "Ja",
      "descr" : "",
      "region" : "Ahrweiler"
    },
    "geometry" : {
      "type" : "Point",
      "coordinates" : [ 7.152685, 50.68695 ]
    }
  }, {
    "type" : "Feature",
    "properties" : {
      "date" : "22/01/2022 12:12:31",
      "bikeType" : "City-/Trekking Bike",
      "child" : "Nein",
      "trailer" : "Nein",
      "pLoc" : "Hosentasche",
      "incident" : "Zu dichtes Überholen",
      "participant" : "PKW",
      "scary" : "Ja",
      "descr" : "",
      "region" : "Ahrweiler"
    },
    "geometry" : {
      "type" : "Point",
      "coordinates" : [ 7.161807, 50.695268 ]
    }
  }, {
    "type" : "Feature",
    "properties" : {
      "date" : "20/01/2022 07:40:16",
      "bikeType" : "City-/Trekking Bike",
      "child" : "Nein",
      "trailer" : "Nein",
      "pLoc" : "Hosentasche",
      "incident" : "Zu dichtes Überholen",
      "participant" : "PKW",
      "scary" : "Ja",
      "descr" : "",
      "region" : "Ahrweiler"
    },
    "geometry" : {
      "type" : "Point",
      "coordinates" : [ 7.140834, 50.697147 ]
    }
  }, {
    "type" : "Feature",
    "properties" : {
      "date" : "20/01/2022 07:41:31",
      "bikeType" : "City-/Trekking Bike",
      "child" : "Nein",
      "trailer" : "Nein",
      "pLoc" : "Hosentasche",
      "incident" : "Zu dichtes Überholen",
      "participant" : "PKW",
      "scary" : "Ja",
      "descr" : "",
      "region" : "Ahrweiler"
    },
    "geometry" : {
      "type" : "Point",
      "coordinates" : [ 7.137642, 50.695774 ]
    }
  }, {
    "type" : "Feature",
    "properties" : {
      "date" : "20/01/2022 07:43:46",
      "bikeType" : "City-/Trekking Bike",
      "child" : "Nein",
      "trailer" : "Nein",
      "pLoc" : "Hosentasche",
      "incident" : "Zu dichtes Überholen",
      "participant" : "PKW",
      "scary" : "Ja",
      "descr" : "",
      "region" : "Ahrweiler"
    },
    "geometry" : {
      "type" : "Point",
      "coordinates" : [ 7.13213, 50.694052 ]
    }
  }, {
    "type" : "Feature",
    "properties" : {
      "date" : "20/01/2022 07:53:33",
      "bikeType" : "City-/Trekking Bike",
      "child" : "Nein",
      "trailer" : "Nein",
      "pLoc" : "Hosentasche",
      "incident" : "Beinahe-Abbiegeunfall",
      "participant" : "PKW",
      "scary" : "Ja",
      "descr" : "",
      "region" : "Ahrweiler"
    },
    "geometry" : {
      "type" : "Point",
      "coordinates" : [ 7.152177, 50.702307 ]
    }
  } ]
}