{
  "type" : "FeatureCollection",
  "features" : [ {
    "type" : "Feature",
    "properties" : {
      "date" : "19/05/2021 11:08:57",
      "bikeType" : "-",
      "child" : "Nein",
      "trailer" : "Nein",
      "pLoc" : "Hosentasche",
      "incident" : "Ein- oder ausparkendes Fahrzeug",
      "participant" : "PKW",
      "scary" : "Nein",
      "descr" : "",
      "region" : "Kaiserslautern"
    },
    "geometry" : {
      "type" : "Point",
      "coordinates" : [ 8.689653, 49.396751 ]
    }
  }, {
    "type" : "Feature",
    "properties" : {
      "date" : "03/05/2021 20:29:51",
      "bikeType" : "-",
      "child" : "Nein",
      "trailer" : "Nein",
      "pLoc" : "Hosentasche",
      "incident" : "Ein- oder ausparkendes Fahrzeug",
      "participant" : "PKW",
      "scary" : "Nein",
      "descr" : "",
      "region" : "Kaiserslautern"
    },
    "geometry" : {
      "type" : "Point",
      "coordinates" : [ 8.671659, 49.407999 ]
    }
  }, {
    "type" : "Feature",
    "properties" : {
      "date" : "19/05/2021 21:06:05",
      "bikeType" : "-",
      "child" : "Nein",
      "trailer" : "Nein",
      "pLoc" : "Hosentasche",
      "incident" : "Ein- oder ausparkendes Fahrzeug",
      "participant" : "PKW",
      "scary" : "Nein",
      "descr" : "",
      "region" : "Kaiserslautern"
    },
    "geometry" : {
      "type" : "Point",
      "coordinates" : [ 8.691932, 49.380375 ]
    }
  }, {
    "type" : "Feature",
    "properties" : {
      "date" : "10/05/2021 07:18:49",
      "bikeType" : "-",
      "child" : "Nein",
      "trailer" : "Nein",
      "pLoc" : "Hosentasche",
      "incident" : "Beinahe-Abbiegeunfall",
      "participant" : "PKW",
      "scary" : "Nein",
      "descr" : "",
      "region" : "Kaiserslautern"
    },
    "geometry" : {
      "type" : "Point",
      "coordinates" : [ 8.690252, 49.389687 ]
    }
  }, {
    "type" : "Feature",
    "properties" : {
      "date" : "22/06/2021 07:35:44",
      "bikeType" : "-",
      "child" : "Nein",
      "trailer" : "Nein",
      "pLoc" : "Hosentasche",
      "incident" : "Beinahe-Abbiegeunfall",
      "participant" : "PKW",
      "scary" : "Ja",
      "descr" : "",
      "region" : "Kaiserslautern"
    },
    "geometry" : {
      "type" : "Point",
      "coordinates" : [ 8.689649, 49.396627 ]
    }
  }, {
    "type" : "Feature",
    "properties" : {
      "date" : "22/06/2021 07:38:32",
      "bikeType" : "-",
      "child" : "Nein",
      "trailer" : "Nein",
      "pLoc" : "Hosentasche",
      "incident" : "Ein- oder ausparkendes Fahrzeug",
      "participant" : "LKW",
      "scary" : "Nein",
      "descr" : "",
      "region" : "Kaiserslautern"
    },
    "geometry" : {
      "type" : "Point",
      "coordinates" : [ 8.690365, 49.385934 ]
    }
  }, {
    "type" : "Feature",
    "properties" : {
      "date" : "30/06/2021 15:29:38",
      "bikeType" : "-",
      "child" : "Nein",
      "trailer" : "Nein",
      "pLoc" : "Hosentasche",
      "incident" : "Beinahe-Abbiegeunfall",
      "participant" : "Bus",
      "scary" : "Nein",
      "descr" : "",
      "region" : "Kaiserslautern"
    },
    "geometry" : {
      "type" : "Point",
      "coordinates" : [ 8.692373, 49.409093 ]
    }
  }, {
    "type" : "Feature",
    "properties" : {
      "date" : "28/06/2021 16:02:26",
      "bikeType" : "-",
      "child" : "Nein",
      "trailer" : "Nein",
      "pLoc" : "Hosentasche",
      "incident" : "Beinahe-Abbiegeunfall",
      "participant" : "PKW",
      "scary" : "Ja",
      "descr" : "",
      "region" : "Kaiserslautern"
    },
    "geometry" : {
      "type" : "Point",
      "coordinates" : [ 8.692601, 49.409263 ]
    }
  }, {
    "type" : "Feature",
    "properties" : {
      "date" : "28/06/2021 16:02:32",
      "bikeType" : "-",
      "child" : "Nein",
      "trailer" : "Nein",
      "pLoc" : "Hosentasche",
      "incident" : "Beinahe-Abbiegeunfall",
      "participant" : "PKW",
      "scary" : "Nein",
      "descr" : "",
      "region" : "Kaiserslautern"
    },
    "geometry" : {
      "type" : "Point",
      "coordinates" : [ 8.692448, 49.409012 ]
    }
  }, {
    "type" : "Feature",
    "properties" : {
      "date" : "28/06/2021 16:06:15",
      "bikeType" : "-",
      "child" : "Nein",
      "trailer" : "Nein",
      "pLoc" : "Hosentasche",
      "incident" : "Beinahe-Abbiegeunfall",
      "participant" : "PKW",
      "scary" : "Nein",
      "descr" : "",
      "region" : "Kaiserslautern"
    },
    "geometry" : {
      "type" : "Point",
      "coordinates" : [ 8.687222, 49.404437 ]
    }
  }, {
    "type" : "Feature",
    "properties" : {
      "date" : "09/06/2021 07:26:57",
      "bikeType" : "-",
      "child" : "Nein",
      "trailer" : "Nein",
      "pLoc" : "Hosentasche",
      "incident" : "Entgegenkommender Verkehrsteilnehmer",
      "participant" : "Fahrrad",
      "scary" : "Nein",
      "descr" : "",
      "region" : "Kaiserslautern"
    },
    "geometry" : {
      "type" : "Point",
      "coordinates" : [ 8.689204, 49.398716 ]
    }
  }, {
    "type" : "Feature",
    "properties" : {
      "date" : "09/06/2021 07:27:05",
      "bikeType" : "-",
      "child" : "Nein",
      "trailer" : "Nein",
      "pLoc" : "Hosentasche",
      "incident" : "Beinahe-Abbiegeunfall",
      "participant" : "Fahrrad",
      "scary" : "Nein",
      "descr" : "",
      "region" : "Kaiserslautern"
    },
    "geometry" : {
      "type" : "Point",
      "coordinates" : [ 8.689271, 49.398361 ]
    }
  }, {
    "type" : "Feature",
    "properties" : {
      "date" : "17/06/2021 19:08:28",
      "bikeType" : "-",
      "child" : "Nein",
      "trailer" : "Nein",
      "pLoc" : "Hosentasche",
      "incident" : "Zu dichtes Überholen",
      "participant" : "PKW",
      "scary" : "Nein",
      "descr" : "",
      "region" : "Kaiserslautern"
    },
    "geometry" : {
      "type" : "Point",
      "coordinates" : [ 8.679053, 49.4077 ]
    }
  }, {
    "type" : "Feature",
    "properties" : {
      "date" : "17/06/2021 17:32:44",
      "bikeType" : "-",
      "child" : "Nein",
      "trailer" : "Nein",
      "pLoc" : "Hosentasche",
      "incident" : "Zu dichtes Überholen",
      "participant" : "PKW",
      "scary" : "Nein",
      "descr" : "",
      "region" : "Kaiserslautern"
    },
    "geometry" : {
      "type" : "Point",
      "coordinates" : [ 8.675163, 49.407977 ]
    }
  }, {
    "type" : "Feature",
    "properties" : {
      "date" : "30/05/2021 01:10:52",
      "bikeType" : "-",
      "child" : "Nein",
      "trailer" : "Nein",
      "pLoc" : "Hosentasche",
      "incident" : "Beinahe-Abbiegeunfall",
      "participant" : "PKW",
      "scary" : "Ja",
      "descr" : "",
      "region" : "Kaiserslautern"
    },
    "geometry" : {
      "type" : "Point",
      "coordinates" : [ 8.676985, 49.407855 ]
    }
  }, {
    "type" : "Feature",
    "properties" : {
      "date" : "14/06/2021 07:23:51",
      "bikeType" : "-",
      "child" : "Nein",
      "trailer" : "Nein",
      "pLoc" : "Hosentasche",
      "incident" : "Hindernis ausweichen (z.B. Hund)",
      "participant" : "",
      "scary" : "Nein",
      "descr" : "",
      "region" : "Kaiserslautern"
    },
    "geometry" : {
      "type" : "Point",
      "coordinates" : [ 8.690229, 49.389977 ]
    }
  }, {
    "type" : "Feature",
    "properties" : {
      "date" : "05/06/2021 13:15:46",
      "bikeType" : "-",
      "child" : "Nein",
      "trailer" : "Nein",
      "pLoc" : "Hosentasche",
      "incident" : "Zu dichtes Überholen",
      "participant" : "PKW",
      "scary" : "Nein",
      "descr" : "",
      "region" : "Kaiserslautern"
    },
    "geometry" : {
      "type" : "Point",
      "coordinates" : [ 8.728685, 49.415744 ]
    }
  }, {
    "type" : "Feature",
    "properties" : {
      "date" : "28/06/2021 08:39:05",
      "bikeType" : "-",
      "child" : "Nein",
      "trailer" : "Nein",
      "pLoc" : "Hosentasche",
      "incident" : "Zu dichtes Überholen",
      "participant" : "PKW",
      "scary" : "Nein",
      "descr" : "",
      "region" : "Kaiserslautern"
    },
    "geometry" : {
      "type" : "Point",
      "coordinates" : [ 8.692813, 49.411281 ]
    }
  }, {
    "type" : "Feature",
    "properties" : {
      "date" : "15/07/2021 14:15:43",
      "bikeType" : "-",
      "child" : "Nein",
      "trailer" : "Nein",
      "pLoc" : "Hosentasche",
      "incident" : "Beinahe-Abbiegeunfall",
      "participant" : "PKW",
      "scary" : "Ja",
      "descr" : "",
      "region" : "Kaiserslautern"
    },
    "geometry" : {
      "type" : "Point",
      "coordinates" : [ 8.684336, 49.4074 ]
    }
  }, {
    "type" : "Feature",
    "properties" : {
      "date" : "15/07/2021 14:15:46",
      "bikeType" : "-",
      "child" : "Nein",
      "trailer" : "Nein",
      "pLoc" : "Hosentasche",
      "incident" : "Beinahe-Abbiegeunfall",
      "participant" : "PKW",
      "scary" : "Ja",
      "descr" : "",
      "region" : "Kaiserslautern"
    },
    "geometry" : {
      "type" : "Point",
      "coordinates" : [ 8.684315, 49.407249 ]
    }
  }, {
    "type" : "Feature",
    "properties" : {
      "date" : "07/07/2021 17:28:23",
      "bikeType" : "-",
      "child" : "Nein",
      "trailer" : "Nein",
      "pLoc" : "Hosentasche",
      "incident" : "Beinahe-Abbiegeunfall",
      "participant" : "PKW",
      "scary" : "Ja",
      "descr" : "",
      "region" : "Kaiserslautern"
    },
    "geometry" : {
      "type" : "Point",
      "coordinates" : [ 8.692099, 49.411239 ]
    }
  }, {
    "type" : "Feature",
    "properties" : {
      "date" : "07/07/2021 17:28:32",
      "bikeType" : "-",
      "child" : "Nein",
      "trailer" : "Nein",
      "pLoc" : "Hosentasche",
      "incident" : "Ein- oder ausparkendes Fahrzeug",
      "participant" : "PKW",
      "scary" : "Nein",
      "descr" : "",
      "region" : "Kaiserslautern"
    },
    "geometry" : {
      "type" : "Point",
      "coordinates" : [ 8.692088, 49.410803 ]
    }
  }, {
    "type" : "Feature",
    "properties" : {
      "date" : "07/07/2021 17:28:38",
      "bikeType" : "-",
      "child" : "Nein",
      "trailer" : "Nein",
      "pLoc" : "Hosentasche",
      "incident" : "Ein- oder ausparkendes Fahrzeug",
      "participant" : "Lieferwagen",
      "scary" : "Nein",
      "descr" : "",
      "region" : "Kaiserslautern"
    },
    "geometry" : {
      "type" : "Point",
      "coordinates" : [ 8.692214, 49.410617 ]
    }
  }, {
    "type" : "Feature",
    "properties" : {
      "date" : "07/07/2021 17:31:34",
      "bikeType" : "-",
      "child" : "Nein",
      "trailer" : "Nein",
      "pLoc" : "Hosentasche",
      "incident" : "Sonstiges",
      "participant" : "PKW",
      "scary" : "Nein",
      "descr" : "",
      "region" : "Kaiserslautern"
    },
    "geometry" : {
      "type" : "Point",
      "coordinates" : [ 8.692058, 49.406316 ]
    }
  }, {
    "type" : "Feature",
    "properties" : {
      "date" : "14/07/2021 20:31:23",
      "bikeType" : "-",
      "child" : "Nein",
      "trailer" : "Nein",
      "pLoc" : "Hosentasche",
      "incident" : "Beinahe-Abbiegeunfall",
      "participant" : "Fahrrad",
      "scary" : "Ja",
      "descr" : "",
      "region" : "Kaiserslautern"
    },
    "geometry" : {
      "type" : "Point",
      "coordinates" : [ 8.704116, 49.409694 ]
    }
  }, {
    "type" : "Feature",
    "properties" : {
      "date" : "05/07/2021 16:29:27",
      "bikeType" : "-",
      "child" : "Nein",
      "trailer" : "Nein",
      "pLoc" : "Hosentasche",
      "incident" : "Beinahe-Abbiegeunfall",
      "participant" : "PKW",
      "scary" : "Ja",
      "descr" : "",
      "region" : "Kaiserslautern"
    },
    "geometry" : {
      "type" : "Point",
      "coordinates" : [ 8.69242, 49.410248 ]
    }
  }, {
    "type" : "Feature",
    "properties" : {
      "date" : "07/07/2021 17:28:23",
      "bikeType" : "-",
      "child" : "Nein",
      "trailer" : "Nein",
      "pLoc" : "Hosentasche",
      "incident" : "Beinahe-Abbiegeunfall",
      "participant" : "PKW",
      "scary" : "Ja",
      "descr" : "",
      "region" : "Kaiserslautern"
    },
    "geometry" : {
      "type" : "Point",
      "coordinates" : [ 8.692099, 49.411239 ]
    }
  }, {
    "type" : "Feature",
    "properties" : {
      "date" : "07/07/2021 17:28:32",
      "bikeType" : "-",
      "child" : "Nein",
      "trailer" : "Nein",
      "pLoc" : "Hosentasche",
      "incident" : "Ein- oder ausparkendes Fahrzeug",
      "participant" : "PKW",
      "scary" : "Nein",
      "descr" : "",
      "region" : "Kaiserslautern"
    },
    "geometry" : {
      "type" : "Point",
      "coordinates" : [ 8.692088, 49.410803 ]
    }
  }, {
    "type" : "Feature",
    "properties" : {
      "date" : "07/07/2021 17:28:38",
      "bikeType" : "-",
      "child" : "Nein",
      "trailer" : "Nein",
      "pLoc" : "Hosentasche",
      "incident" : "Ein- oder ausparkendes Fahrzeug",
      "participant" : "Lieferwagen",
      "scary" : "Nein",
      "descr" : "",
      "region" : "Kaiserslautern"
    },
    "geometry" : {
      "type" : "Point",
      "coordinates" : [ 8.692214, 49.410617 ]
    }
  }, {
    "type" : "Feature",
    "properties" : {
      "date" : "07/07/2021 17:31:34",
      "bikeType" : "-",
      "child" : "Nein",
      "trailer" : "Nein",
      "pLoc" : "Hosentasche",
      "incident" : "Sonstiges",
      "participant" : "PKW",
      "scary" : "Nein",
      "descr" : "",
      "region" : "Kaiserslautern"
    },
    "geometry" : {
      "type" : "Point",
      "coordinates" : [ 8.692058, 49.406316 ]
    }
  }, {
    "type" : "Feature",
    "properties" : {
      "date" : "14/07/2021 10:13:56",
      "bikeType" : "-",
      "child" : "Nein",
      "trailer" : "Nein",
      "pLoc" : "Hosentasche",
      "incident" : "Entgegenkommender Verkehrsteilnehmer",
      "participant" : "PKW",
      "scary" : "Nein",
      "descr" : "",
      "region" : "Kaiserslautern"
    },
    "geometry" : {
      "type" : "Point",
      "coordinates" : [ 8.689107, 49.405773 ]
    }
  }, {
    "type" : "Feature",
    "properties" : {
      "date" : "01/07/2021 15:31:19",
      "bikeType" : "-",
      "child" : "Nein",
      "trailer" : "Nein",
      "pLoc" : "Hosentasche",
      "incident" : "Ein- oder ausparkendes Fahrzeug",
      "participant" : "PKW",
      "scary" : "Nein",
      "descr" : "",
      "region" : "Kaiserslautern"
    },
    "geometry" : {
      "type" : "Point",
      "coordinates" : [ 8.692067, 49.411148 ]
    }
  }, {
    "type" : "Feature",
    "properties" : {
      "date" : "01/07/2021 15:32:25",
      "bikeType" : "-",
      "child" : "Nein",
      "trailer" : "Nein",
      "pLoc" : "Hosentasche",
      "incident" : "Beinahe-Abbiegeunfall",
      "participant" : "PKW",
      "scary" : "Nein",
      "descr" : "",
      "region" : "Kaiserslautern"
    },
    "geometry" : {
      "type" : "Point",
      "coordinates" : [ 8.692513, 49.409077 ]
    }
  }, {
    "type" : "Feature",
    "properties" : {
      "date" : "08/07/2021 15:18:53",
      "bikeType" : "-",
      "child" : "Nein",
      "trailer" : "Nein",
      "pLoc" : "Hosentasche",
      "incident" : "Zu dichtes Überholen",
      "participant" : "Bus",
      "scary" : "Ja",
      "descr" : "",
      "region" : "Kaiserslautern"
    },
    "geometry" : {
      "type" : "Point",
      "coordinates" : [ 8.692606, 49.409313 ]
    }
  }, {
    "type" : "Feature",
    "properties" : {
      "date" : "15/07/2021 21:00:21",
      "bikeType" : "-",
      "child" : "Nein",
      "trailer" : "Nein",
      "pLoc" : "Hosentasche",
      "incident" : "Beinahe-Abbiegeunfall",
      "participant" : "PKW",
      "scary" : "Nein",
      "descr" : "",
      "region" : "Kaiserslautern"
    },
    "geometry" : {
      "type" : "Point",
      "coordinates" : [ 8.681086, 49.408849 ]
    }
  }, {
    "type" : "Feature",
    "properties" : {
      "date" : "04/04/2021 17:51:34",
      "bikeType" : "-",
      "child" : "Nein",
      "trailer" : "Nein",
      "pLoc" : "Hosentasche",
      "incident" : "Zu dichtes Überholen",
      "participant" : "",
      "scary" : "Ja",
      "descr" : "",
      "region" : "Kaiserslautern"
    },
    "geometry" : {
      "type" : "Point",
      "coordinates" : [ 7.77244119, 49.43613067 ]
    }
  } ]
}