{
  "type" : "FeatureCollection",
  "features" : [ {
    "type" : "Feature",
    "properties" : {
      "date" : "06/04/2021 15:56:06",
      "bikeType" : "-",
      "child" : "Nein",
      "trailer" : "Nein",
      "pLoc" : "Hosentasche",
      "incident" : "Sonstiges",
      "participant" : "",
      "scary" : "Nein",
      "descr" : "\"PKW über rote Ampel gefahren\"",
      "region" : "Trier"
    },
    "geometry" : {
      "type" : "Point",
      "coordinates" : [ 6.049423759269976, 50.769384832275236 ]
    }
  }, {
    "type" : "Feature",
    "properties" : {
      "date" : "07/04/2021 08:49:47",
      "bikeType" : "-",
      "child" : "Nein",
      "trailer" : "Nein",
      "pLoc" : "Hosentasche",
      "incident" : "Hindernis ausweichen (z.B. Hund)",
      "participant" : "LKW",
      "scary" : "Nein",
      "descr" : "\"Müllabfuhr\"",
      "region" : "Trier"
    },
    "geometry" : {
      "type" : "Point",
      "coordinates" : [ 6.082992796754897, 50.77222351836365 ]
    }
  }, {
    "type" : "Feature",
    "properties" : {
      "date" : "14/04/2021 14:03:46",
      "bikeType" : "-",
      "child" : "Nein",
      "trailer" : "Nein",
      "pLoc" : "Hosentasche",
      "incident" : "Hindernis ausweichen (z.B. Hund)",
      "participant" : "Lieferwagen, PKW",
      "scary" : "Nein",
      "descr" : "\"Drei Kleintransporter im Absoluten Halteverbot\"",
      "region" : "Trier"
    },
    "geometry" : {
      "type" : "Point",
      "coordinates" : [ 6.082646507236881, 50.777694111539454 ]
    }
  }, {
    "type" : "Feature",
    "properties" : {
      "date" : "13/04/2021 14:10:08",
      "bikeType" : "-",
      "child" : "Nein",
      "trailer" : "Nein",
      "pLoc" : "Hosentasche",
      "incident" : "Ein- oder ausparkendes Fahrzeug",
      "participant" : "Lieferwagen, PKW",
      "scary" : "Nein",
      "descr" : "\"Anhalten und abbiegen ohne zu blinken\"",
      "region" : "Trier"
    },
    "geometry" : {
      "type" : "Point",
      "coordinates" : [ 6.073664888723355, 50.76232040310566 ]
    }
  }, {
    "type" : "Feature",
    "properties" : {
      "date" : "21/03/2021 16:54:28",
      "bikeType" : "-",
      "child" : "Nein",
      "trailer" : "Nein",
      "pLoc" : "Hosentasche",
      "incident" : "Sonstiges",
      "participant" : "",
      "scary" : "Ja",
      "descr" : "\"Poser. TR-OS 34. Sportwagen. unendlich laute Abgasanlage.\"",
      "region" : "Trier"
    },
    "geometry" : {
      "type" : "Point",
      "coordinates" : [ 6.64087122, 49.75152273 ]
    }
  }, {
    "type" : "Feature",
    "properties" : {
      "date" : "24/03/2021 05:43:12",
      "bikeType" : "-",
      "child" : "Nein",
      "trailer" : "Nein",
      "pLoc" : "Hosentasche",
      "incident" : "Hindernis ausweichen (z.B. Hund)",
      "participant" : "",
      "scary" : "Nein",
      "descr" : "\"\"",
      "region" : "Trier"
    },
    "geometry" : {
      "type" : "Point",
      "coordinates" : [ 6.472038069604422, 49.693667057602156 ]
    }
  }, {
    "type" : "Feature",
    "properties" : {
      "date" : "24/03/2021 05:44:16",
      "bikeType" : "-",
      "child" : "Nein",
      "trailer" : "Nein",
      "pLoc" : "Hosentasche",
      "incident" : "Hindernis ausweichen (z.B. Hund)",
      "participant" : "",
      "scary" : "Nein",
      "descr" : "\"\"",
      "region" : "Trier"
    },
    "geometry" : {
      "type" : "Point",
      "coordinates" : [ 6.466780015367722, 49.69229752176481 ]
    }
  }, {
    "type" : "Feature",
    "properties" : {
      "date" : "24/03/2021 05:45:01",
      "bikeType" : "-",
      "child" : "Nein",
      "trailer" : "Nein",
      "pLoc" : "Hosentasche",
      "incident" : "Hindernis ausweichen (z.B. Hund)",
      "participant" : "",
      "scary" : "Nein",
      "descr" : "\"\"",
      "region" : "Trier"
    },
    "geometry" : {
      "type" : "Point",
      "coordinates" : [ 6.462503256050743, 49.69151790872119 ]
    }
  }, {
    "type" : "Feature",
    "properties" : {
      "date" : "24/03/2021 05:45:41",
      "bikeType" : "-",
      "child" : "Nein",
      "trailer" : "Nein",
      "pLoc" : "Hosentasche",
      "incident" : "Hindernis ausweichen (z.B. Hund)",
      "participant" : "",
      "scary" : "Nein",
      "descr" : "\"\"",
      "region" : "Trier"
    },
    "geometry" : {
      "type" : "Point",
      "coordinates" : [ 6.460257907629807, 49.68962579828734 ]
    }
  }, {
    "type" : "Feature",
    "properties" : {
      "date" : "24/03/2021 05:07:16",
      "bikeType" : "-",
      "child" : "Nein",
      "trailer" : "Nein",
      "pLoc" : "Hosentasche",
      "incident" : "Hindernis ausweichen (z.B. Hund)",
      "participant" : "",
      "scary" : "Nein",
      "descr" : "\"\"",
      "region" : "Trier"
    },
    "geometry" : {
      "type" : "Point",
      "coordinates" : [ 6.571703506636692, 49.64646682236794 ]
    }
  }, {
    "type" : "Feature",
    "properties" : {
      "date" : "24/03/2021 05:26:59",
      "bikeType" : "-",
      "child" : "Nein",
      "trailer" : "Nein",
      "pLoc" : "Hosentasche",
      "incident" : "Hindernis ausweichen (z.B. Hund)",
      "participant" : "",
      "scary" : "Nein",
      "descr" : "\"\"",
      "region" : "Trier"
    },
    "geometry" : {
      "type" : "Point",
      "coordinates" : [ 6.550096621124628, 49.70488291092675 ]
    }
  }, {
    "type" : "Feature",
    "properties" : {
      "date" : "24/03/2021 05:27:54",
      "bikeType" : "-",
      "child" : "Nein",
      "trailer" : "Nein",
      "pLoc" : "Hosentasche",
      "incident" : "Hindernis ausweichen (z.B. Hund)",
      "participant" : "",
      "scary" : "Nein",
      "descr" : "\"\"",
      "region" : "Trier"
    },
    "geometry" : {
      "type" : "Point",
      "coordinates" : [ 6.5459929938673564, 49.707005583129195 ]
    }
  }, {
    "type" : "Feature",
    "properties" : {
      "date" : "24/03/2021 05:27:57",
      "bikeType" : "-",
      "child" : "Nein",
      "trailer" : "Nein",
      "pLoc" : "Hosentasche",
      "incident" : "Hindernis ausweichen (z.B. Hund)",
      "participant" : "",
      "scary" : "Nein",
      "descr" : "\"\"",
      "region" : "Trier"
    },
    "geometry" : {
      "type" : "Point",
      "coordinates" : [ 6.545746097793333, 49.70711474358857 ]
    }
  }, {
    "type" : "Feature",
    "properties" : {
      "date" : "24/03/2021 05:28:00",
      "bikeType" : "-",
      "child" : "Nein",
      "trailer" : "Nein",
      "pLoc" : "Hosentasche",
      "incident" : "Hindernis ausweichen (z.B. Hund)",
      "participant" : "",
      "scary" : "Nein",
      "descr" : "\"\"",
      "region" : "Trier"
    },
    "geometry" : {
      "type" : "Point",
      "coordinates" : [ 6.545500659018126, 49.70722387551658 ]
    }
  }, {
    "type" : "Feature",
    "properties" : {
      "date" : "24/03/2021 05:28:46",
      "bikeType" : "-",
      "child" : "Nein",
      "trailer" : "Nein",
      "pLoc" : "Hosentasche",
      "incident" : "Hindernis ausweichen (z.B. Hund)",
      "participant" : "",
      "scary" : "Nein",
      "descr" : "\"\"",
      "region" : "Trier"
    },
    "geometry" : {
      "type" : "Point",
      "coordinates" : [ 6.54173876922111, 49.708765381952865 ]
    }
  }, {
    "type" : "Feature",
    "properties" : {
      "date" : "24/03/2021 05:29:01",
      "bikeType" : "-",
      "child" : "Nein",
      "trailer" : "Nein",
      "pLoc" : "Hosentasche",
      "incident" : "Hindernis ausweichen (z.B. Hund)",
      "participant" : "",
      "scary" : "Nein",
      "descr" : "\"\"",
      "region" : "Trier"
    },
    "geometry" : {
      "type" : "Point",
      "coordinates" : [ 6.540440252178078, 49.70934424407314 ]
    }
  }, {
    "type" : "Feature",
    "properties" : {
      "date" : "24/03/2021 05:43:06",
      "bikeType" : "-",
      "child" : "Nein",
      "trailer" : "Nein",
      "pLoc" : "Hosentasche",
      "incident" : "Hindernis ausweichen (z.B. Hund)",
      "participant" : "",
      "scary" : "Nein",
      "descr" : "\"\"",
      "region" : "Trier"
    },
    "geometry" : {
      "type" : "Point",
      "coordinates" : [ 6.4721746127051425, 49.69373834182377 ]
    }
  }, {
    "type" : "Feature",
    "properties" : {
      "date" : "15/04/2021 13:59:19",
      "bikeType" : "-",
      "child" : "Nein",
      "trailer" : "Nein",
      "pLoc" : "Hosentasche",
      "incident" : "Hindernis ausweichen (z.B. Hund)",
      "participant" : "Fahrrad",
      "scary" : "Ja",
      "descr" : "\"Baustellenbake ohne Vorwarnung mitten auf Radweg.\"",
      "region" : "Trier"
    },
    "geometry" : {
      "type" : "Point",
      "coordinates" : [ 6.64471838, 49.75401512 ]
    }
  }, {
    "type" : "Feature",
    "properties" : {
      "date" : "15/04/2021 13:52:25",
      "bikeType" : "-",
      "child" : "Nein",
      "trailer" : "Nein",
      "pLoc" : "Hosentasche",
      "incident" : "Sonstiges",
      "participant" : "Fahrrad",
      "scary" : "Nein",
      "descr" : "\"Umleitung die Fahrräder nicht ausgeschildert.\"",
      "region" : "Trier"
    },
    "geometry" : {
      "type" : "Point",
      "coordinates" : [ 6.63817271, 49.75680715 ]
    }
  }, {
    "type" : "Feature",
    "properties" : {
      "date" : "25/04/2022 13:44:58",
      "bikeType" : "E-Bike",
      "child" : "Nein",
      "trailer" : "Nein",
      "pLoc" : "Lenker",
      "incident" : "Hindernis ausweichen (z.B. Hund)",
      "participant" : "",
      "scary" : "Nein",
      "descr" : "\"\"",
      "region" : "Trier"
    },
    "geometry" : {
      "type" : "Point",
      "coordinates" : [ 6.63567571900785, 49.74481509067118 ]
    }
  } ]
}