{
  "type" : "FeatureCollection",
  "features" : [ {
    "type" : "Feature",
    "properties" : {
      "date" : "19/03/2021 13:40:08",
      "bikeType" : "-",
      "child" : "Nein",
      "trailer" : "Nein",
      "pLoc" : "Hosentasche",
      "incident" : "Sonstiges",
      "participant" : "",
      "scary" : "Ja",
      "descr" : "Pkw hat Vorfahrt des Rades im Kreisel nicht beachtet\\n\\n\\n",
      "region" : "Landau"
    },
    "geometry" : {
      "type" : "Point",
      "coordinates" : [ 8.11553522, 49.19480954 ]
    }
  }, {
    "type" : "Feature",
    "properties" : {
      "date" : "23/03/2021 15:45:50",
      "bikeType" : "-",
      "child" : "Nein",
      "trailer" : "Nein",
      "pLoc" : "Hosentasche",
      "incident" : "Sonstiges",
      "participant" : "",
      "scary" : "Nein",
      "descr" : "Radweg gesperrt. Für Weiterfahrt Wechsel auf Fahrbahn.",
      "region" : "Landau"
    },
    "geometry" : {
      "type" : "Point",
      "coordinates" : [ 8.13151317, 49.26856448 ]
    }
  }, {
    "type" : "Feature",
    "properties" : {
      "date" : "23/03/2021 15:46:17",
      "bikeType" : "-",
      "child" : "Nein",
      "trailer" : "Nein",
      "pLoc" : "Hosentasche",
      "incident" : "Entgegenkommender Verkehrsteilnehmer",
      "participant" : "",
      "scary" : "Nein",
      "descr" : "Links abbiegen mit Gegenverkehr wegen Umleitung über die Fahrbahn",
      "region" : "Landau"
    },
    "geometry" : {
      "type" : "Point",
      "coordinates" : [ 8.13150733, 49.26988184 ]
    }
  }, {
    "type" : "Feature",
    "properties" : {
      "date" : "30/03/2021 15:57:32",
      "bikeType" : "-",
      "child" : "Nein",
      "trailer" : "Nein",
      "pLoc" : "Hosentasche",
      "incident" : "Sonstiges",
      "participant" : "",
      "scary" : "Nein",
      "descr" : "Erholungshalt wegen starker Steigung im Ortsbereich Weyher",
      "region" : "Landau"
    },
    "geometry" : {
      "type" : "Point",
      "coordinates" : [ 8.08402577, 49.2672187 ]
    }
  }, {
    "type" : "Feature",
    "properties" : {
      "date" : "17/03/2021 15:39:48",
      "bikeType" : "-",
      "child" : "Nein",
      "trailer" : "Nein",
      "pLoc" : "Hosentasche",
      "incident" : "Hindernis ausweichen (z.B. Hund)",
      "participant" : "Sonstiges",
      "scary" : "Nein",
      "descr" : "",
      "region" : "Landau"
    },
    "geometry" : {
      "type" : "Point",
      "coordinates" : [ 8.2531338, 49.23201508 ]
    }
  }, {
    "type" : "Feature",
    "properties" : {
      "date" : "29/03/2021 15:10:52",
      "bikeType" : "-",
      "child" : "Nein",
      "trailer" : "Nein",
      "pLoc" : "Hosentasche",
      "incident" : "Sonstiges",
      "participant" : "",
      "scary" : "Nein",
      "descr" : "Der leere Anhänger ist beim um-die-Kurve-Fahren auf die Seite gekippt.",
      "region" : "Landau"
    },
    "geometry" : {
      "type" : "Point",
      "coordinates" : [ 8.079937838865275, 49.20914838020718 ]
    }
  }, {
    "type" : "Feature",
    "properties" : {
      "date" : "28/03/2021 11:41:34",
      "bikeType" : "-",
      "child" : "Nein",
      "trailer" : "Nein",
      "pLoc" : "Hosentasche",
      "incident" : "Entgegenkommender Verkehrsteilnehmer",
      "participant" : "Fahrrad, Motorrad",
      "scary" : "Nein",
      "descr" : "",
      "region" : "Landau"
    },
    "geometry" : {
      "type" : "Point",
      "coordinates" : [ 7.999950810340296, 49.23027866350063 ]
    }
  }, {
    "type" : "Feature",
    "properties" : {
      "date" : "31/03/2021 11:20:49",
      "bikeType" : "-",
      "child" : "Nein",
      "trailer" : "Nein",
      "pLoc" : "Hosentasche",
      "incident" : "Sonstiges",
      "participant" : "",
      "scary" : "Nein",
      "descr" : "Weil der freigegebene Gehweg so holprig ist, hat sich mein Gepäck gelockert.",
      "region" : "Landau"
    },
    "geometry" : {
      "type" : "Point",
      "coordinates" : [ 7.990125583946717, 49.215709100755085 ]
    }
  }, {
    "type" : "Feature",
    "properties" : {
      "date" : "23/03/2021 16:01:52",
      "bikeType" : "-",
      "child" : "Nein",
      "trailer" : "Nein",
      "pLoc" : "Hosentasche",
      "incident" : "Entgegenkommender Verkehrsteilnehmer",
      "participant" : "",
      "scary" : "Nein",
      "descr" : "Warten auf entgegenkommende Pkw wegen geringer Fahrbahnbreite",
      "region" : "Landau"
    },
    "geometry" : {
      "type" : "Point",
      "coordinates" : [ 8.12755327, 49.27829189 ]
    }
  }, {
    "type" : "Feature",
    "properties" : {
      "date" : "30/03/2021 16:21:35",
      "bikeType" : "-",
      "child" : "Nein",
      "trailer" : "Nein",
      "pLoc" : "Hosentasche",
      "incident" : "Zu dichtes Überholen",
      "participant" : "Sonstiges",
      "scary" : "Ja",
      "descr" : "Traktor mit Anhänger überholt nur ca. 5 km/h schneller in der Linkskurve. Wegen Gegenverkehr gefährliches Einscheren. Kollision nur durch Bremsen zu vermeiden.",
      "region" : "Landau"
    },
    "geometry" : {
      "type" : "Point",
      "coordinates" : [ 8.11572299, 49.26754129 ]
    }
  }, {
    "type" : "Feature",
    "properties" : {
      "date" : "30/03/2021 16:18:57",
      "bikeType" : "-",
      "child" : "Nein",
      "trailer" : "Nein",
      "pLoc" : "Hosentasche",
      "incident" : "Entgegenkommender Verkehrsteilnehmer",
      "participant" : "",
      "scary" : "Nein",
      "descr" : "Warten auf entgegenkommende n Pkw",
      "region" : "Landau"
    },
    "geometry" : {
      "type" : "Point",
      "coordinates" : [ 8.1052296, 49.27222641 ]
    }
  }, {
    "type" : "Feature",
    "properties" : {
      "date" : "30/03/2021 16:18:15",
      "bikeType" : "-",
      "child" : "Nein",
      "trailer" : "Nein",
      "pLoc" : "Hosentasche",
      "incident" : "Hindernis ausweichen (z.B. Hund)",
      "participant" : "",
      "scary" : "Nein",
      "descr" : "Einparkender Pkw",
      "region" : "Landau"
    },
    "geometry" : {
      "type" : "Point",
      "coordinates" : [ 8.10234852, 49.27278625 ]
    }
  }, {
    "type" : "Feature",
    "properties" : {
      "date" : "19/03/2021 15:26:46",
      "bikeType" : "-",
      "child" : "Nein",
      "trailer" : "Nein",
      "pLoc" : "Hosentasche",
      "incident" : "Zu dichtes Überholen",
      "participant" : "",
      "scary" : "Nein",
      "descr" : "",
      "region" : "Landau"
    },
    "geometry" : {
      "type" : "Point",
      "coordinates" : [ 8.11505149, 49.20118692 ]
    }
  }, {
    "type" : "Feature",
    "properties" : {
      "date" : "19/03/2021 13:05:08",
      "bikeType" : "-",
      "child" : "Nein",
      "trailer" : "Nein",
      "pLoc" : "Hosentasche",
      "incident" : "Sonstiges",
      "participant" : "",
      "scary" : "Nein",
      "descr" : "Falschparker auf Radstreifen \\n\\n\\n\\n\\n\\n\\n",
      "region" : "Landau"
    },
    "geometry" : {
      "type" : "Point",
      "coordinates" : [ 8.11752681, 49.2034423 ]
    }
  }, {
    "type" : "Feature",
    "properties" : {
      "date" : "08/04/2021 15:38:53",
      "bikeType" : "-",
      "child" : "Nein",
      "trailer" : "Nein",
      "pLoc" : "Hosentasche",
      "incident" : "Beinahe-Abbiegeunfall",
      "participant" : "Fahrrad",
      "scary" : "Nein",
      "descr" : "",
      "region" : "Landau"
    },
    "geometry" : {
      "type" : "Point",
      "coordinates" : [ 8.079838995590954, 49.209070562782514 ]
    }
  }, {
    "type" : "Feature",
    "properties" : {
      "date" : "03/04/2021 14:23:26",
      "bikeType" : "-",
      "child" : "Nein",
      "trailer" : "Nein",
      "pLoc" : "Hosentasche",
      "incident" : "Beinahe-Abbiegeunfall",
      "participant" : "",
      "scary" : "Ja",
      "descr" : "PKW ohne blinker abgebogen, Fahrer mit Handy in der hand und hat anschließend noch gedroht. ",
      "region" : "Landau"
    },
    "geometry" : {
      "type" : "Point",
      "coordinates" : [ 8.372615771368146, 49.22945226542652 ]
    }
  }, {
    "type" : "Feature",
    "properties" : {
      "date" : "03/04/2021 13:57:13",
      "bikeType" : "-",
      "child" : "Nein",
      "trailer" : "Nein",
      "pLoc" : "Hosentasche",
      "incident" : "Entgegenkommender Verkehrsteilnehmer",
      "participant" : "Sonstiges",
      "scary" : "Nein",
      "descr" : "inline-Fahrer haben beim überholen von Fußgängern auf ihrer Seite den weg blockiert. starke Bremsweg war notwendig. ",
      "region" : "Landau"
    },
    "geometry" : {
      "type" : "Point",
      "coordinates" : [ 8.381625898182392, 49.21861794311553 ]
    }
  }, {
    "type" : "Feature",
    "properties" : {
      "date" : "23/04/2021 08:51:00",
      "bikeType" : "-",
      "child" : "Nein",
      "trailer" : "Nein",
      "pLoc" : "Hosentasche",
      "incident" : "Hindernis ausweichen (z.B. Hund)",
      "participant" : "LKW",
      "scary" : "Nein",
      "descr" : "Auf der Straße geparkt",
      "region" : "Landau"
    },
    "geometry" : {
      "type" : "Point",
      "coordinates" : [ 8.075818175794241, 49.210189062261975 ]
    }
  }, {
    "type" : "Feature",
    "properties" : {
      "date" : "23/04/2021 08:45:01",
      "bikeType" : "-",
      "child" : "Nein",
      "trailer" : "Nein",
      "pLoc" : "Hosentasche",
      "incident" : "Entgegenkommender Verkehrsteilnehmer",
      "participant" : "Fahrrad",
      "scary" : "Nein",
      "descr" : "",
      "region" : "Landau"
    },
    "geometry" : {
      "type" : "Point",
      "coordinates" : [ 8.103066213776453, 49.20684792026204 ]
    }
  }, {
    "type" : "Feature",
    "properties" : {
      "date" : "03/04/2021 16:24:16",
      "bikeType" : "-",
      "child" : "Nein",
      "trailer" : "Nein",
      "pLoc" : "Hosentasche",
      "incident" : "Entgegenkommender Verkehrsteilnehmer",
      "participant" : "",
      "scary" : "Nein",
      "descr" : "Warten auf entgegenkommende Pkw hinter abgestellten Fahrzeugen",
      "region" : "Landau"
    },
    "geometry" : {
      "type" : "Point",
      "coordinates" : [ 8.12624876, 49.25914408 ]
    }
  }, {
    "type" : "Feature",
    "properties" : {
      "date" : "01/04/2021 16:38:40",
      "bikeType" : "-",
      "child" : "Nein",
      "trailer" : "Nein",
      "pLoc" : "Hosentasche",
      "incident" : "Zu dichtes Überholen",
      "participant" : "Fußgänger",
      "scary" : "Nein",
      "descr" : "Pkw weicht entgegenkommender Fußgängerin aus und kommt sehr weit auf meine Spur.",
      "region" : "Landau"
    },
    "geometry" : {
      "type" : "Point",
      "coordinates" : [ 8.0904702, 49.26886813 ]
    }
  } ]
}