{
  "type" : "FeatureCollection",
  "features" : [ {
    "type" : "Feature",
    "properties" : {
      "date" : "19/03/2021 13:40:08",
      "bikeType" : "-",
      "child" : "Nein",
      "trailer" : "Nein",
      "pLoc" : "Hosentasche",
      "incident" : "Sonstiges",
      "participant" : "",
      "scary" : "Ja",
      "descr" : "Pkw hat Vorfahrt des Rades im Kreisel nicht beachtet\\n\\n\\n",
      "region" : "Landau"
    },
    "geometry" : {
      "type" : "Point",
      "coordinates" : [ 8.11553522, 49.19480954 ]
    }
  }, {
    "type" : "Feature",
    "properties" : {
      "date" : "23/03/2021 15:45:50",
      "bikeType" : "-",
      "child" : "Nein",
      "trailer" : "Nein",
      "pLoc" : "Hosentasche",
      "incident" : "Sonstiges",
      "participant" : "",
      "scary" : "Nein",
      "descr" : "Radweg gesperrt. Für Weiterfahrt Wechsel auf Fahrbahn.",
      "region" : "Landau"
    },
    "geometry" : {
      "type" : "Point",
      "coordinates" : [ 8.13151317, 49.26856448 ]
    }
  }, {
    "type" : "Feature",
    "properties" : {
      "date" : "23/03/2021 15:46:17",
      "bikeType" : "-",
      "child" : "Nein",
      "trailer" : "Nein",
      "pLoc" : "Hosentasche",
      "incident" : "Entgegenkommender Verkehrsteilnehmer",
      "participant" : "",
      "scary" : "Nein",
      "descr" : "Links abbiegen mit Gegenverkehr wegen Umleitung über die Fahrbahn",
      "region" : "Landau"
    },
    "geometry" : {
      "type" : "Point",
      "coordinates" : [ 8.13150733, 49.26988184 ]
    }
  }, {
    "type" : "Feature",
    "properties" : {
      "date" : "30/03/2021 15:57:32",
      "bikeType" : "-",
      "child" : "Nein",
      "trailer" : "Nein",
      "pLoc" : "Hosentasche",
      "incident" : "Sonstiges",
      "participant" : "",
      "scary" : "Nein",
      "descr" : "Erholungshalt wegen starker Steigung im Ortsbereich Weyher",
      "region" : "Landau"
    },
    "geometry" : {
      "type" : "Point",
      "coordinates" : [ 8.08402577, 49.2672187 ]
    }
  }, {
    "type" : "Feature",
    "properties" : {
      "date" : "17/03/2021 15:39:48",
      "bikeType" : "-",
      "child" : "Nein",
      "trailer" : "Nein",
      "pLoc" : "Hosentasche",
      "incident" : "Hindernis ausweichen (z.B. Hund)",
      "participant" : "Sonstiges",
      "scary" : "Nein",
      "descr" : "",
      "region" : "Landau"
    },
    "geometry" : {
      "type" : "Point",
      "coordinates" : [ 8.2531338, 49.23201508 ]
    }
  }, {
    "type" : "Feature",
    "properties" : {
      "date" : "29/03/2021 15:10:52",
      "bikeType" : "-",
      "child" : "Nein",
      "trailer" : "Nein",
      "pLoc" : "Hosentasche",
      "incident" : "Sonstiges",
      "participant" : "",
      "scary" : "Nein",
      "descr" : "Der leere Anhänger ist beim um-die-Kurve-Fahren auf die Seite gekippt.",
      "region" : "Landau"
    },
    "geometry" : {
      "type" : "Point",
      "coordinates" : [ 8.079937838865275, 49.20914838020718 ]
    }
  }, {
    "type" : "Feature",
    "properties" : {
      "date" : "28/03/2021 11:41:34",
      "bikeType" : "-",
      "child" : "Nein",
      "trailer" : "Nein",
      "pLoc" : "Hosentasche",
      "incident" : "Entgegenkommender Verkehrsteilnehmer",
      "participant" : "Fahrrad, Motorrad",
      "scary" : "Nein",
      "descr" : "",
      "region" : "Landau"
    },
    "geometry" : {
      "type" : "Point",
      "coordinates" : [ 7.999950810340296, 49.23027866350063 ]
    }
  }, {
    "type" : "Feature",
    "properties" : {
      "date" : "31/03/2021 11:20:49",
      "bikeType" : "-",
      "child" : "Nein",
      "trailer" : "Nein",
      "pLoc" : "Hosentasche",
      "incident" : "Sonstiges",
      "participant" : "",
      "scary" : "Nein",
      "descr" : "Weil der freigegebene Gehweg so holprig ist, hat sich mein Gepäck gelockert.",
      "region" : "Landau"
    },
    "geometry" : {
      "type" : "Point",
      "coordinates" : [ 7.990125583946717, 49.215709100755085 ]
    }
  }, {
    "type" : "Feature",
    "properties" : {
      "date" : "23/03/2021 16:01:52",
      "bikeType" : "-",
      "child" : "Nein",
      "trailer" : "Nein",
      "pLoc" : "Hosentasche",
      "incident" : "Entgegenkommender Verkehrsteilnehmer",
      "participant" : "",
      "scary" : "Nein",
      "descr" : "Warten auf entgegenkommende Pkw wegen geringer Fahrbahnbreite",
      "region" : "Landau"
    },
    "geometry" : {
      "type" : "Point",
      "coordinates" : [ 8.12755327, 49.27829189 ]
    }
  }, {
    "type" : "Feature",
    "properties" : {
      "date" : "30/03/2021 16:21:35",
      "bikeType" : "-",
      "child" : "Nein",
      "trailer" : "Nein",
      "pLoc" : "Hosentasche",
      "incident" : "Zu dichtes Überholen",
      "participant" : "Sonstiges",
      "scary" : "Ja",
      "descr" : "Traktor mit Anhänger überholt nur ca. 5 km/h schneller in der Linkskurve. Wegen Gegenverkehr gefährliches Einscheren. Kollision nur durch Bremsen zu vermeiden.",
      "region" : "Landau"
    },
    "geometry" : {
      "type" : "Point",
      "coordinates" : [ 8.11572299, 49.26754129 ]
    }
  }, {
    "type" : "Feature",
    "properties" : {
      "date" : "30/03/2021 16:18:57",
      "bikeType" : "-",
      "child" : "Nein",
      "trailer" : "Nein",
      "pLoc" : "Hosentasche",
      "incident" : "Entgegenkommender Verkehrsteilnehmer",
      "participant" : "",
      "scary" : "Nein",
      "descr" : "Warten auf entgegenkommende n Pkw",
      "region" : "Landau"
    },
    "geometry" : {
      "type" : "Point",
      "coordinates" : [ 8.1052296, 49.27222641 ]
    }
  }, {
    "type" : "Feature",
    "properties" : {
      "date" : "30/03/2021 16:18:15",
      "bikeType" : "-",
      "child" : "Nein",
      "trailer" : "Nein",
      "pLoc" : "Hosentasche",
      "incident" : "Hindernis ausweichen (z.B. Hund)",
      "participant" : "",
      "scary" : "Nein",
      "descr" : "Einparkender Pkw",
      "region" : "Landau"
    },
    "geometry" : {
      "type" : "Point",
      "coordinates" : [ 8.10234852, 49.27278625 ]
    }
  }, {
    "type" : "Feature",
    "properties" : {
      "date" : "19/03/2021 15:26:46",
      "bikeType" : "-",
      "child" : "Nein",
      "trailer" : "Nein",
      "pLoc" : "Hosentasche",
      "incident" : "Zu dichtes Überholen",
      "participant" : "",
      "scary" : "Nein",
      "descr" : "",
      "region" : "Landau"
    },
    "geometry" : {
      "type" : "Point",
      "coordinates" : [ 8.11505149, 49.20118692 ]
    }
  }, {
    "type" : "Feature",
    "properties" : {
      "date" : "19/03/2021 13:05:08",
      "bikeType" : "-",
      "child" : "Nein",
      "trailer" : "Nein",
      "pLoc" : "Hosentasche",
      "incident" : "Sonstiges",
      "participant" : "",
      "scary" : "Nein",
      "descr" : "Falschparker auf Radstreifen \\n\\n\\n\\n\\n\\n\\n",
      "region" : "Landau"
    },
    "geometry" : {
      "type" : "Point",
      "coordinates" : [ 8.11752681, 49.2034423 ]
    }
  }, {
    "type" : "Feature",
    "properties" : {
      "date" : "08/04/2021 15:38:53",
      "bikeType" : "-",
      "child" : "Nein",
      "trailer" : "Nein",
      "pLoc" : "Hosentasche",
      "incident" : "Beinahe-Abbiegeunfall",
      "participant" : "Fahrrad",
      "scary" : "Nein",
      "descr" : "",
      "region" : "Landau"
    },
    "geometry" : {
      "type" : "Point",
      "coordinates" : [ 8.079838995590954, 49.209070562782514 ]
    }
  }, {
    "type" : "Feature",
    "properties" : {
      "date" : "03/04/2021 14:23:26",
      "bikeType" : "-",
      "child" : "Nein",
      "trailer" : "Nein",
      "pLoc" : "Hosentasche",
      "incident" : "Beinahe-Abbiegeunfall",
      "participant" : "",
      "scary" : "Ja",
      "descr" : "PKW ohne blinker abgebogen, Fahrer mit Handy in der hand und hat anschließend noch gedroht. ",
      "region" : "Landau"
    },
    "geometry" : {
      "type" : "Point",
      "coordinates" : [ 8.372615771368146, 49.22945226542652 ]
    }
  }, {
    "type" : "Feature",
    "properties" : {
      "date" : "03/04/2021 13:57:13",
      "bikeType" : "-",
      "child" : "Nein",
      "trailer" : "Nein",
      "pLoc" : "Hosentasche",
      "incident" : "Entgegenkommender Verkehrsteilnehmer",
      "participant" : "Sonstiges",
      "scary" : "Nein",
      "descr" : "inline-Fahrer haben beim überholen von Fußgängern auf ihrer Seite den weg blockiert. starke Bremsweg war notwendig. ",
      "region" : "Landau"
    },
    "geometry" : {
      "type" : "Point",
      "coordinates" : [ 8.381625898182392, 49.21861794311553 ]
    }
  }, {
    "type" : "Feature",
    "properties" : {
      "date" : "23/04/2021 08:51:00",
      "bikeType" : "-",
      "child" : "Nein",
      "trailer" : "Nein",
      "pLoc" : "Hosentasche",
      "incident" : "Hindernis ausweichen (z.B. Hund)",
      "participant" : "LKW",
      "scary" : "Nein",
      "descr" : "Auf der Straße geparkt",
      "region" : "Landau"
    },
    "geometry" : {
      "type" : "Point",
      "coordinates" : [ 8.075818175794241, 49.210189062261975 ]
    }
  }, {
    "type" : "Feature",
    "properties" : {
      "date" : "23/04/2021 08:45:01",
      "bikeType" : "-",
      "child" : "Nein",
      "trailer" : "Nein",
      "pLoc" : "Hosentasche",
      "incident" : "Entgegenkommender Verkehrsteilnehmer",
      "participant" : "Fahrrad",
      "scary" : "Nein",
      "descr" : "",
      "region" : "Landau"
    },
    "geometry" : {
      "type" : "Point",
      "coordinates" : [ 8.103066213776453, 49.20684792026204 ]
    }
  }, {
    "type" : "Feature",
    "properties" : {
      "date" : "03/04/2021 16:24:16",
      "bikeType" : "-",
      "child" : "Nein",
      "trailer" : "Nein",
      "pLoc" : "Hosentasche",
      "incident" : "Entgegenkommender Verkehrsteilnehmer",
      "participant" : "",
      "scary" : "Nein",
      "descr" : "Warten auf entgegenkommende Pkw hinter abgestellten Fahrzeugen",
      "region" : "Landau"
    },
    "geometry" : {
      "type" : "Point",
      "coordinates" : [ 8.12624876, 49.25914408 ]
    }
  }, {
    "type" : "Feature",
    "properties" : {
      "date" : "01/04/2021 16:38:40",
      "bikeType" : "-",
      "child" : "Nein",
      "trailer" : "Nein",
      "pLoc" : "Hosentasche",
      "incident" : "Zu dichtes Überholen",
      "participant" : "Fußgänger",
      "scary" : "Nein",
      "descr" : "Pkw weicht entgegenkommender Fußgängerin aus und kommt sehr weit auf meine Spur.",
      "region" : "Landau"
    },
    "geometry" : {
      "type" : "Point",
      "coordinates" : [ 8.0904702, 49.26886813 ]
    }
  }, {
    "type" : "Feature",
    "properties" : {
      "date" : "26/04/2022 06:39:43",
      "bikeType" : "City-/Trekking Bike",
      "child" : "Nein",
      "trailer" : "Nein",
      "pLoc" : "Lenker",
      "incident" : "Zu dichtes Überholen",
      "participant" : "PKW",
      "scary" : "Nein",
      "descr" : "",
      "region" : "Landau"
    },
    "geometry" : {
      "type" : "Point",
      "coordinates" : [ 7.9732546, 49.20545602 ]
    }
  }, {
    "type" : "Feature",
    "properties" : {
      "date" : "26/04/2022 06:43:12",
      "bikeType" : "City-/Trekking Bike",
      "child" : "Nein",
      "trailer" : "Nein",
      "pLoc" : "Lenker",
      "incident" : "Zu dichtes Überholen",
      "participant" : "PKW",
      "scary" : "Nein",
      "descr" : "",
      "region" : "Landau"
    },
    "geometry" : {
      "type" : "Point",
      "coordinates" : [ 7.98291745, 49.21236655 ]
    }
  }, {
    "type" : "Feature",
    "properties" : {
      "date" : "26/04/2022 06:45:55",
      "bikeType" : "City-/Trekking Bike",
      "child" : "Nein",
      "trailer" : "Nein",
      "pLoc" : "Lenker",
      "incident" : "Zu dichtes Überholen",
      "participant" : "PKW",
      "scary" : "Nein",
      "descr" : "",
      "region" : "Landau"
    },
    "geometry" : {
      "type" : "Point",
      "coordinates" : [ 7.99369932, 49.21679635 ]
    }
  }, {
    "type" : "Feature",
    "properties" : {
      "date" : "26/04/2022 06:50:34",
      "bikeType" : "City-/Trekking Bike",
      "child" : "Nein",
      "trailer" : "Nein",
      "pLoc" : "Lenker",
      "incident" : "Entgegenkommender Verkehrsteilnehmer",
      "participant" : "PKW",
      "scary" : "Nein",
      "descr" : "umfährt parkenden PKW",
      "region" : "Landau"
    },
    "geometry" : {
      "type" : "Point",
      "coordinates" : [ 8.01131274, 49.21777276 ]
    }
  }, {
    "type" : "Feature",
    "properties" : {
      "date" : "26/04/2022 06:55:07",
      "bikeType" : "City-/Trekking Bike",
      "child" : "Nein",
      "trailer" : "Nein",
      "pLoc" : "Lenker",
      "incident" : "Hindernis ausweichen (z.B. Hund)",
      "participant" : "PKW",
      "scary" : "Nein",
      "descr" : "Fahrbahn von Parker verstellt",
      "region" : "Landau"
    },
    "geometry" : {
      "type" : "Point",
      "coordinates" : [ 8.02535879, 49.21858725 ]
    }
  }, {
    "type" : "Feature",
    "properties" : {
      "date" : "26/04/2022 07:09:37",
      "bikeType" : "City-/Trekking Bike",
      "child" : "Nein",
      "trailer" : "Nein",
      "pLoc" : "Lenker",
      "incident" : "Hindernis ausweichen (z.B. Hund)",
      "participant" : "LKW",
      "scary" : "Nein",
      "descr" : "kommt gegen Einbahnstraße und blockiert verpflichtenden Radweg",
      "region" : "Landau"
    },
    "geometry" : {
      "type" : "Point",
      "coordinates" : [ 8.0738163, 49.2108279 ]
    }
  }, {
    "type" : "Feature",
    "properties" : {
      "date" : "26/04/2022 07:21:23",
      "bikeType" : "City-/Trekking Bike",
      "child" : "Nein",
      "trailer" : "Nein",
      "pLoc" : "Lenker",
      "incident" : "Entgegenkommender Verkehrsteilnehmer",
      "participant" : "PKW",
      "scary" : "Nein",
      "descr" : "schneidet Kurve",
      "region" : "Landau"
    },
    "geometry" : {
      "type" : "Point",
      "coordinates" : [ 8.10750991, 49.19645185 ]
    }
  }, {
    "type" : "Feature",
    "properties" : {
      "date" : "25/04/2022 06:40:29",
      "bikeType" : "City-/Trekking Bike",
      "child" : "Nein",
      "trailer" : "Nein",
      "pLoc" : "Lenker",
      "incident" : "Zu dichtes Überholen",
      "participant" : "PKW",
      "scary" : "Nein",
      "descr" : "",
      "region" : "Landau"
    },
    "geometry" : {
      "type" : "Point",
      "coordinates" : [ 7.98245237, 49.21207005 ]
    }
  }, {
    "type" : "Feature",
    "properties" : {
      "date" : "25/04/2022 06:49:21",
      "bikeType" : "City-/Trekking Bike",
      "child" : "Nein",
      "trailer" : "Nein",
      "pLoc" : "Lenker",
      "incident" : "Zu dichtes Überholen",
      "participant" : "PKW",
      "scary" : "Nein",
      "descr" : "",
      "region" : "Landau"
    },
    "geometry" : {
      "type" : "Point",
      "coordinates" : [ 8.01621159, 49.21807488 ]
    }
  }, {
    "type" : "Feature",
    "properties" : {
      "date" : "25/04/2022 06:51:38",
      "bikeType" : "City-/Trekking Bike",
      "child" : "Nein",
      "trailer" : "Nein",
      "pLoc" : "Lenker",
      "incident" : "Hindernis ausweichen (z.B. Hund)",
      "participant" : "PKW",
      "scary" : "Nein",
      "descr" : "Es muss auf aufgefrästet Fahrbahn ausgewichen werden weil gut Fahrbahn zugeparkt ist",
      "region" : "Landau"
    },
    "geometry" : {
      "type" : "Point",
      "coordinates" : [ 8.02510744, 49.21869455 ]
    }
  }, {
    "type" : "Feature",
    "properties" : {
      "date" : "25/04/2022 06:51:41",
      "bikeType" : "City-/Trekking Bike",
      "child" : "Nein",
      "trailer" : "Nein",
      "pLoc" : "Lenker",
      "incident" : "Hindernis ausweichen (z.B. Hund)",
      "participant" : "PKW",
      "scary" : "Nein",
      "descr" : "PKW stehen im Baustellenbereich, Sturzgefahr für Radfahrer, da auf aufgefrästet Fahrbahn",
      "region" : "Landau"
    },
    "geometry" : {
      "type" : "Point",
      "coordinates" : [ 8.02524857, 49.21864204 ]
    }
  }, {
    "type" : "Feature",
    "properties" : {
      "date" : "25/04/2022 06:52:36",
      "bikeType" : "City-/Trekking Bike",
      "child" : "Nein",
      "trailer" : "Nein",
      "pLoc" : "Lenker",
      "incident" : "Ein- oder ausparkendes Fahrzeug",
      "participant" : "",
      "scary" : "Nein",
      "descr" : "",
      "region" : "Landau"
    },
    "geometry" : {
      "type" : "Point",
      "coordinates" : [ 8.02888398, 49.21795215 ]
    }
  }, {
    "type" : "Feature",
    "properties" : {
      "date" : "25/04/2022 07:07:15",
      "bikeType" : "City-/Trekking Bike",
      "child" : "Nein",
      "trailer" : "Nein",
      "pLoc" : "Lenker",
      "incident" : "Hindernis ausweichen (z.B. Hund)",
      "participant" : "Fußgänger",
      "scary" : "Nein",
      "descr" : "Verpflichtenden Radweg durch Bushaltestelle. ",
      "region" : "Landau"
    },
    "geometry" : {
      "type" : "Point",
      "coordinates" : [ 8.07115894, 49.21129846 ]
    }
  }, {
    "type" : "Feature",
    "properties" : {
      "date" : "25/04/2022 07:19:31",
      "bikeType" : "City-/Trekking Bike",
      "child" : "Nein",
      "trailer" : "Nein",
      "pLoc" : "Lenker",
      "incident" : "Zu dichtes Überholen",
      "participant" : "PKW",
      "scary" : "Nein",
      "descr" : "",
      "region" : "Landau"
    },
    "geometry" : {
      "type" : "Point",
      "coordinates" : [ 8.10706497, 49.19648287 ]
    }
  }, {
    "type" : "Feature",
    "properties" : {
      "date" : "21/04/2022 06:39:05",
      "bikeType" : "City-/Trekking Bike",
      "child" : "Nein",
      "trailer" : "Nein",
      "pLoc" : "Lenker",
      "incident" : "Zu dichtes Überholen",
      "participant" : "PKW",
      "scary" : "Nein",
      "descr" : "",
      "region" : "Landau"
    },
    "geometry" : {
      "type" : "Point",
      "coordinates" : [ 7.97161703, 49.20483895 ]
    }
  }, {
    "type" : "Feature",
    "properties" : {
      "date" : "21/04/2022 06:39:59",
      "bikeType" : "City-/Trekking Bike",
      "child" : "Nein",
      "trailer" : "Nein",
      "pLoc" : "Lenker",
      "incident" : "Zu dichtes Überholen",
      "participant" : "PKW",
      "scary" : "Nein",
      "descr" : "",
      "region" : "Landau"
    },
    "geometry" : {
      "type" : "Point",
      "coordinates" : [ 7.97484297, 49.20606256 ]
    }
  }, {
    "type" : "Feature",
    "properties" : {
      "date" : "21/04/2022 06:51:55",
      "bikeType" : "City-/Trekking Bike",
      "child" : "Nein",
      "trailer" : "Nein",
      "pLoc" : "Lenker",
      "incident" : "Zu dichtes Überholen",
      "participant" : "PKW",
      "scary" : "Nein",
      "descr" : "",
      "region" : "Landau"
    },
    "geometry" : {
      "type" : "Point",
      "coordinates" : [ 8.01576843, 49.21802406 ]
    }
  }, {
    "type" : "Feature",
    "properties" : {
      "date" : "22/04/2022 10:49:48",
      "bikeType" : "City-/Trekking Bike",
      "child" : "Nein",
      "trailer" : "Nein",
      "pLoc" : "Lenker",
      "incident" : "Zu dichtes Überholen",
      "participant" : "PKW",
      "scary" : "Nein",
      "descr" : "",
      "region" : "Landau"
    },
    "geometry" : {
      "type" : "Point",
      "coordinates" : [ 8.12500653, 49.1970587 ]
    }
  }, {
    "type" : "Feature",
    "properties" : {
      "date" : "19/04/2022 06:45:10",
      "bikeType" : "City-/Trekking Bike",
      "child" : "Nein",
      "trailer" : "Nein",
      "pLoc" : "Lenker",
      "incident" : "Zu dichtes Überholen",
      "participant" : "PKW",
      "scary" : "Nein",
      "descr" : "",
      "region" : "Landau"
    },
    "geometry" : {
      "type" : "Point",
      "coordinates" : [ 7.98113297, 49.21086094 ]
    }
  }, {
    "type" : "Feature",
    "properties" : {
      "date" : "28/04/2022 16:57:44",
      "bikeType" : "City-/Trekking Bike",
      "child" : "Nein",
      "trailer" : "Nein",
      "pLoc" : "Lenker",
      "incident" : "Entgegenkommender Verkehrsteilnehmer",
      "participant" : "PKW",
      "scary" : "Nein",
      "descr" : "überholt in dritter Reihe",
      "region" : "Landau"
    },
    "geometry" : {
      "type" : "Point",
      "coordinates" : [ 8.10635194, 49.19646656 ]
    }
  }, {
    "type" : "Feature",
    "properties" : {
      "date" : "28/04/2022 17:11:50",
      "bikeType" : "City-/Trekking Bike",
      "child" : "Nein",
      "trailer" : "Nein",
      "pLoc" : "Lenker",
      "incident" : "Zu dichtes Überholen",
      "participant" : "PKW",
      "scary" : "Nein",
      "descr" : "",
      "region" : "Landau"
    },
    "geometry" : {
      "type" : "Point",
      "coordinates" : [ 8.07040601, 49.21151339 ]
    }
  }, {
    "type" : "Feature",
    "properties" : {
      "date" : "28/04/2022 17:12:08",
      "bikeType" : "City-/Trekking Bike",
      "child" : "Nein",
      "trailer" : "Nein",
      "pLoc" : "Lenker",
      "incident" : "Entgegenkommender Verkehrsteilnehmer",
      "participant" : "PKW",
      "scary" : "Nein",
      "descr" : "überholt in dritter Reihe",
      "region" : "Landau"
    },
    "geometry" : {
      "type" : "Point",
      "coordinates" : [ 8.06938081, 49.21170024 ]
    }
  }, {
    "type" : "Feature",
    "properties" : {
      "date" : "28/04/2022 17:16:16",
      "bikeType" : "City-/Trekking Bike",
      "child" : "Nein",
      "trailer" : "Nein",
      "pLoc" : "Lenker",
      "incident" : "Entgegenkommender Verkehrsteilnehmer",
      "participant" : "PKW",
      "scary" : "Nein",
      "descr" : "überholt in dritter Reihe",
      "region" : "Landau"
    },
    "geometry" : {
      "type" : "Point",
      "coordinates" : [ 8.05255319, 49.20982451 ]
    }
  }, {
    "type" : "Feature",
    "properties" : {
      "date" : "28/04/2022 17:18:35",
      "bikeType" : "City-/Trekking Bike",
      "child" : "Nein",
      "trailer" : "Nein",
      "pLoc" : "Lenker",
      "incident" : "Zu dichtes Überholen",
      "participant" : "PKW",
      "scary" : "Nein",
      "descr" : "",
      "region" : "Landau"
    },
    "geometry" : {
      "type" : "Point",
      "coordinates" : [ 8.04349565, 49.20875121 ]
    }
  }, {
    "type" : "Feature",
    "properties" : {
      "date" : "28/04/2022 17:29:19",
      "bikeType" : "City-/Trekking Bike",
      "child" : "Nein",
      "trailer" : "Nein",
      "pLoc" : "Lenker",
      "incident" : "Zu dichtes Überholen",
      "participant" : "PKW",
      "scary" : "Nein",
      "descr" : "",
      "region" : "Landau"
    },
    "geometry" : {
      "type" : "Point",
      "coordinates" : [ 8.01031411, 49.21786615 ]
    }
  }, {
    "type" : "Feature",
    "properties" : {
      "date" : "28/04/2022 17:35:58",
      "bikeType" : "City-/Trekking Bike",
      "child" : "Nein",
      "trailer" : "Nein",
      "pLoc" : "Lenker",
      "incident" : "Zu dichtes Überholen",
      "participant" : "PKW",
      "scary" : "Nein",
      "descr" : "",
      "region" : "Landau"
    },
    "geometry" : {
      "type" : "Point",
      "coordinates" : [ 7.9847423, 49.21322767 ]
    }
  }, {
    "type" : "Feature",
    "properties" : {
      "date" : "27/04/2022 06:56:27",
      "bikeType" : "City-/Trekking Bike",
      "child" : "Nein",
      "trailer" : "Nein",
      "pLoc" : "Lenker",
      "incident" : "Hindernis ausweichen (z.B. Hund)",
      "participant" : "Fußgänger",
      "scary" : "Nein",
      "descr" : "bushaltestelle auf Radweg",
      "region" : "Landau"
    },
    "geometry" : {
      "type" : "Point",
      "coordinates" : [ 8.02986995, 49.21482382 ]
    }
  }, {
    "type" : "Feature",
    "properties" : {
      "date" : "27/04/2022 06:41:43",
      "bikeType" : "City-/Trekking Bike",
      "child" : "Nein",
      "trailer" : "Nein",
      "pLoc" : "Lenker",
      "incident" : "Zu dichtes Überholen",
      "participant" : "PKW",
      "scary" : "Nein",
      "descr" : "im Bereich einer Überquerungshilfe",
      "region" : "Landau"
    },
    "geometry" : {
      "type" : "Point",
      "coordinates" : [ 7.97938653, 49.20921492 ]
    }
  }, {
    "type" : "Feature",
    "properties" : {
      "date" : "27/04/2022 06:42:13",
      "bikeType" : "City-/Trekking Bike",
      "child" : "Nein",
      "trailer" : "Nein",
      "pLoc" : "Lenker",
      "incident" : "Zu dichtes Überholen",
      "participant" : "PKW",
      "scary" : "Nein",
      "descr" : "",
      "region" : "Landau"
    },
    "geometry" : {
      "type" : "Point",
      "coordinates" : [ 7.98049717, 49.21027369 ]
    }
  }, {
    "type" : "Feature",
    "properties" : {
      "date" : "27/04/2022 06:43:23",
      "bikeType" : "City-/Trekking Bike",
      "child" : "Nein",
      "trailer" : "Nein",
      "pLoc" : "Lenker",
      "incident" : "Zu dichtes Überholen",
      "participant" : "PKW",
      "scary" : "Nein",
      "descr" : "",
      "region" : "Landau"
    },
    "geometry" : {
      "type" : "Point",
      "coordinates" : [ 7.98330284, 49.21258878 ]
    }
  }, {
    "type" : "Feature",
    "properties" : {
      "date" : "27/04/2022 06:57:00",
      "bikeType" : "City-/Trekking Bike",
      "child" : "Nein",
      "trailer" : "Nein",
      "pLoc" : "Lenker",
      "incident" : "Hindernis ausweichen (z.B. Hund)",
      "participant" : "PKW",
      "scary" : "Nein",
      "descr" : "Radweg zugeparkt",
      "region" : "Landau"
    },
    "geometry" : {
      "type" : "Point",
      "coordinates" : [ 8.03115298, 49.21409073 ]
    }
  }, {
    "type" : "Feature",
    "properties" : {
      "date" : "27/04/2022 07:07:38",
      "bikeType" : "City-/Trekking Bike",
      "child" : "Nein",
      "trailer" : "Nein",
      "pLoc" : "Lenker",
      "incident" : "Zu dichtes Überholen",
      "participant" : "PKW",
      "scary" : "Nein",
      "descr" : "",
      "region" : "Landau"
    },
    "geometry" : {
      "type" : "Point",
      "coordinates" : [ 8.07154896, 49.21123607 ]
    }
  }, {
    "type" : "Feature",
    "properties" : {
      "date" : "27/04/2022 07:08:00",
      "bikeType" : "City-/Trekking Bike",
      "child" : "Nein",
      "trailer" : "Nein",
      "pLoc" : "Lenker",
      "incident" : "Zu dichtes Überholen",
      "participant" : "PKW",
      "scary" : "Nein",
      "descr" : "",
      "region" : "Landau"
    },
    "geometry" : {
      "type" : "Point",
      "coordinates" : [ 8.0735716, 49.21086453 ]
    }
  }, {
    "type" : "Feature",
    "properties" : {
      "date" : "22/04/2022 08:59:56",
      "bikeType" : "City-/Trekking Bike",
      "child" : "Nein",
      "trailer" : "Nein",
      "pLoc" : "Lenker",
      "incident" : "Zu dichtes Überholen",
      "participant" : "PKW",
      "scary" : "Nein",
      "descr" : "",
      "region" : "Landau"
    },
    "geometry" : {
      "type" : "Point",
      "coordinates" : [ 7.97172119, 49.20485305 ]
    }
  }, {
    "type" : "Feature",
    "properties" : {
      "date" : "22/04/2022 09:02:00",
      "bikeType" : "City-/Trekking Bike",
      "child" : "Nein",
      "trailer" : "Nein",
      "pLoc" : "Lenker",
      "incident" : "Zu dichtes Überholen",
      "participant" : "PKW",
      "scary" : "Ja",
      "descr" : "",
      "region" : "Landau"
    },
    "geometry" : {
      "type" : "Point",
      "coordinates" : [ 7.9808737, 49.21060313 ]
    }
  }, {
    "type" : "Feature",
    "properties" : {
      "date" : "22/04/2022 09:15:29",
      "bikeType" : "City-/Trekking Bike",
      "child" : "Nein",
      "trailer" : "Nein",
      "pLoc" : "Lenker",
      "incident" : "Zu dichtes Überholen",
      "participant" : "PKW",
      "scary" : "Nein",
      "descr" : "",
      "region" : "Landau"
    },
    "geometry" : {
      "type" : "Point",
      "coordinates" : [ 8.00613488, 49.23752624 ]
    }
  }, {
    "type" : "Feature",
    "properties" : {
      "date" : "22/04/2022 15:51:50",
      "bikeType" : "City-/Trekking Bike",
      "child" : "Nein",
      "trailer" : "Nein",
      "pLoc" : "Lenker",
      "incident" : "Zu dichtes Überholen",
      "participant" : "PKW",
      "scary" : "Nein",
      "descr" : "",
      "region" : "Landau"
    },
    "geometry" : {
      "type" : "Point",
      "coordinates" : [ 7.96685745, 49.20313854 ]
    }
  }, {
    "type" : "Feature",
    "properties" : {
      "date" : "18/04/2022 17:55:08",
      "bikeType" : "City-/Trekking Bike",
      "child" : "Nein",
      "trailer" : "Nein",
      "pLoc" : "Lenker",
      "incident" : "Zu dichtes Überholen",
      "participant" : "",
      "scary" : "Nein",
      "descr" : "",
      "region" : "Landau"
    },
    "geometry" : {
      "type" : "Point",
      "coordinates" : [ 8.12083491, 49.19778876 ]
    }
  }, {
    "type" : "Feature",
    "properties" : {
      "date" : "21/04/2022 16:52:37",
      "bikeType" : "City-/Trekking Bike",
      "child" : "Nein",
      "trailer" : "Nein",
      "pLoc" : "Lenker",
      "incident" : "Zu dichtes Überholen",
      "participant" : "PKW",
      "scary" : "Nein",
      "descr" : "",
      "region" : "Landau"
    },
    "geometry" : {
      "type" : "Point",
      "coordinates" : [ 7.97116877, 49.20470304 ]
    }
  }, {
    "type" : "Feature",
    "properties" : {
      "date" : "18/04/2022 17:00:30",
      "bikeType" : "City-/Trekking Bike",
      "child" : "Nein",
      "trailer" : "Nein",
      "pLoc" : "Lenker",
      "incident" : "Zu dichtes Überholen",
      "participant" : "",
      "scary" : "Nein",
      "descr" : "",
      "region" : "Landau"
    },
    "geometry" : {
      "type" : "Point",
      "coordinates" : [ 8.11536819, 49.19488311 ]
    }
  }, {
    "type" : "Feature",
    "properties" : {
      "date" : "21/04/2022 15:52:00",
      "bikeType" : "City-/Trekking Bike",
      "child" : "Nein",
      "trailer" : "Nein",
      "pLoc" : "Lenker",
      "incident" : "Zu dichtes Überholen",
      "participant" : "PKW",
      "scary" : "Nein",
      "descr" : "",
      "region" : "Landau"
    },
    "geometry" : {
      "type" : "Point",
      "coordinates" : [ 8.07443661, 49.21062753 ]
    }
  }, {
    "type" : "Feature",
    "properties" : {
      "date" : "21/04/2022 15:53:37",
      "bikeType" : "City-/Trekking Bike",
      "child" : "Nein",
      "trailer" : "Nein",
      "pLoc" : "Lenker",
      "incident" : "Zu dichtes Überholen",
      "participant" : "Lieferwagen",
      "scary" : "Nein",
      "descr" : "",
      "region" : "Landau"
    },
    "geometry" : {
      "type" : "Point",
      "coordinates" : [ 8.06908749, 49.21175562 ]
    }
  }, {
    "type" : "Feature",
    "properties" : {
      "date" : "21/04/2022 15:57:03",
      "bikeType" : "City-/Trekking Bike",
      "child" : "Nein",
      "trailer" : "Nein",
      "pLoc" : "Lenker",
      "incident" : "Zu dichtes Überholen",
      "participant" : "PKW",
      "scary" : "Nein",
      "descr" : "",
      "region" : "Landau"
    },
    "geometry" : {
      "type" : "Point",
      "coordinates" : [ 8.05492426, 49.21051054 ]
    }
  }, {
    "type" : "Feature",
    "properties" : {
      "date" : "21/04/2022 15:57:40",
      "bikeType" : "City-/Trekking Bike",
      "child" : "Nein",
      "trailer" : "Nein",
      "pLoc" : "Lenker",
      "incident" : "Zu dichtes Überholen",
      "participant" : "PKW",
      "scary" : "Nein",
      "descr" : "",
      "region" : "Landau"
    },
    "geometry" : {
      "type" : "Point",
      "coordinates" : [ 8.05225779, 49.20976385 ]
    }
  }, {
    "type" : "Feature",
    "properties" : {
      "date" : "21/04/2022 16:18:43",
      "bikeType" : "City-/Trekking Bike",
      "child" : "Nein",
      "trailer" : "Nein",
      "pLoc" : "Lenker",
      "incident" : "Zu dichtes Überholen",
      "participant" : "",
      "scary" : "Nein",
      "descr" : "",
      "region" : "Landau"
    },
    "geometry" : {
      "type" : "Point",
      "coordinates" : [ 7.98613894, 49.21369788 ]
    }
  }, {
    "type" : "Feature",
    "properties" : {
      "date" : "21/04/2022 16:18:49",
      "bikeType" : "City-/Trekking Bike",
      "child" : "Nein",
      "trailer" : "Nein",
      "pLoc" : "Lenker",
      "incident" : "Zu dichtes Überholen",
      "participant" : "PKW",
      "scary" : "Nein",
      "descr" : "",
      "region" : "Landau"
    },
    "geometry" : {
      "type" : "Point",
      "coordinates" : [ 7.98579508, 49.21358187 ]
    }
  }, {
    "type" : "Feature",
    "properties" : {
      "date" : "27/04/2022 16:55:34",
      "bikeType" : "City-/Trekking Bike",
      "child" : "Nein",
      "trailer" : "Nein",
      "pLoc" : "Lenker",
      "incident" : "Zu dichtes Überholen",
      "participant" : "PKW",
      "scary" : "Nein",
      "descr" : "",
      "region" : "Landau"
    },
    "geometry" : {
      "type" : "Point",
      "coordinates" : [ 8.00799491, 49.21796113 ]
    }
  }, {
    "type" : "Feature",
    "properties" : {
      "date" : "27/04/2022 16:55:40",
      "bikeType" : "City-/Trekking Bike",
      "child" : "Nein",
      "trailer" : "Nein",
      "pLoc" : "Lenker",
      "incident" : "Zu dichtes Überholen",
      "participant" : "PKW",
      "scary" : "Nein",
      "descr" : "",
      "region" : "Landau"
    },
    "geometry" : {
      "type" : "Point",
      "coordinates" : [ 8.00766049, 49.21800497 ]
    }
  }, {
    "type" : "Feature",
    "properties" : {
      "date" : "27/04/2022 16:56:02",
      "bikeType" : "City-/Trekking Bike",
      "child" : "Nein",
      "trailer" : "Nein",
      "pLoc" : "Lenker",
      "incident" : "Zu dichtes Überholen",
      "participant" : "PKW",
      "scary" : "Nein",
      "descr" : "im Kreuzungsbereich",
      "region" : "Landau"
    },
    "geometry" : {
      "type" : "Point",
      "coordinates" : [ 8.00647058, 49.21824197 ]
    }
  }, {
    "type" : "Feature",
    "properties" : {
      "date" : "27/04/2022 17:00:57",
      "bikeType" : "City-/Trekking Bike",
      "child" : "Nein",
      "trailer" : "Nein",
      "pLoc" : "Lenker",
      "incident" : "Zu dichtes Überholen",
      "participant" : "PKW",
      "scary" : "Nein",
      "descr" : "",
      "region" : "Landau"
    },
    "geometry" : {
      "type" : "Point",
      "coordinates" : [ 7.98636617, 49.21374879 ]
    }
  }, {
    "type" : "Feature",
    "properties" : {
      "date" : "27/04/2022 17:01:46",
      "bikeType" : "City-/Trekking Bike",
      "child" : "Nein",
      "trailer" : "Nein",
      "pLoc" : "Lenker",
      "incident" : "Zu dichtes Überholen",
      "participant" : "PKW",
      "scary" : "Nein",
      "descr" : "",
      "region" : "Landau"
    },
    "geometry" : {
      "type" : "Point",
      "coordinates" : [ 7.98346081, 49.21272071 ]
    }
  }, {
    "type" : "Feature",
    "properties" : {
      "date" : "18/04/2022 18:35:21",
      "bikeType" : "City-/Trekking Bike",
      "child" : "Nein",
      "trailer" : "Nein",
      "pLoc" : "Lenker",
      "incident" : "Zu dichtes Überholen",
      "participant" : "",
      "scary" : "Nein",
      "descr" : "",
      "region" : "Landau"
    },
    "geometry" : {
      "type" : "Point",
      "coordinates" : [ 8.0115415, 49.21778207 ]
    }
  }, {
    "type" : "Feature",
    "properties" : {
      "date" : "18/04/2022 18:35:58",
      "bikeType" : "City-/Trekking Bike",
      "child" : "Nein",
      "trailer" : "Nein",
      "pLoc" : "Lenker",
      "incident" : "Zu dichtes Überholen",
      "participant" : "",
      "scary" : "Nein",
      "descr" : "",
      "region" : "Landau"
    },
    "geometry" : {
      "type" : "Point",
      "coordinates" : [ 8.00968388, 49.21786245 ]
    }
  }, {
    "type" : "Feature",
    "properties" : {
      "date" : "18/04/2022 18:40:00",
      "bikeType" : "City-/Trekking Bike",
      "child" : "Nein",
      "trailer" : "Nein",
      "pLoc" : "Lenker",
      "incident" : "Zu dichtes Überholen",
      "participant" : "",
      "scary" : "Nein",
      "descr" : "",
      "region" : "Landau"
    },
    "geometry" : {
      "type" : "Point",
      "coordinates" : [ 7.99471265, 49.21696795 ]
    }
  }, {
    "type" : "Feature",
    "properties" : {
      "date" : "18/04/2022 18:42:28",
      "bikeType" : "City-/Trekking Bike",
      "child" : "Nein",
      "trailer" : "Nein",
      "pLoc" : "Lenker",
      "incident" : "Zu dichtes Überholen",
      "participant" : "",
      "scary" : "Nein",
      "descr" : "",
      "region" : "Landau"
    },
    "geometry" : {
      "type" : "Point",
      "coordinates" : [ 7.98623225, 49.2136937 ]
    }
  }, {
    "type" : "Feature",
    "properties" : {
      "date" : "18/04/2022 18:45:17",
      "bikeType" : "City-/Trekking Bike",
      "child" : "Nein",
      "trailer" : "Nein",
      "pLoc" : "Lenker",
      "incident" : "Zu dichtes Überholen",
      "participant" : "",
      "scary" : "Nein",
      "descr" : "",
      "region" : "Landau"
    },
    "geometry" : {
      "type" : "Point",
      "coordinates" : [ 7.97724922, 49.20742335 ]
    }
  }, {
    "type" : "Feature",
    "properties" : {
      "date" : "18/04/2022 18:46:35",
      "bikeType" : "City-/Trekking Bike",
      "child" : "Nein",
      "trailer" : "Nein",
      "pLoc" : "Lenker",
      "incident" : "Zu dichtes Überholen",
      "participant" : "",
      "scary" : "Nein",
      "descr" : "",
      "region" : "Landau"
    },
    "geometry" : {
      "type" : "Point",
      "coordinates" : [ 7.9719637, 49.20498128 ]
    }
  }, {
    "type" : "Feature",
    "properties" : {
      "date" : "18/04/2022 18:46:44",
      "bikeType" : "City-/Trekking Bike",
      "child" : "Nein",
      "trailer" : "Nein",
      "pLoc" : "Lenker",
      "incident" : "Zu dichtes Überholen",
      "participant" : "",
      "scary" : "Nein",
      "descr" : "",
      "region" : "Landau"
    },
    "geometry" : {
      "type" : "Point",
      "coordinates" : [ 7.97134429, 49.20472475 ]
    }
  }, {
    "type" : "Feature",
    "properties" : {
      "date" : "20/04/2022 16:21:34",
      "bikeType" : "City-/Trekking Bike",
      "child" : "Nein",
      "trailer" : "Nein",
      "pLoc" : "Lenker",
      "incident" : "Zu dichtes Überholen",
      "participant" : "PKW",
      "scary" : "Ja",
      "descr" : "in dritter Reihe im Kurvenbereich und Gegenverkehr",
      "region" : "Landau"
    },
    "geometry" : {
      "type" : "Point",
      "coordinates" : [ 8.04972542, 49.20873401 ]
    }
  }, {
    "type" : "Feature",
    "properties" : {
      "date" : "20/04/2022 16:22:37",
      "bikeType" : "City-/Trekking Bike",
      "child" : "Nein",
      "trailer" : "Nein",
      "pLoc" : "Lenker",
      "incident" : "Zu dichtes Überholen",
      "participant" : "PKW",
      "scary" : "Ja",
      "descr" : "Überholvorgang in dritter Reihe mit Gegenverkehr",
      "region" : "Landau"
    },
    "geometry" : {
      "type" : "Point",
      "coordinates" : [ 8.04614169, 49.2083801 ]
    }
  }, {
    "type" : "Feature",
    "properties" : {
      "date" : "20/04/2022 16:32:54",
      "bikeType" : "City-/Trekking Bike",
      "child" : "Nein",
      "trailer" : "Nein",
      "pLoc" : "Lenker",
      "incident" : "Zu dichtes Überholen",
      "participant" : "PKW",
      "scary" : "Nein",
      "descr" : "",
      "region" : "Landau"
    },
    "geometry" : {
      "type" : "Point",
      "coordinates" : [ 8.01771415, 49.21822196 ]
    }
  }, {
    "type" : "Feature",
    "properties" : {
      "date" : "20/04/2022 16:32:57",
      "bikeType" : "City-/Trekking Bike",
      "child" : "Nein",
      "trailer" : "Nein",
      "pLoc" : "Lenker",
      "incident" : "Zu dichtes Überholen",
      "participant" : "PKW",
      "scary" : "Nein",
      "descr" : "",
      "region" : "Landau"
    },
    "geometry" : {
      "type" : "Point",
      "coordinates" : [ 8.01748875, 49.2182057 ]
    }
  }, {
    "type" : "Feature",
    "properties" : {
      "date" : "20/04/2022 16:33:09",
      "bikeType" : "City-/Trekking Bike",
      "child" : "Nein",
      "trailer" : "Nein",
      "pLoc" : "Lenker",
      "incident" : "Zu dichtes Überholen",
      "participant" : "PKW",
      "scary" : "Nein",
      "descr" : "",
      "region" : "Landau"
    },
    "geometry" : {
      "type" : "Point",
      "coordinates" : [ 8.01662157, 49.21812514 ]
    }
  }, {
    "type" : "Feature",
    "properties" : {
      "date" : "20/04/2022 16:34:45",
      "bikeType" : "City-/Trekking Bike",
      "child" : "Nein",
      "trailer" : "Nein",
      "pLoc" : "Lenker",
      "incident" : "Zu dichtes Überholen",
      "participant" : "LKW",
      "scary" : "Ja",
      "descr" : "",
      "region" : "Landau"
    },
    "geometry" : {
      "type" : "Point",
      "coordinates" : [ 8.01013486, 49.21785586 ]
    }
  }, {
    "type" : "Feature",
    "properties" : {
      "date" : "20/04/2022 16:35:09",
      "bikeType" : "City-/Trekking Bike",
      "child" : "Nein",
      "trailer" : "Nein",
      "pLoc" : "Lenker",
      "incident" : "Zu dichtes Überholen",
      "participant" : "PKW",
      "scary" : "Nein",
      "descr" : "",
      "region" : "Landau"
    },
    "geometry" : {
      "type" : "Point",
      "coordinates" : [ 8.0086632, 49.21793101 ]
    }
  }, {
    "type" : "Feature",
    "properties" : {
      "date" : "20/04/2022 16:45:43",
      "bikeType" : "City-/Trekking Bike",
      "child" : "Nein",
      "trailer" : "Nein",
      "pLoc" : "Lenker",
      "incident" : "Zu dichtes Überholen",
      "participant" : "",
      "scary" : "Nein",
      "descr" : "",
      "region" : "Landau"
    },
    "geometry" : {
      "type" : "Point",
      "coordinates" : [ 7.97055279, 49.20445215 ]
    }
  }, {
    "type" : "Feature",
    "properties" : {
      "date" : "19/04/2022 16:46:09",
      "bikeType" : "City-/Trekking Bike",
      "child" : "Nein",
      "trailer" : "Nein",
      "pLoc" : "Lenker",
      "incident" : "Zu dichtes Überholen",
      "participant" : "PKW",
      "scary" : "Nein",
      "descr" : "",
      "region" : "Landau"
    },
    "geometry" : {
      "type" : "Point",
      "coordinates" : [ 8.015256, 49.21796935 ]
    }
  }, {
    "type" : "Feature",
    "properties" : {
      "date" : "19/04/2022 16:35:44",
      "bikeType" : "City-/Trekking Bike",
      "child" : "Nein",
      "trailer" : "Nein",
      "pLoc" : "Lenker",
      "incident" : "Entgegenkommender Verkehrsteilnehmer",
      "participant" : "PKW",
      "scary" : "Ja",
      "descr" : "PKW erzwingt sich die Vorfahrt und fährt frontal auf mich zu, es musste auf den Gehweg ausgewichen werden",
      "region" : "Landau"
    },
    "geometry" : {
      "type" : "Point",
      "coordinates" : [ 8.04910124, 49.20859327 ]
    }
  }, {
    "type" : "Feature",
    "properties" : {
      "date" : "19/04/2022 16:54:24",
      "bikeType" : "City-/Trekking Bike",
      "child" : "Nein",
      "trailer" : "Nein",
      "pLoc" : "Lenker",
      "incident" : "Entgegenkommender Verkehrsteilnehmer",
      "participant" : "PKW",
      "scary" : "Ja",
      "descr" : "Nimmt sich Vorfahrt",
      "region" : "Landau"
    },
    "geometry" : {
      "type" : "Point",
      "coordinates" : [ 7.98226918, 49.21204287 ]
    }
  }, {
    "type" : "Feature",
    "properties" : {
      "date" : "19/04/2022 16:30:14",
      "bikeType" : "City-/Trekking Bike",
      "child" : "Nein",
      "trailer" : "Nein",
      "pLoc" : "Lenker",
      "incident" : "Zu dichtes Überholen",
      "participant" : "PKW",
      "scary" : "Nein",
      "descr" : "PKW überholt in dritter Reihe",
      "region" : "Landau"
    },
    "geometry" : {
      "type" : "Point",
      "coordinates" : [ 8.07199009, 49.21118272 ]
    }
  }, {
    "type" : "Feature",
    "properties" : {
      "date" : "19/04/2022 16:35:47",
      "bikeType" : "City-/Trekking Bike",
      "child" : "Nein",
      "trailer" : "Nein",
      "pLoc" : "Lenker",
      "incident" : "Zu dichtes Überholen",
      "participant" : "PKW",
      "scary" : "Nein",
      "descr" : "",
      "region" : "Landau"
    },
    "geometry" : {
      "type" : "Point",
      "coordinates" : [ 8.0488648, 49.20854362 ]
    }
  }, {
    "type" : "Feature",
    "properties" : {
      "date" : "19/04/2022 16:38:58",
      "bikeType" : "City-/Trekking Bike",
      "child" : "Nein",
      "trailer" : "Nein",
      "pLoc" : "Lenker",
      "incident" : "Zu dichtes Überholen",
      "participant" : "PKW",
      "scary" : "Nein",
      "descr" : "",
      "region" : "Landau"
    },
    "geometry" : {
      "type" : "Point",
      "coordinates" : [ 8.03696063, 49.21185608 ]
    }
  }, {
    "type" : "Feature",
    "properties" : {
      "date" : "19/04/2022 16:39:22",
      "bikeType" : "City-/Trekking Bike",
      "child" : "Nein",
      "trailer" : "Nein",
      "pLoc" : "Lenker",
      "incident" : "Zu dichtes Überholen",
      "participant" : "PKW",
      "scary" : "Nein",
      "descr" : "",
      "region" : "Landau"
    },
    "geometry" : {
      "type" : "Point",
      "coordinates" : [ 8.03523813, 49.21232088 ]
    }
  }, {
    "type" : "Feature",
    "properties" : {
      "date" : "19/04/2022 16:47:31",
      "bikeType" : "City-/Trekking Bike",
      "child" : "Nein",
      "trailer" : "Nein",
      "pLoc" : "Lenker",
      "incident" : "Zu dichtes Überholen",
      "participant" : "PKW",
      "scary" : "Nein",
      "descr" : "",
      "region" : "Landau"
    },
    "geometry" : {
      "type" : "Point",
      "coordinates" : [ 8.00922496, 49.21791463 ]
    }
  }, {
    "type" : "Feature",
    "properties" : {
      "date" : "19/04/2022 16:53:35",
      "bikeType" : "City-/Trekking Bike",
      "child" : "Nein",
      "trailer" : "Nein",
      "pLoc" : "Lenker",
      "incident" : "Zu dichtes Überholen",
      "participant" : "PKW",
      "scary" : "Nein",
      "descr" : "",
      "region" : "Landau"
    },
    "geometry" : {
      "type" : "Point",
      "coordinates" : [ 7.98544967, 49.2134577 ]
    }
  }, {
    "type" : "Feature",
    "properties" : {
      "date" : "19/04/2022 16:56:19",
      "bikeType" : "City-/Trekking Bike",
      "child" : "Nein",
      "trailer" : "Nein",
      "pLoc" : "Lenker",
      "incident" : "Zu dichtes Überholen",
      "participant" : "PKW",
      "scary" : "Nein",
      "descr" : "",
      "region" : "Landau"
    },
    "geometry" : {
      "type" : "Point",
      "coordinates" : [ 7.97625428, 49.20680701 ]
    }
  }, {
    "type" : "Feature",
    "properties" : {
      "date" : "28/04/2022 06:38:21",
      "bikeType" : "City-/Trekking Bike",
      "child" : "Nein",
      "trailer" : "Nein",
      "pLoc" : "Lenker",
      "incident" : "Zu dichtes Überholen",
      "participant" : "PKW",
      "scary" : "Nein",
      "descr" : "",
      "region" : "Landau"
    },
    "geometry" : {
      "type" : "Point",
      "coordinates" : [ 7.98022148, 49.20996548 ]
    }
  }, {
    "type" : "Feature",
    "properties" : {
      "date" : "28/04/2022 06:39:01",
      "bikeType" : "City-/Trekking Bike",
      "child" : "Nein",
      "trailer" : "Nein",
      "pLoc" : "Lenker",
      "incident" : "Zu dichtes Überholen",
      "participant" : "PKW",
      "scary" : "Nein",
      "descr" : "",
      "region" : "Landau"
    },
    "geometry" : {
      "type" : "Point",
      "coordinates" : [ 7.98160862, 49.21131857 ]
    }
  }, {
    "type" : "Feature",
    "properties" : {
      "date" : "28/04/2022 06:39:31",
      "bikeType" : "City-/Trekking Bike",
      "child" : "Nein",
      "trailer" : "Nein",
      "pLoc" : "Lenker",
      "incident" : "Zu dichtes Auffahren",
      "participant" : "PKW",
      "scary" : "Nein",
      "descr" : "",
      "region" : "Landau"
    },
    "geometry" : {
      "type" : "Point",
      "coordinates" : [ 7.98282467, 49.21233915 ]
    }
  }, {
    "type" : "Feature",
    "properties" : {
      "date" : "28/04/2022 06:48:10",
      "bikeType" : "City-/Trekking Bike",
      "child" : "Nein",
      "trailer" : "Nein",
      "pLoc" : "Lenker",
      "incident" : "Zu dichtes Überholen",
      "participant" : "PKW",
      "scary" : "Nein",
      "descr" : "",
      "region" : "Landau"
    },
    "geometry" : {
      "type" : "Point",
      "coordinates" : [ 8.01660232, 49.21812925 ]
    }
  }, {
    "type" : "Feature",
    "properties" : {
      "date" : "28/04/2022 06:48:19",
      "bikeType" : "City-/Trekking Bike",
      "child" : "Nein",
      "trailer" : "Nein",
      "pLoc" : "Lenker",
      "incident" : "Zu dichtes Überholen",
      "participant" : "PKW",
      "scary" : "Nein",
      "descr" : "",
      "region" : "Landau"
    },
    "geometry" : {
      "type" : "Point",
      "coordinates" : [ 8.017263, 49.21817987 ]
    }
  }, {
    "type" : "Feature",
    "properties" : {
      "date" : "28/04/2022 06:56:41",
      "bikeType" : "City-/Trekking Bike",
      "child" : "Nein",
      "trailer" : "Nein",
      "pLoc" : "Lenker",
      "incident" : "Zu dichtes Überholen",
      "participant" : "PKW",
      "scary" : "Nein",
      "descr" : "",
      "region" : "Landau"
    },
    "geometry" : {
      "type" : "Point",
      "coordinates" : [ 8.03965585, 49.21058648 ]
    }
  }, {
    "type" : "Feature",
    "properties" : {
      "date" : "18/04/2022 16:10:40",
      "bikeType" : "City-/Trekking Bike",
      "child" : "Nein",
      "trailer" : "Nein",
      "pLoc" : "Lenker",
      "incident" : "Zu dichtes Überholen",
      "participant" : "",
      "scary" : "Nein",
      "descr" : "",
      "region" : "Landau"
    },
    "geometry" : {
      "type" : "Point",
      "coordinates" : [ 8.01906284, 49.21829929 ]
    }
  }, {
    "type" : "Feature",
    "properties" : {
      "date" : "18/04/2022 16:19:03",
      "bikeType" : "City-/Trekking Bike",
      "child" : "Nein",
      "trailer" : "Nein",
      "pLoc" : "Lenker",
      "incident" : "Zu dichtes Überholen",
      "participant" : "",
      "scary" : "Nein",
      "descr" : "",
      "region" : "Landau"
    },
    "geometry" : {
      "type" : "Point",
      "coordinates" : [ 8.03925382, 49.21087423 ]
    }
  }, {
    "type" : "Feature",
    "properties" : {
      "date" : "18/04/2022 16:19:12",
      "bikeType" : "City-/Trekking Bike",
      "child" : "Nein",
      "trailer" : "Nein",
      "pLoc" : "Lenker",
      "incident" : "Zu dichtes Überholen",
      "participant" : "",
      "scary" : "Nein",
      "descr" : "",
      "region" : "Landau"
    },
    "geometry" : {
      "type" : "Point",
      "coordinates" : [ 8.0396747, 49.21055929 ]
    }
  }, {
    "type" : "Feature",
    "properties" : {
      "date" : "18/04/2022 16:19:58",
      "bikeType" : "City-/Trekking Bike",
      "child" : "Nein",
      "trailer" : "Nein",
      "pLoc" : "Lenker",
      "incident" : "Hindernis ausweichen (z.B. Hund)",
      "participant" : "",
      "scary" : "Nein",
      "descr" : "",
      "region" : "Landau"
    },
    "geometry" : {
      "type" : "Point",
      "coordinates" : [ 8.04198671, 49.20922198 ]
    }
  }, {
    "type" : "Feature",
    "properties" : {
      "date" : "18/04/2022 16:21:50",
      "bikeType" : "City-/Trekking Bike",
      "child" : "Nein",
      "trailer" : "Nein",
      "pLoc" : "Lenker",
      "incident" : "Hindernis ausweichen (z.B. Hund)",
      "participant" : "",
      "scary" : "Nein",
      "descr" : "",
      "region" : "Landau"
    },
    "geometry" : {
      "type" : "Point",
      "coordinates" : [ 8.04981021, 49.20876644 ]
    }
  }, {
    "type" : "Feature",
    "properties" : {
      "date" : "18/04/2022 16:39:46",
      "bikeType" : "City-/Trekking Bike",
      "child" : "Nein",
      "trailer" : "Nein",
      "pLoc" : "Lenker",
      "incident" : "Hindernis ausweichen (z.B. Hund)",
      "participant" : "",
      "scary" : "Nein",
      "descr" : "",
      "region" : "Landau"
    },
    "geometry" : {
      "type" : "Point",
      "coordinates" : [ 8.10257796, 49.19728622 ]
    }
  }, {
    "type" : "Feature",
    "properties" : {
      "date" : "18/04/2022 16:43:11",
      "bikeType" : "City-/Trekking Bike",
      "child" : "Nein",
      "trailer" : "Nein",
      "pLoc" : "Lenker",
      "incident" : "Zu dichtes Überholen",
      "participant" : "",
      "scary" : "Nein",
      "descr" : "",
      "region" : "Landau"
    },
    "geometry" : {
      "type" : "Point",
      "coordinates" : [ 8.10753744, 49.19959165 ]
    }
  }, {
    "type" : "Feature",
    "properties" : {
      "date" : "22/04/2022 12:26:14",
      "bikeType" : "City-/Trekking Bike",
      "child" : "Nein",
      "trailer" : "Nein",
      "pLoc" : "Lenker",
      "incident" : "Zu dichtes Überholen",
      "participant" : "PKW",
      "scary" : "Nein",
      "descr" : "",
      "region" : "Landau"
    },
    "geometry" : {
      "type" : "Point",
      "coordinates" : [ 8.0277735, 49.19204355 ]
    }
  }, {
    "type" : "Feature",
    "properties" : {
      "date" : "22/04/2022 12:40:30",
      "bikeType" : "City-/Trekking Bike",
      "child" : "Nein",
      "trailer" : "Nein",
      "pLoc" : "Lenker",
      "incident" : "Zu dichtes Überholen",
      "participant" : "PKW",
      "scary" : "Nein",
      "descr" : "",
      "region" : "Landau"
    },
    "geometry" : {
      "type" : "Point",
      "coordinates" : [ 8.01415142, 49.21779081 ]
    }
  }, {
    "type" : "Feature",
    "properties" : {
      "date" : "22/04/2022 12:44:27",
      "bikeType" : "City-/Trekking Bike",
      "child" : "Nein",
      "trailer" : "Nein",
      "pLoc" : "Lenker",
      "incident" : "Entgegenkommender Verkehrsteilnehmer",
      "participant" : "PKW",
      "scary" : "Ja",
      "descr" : "",
      "region" : "Landau"
    },
    "geometry" : {
      "type" : "Point",
      "coordinates" : [ 7.99233261, 49.21642992 ]
    }
  }, {
    "type" : "Feature",
    "properties" : {
      "date" : "22/04/2022 12:48:14",
      "bikeType" : "City-/Trekking Bike",
      "child" : "Nein",
      "trailer" : "Nein",
      "pLoc" : "Lenker",
      "incident" : "Zu dichtes Überholen",
      "participant" : "PKW",
      "scary" : "Nein",
      "descr" : "",
      "region" : "Landau"
    },
    "geometry" : {
      "type" : "Point",
      "coordinates" : [ 7.97401897, 49.20580144 ]
    }
  }, {
    "type" : "Feature",
    "properties" : {
      "date" : "20/04/2022 06:34:29",
      "bikeType" : "City-/Trekking Bike",
      "child" : "Nein",
      "trailer" : "Nein",
      "pLoc" : "Lenker",
      "incident" : "Zu dichtes Überholen",
      "participant" : "PKW",
      "scary" : "Ja",
      "descr" : "PKW überholt innerhalb einer Überquerung Hilfe mit hoher Geschwindigkeit",
      "region" : "Landau"
    },
    "geometry" : {
      "type" : "Point",
      "coordinates" : [ 7.97955165, 49.20934403 ]
    }
  }, {
    "type" : "Feature",
    "properties" : {
      "date" : "20/04/2022 06:34:38",
      "bikeType" : "City-/Trekking Bike",
      "child" : "Nein",
      "trailer" : "Nein",
      "pLoc" : "Lenker",
      "incident" : "Zu dichtes Überholen",
      "participant" : "PKW",
      "scary" : "Ja",
      "descr" : "2.Pkw überholt mit hoher Geschwindigkeit kurz nach Überquerungshilfe",
      "region" : "Landau"
    },
    "geometry" : {
      "type" : "Point",
      "coordinates" : [ 7.97987433, 49.20963761 ]
    }
  } ]
}