lat,lon,ts,bike,childCheckBox,trailerCheckBox,pLoc,incident,i1,i2,i3,i4,i5,i6,i7,i8,i9,scary,desc,i10,region
49.4614126,11.08247101,1619346416000,0,0,0,0,7,0,0,0,0,0,0,0,0,0,0,Gehwegparker,0,Dresden
49.46345534,11.08215168,1619346332000,0,0,0,0,7,0,0,0,0,0,0,0,0,0,0,Kreuzungsparker\n,0,Dresden
51.023450,13.804818,1619160214978,1,0,0,2,1,0,0,0,0,0,0,1,0,0,0,,0,Dresden
51.019745,13.805095,1619160277978,1,0,0,2,1,0,0,0,0,0,0,1,0,0,0,,0,Dresden
51.018729,13.806143,1619160295979,1,0,0,2,1,0,0,0,0,0,0,1,0,0,0,,0,Dresden
51.12568651105894,13.790554796357608,1619676672000,0,0,0,0,1,0,0,0,0,0,0,0,0,0,0,Direkt beim einschwenken auf den Schutzstreifen überholte der nachfolgende PKW trotz Gegenverkehr zu dicht. ,0,Dresden
51.05102718,13.747245,1618646280000,0,0,0,0,8,0,0,1,0,0,0,0,0,0,0,Fußgänger geht bei rot ohne zu schauen,0,Dresden
51.05464724,13.71988747,1619675975000,0,0,0,0,1,0,0,0,0,0,0,0,0,0,0,Kurvige Engstelle. Autofahrer fahren teilweise zur Hälfte auf Radfahrstreifen. ,0,Dresden
51.046918,13.759936,1619070430999,2,0,0,2,2,0,0,1,0,0,0,1,0,0,1,,0,Dresden
51.038385,13.774352,1619121788001,1,0,0,2,7,0,0,0,0,0,0,0,0,0,0,"Dauerpfütze auf wassergebundenem Weg",0,Dresden
51.04557871,13.7023928,1619627974000,0,0,0,0,4,0,1,0,0,0,0,0,0,0,0,PKW überholt Radfahrer, obwohl ich entgegen komme. Kaum seitenabstand,0,Dresden
49.46995748,11.0347752,1619764550000,0,0,0,0,8,0,0,0,0,0,0,0,0,0,0,Pkw erzwingt Vorfahrt bei rvl\n,0,Dresden
49.510596,11.093758,1619186370000,2,0,0,5,7,0,0,1,0,0,0,0,0,0,0,,0,Dresden
49.460712,11.025074,1619710980001,1,0,0,2,3,0,0,0,0,0,0,1,0,0,1,,0,Dresden
49.456152,11.039386,1619711210996,1,0,0,2,8,0,0,0,0,0,0,1,0,0,1,"PKW parkt auf Fahrradweg. \nAusweichen nicht möglich da nebenan 2 spurige Autostraßen, kein Auto lässt einen rein ",0,Dresden
49.46535948,11.08191903,1619252810000,0,0,0,0,8,0,0,0,0,0,0,0,0,1,0,Kind beim Versuch, freihändig zu fahren, vom Tandem gefallen.\n,0,Dresden
51.008925,13.861305,1619626876002,2,0,0,0,8,1,0,1,0,0,0,1,0,0,0,"Straßenkreuzung ",0,Dresden
51.017540,13.845144,1619627055001,2,0,0,0,3,0,0,0,0,0,0,1,0,0,1,"Einfahrt Supermarkt Auto hat mich übersehen beim einfahren",0,Dresden
51.019677,13.841805,1619627107000,2,0,0,0,4,0,1,1,0,0,0,0,0,0,0,,0,Dresden
51.020221,13.843177,1619627129000,2,0,0,0,4,0,1,1,0,0,0,0,0,1,0,"Skater ",0,Dresden
51.026700,13.839264,1619627234000,2,0,0,0,8,0,1,1,1,0,1,1,0,0,0,"Hohes Verkehrsaufkommen .. sehr unübersichtlich ",1,Dresden
51.052853,13.808628,1619627674000,2,0,0,0,8,0,1,1,0,0,1,1,0,0,0,"Hohes Verkehrsaufkommen .. sehr unübersichtlich ",1,Dresden
51.063058,13.751580,1619629212999,2,0,0,0,1,0,0,0,1,1,0,1,0,0,0,,0,Dresden
51.068084,13.758067,1619629364998,2,0,0,0,4,0,1,1,0,0,0,0,0,0,0,,0,Dresden
49.48867637,11.10984657,1619343064000,0,0,0,0,7,0,0,1,0,0,0,0,0,0,0,,0,Dresden
49.52827687,11.11843783,1619343738000,0,0,0,0,1,0,0,0,0,0,0,0,0,0,1,,0,Dresden
51.1217093823056,13.77744962351588,1619710146280,0,0,0,0,4,0,0,0,0,0,0,0,0,0,0,Vorrang bei Hindernis auf Gegenseite wurde nicht gewährt. ,0,Dresden
51.0820246729787,13.726256623610618,1619711560571,0,0,0,0,1,0,0,0,0,0,0,0,0,0,0,,0,Dresden
51.09137305858582,13.737617526462845,1619711305000,0,0,0,0,1,0,0,0,0,0,0,0,0,0,0,,0,Dresden
51.04930075,13.72016703,1618655643000,0,0,0,0,7,0,0,0,0,0,0,0,0,0,0,Polizei blockiert gemeinsamen Geh- und Radweg,0,Dresden
51.034497,13.783603,1618935583002,1,0,0,2,8,0,0,0,0,0,0,0,0,1,0,"Schlechte Infrastruktur: Plötzliches Ende des eigenständigen Radwegs ohne saubere Überleitung auf die Fahrbahn oder wenigstens einen freigegebenen Gehweg",0,Dresden
51.033311,13.802892,1619589051999,1,0,0,2,4,0,0,0,0,0,0,1,0,0,1,,0,Dresden
49.43996595,11.10021296,1619068199000,0,0,0,0,8,0,0,0,0,0,0,0,0,0,0,Mit 5 Pkw zugeparkte Kreuzung - extrem unübersichtlich ,0,Dresden
51.061356,13.692508,1619455364000,1,0,0,2,1,0,0,0,0,1,0,0,0,0,0,,0,Dresden
51.028474,13.786349,1619636825000,1,0,0,2,8,0,0,0,0,0,0,0,0,1,0,"Vorfahrt genommen von Kleinbus",0,Dresden
51.018672,13.806388,1619162994019,1,0,0,2,1,0,0,0,0,0,0,1,0,0,0,,0,Dresden
50.981419,13.867844,1620229240936,2,0,0,0,1,0,0,0,0,0,0,1,0,0,1,,0,Dresden
51.042628,13.797150,1620230826999,2,0,0,0,1,0,0,0,0,1,0,0,0,0,0,,0,Dresden
51.043855,13.782240,1620231001000,2,0,0,0,3,0,0,0,0,0,0,1,0,0,1,,0,Dresden
51.043835,13.782204,1620231009000,2,0,0,0,3,0,0,0,0,0,0,1,0,0,0,,0,Dresden
51.062064,13.752133,1620231630999,2,0,0,0,1,0,0,0,0,1,0,0,0,0,0,,0,Dresden
51.049794,13.777984,1622451572995,1,0,0,0,1,0,0,0,0,0,0,1,0,0,0,,0,Dresden
51.066481,13.753750,1620195753000,2,0,0,0,4,0,0,0,1,0,0,0,0,0,0,,0,Dresden
51.056977,13.758599,1620196083001,2,0,0,0,4,0,1,1,0,0,0,0,0,0,0,,0,Dresden
51.051941,13.809732,1620196646999,2,0,0,0,2,0,1,1,0,0,0,1,0,0,0,"Hohes Verkehrsaufkommen durch parkende Autos und dadurch Engstelle für Fahrrad und Fußgänger  ",0,Dresden
51.024059,13.840477,1620197198999,2,0,0,0,4,0,1,1,0,0,0,1,0,0,0,"Hohes Verkehrsaufkommen durch parkende Autos und dadurch Engstelle für Fahrrad und Fußgänger  ",0,Dresden
51.017511,13.845736,1620197366998,2,0,0,0,4,0,1,1,0,0,0,0,0,0,0,,0,Dresden
51.052317,13.809386,1620110062001,2,0,0,0,2,0,1,1,0,0,0,1,0,0,0,"Hohes Verkehrsaufkommen durch parkende Autos und dadurch Engstelle für Fahrrad und Fußgänger  ",0,Dresden
51.023579,13.840852,1620110700000,2,0,0,0,2,0,1,1,0,0,0,1,0,0,0,"Hohes Verkehrsaufkommen durch parkende Autos und dadurch Engstelle für Fahrrad und Fußgänger  ",0,Dresden
51.008921,13.861487,1620111094000,2,0,0,0,5,0,0,0,1,0,0,1,0,0,0,"Hohes Verkehrsaufkommen durch kreuzende Autos, Bus und parkende Autos ",0,Dresden
50.982102,13.883262,1620111647999,2,0,0,0,7,0,1,1,0,0,0,0,0,0,0,,0,Dresden
51.052317,13.809386,1620110062001,2,0,0,0,2,0,1,1,0,0,0,1,0,0,0,"Hohes Verkehrsaufkommen durch parkende Autos und dadurch Engstelle für Fahrrad und Fußgänger  ",0,Dresden
51.023579,13.840852,1620110700000,2,0,0,0,2,0,1,1,0,0,0,1,0,0,0,"Hohes Verkehrsaufkommen durch parkende Autos und dadurch Engstelle für Fahrrad und Fußgänger  ",0,Dresden
51.008921,13.861487,1620111094000,2,0,0,0,5,0,0,0,1,0,0,1,0,0,0,"Hohes Verkehrsaufkommen durch kreuzende Autos, Bus und parkende Autos ",0,Dresden
50.982102,13.883262,1620111647999,2,0,0,0,7,0,1,1,0,0,0,0,0,0,0,,0,Dresden
49.453294,11.020449,1620318539999,1,0,0,2,7,0,0,0,0,0,0,1,0,0,0,"Auto kommt aus Ausfahrt",0,Dresden
51.047557,13.769768,1622457436000,1,0,0,0,1,0,0,0,0,0,0,1,0,0,0,,0,Dresden
49.451912,11.052311,1621317263891,1,0,0,2,8,0,0,0,0,0,0,0,0,0,0,"Gegenüber ist der Fahrradweg. Es dauert ewig die Kreuzung zu kreuzen...",0,Dresden
49.461385,11.023145,1621317901006,1,0,0,2,3,0,0,0,0,0,0,1,0,0,1,,0,Dresden
51.020413,13.790153,1621782046046,1,0,0,0,1,0,0,0,0,0,0,0,1,0,0,,0,Dresden
51.020413,13.790153,1621782046046,1,0,0,0,1,0,0,0,0,0,0,0,1,0,0,,0,Dresden
51.05844997,13.72580647,1621865519000,0,0,0,0,8,0,0,0,0,0,0,0,0,0,1,Angehupt worden. Bei Diskussion an der roten Ampel sagt der Fahrer ich müsse auf dem freigegebenen Gehweg fahren. ,0,Dresden
51.05351216,13.74346041,1621865184000,0,0,0,0,1,0,0,0,0,0,0,0,0,0,1,Extrem dicht überholt worden. Wahrscheinlich als Erziehungsmaßnahme, soll auf dem überfüllten freigegebenen Gehweg fahren,0,Dresden
51.05354539,13.74236155,1621865196000,0,0,0,0,8,0,0,0,0,0,0,0,0,0,1,Angehupt und beim Vorbeifahren bepöbelt worden. Wahrscheinlich als Erziehungsmaßnahme, soll auf dem überfüllten freigegebenen Gehweg fahren,0,Dresden
49.461385,11.024349,1620713417998,1,0,0,0,7,0,0,0,1,0,0,0,0,0,0,"Geparkter Lieferwagen blockiert Fahrradweg, weil zu lang für Parklücke",0,Dresden
49.454535,11.008881,1620713834998,1,0,0,0,7,0,0,0,0,1,0,0,0,0,0,"Baustelle",0,Dresden
51.054152,13.722308,1621720318002,1,0,0,2,5,0,0,0,0,0,0,1,0,0,0,,0,Dresden
51.030546,13.788051,1621721345001,1,0,0,2,8,0,0,0,0,0,0,0,1,0,0,,0,Dresden
51.05668666666667,13.777805,1621929603000,0,0,0,0,5,0,0,0,0,0,0,0,0,0,1,,0,Dresden
51.05594333333333,13.777885,1621929594000,0,0,0,0,1,0,0,0,0,0,0,0,0,0,0,,0,Dresden
51.05644333333333,13.777808333333333,1621929600000,0,0,0,0,1,0,0,0,0,0,0,0,0,0,0,,0,Dresden
51.042246,13.780274,1621232306001,1,0,0,2,1,0,0,0,0,0,0,1,0,0,0,,0,Dresden
51.0436621,13.70260136,1622105833000,0,0,0,0,7,0,0,0,0,0,0,0,0,0,0,Zwei Falschparker auf gemeinsamem Geh- und Radweg,0,Dresden
49.454000,11.046834,1621403948995,1,0,0,2,8,0,0,0,0,0,0,0,0,0,0,"Ampel Schaltung für Fahrradfahrer sehr schlecht.... ",0,Dresden
49.459097,11.031846,1621404313996,1,0,0,2,8,1,0,0,0,0,0,0,0,0,0,"Ersatz Bushaltestelle auf Fahrradweg. Ausweichen auf Gehweg, sehr eng wegen Ubahn Ausstieg , sehr viele Leute ",0,Dresden
49.461539,11.023282,1621404497993,1,0,0,2,8,0,0,0,0,0,0,0,0,0,0,"Baustelle, schlecht einsehbar für Autos. ",0,Dresden
50.97544456,13.72588637,1620486944000,0,0,0,0,1,0,0,0,0,0,0,0,0,0,1,An Engstelle außerorts mit sehr wenig Abstand und hoher Geschwindigkeit überholt worden. ,0,Dresden
49.453481,11.019422,1620060850000,1,0,0,2,6,0,0,0,0,0,0,1,0,0,1,,0,Dresden
49.453470,11.019816,1620060854000,1,0,0,2,2,0,0,0,0,0,0,1,0,0,1,,0,Dresden
49.453234,11.021227,1620060870000,1,0,0,2,8,0,0,0,0,0,0,0,0,0,1,"Fahrradweg geht von Bürgersteig auf Fahrbahn und kreuzt Rechtsabbieger. ",0,Dresden
49.448876,11.035082,1620061041999,1,0,0,2,7,0,0,0,0,0,0,1,0,0,1,"Auto parkt auf Fahrradweg. Ausweichen gefährlich",0,Dresden
49.453822,11.015022,1620282852994,1,0,0,2,2,0,0,0,0,0,0,1,0,0,0,,0,Dresden
49.454213,11.009344,1620282932993,1,0,0,2,8,0,0,0,0,1,0,0,0,0,0,"Lkw mach u-turn und fährt auf Fahrradweg ",0,Dresden
51.018319,13.789402,1621087825000,1,0,0,2,8,0,0,0,0,0,0,1,0,0,0,"Falschparker auf Radfahrstreifen ",0,Dresden
51.035579,13.807310,1622464454011,1,0,0,0,1,0,0,0,0,0,0,1,0,0,0,,0,Dresden
50.968537,13.881203,1620145756000,2,0,0,0,1,1,0,0,1,0,0,1,0,0,1,,0,Dresden
50.983178,13.865494,1620146068009,2,0,0,0,1,0,0,0,0,0,0,1,0,0,0,,0,Dresden
51.020149,13.832757,1620146825999,2,0,0,0,1,0,0,0,1,0,0,0,0,0,0,,0,Dresden
51.051315,13.757926,1620147975000,2,0,0,0,2,0,0,0,1,0,0,0,0,0,0,,0,Dresden
51.035790,13.796368,1622181087004,1,0,0,2,8,0,0,0,0,0,0,1,0,0,0,,0,Dresden
51.025425,13.805486,1621628534001,1,0,0,2,1,0,0,0,0,0,0,1,0,0,0,,0,Dresden
51.05141638,13.67972045,1620284440000,0,0,0,0,1,0,0,0,0,0,0,0,0,0,1,Opa im PKW, Abstand ca. 30 - \n50 cm,0,Dresden
51.04907491,13.67543949,1620284516000,0,0,0,0,4,0,0,0,0,1,0,0,0,0,1,LKW hat Vorfahrt missachtet. Hindernis war auf seiner Seite.,0,Dresden
51.063020,13.780625,1620020857001,2,0,0,0,2,0,0,0,0,0,0,0,0,0,1,"Hohes Verkehrsaufkommen ",0,Dresden
51.034846,13.832100,1620021485000,2,0,0,0,2,0,0,0,0,0,0,0,0,0,0,"Hohes parkaufkommen (Autos)",0,Dresden
51.019642,13.805145,1622100244000,1,0,0,2,8,0,0,0,0,0,0,1,0,0,0,,0,Dresden
51.03910861,13.70501641,1621786484000,0,0,0,0,7,0,0,0,0,0,0,0,0,0,0,Auto auf Radweg ,0,Dresden
49.451458,11.052011,1620108126000,1,0,0,2,2,0,0,0,0,0,0,1,0,0,0,,0,Dresden
49.461416,11.024293,1620108595000,1,0,0,2,7,0,0,0,1,0,0,0,0,0,0,"Lieferwagen zu lang für Parklücke. Überdeckt Fahrradweg . Ausweichen gefährlich, da nebenan zweispurig Autos ",0,Dresden
51.044561,13.753161,1619874766001,1,0,0,2,1,0,0,0,1,0,0,0,0,0,0,"",0,Dresden
51.057551,13.745602,1621693740000,1,0,0,2,1,0,0,0,0,0,0,1,0,0,0,,0,Dresden
51.072567,13.739468,1621694087000,1,0,0,2,4,0,1,0,0,0,0,0,0,0,0,,0,Dresden
49.461144,11.025142,1620021789997,1,0,0,2,8,0,0,0,0,0,0,1,0,0,1,"Ein Lieferwagen parkt dort, ist aber zu lang und ragt in die Fahrbahn rein. Ausweichen auf die Fahrbahn sehr gefährlich ",0,Dresden
49.458970,11.031895,1620626701006,1,0,0,2,7,1,0,0,0,0,0,0,0,0,0,,0,Dresden
49.46951778,11.07252526,1620579392000,0,0,0,0,7,0,0,0,0,0,0,0,0,0,0,Falschparker,0,Dresden
51.036422,13.794902,1620110971992,1,0,0,2,1,0,0,0,0,0,0,1,0,0,0,,0,Dresden
51.036847,13.793800,1620110983992,1,0,0,2,1,0,0,0,0,0,0,1,0,0,1,,0,Dresden
51.025362,13.805363,1621803405002,1,0,0,2,8,0,0,0,0,0,0,1,0,0,0,,0,Dresden
51.017793,13.806980,1622098123002,1,0,0,2,1,0,0,0,0,1,0,0,0,0,1,,0,Dresden
51.045528,13.757530,1622447370001,1,0,0,0,1,0,0,0,0,0,0,1,0,0,0,,0,Dresden
49.454113,11.045785,1621348483992,1,0,0,2,8,0,0,0,0,0,0,1,0,0,1,"Auto kommt aus Nebenstraße. Fahrerin schaut immer in die andere richtung. Bremst zwar rechtzeitig, aber ich muss auch bremsen weil ich Angst habe sie übersieht mich ",0,Dresden
49.454113,11.045785,1621348483992,1,0,0,2,8,0,0,0,0,0,0,1,0,0,1,"Auto kommt aus Nebenstraße. Fahrerin schaut immer in die andere richtung. Bremst zwar rechtzeitig, aber ich muss auch bremsen weil ich Angst habe sie übersieht mich ",0,Dresden
49.454113,11.045785,1621348483992,1,0,0,2,8,0,0,0,0,0,0,1,0,0,1,"Auto kommt aus Nebenstraße. Fahrerin schaut immer in die andere richtung. Bremst zwar rechtzeitig, aber ich muss auch bremsen weil ich Angst habe sie übersieht mich ",0,Dresden
51.057673,13.759686,1620277831001,2,0,0,0,4,0,1,1,0,0,0,0,0,0,0,,0,Dresden
51.051960,13.809720,1620278375000,2,0,0,0,2,0,0,0,0,0,0,1,0,0,0,,0,Dresden
51.023603,13.840722,1620278925000,2,0,0,0,2,0,0,0,1,0,0,0,0,0,0,,0,Dresden
51.009981,13.858321,1620279241000,2,0,0,0,2,0,0,0,0,0,0,1,0,0,0,,0,Dresden
51.009561,13.859282,1620279253000,2,0,0,0,1,0,0,0,0,0,0,1,0,0,1,,0,Dresden
51.009249,13.860019,1620279262000,2,0,0,0,7,0,1,1,0,0,0,0,0,0,0,,0,Dresden
49.451178,11.027159,1620744824994,1,0,0,2,7,0,0,0,0,0,0,1,0,0,0,,0,Dresden
49.451178,11.027159,1620744824994,1,0,0,2,7,0,0,0,0,0,0,1,0,0,0,,0,Dresden
51.03333572857082,13.774651363492012,1620226638000,0,0,0,0,8,0,0,0,0,0,0,0,0,0,0,Baustellen"umleitung" ist nicht mitgedacht gewählt ,0,Dresden
51.029863650910556,13.783290507271886,1620226457000,0,0,0,0,1,0,0,0,0,0,0,0,0,0,0,,0,Dresden
51.027694875374436,13.78861729055643,1620226358000,0,0,0,0,1,0,0,0,0,0,0,0,0,0,0,,0,Dresden
51.047414,13.750961,1620838084998,1,0,0,2,1,0,1,0,0,0,0,0,0,0,0,,0,Dresden
51.07492369,13.72734986,1620369034000,0,0,0,0,7,0,0,1,0,0,0,0,0,0,0,Handwerker betritt schnell und ohne zu schauen die Fahrbahn. Vollbremsung. ,0,Dresden
51.026083,13.792356,1619881409001,1,0,0,2,1,0,0,0,0,0,0,1,0,0,0,,0,Dresden
51.044309,13.815874,1620058719999,2,0,0,0,2,0,0,1,0,0,0,1,0,0,0,,0,Dresden
51.052930,13.808743,1620058871002,2,0,0,0,2,0,0,0,0,0,0,1,0,0,0,,0,Dresden
51.059240,13.761683,1620059480999,2,0,0,0,7,0,1,0,0,0,0,0,0,0,0,,0,Dresden
51.059097,13.761387,1620059484999,2,0,0,0,7,0,1,0,0,0,0,0,0,0,0,,0,Dresden
51.065831,13.753469,1620059772000,2,0,0,0,4,0,1,0,0,0,0,1,0,0,0,,0,Dresden
51.068489,13.755168,1620059832000,2,0,0,0,3,0,1,0,0,0,0,1,0,0,0,,0,Dresden
51.051242,13.748497,1620058062000,1,0,0,2,1,0,0,0,0,0,0,1,0,0,0,,0,Dresden
51.051677,13.747573,1620058171000,1,0,0,2,3,0,0,0,0,0,0,1,0,0,1,,0,Dresden
51.025316,13.805507,1620674438000,1,0,0,2,8,0,0,0,0,0,0,1,0,0,0,,0,Dresden
49.456351,11.039758,1621490153996,1,0,0,2,8,0,0,0,0,0,0,0,0,0,0,"Ampelschaltung für Radfahrer katastrophal auf dieser Strecke ",0,Dresden
51.048863,13.762275,1622460305998,1,0,0,0,1,0,0,0,0,1,0,0,0,0,0,,0,Dresden
51.042800,13.794672,1622460643999,1,0,0,0,7,0,0,0,1,0,0,0,0,0,0,,0,Dresden
51.040476,13.802725,1622821145001,1,0,0,0,7,0,0,0,1,0,0,0,0,0,0,,0,Dresden
51.02662,13.836188333333332,1623321489000,0,0,0,0,7,0,0,0,0,0,0,1,0,0,0,,0,Dresden
51.027967,13.798270,1622975896914,1,0,0,0,1,0,0,0,0,0,0,1,0,0,0,,0,Dresden
51.042698,13.764692,1622976381003,1,0,0,0,1,0,0,0,0,0,0,1,0,0,0,,0,Dresden
51.038144,13.786792,1623045310000,1,0,0,0,8,0,0,0,0,0,0,1,0,0,0,,0,Dresden
51.038142,13.786802,1623045316000,1,0,0,0,8,0,0,0,0,0,0,1,0,0,0,,0,Dresden
51.035161,13.783162,1622479180001,1,0,0,0,1,0,0,0,0,0,0,1,0,0,0,,0,Dresden
51.036010,13.781062,1622479198001,1,0,0,0,1,0,0,0,0,0,0,1,0,0,0,,0,Dresden
51.041456,13.785246,1622615205002,1,0,0,0,1,0,0,0,0,0,0,1,0,0,0,,0,Dresden
51.025289,13.805360,1622921123000,1,0,0,0,8,0,0,0,0,0,0,1,0,0,0,,0,Dresden
49.561043,10.998822,1622534558000,2,0,0,5,7,0,0,0,0,0,0,0,0,0,0,"Leine ülötzlich über gesamten Weg",0,Dresden
51.05712373,13.72394466,1623394275000,0,0,0,0,8,0,0,0,0,0,0,1,0,0,1,Radverkehr soll wegen Baustelle auf Straße fahren. Angehupt worden, weil auf der Straße gefahren. ,0,Dresden
51.036676,13.807021,1622786400955,1,0,0,0,1,0,0,0,0,0,0,1,0,0,0,,0,Dresden
51.046131,13.780075,1622786830001,1,0,0,0,1,0,0,0,0,0,0,1,0,0,0,,0,Dresden
51.046418,13.778876,1622786839001,1,0,0,0,1,0,0,0,0,0,0,1,0,0,0,,0,Dresden
51.0462792,13.70314861,1623084812000,0,0,0,0,8,0,0,0,0,0,0,1,0,0,0,Links abbiegen von wernerstraße in Lübecker Straße. Beim Handzeichen gestikuliert Autofahrer hinter mir seinen Unmut dass er mich einordnen lassen muss. ,0,Dresden
51.05075966,13.72878938,1623684702000,0,0,0,0,7,0,0,0,0,0,0,1,0,0,0,Falschparker auf Radweg,0,Dresden
51.05057754,13.72697748,1624819266000,,0,0,,7,0,0,0,0,0,0,1,0,0,0,Falschparker auf Radfahrstreifen,0,Dresden
51.05705669,13.72386335,1625468840000,,0,0,,7,0,0,0,0,0,0,1,0,0,0,Falschparker,0,Dresden
51.03955866,13.6572699,1628698962000,,0,0,,1,1,0,0,0,0,0,0,0,0,1,,0,Dresden
51.04246188,13.68202687,1628266570000,,0,0,,1,0,0,0,0,0,0,1,0,0,1,,0,Dresden
49.454113,11.045785,1621348483992,1,0,0,2,8,0,0,0,0,0,0,1,0,0,1,"Auto kommt aus Nebenstraße. Fahrerin schaut immer in die andere richtung. Bremst zwar rechtzeitig, aber ich muss auch bremsen weil ich Angst habe sie übersieht mich ",0,Dresden
51.04678079,13.7219141,1632234292000,,0,0,,8,0,0,0,0,0,0,1,0,0,0,zum links abbiegen auf normale Fahrbahn gefahren,0,Dresden
