{
  "type" : "FeatureCollection",
  "features" : [ {
    "type" : "Feature",
    "properties" : {
      "date" : "25/04/2021 12:26:56",
      "bikeType" : "-",
      "child" : "Nein",
      "trailer" : "Nein",
      "pLoc" : "Hosentasche",
      "incident" : "Hindernis ausweichen (z.B. Hund)",
      "participant" : "",
      "scary" : "Nein",
      "descr" : "Gehwegparker",
      "region" : "Dresden"
    },
    "geometry" : {
      "type" : "Point",
      "coordinates" : [ 11.08247101, 49.4614126 ]
    }
  }, {
    "type" : "Feature",
    "properties" : {
      "date" : "25/04/2021 12:25:32",
      "bikeType" : "-",
      "child" : "Nein",
      "trailer" : "Nein",
      "pLoc" : "Hosentasche",
      "incident" : "Hindernis ausweichen (z.B. Hund)",
      "participant" : "",
      "scary" : "Nein",
      "descr" : "Kreuzungsparker\\n",
      "region" : "Dresden"
    },
    "geometry" : {
      "type" : "Point",
      "coordinates" : [ 11.08215168, 49.46345534 ]
    }
  }, {
    "type" : "Feature",
    "properties" : {
      "date" : "23/04/2021 08:43:34",
      "bikeType" : "City-/Trekking Bike",
      "child" : "Nein",
      "trailer" : "Nein",
      "pLoc" : "Jackentasche",
      "incident" : "Zu dichtes Überholen",
      "participant" : "PKW",
      "scary" : "Nein",
      "descr" : "",
      "region" : "Dresden"
    },
    "geometry" : {
      "type" : "Point",
      "coordinates" : [ 13.804818, 51.02345 ]
    }
  }, {
    "type" : "Feature",
    "properties" : {
      "date" : "23/04/2021 08:44:37",
      "bikeType" : "City-/Trekking Bike",
      "child" : "Nein",
      "trailer" : "Nein",
      "pLoc" : "Jackentasche",
      "incident" : "Zu dichtes Überholen",
      "participant" : "PKW",
      "scary" : "Nein",
      "descr" : "",
      "region" : "Dresden"
    },
    "geometry" : {
      "type" : "Point",
      "coordinates" : [ 13.805095, 51.019745 ]
    }
  }, {
    "type" : "Feature",
    "properties" : {
      "date" : "23/04/2021 08:44:55",
      "bikeType" : "City-/Trekking Bike",
      "child" : "Nein",
      "trailer" : "Nein",
      "pLoc" : "Jackentasche",
      "incident" : "Zu dichtes Überholen",
      "participant" : "PKW",
      "scary" : "Nein",
      "descr" : "",
      "region" : "Dresden"
    },
    "geometry" : {
      "type" : "Point",
      "coordinates" : [ 13.806143, 51.018729 ]
    }
  }, {
    "type" : "Feature",
    "properties" : {
      "date" : "29/04/2021 08:11:12",
      "bikeType" : "-",
      "child" : "Nein",
      "trailer" : "Nein",
      "pLoc" : "Hosentasche",
      "incident" : "Zu dichtes Überholen",
      "participant" : "",
      "scary" : "Nein",
      "descr" : "Direkt beim einschwenken auf den Schutzstreifen überholte der nachfolgende PKW trotz Gegenverkehr zu dicht. ",
      "region" : "Dresden"
    },
    "geometry" : {
      "type" : "Point",
      "coordinates" : [ 13.790554796357608, 51.12568651105894 ]
    }
  }, {
    "type" : "Feature",
    "properties" : {
      "date" : "17/04/2021 09:58:00",
      "bikeType" : "-",
      "child" : "Nein",
      "trailer" : "Nein",
      "pLoc" : "Hosentasche",
      "incident" : "Sonstiges",
      "participant" : "Fußgänger",
      "scary" : "Nein",
      "descr" : "Fußgänger geht bei rot ohne zu schauen",
      "region" : "Dresden"
    },
    "geometry" : {
      "type" : "Point",
      "coordinates" : [ 13.747245, 51.05102718 ]
    }
  }, {
    "type" : "Feature",
    "properties" : {
      "date" : "29/04/2021 07:59:35",
      "bikeType" : "-",
      "child" : "Nein",
      "trailer" : "Nein",
      "pLoc" : "Hosentasche",
      "incident" : "Zu dichtes Überholen",
      "participant" : "",
      "scary" : "Nein",
      "descr" : "Kurvige Engstelle. Autofahrer fahren teilweise zur Hälfte auf Radfahrstreifen. ",
      "region" : "Dresden"
    },
    "geometry" : {
      "type" : "Point",
      "coordinates" : [ 13.71988747, 51.05464724 ]
    }
  }, {
    "type" : "Feature",
    "properties" : {
      "date" : "22/04/2021 07:47:10",
      "bikeType" : "Road Racing Bike",
      "child" : "Nein",
      "trailer" : "Nein",
      "pLoc" : "Jackentasche",
      "incident" : "Ein- oder ausparkendes Fahrzeug",
      "participant" : "Fußgänger, PKW",
      "scary" : "Ja",
      "descr" : "",
      "region" : "Dresden"
    },
    "geometry" : {
      "type" : "Point",
      "coordinates" : [ 13.759936, 51.046918 ]
    }
  }, {
    "type" : "Feature",
    "properties" : {
      "date" : "22/04/2021 22:03:08",
      "bikeType" : "City-/Trekking Bike",
      "child" : "Nein",
      "trailer" : "Nein",
      "pLoc" : "Jackentasche",
      "incident" : "Hindernis ausweichen (z.B. Hund)",
      "participant" : "",
      "scary" : "Nein",
      "descr" : "Dauerpfütze auf wassergebundenem Weg",
      "region" : "Dresden"
    },
    "geometry" : {
      "type" : "Point",
      "coordinates" : [ 13.774352, 51.038385 ]
    }
  }, {
    "type" : "Feature",
    "properties" : {
      "date" : "28/04/2021 18:39:34",
      "bikeType" : "-",
      "child" : "Nein",
      "trailer" : "Nein",
      "pLoc" : "Hosentasche",
      "incident" : "Entgegenkommender Verkehrsteilnehmer",
      "participant" : "Fahrrad",
      "scary" : "Nein",
      "descr" : "PKW überholt Radfahrer, obwohl ich entgegen komme. Kaum seitenabstand",
      "region" : "Dresden"
    },
    "geometry" : {
      "type" : "Point",
      "coordinates" : [ 13.7023928, 51.04557871 ]
    }
  }, {
    "type" : "Feature",
    "properties" : {
      "date" : "30/04/2021 08:35:50",
      "bikeType" : "-",
      "child" : "Nein",
      "trailer" : "Nein",
      "pLoc" : "Hosentasche",
      "incident" : "Sonstiges",
      "participant" : "",
      "scary" : "Nein",
      "descr" : "Pkw erzwingt Vorfahrt bei rvl\\n",
      "region" : "Dresden"
    },
    "geometry" : {
      "type" : "Point",
      "coordinates" : [ 11.0347752, 49.46995748 ]
    }
  }, {
    "type" : "Feature",
    "properties" : {
      "date" : "23/04/2021 15:59:30",
      "bikeType" : "Road Racing Bike",
      "child" : "Nein",
      "trailer" : "Nein",
      "pLoc" : "Rucksack/Tasche",
      "incident" : "Hindernis ausweichen (z.B. Hund)",
      "participant" : "Fußgänger",
      "scary" : "Nein",
      "descr" : "",
      "region" : "Dresden"
    },
    "geometry" : {
      "type" : "Point",
      "coordinates" : [ 11.093758, 49.510596 ]
    }
  }, {
    "type" : "Feature",
    "properties" : {
      "date" : "29/04/2021 17:43:00",
      "bikeType" : "City-/Trekking Bike",
      "child" : "Nein",
      "trailer" : "Nein",
      "pLoc" : "Jackentasche",
      "incident" : "Beinahe-Abbiegeunfall",
      "participant" : "PKW",
      "scary" : "Ja",
      "descr" : "",
      "region" : "Dresden"
    },
    "geometry" : {
      "type" : "Point",
      "coordinates" : [ 11.025074, 49.460712 ]
    }
  }, {
    "type" : "Feature",
    "properties" : {
      "date" : "29/04/2021 17:46:50",
      "bikeType" : "City-/Trekking Bike",
      "child" : "Nein",
      "trailer" : "Nein",
      "pLoc" : "Jackentasche",
      "incident" : "Sonstiges",
      "participant" : "PKW",
      "scary" : "Ja",
      "descr" : "PKW parkt auf Fahrradweg. nAusweichen nicht möglich da nebenan 2 spurige Autostraßen, kein Auto lässt einen rein ",
      "region" : "Dresden"
    },
    "geometry" : {
      "type" : "Point",
      "coordinates" : [ 11.039386, 49.456152 ]
    }
  }, {
    "type" : "Feature",
    "properties" : {
      "date" : "24/04/2021 10:26:50",
      "bikeType" : "-",
      "child" : "Nein",
      "trailer" : "Nein",
      "pLoc" : "Hosentasche",
      "incident" : "Sonstiges",
      "participant" : "Sonstiges",
      "scary" : "Nein",
      "descr" : "Kind beim Versuch, freihändig zu fahren, vom Tandem gefallen.\\n",
      "region" : "Dresden"
    },
    "geometry" : {
      "type" : "Point",
      "coordinates" : [ 11.08191903, 49.46535948 ]
    }
  }, {
    "type" : "Feature",
    "properties" : {
      "date" : "28/04/2021 18:21:16",
      "bikeType" : "Road Racing Bike",
      "child" : "Nein",
      "trailer" : "Nein",
      "pLoc" : "Hosentasche",
      "incident" : "Sonstiges",
      "participant" : "Bus, Fußgänger, PKW",
      "scary" : "Nein",
      "descr" : "Straßenkreuzung ",
      "region" : "Dresden"
    },
    "geometry" : {
      "type" : "Point",
      "coordinates" : [ 13.861305, 51.008925 ]
    }
  }, {
    "type" : "Feature",
    "properties" : {
      "date" : "28/04/2021 18:24:15",
      "bikeType" : "Road Racing Bike",
      "child" : "Nein",
      "trailer" : "Nein",
      "pLoc" : "Hosentasche",
      "incident" : "Beinahe-Abbiegeunfall",
      "participant" : "PKW",
      "scary" : "Ja",
      "descr" : "Einfahrt Supermarkt Auto hat mich übersehen beim einfahren",
      "region" : "Dresden"
    },
    "geometry" : {
      "type" : "Point",
      "coordinates" : [ 13.845144, 51.01754 ]
    }
  }, {
    "type" : "Feature",
    "properties" : {
      "date" : "28/04/2021 18:25:07",
      "bikeType" : "Road Racing Bike",
      "child" : "Nein",
      "trailer" : "Nein",
      "pLoc" : "Hosentasche",
      "incident" : "Entgegenkommender Verkehrsteilnehmer",
      "participant" : "Fahrrad, Fußgänger",
      "scary" : "Nein",
      "descr" : "",
      "region" : "Dresden"
    },
    "geometry" : {
      "type" : "Point",
      "coordinates" : [ 13.841805, 51.019677 ]
    }
  }, {
    "type" : "Feature",
    "properties" : {
      "date" : "28/04/2021 18:25:29",
      "bikeType" : "Road Racing Bike",
      "child" : "Nein",
      "trailer" : "Nein",
      "pLoc" : "Hosentasche",
      "incident" : "Entgegenkommender Verkehrsteilnehmer",
      "participant" : "Fahrrad, Fußgänger, Sonstiges",
      "scary" : "Nein",
      "descr" : "Skater ",
      "region" : "Dresden"
    },
    "geometry" : {
      "type" : "Point",
      "coordinates" : [ 13.843177, 51.020221 ]
    }
  }, {
    "type" : "Feature",
    "properties" : {
      "date" : "28/04/2021 18:27:14",
      "bikeType" : "Road Racing Bike",
      "child" : "Nein",
      "trailer" : "Nein",
      "pLoc" : "Hosentasche",
      "incident" : "Sonstiges",
      "participant" : "Fahrrad, Fußgänger, Lieferwagen, Motorrad, PKW, E-Scooter",
      "scary" : "Nein",
      "descr" : "Hohes Verkehrsaufkommen .. sehr unübersichtlich ",
      "region" : "Dresden"
    },
    "geometry" : {
      "type" : "Point",
      "coordinates" : [ 13.839264, 51.0267 ]
    }
  }, {
    "type" : "Feature",
    "properties" : {
      "date" : "28/04/2021 18:34:34",
      "bikeType" : "Road Racing Bike",
      "child" : "Nein",
      "trailer" : "Nein",
      "pLoc" : "Hosentasche",
      "incident" : "Sonstiges",
      "participant" : "Fahrrad, Fußgänger, Motorrad, PKW, E-Scooter",
      "scary" : "Nein",
      "descr" : "Hohes Verkehrsaufkommen .. sehr unübersichtlich ",
      "region" : "Dresden"
    },
    "geometry" : {
      "type" : "Point",
      "coordinates" : [ 13.808628, 51.052853 ]
    }
  }, {
    "type" : "Feature",
    "properties" : {
      "date" : "28/04/2021 19:00:12",
      "bikeType" : "Road Racing Bike",
      "child" : "Nein",
      "trailer" : "Nein",
      "pLoc" : "Hosentasche",
      "incident" : "Zu dichtes Überholen",
      "participant" : "Lieferwagen, LKW, PKW",
      "scary" : "Nein",
      "descr" : "",
      "region" : "Dresden"
    },
    "geometry" : {
      "type" : "Point",
      "coordinates" : [ 13.75158, 51.063058 ]
    }
  }, {
    "type" : "Feature",
    "properties" : {
      "date" : "28/04/2021 19:02:44",
      "bikeType" : "Road Racing Bike",
      "child" : "Nein",
      "trailer" : "Nein",
      "pLoc" : "Hosentasche",
      "incident" : "Entgegenkommender Verkehrsteilnehmer",
      "participant" : "Fahrrad, Fußgänger",
      "scary" : "Nein",
      "descr" : "",
      "region" : "Dresden"
    },
    "geometry" : {
      "type" : "Point",
      "coordinates" : [ 13.758067, 51.068084 ]
    }
  }, {
    "type" : "Feature",
    "properties" : {
      "date" : "25/04/2021 11:31:04",
      "bikeType" : "-",
      "child" : "Nein",
      "trailer" : "Nein",
      "pLoc" : "Hosentasche",
      "incident" : "Hindernis ausweichen (z.B. Hund)",
      "participant" : "Fußgänger",
      "scary" : "Nein",
      "descr" : "",
      "region" : "Dresden"
    },
    "geometry" : {
      "type" : "Point",
      "coordinates" : [ 11.10984657, 49.48867637 ]
    }
  }, {
    "type" : "Feature",
    "properties" : {
      "date" : "25/04/2021 11:42:18",
      "bikeType" : "-",
      "child" : "Nein",
      "trailer" : "Nein",
      "pLoc" : "Hosentasche",
      "incident" : "Zu dichtes Überholen",
      "participant" : "",
      "scary" : "Ja",
      "descr" : "",
      "region" : "Dresden"
    },
    "geometry" : {
      "type" : "Point",
      "coordinates" : [ 11.11843783, 49.52827687 ]
    }
  }, {
    "type" : "Feature",
    "properties" : {
      "date" : "29/04/2021 17:29:06",
      "bikeType" : "-",
      "child" : "Nein",
      "trailer" : "Nein",
      "pLoc" : "Hosentasche",
      "incident" : "Entgegenkommender Verkehrsteilnehmer",
      "participant" : "",
      "scary" : "Nein",
      "descr" : "Vorrang bei Hindernis auf Gegenseite wurde nicht gewährt. ",
      "region" : "Dresden"
    },
    "geometry" : {
      "type" : "Point",
      "coordinates" : [ 13.77744962351588, 51.1217093823056 ]
    }
  }, {
    "type" : "Feature",
    "properties" : {
      "date" : "29/04/2021 17:52:40",
      "bikeType" : "-",
      "child" : "Nein",
      "trailer" : "Nein",
      "pLoc" : "Hosentasche",
      "incident" : "Zu dichtes Überholen",
      "participant" : "",
      "scary" : "Nein",
      "descr" : "",
      "region" : "Dresden"
    },
    "geometry" : {
      "type" : "Point",
      "coordinates" : [ 13.726256623610618, 51.0820246729787 ]
    }
  }, {
    "type" : "Feature",
    "properties" : {
      "date" : "29/04/2021 17:48:25",
      "bikeType" : "-",
      "child" : "Nein",
      "trailer" : "Nein",
      "pLoc" : "Hosentasche",
      "incident" : "Zu dichtes Überholen",
      "participant" : "",
      "scary" : "Nein",
      "descr" : "",
      "region" : "Dresden"
    },
    "geometry" : {
      "type" : "Point",
      "coordinates" : [ 13.737617526462845, 51.09137305858582 ]
    }
  }, {
    "type" : "Feature",
    "properties" : {
      "date" : "17/04/2021 12:34:03",
      "bikeType" : "-",
      "child" : "Nein",
      "trailer" : "Nein",
      "pLoc" : "Hosentasche",
      "incident" : "Hindernis ausweichen (z.B. Hund)",
      "participant" : "",
      "scary" : "Nein",
      "descr" : "Polizei blockiert gemeinsamen Geh- und Radweg",
      "region" : "Dresden"
    },
    "geometry" : {
      "type" : "Point",
      "coordinates" : [ 13.72016703, 51.04930075 ]
    }
  }, {
    "type" : "Feature",
    "properties" : {
      "date" : "20/04/2021 18:19:43",
      "bikeType" : "City-/Trekking Bike",
      "child" : "Nein",
      "trailer" : "Nein",
      "pLoc" : "Jackentasche",
      "incident" : "Sonstiges",
      "participant" : "Sonstiges",
      "scary" : "Nein",
      "descr" : "Schlechte Infrastruktur: Plötzliches Ende des eigenständigen Radwegs ohne saubere Überleitung auf die Fahrbahn oder wenigstens einen freigegebenen Gehweg",
      "region" : "Dresden"
    },
    "geometry" : {
      "type" : "Point",
      "coordinates" : [ 13.783603, 51.034497 ]
    }
  }, {
    "type" : "Feature",
    "properties" : {
      "date" : "28/04/2021 07:50:51",
      "bikeType" : "City-/Trekking Bike",
      "child" : "Nein",
      "trailer" : "Nein",
      "pLoc" : "Jackentasche",
      "incident" : "Entgegenkommender Verkehrsteilnehmer",
      "participant" : "PKW",
      "scary" : "Ja",
      "descr" : "",
      "region" : "Dresden"
    },
    "geometry" : {
      "type" : "Point",
      "coordinates" : [ 13.802892, 51.033311 ]
    }
  }, {
    "type" : "Feature",
    "properties" : {
      "date" : "22/04/2021 07:09:59",
      "bikeType" : "-",
      "child" : "Nein",
      "trailer" : "Nein",
      "pLoc" : "Hosentasche",
      "incident" : "Sonstiges",
      "participant" : "",
      "scary" : "Nein",
      "descr" : "Mit 5 Pkw zugeparkte Kreuzung - extrem unübersichtlich ",
      "region" : "Dresden"
    },
    "geometry" : {
      "type" : "Point",
      "coordinates" : [ 11.10021296, 49.43996595 ]
    }
  }, {
    "type" : "Feature",
    "properties" : {
      "date" : "26/04/2021 18:42:44",
      "bikeType" : "City-/Trekking Bike",
      "child" : "Nein",
      "trailer" : "Nein",
      "pLoc" : "Jackentasche",
      "incident" : "Zu dichtes Überholen",
      "participant" : "LKW",
      "scary" : "Nein",
      "descr" : "",
      "region" : "Dresden"
    },
    "geometry" : {
      "type" : "Point",
      "coordinates" : [ 13.692508, 51.061356 ]
    }
  }, {
    "type" : "Feature",
    "properties" : {
      "date" : "28/04/2021 21:07:05",
      "bikeType" : "City-/Trekking Bike",
      "child" : "Nein",
      "trailer" : "Nein",
      "pLoc" : "Jackentasche",
      "incident" : "Sonstiges",
      "participant" : "Sonstiges",
      "scary" : "Nein",
      "descr" : "Vorfahrt genommen von Kleinbus",
      "region" : "Dresden"
    },
    "geometry" : {
      "type" : "Point",
      "coordinates" : [ 13.786349, 51.028474 ]
    }
  }, {
    "type" : "Feature",
    "properties" : {
      "date" : "23/04/2021 09:29:54",
      "bikeType" : "City-/Trekking Bike",
      "child" : "Nein",
      "trailer" : "Nein",
      "pLoc" : "Jackentasche",
      "incident" : "Zu dichtes Überholen",
      "participant" : "PKW",
      "scary" : "Nein",
      "descr" : "",
      "region" : "Dresden"
    },
    "geometry" : {
      "type" : "Point",
      "coordinates" : [ 13.806388, 51.018672 ]
    }
  }, {
    "type" : "Feature",
    "properties" : {
      "date" : "05/05/2021 17:40:40",
      "bikeType" : "Road Racing Bike",
      "child" : "Nein",
      "trailer" : "Nein",
      "pLoc" : "Hosentasche",
      "incident" : "Zu dichtes Überholen",
      "participant" : "PKW",
      "scary" : "Ja",
      "descr" : "",
      "region" : "Dresden"
    },
    "geometry" : {
      "type" : "Point",
      "coordinates" : [ 13.867844, 50.981419 ]
    }
  }, {
    "type" : "Feature",
    "properties" : {
      "date" : "05/05/2021 18:07:06",
      "bikeType" : "Road Racing Bike",
      "child" : "Nein",
      "trailer" : "Nein",
      "pLoc" : "Hosentasche",
      "incident" : "Zu dichtes Überholen",
      "participant" : "LKW",
      "scary" : "Nein",
      "descr" : "",
      "region" : "Dresden"
    },
    "geometry" : {
      "type" : "Point",
      "coordinates" : [ 13.79715, 51.042628 ]
    }
  }, {
    "type" : "Feature",
    "properties" : {
      "date" : "05/05/2021 18:10:01",
      "bikeType" : "Road Racing Bike",
      "child" : "Nein",
      "trailer" : "Nein",
      "pLoc" : "Hosentasche",
      "incident" : "Beinahe-Abbiegeunfall",
      "participant" : "PKW",
      "scary" : "Ja",
      "descr" : "",
      "region" : "Dresden"
    },
    "geometry" : {
      "type" : "Point",
      "coordinates" : [ 13.78224, 51.043855 ]
    }
  }, {
    "type" : "Feature",
    "properties" : {
      "date" : "05/05/2021 18:10:09",
      "bikeType" : "Road Racing Bike",
      "child" : "Nein",
      "trailer" : "Nein",
      "pLoc" : "Hosentasche",
      "incident" : "Beinahe-Abbiegeunfall",
      "participant" : "PKW",
      "scary" : "Nein",
      "descr" : "",
      "region" : "Dresden"
    },
    "geometry" : {
      "type" : "Point",
      "coordinates" : [ 13.782204, 51.043835 ]
    }
  }, {
    "type" : "Feature",
    "properties" : {
      "date" : "05/05/2021 18:20:30",
      "bikeType" : "Road Racing Bike",
      "child" : "Nein",
      "trailer" : "Nein",
      "pLoc" : "Hosentasche",
      "incident" : "Zu dichtes Überholen",
      "participant" : "LKW",
      "scary" : "Nein",
      "descr" : "",
      "region" : "Dresden"
    },
    "geometry" : {
      "type" : "Point",
      "coordinates" : [ 13.752133, 51.062064 ]
    }
  }, {
    "type" : "Feature",
    "properties" : {
      "date" : "31/05/2021 10:59:32",
      "bikeType" : "City-/Trekking Bike",
      "child" : "Nein",
      "trailer" : "Nein",
      "pLoc" : "Hosentasche",
      "incident" : "Zu dichtes Überholen",
      "participant" : "PKW",
      "scary" : "Nein",
      "descr" : "",
      "region" : "Dresden"
    },
    "geometry" : {
      "type" : "Point",
      "coordinates" : [ 13.777984, 51.049794 ]
    }
  }, {
    "type" : "Feature",
    "properties" : {
      "date" : "05/05/2021 08:22:33",
      "bikeType" : "Road Racing Bike",
      "child" : "Nein",
      "trailer" : "Nein",
      "pLoc" : "Hosentasche",
      "incident" : "Entgegenkommender Verkehrsteilnehmer",
      "participant" : "Lieferwagen",
      "scary" : "Nein",
      "descr" : "",
      "region" : "Dresden"
    },
    "geometry" : {
      "type" : "Point",
      "coordinates" : [ 13.75375, 51.066481 ]
    }
  }, {
    "type" : "Feature",
    "properties" : {
      "date" : "05/05/2021 08:28:03",
      "bikeType" : "Road Racing Bike",
      "child" : "Nein",
      "trailer" : "Nein",
      "pLoc" : "Hosentasche",
      "incident" : "Entgegenkommender Verkehrsteilnehmer",
      "participant" : "Fahrrad, Fußgänger",
      "scary" : "Nein",
      "descr" : "",
      "region" : "Dresden"
    },
    "geometry" : {
      "type" : "Point",
      "coordinates" : [ 13.758599, 51.056977 ]
    }
  }, {
    "type" : "Feature",
    "properties" : {
      "date" : "05/05/2021 08:37:26",
      "bikeType" : "Road Racing Bike",
      "child" : "Nein",
      "trailer" : "Nein",
      "pLoc" : "Hosentasche",
      "incident" : "Ein- oder ausparkendes Fahrzeug",
      "participant" : "Fahrrad, Fußgänger, PKW",
      "scary" : "Nein",
      "descr" : "Hohes Verkehrsaufkommen durch parkende Autos und dadurch Engstelle für Fahrrad und Fußgänger  ",
      "region" : "Dresden"
    },
    "geometry" : {
      "type" : "Point",
      "coordinates" : [ 13.809732, 51.051941 ]
    }
  }, {
    "type" : "Feature",
    "properties" : {
      "date" : "05/05/2021 08:46:38",
      "bikeType" : "Road Racing Bike",
      "child" : "Nein",
      "trailer" : "Nein",
      "pLoc" : "Hosentasche",
      "incident" : "Entgegenkommender Verkehrsteilnehmer",
      "participant" : "Fahrrad, Fußgänger, PKW",
      "scary" : "Nein",
      "descr" : "Hohes Verkehrsaufkommen durch parkende Autos und dadurch Engstelle für Fahrrad und Fußgänger  ",
      "region" : "Dresden"
    },
    "geometry" : {
      "type" : "Point",
      "coordinates" : [ 13.840477, 51.024059 ]
    }
  }, {
    "type" : "Feature",
    "properties" : {
      "date" : "05/05/2021 08:49:26",
      "bikeType" : "Road Racing Bike",
      "child" : "Nein",
      "trailer" : "Nein",
      "pLoc" : "Hosentasche",
      "incident" : "Entgegenkommender Verkehrsteilnehmer",
      "participant" : "Fahrrad, Fußgänger",
      "scary" : "Nein",
      "descr" : "",
      "region" : "Dresden"
    },
    "geometry" : {
      "type" : "Point",
      "coordinates" : [ 13.845736, 51.017511 ]
    }
  }, {
    "type" : "Feature",
    "properties" : {
      "date" : "04/05/2021 08:34:22",
      "bikeType" : "Road Racing Bike",
      "child" : "Nein",
      "trailer" : "Nein",
      "pLoc" : "Hosentasche",
      "incident" : "Ein- oder ausparkendes Fahrzeug",
      "participant" : "Fahrrad, Fußgänger, PKW",
      "scary" : "Nein",
      "descr" : "Hohes Verkehrsaufkommen durch parkende Autos und dadurch Engstelle für Fahrrad und Fußgänger  ",
      "region" : "Dresden"
    },
    "geometry" : {
      "type" : "Point",
      "coordinates" : [ 13.809386, 51.052317 ]
    }
  }, {
    "type" : "Feature",
    "properties" : {
      "date" : "04/05/2021 08:45:00",
      "bikeType" : "Road Racing Bike",
      "child" : "Nein",
      "trailer" : "Nein",
      "pLoc" : "Hosentasche",
      "incident" : "Ein- oder ausparkendes Fahrzeug",
      "participant" : "Fahrrad, Fußgänger, PKW",
      "scary" : "Nein",
      "descr" : "Hohes Verkehrsaufkommen durch parkende Autos und dadurch Engstelle für Fahrrad und Fußgänger  ",
      "region" : "Dresden"
    },
    "geometry" : {
      "type" : "Point",
      "coordinates" : [ 13.840852, 51.023579 ]
    }
  }, {
    "type" : "Feature",
    "properties" : {
      "date" : "04/05/2021 08:51:34",
      "bikeType" : "Road Racing Bike",
      "child" : "Nein",
      "trailer" : "Nein",
      "pLoc" : "Hosentasche",
      "incident" : "Zu dichtes Auffahren",
      "participant" : "Lieferwagen, PKW",
      "scary" : "Nein",
      "descr" : "Hohes Verkehrsaufkommen durch kreuzende Autos, Bus und parkende Autos ",
      "region" : "Dresden"
    },
    "geometry" : {
      "type" : "Point",
      "coordinates" : [ 13.861487, 51.008921 ]
    }
  }, {
    "type" : "Feature",
    "properties" : {
      "date" : "04/05/2021 09:00:47",
      "bikeType" : "Road Racing Bike",
      "child" : "Nein",
      "trailer" : "Nein",
      "pLoc" : "Hosentasche",
      "incident" : "Hindernis ausweichen (z.B. Hund)",
      "participant" : "Fahrrad, Fußgänger",
      "scary" : "Nein",
      "descr" : "",
      "region" : "Dresden"
    },
    "geometry" : {
      "type" : "Point",
      "coordinates" : [ 13.883262, 50.982102 ]
    }
  }, {
    "type" : "Feature",
    "properties" : {
      "date" : "04/05/2021 08:34:22",
      "bikeType" : "Road Racing Bike",
      "child" : "Nein",
      "trailer" : "Nein",
      "pLoc" : "Hosentasche",
      "incident" : "Ein- oder ausparkendes Fahrzeug",
      "participant" : "Fahrrad, Fußgänger, PKW",
      "scary" : "Nein",
      "descr" : "Hohes Verkehrsaufkommen durch parkende Autos und dadurch Engstelle für Fahrrad und Fußgänger  ",
      "region" : "Dresden"
    },
    "geometry" : {
      "type" : "Point",
      "coordinates" : [ 13.809386, 51.052317 ]
    }
  }, {
    "type" : "Feature",
    "properties" : {
      "date" : "04/05/2021 08:45:00",
      "bikeType" : "Road Racing Bike",
      "child" : "Nein",
      "trailer" : "Nein",
      "pLoc" : "Hosentasche",
      "incident" : "Ein- oder ausparkendes Fahrzeug",
      "participant" : "Fahrrad, Fußgänger, PKW",
      "scary" : "Nein",
      "descr" : "Hohes Verkehrsaufkommen durch parkende Autos und dadurch Engstelle für Fahrrad und Fußgänger  ",
      "region" : "Dresden"
    },
    "geometry" : {
      "type" : "Point",
      "coordinates" : [ 13.840852, 51.023579 ]
    }
  }, {
    "type" : "Feature",
    "properties" : {
      "date" : "04/05/2021 08:51:34",
      "bikeType" : "Road Racing Bike",
      "child" : "Nein",
      "trailer" : "Nein",
      "pLoc" : "Hosentasche",
      "incident" : "Zu dichtes Auffahren",
      "participant" : "Lieferwagen, PKW",
      "scary" : "Nein",
      "descr" : "Hohes Verkehrsaufkommen durch kreuzende Autos, Bus und parkende Autos ",
      "region" : "Dresden"
    },
    "geometry" : {
      "type" : "Point",
      "coordinates" : [ 13.861487, 51.008921 ]
    }
  }, {
    "type" : "Feature",
    "properties" : {
      "date" : "04/05/2021 09:00:47",
      "bikeType" : "Road Racing Bike",
      "child" : "Nein",
      "trailer" : "Nein",
      "pLoc" : "Hosentasche",
      "incident" : "Hindernis ausweichen (z.B. Hund)",
      "participant" : "Fahrrad, Fußgänger",
      "scary" : "Nein",
      "descr" : "",
      "region" : "Dresden"
    },
    "geometry" : {
      "type" : "Point",
      "coordinates" : [ 13.883262, 50.982102 ]
    }
  }, {
    "type" : "Feature",
    "properties" : {
      "date" : "06/05/2021 18:28:59",
      "bikeType" : "City-/Trekking Bike",
      "child" : "Nein",
      "trailer" : "Nein",
      "pLoc" : "Jackentasche",
      "incident" : "Hindernis ausweichen (z.B. Hund)",
      "participant" : "PKW",
      "scary" : "Nein",
      "descr" : "Auto kommt aus Ausfahrt",
      "region" : "Dresden"
    },
    "geometry" : {
      "type" : "Point",
      "coordinates" : [ 11.020449, 49.453294 ]
    }
  }, {
    "type" : "Feature",
    "properties" : {
      "date" : "31/05/2021 12:37:16",
      "bikeType" : "City-/Trekking Bike",
      "child" : "Nein",
      "trailer" : "Nein",
      "pLoc" : "Hosentasche",
      "incident" : "Zu dichtes Überholen",
      "participant" : "PKW",
      "scary" : "Nein",
      "descr" : "",
      "region" : "Dresden"
    },
    "geometry" : {
      "type" : "Point",
      "coordinates" : [ 13.769768, 51.047557 ]
    }
  }, {
    "type" : "Feature",
    "properties" : {
      "date" : "18/05/2021 07:54:23",
      "bikeType" : "City-/Trekking Bike",
      "child" : "Nein",
      "trailer" : "Nein",
      "pLoc" : "Jackentasche",
      "incident" : "Sonstiges",
      "participant" : "",
      "scary" : "Nein",
      "descr" : "Gegenüber ist der Fahrradweg. Es dauert ewig die Kreuzung zu kreuzen...",
      "region" : "Dresden"
    },
    "geometry" : {
      "type" : "Point",
      "coordinates" : [ 11.052311, 49.451912 ]
    }
  }, {
    "type" : "Feature",
    "properties" : {
      "date" : "18/05/2021 08:05:01",
      "bikeType" : "City-/Trekking Bike",
      "child" : "Nein",
      "trailer" : "Nein",
      "pLoc" : "Jackentasche",
      "incident" : "Beinahe-Abbiegeunfall",
      "participant" : "PKW",
      "scary" : "Ja",
      "descr" : "",
      "region" : "Dresden"
    },
    "geometry" : {
      "type" : "Point",
      "coordinates" : [ 11.023145, 49.461385 ]
    }
  }, {
    "type" : "Feature",
    "properties" : {
      "date" : "23/05/2021 17:00:46",
      "bikeType" : "City-/Trekking Bike",
      "child" : "Nein",
      "trailer" : "Nein",
      "pLoc" : "Hosentasche",
      "incident" : "Zu dichtes Überholen",
      "participant" : "Taxi",
      "scary" : "Nein",
      "descr" : "",
      "region" : "Dresden"
    },
    "geometry" : {
      "type" : "Point",
      "coordinates" : [ 13.790153, 51.020413 ]
    }
  }, {
    "type" : "Feature",
    "properties" : {
      "date" : "23/05/2021 17:00:46",
      "bikeType" : "City-/Trekking Bike",
      "child" : "Nein",
      "trailer" : "Nein",
      "pLoc" : "Hosentasche",
      "incident" : "Zu dichtes Überholen",
      "participant" : "Taxi",
      "scary" : "Nein",
      "descr" : "",
      "region" : "Dresden"
    },
    "geometry" : {
      "type" : "Point",
      "coordinates" : [ 13.790153, 51.020413 ]
    }
  }, {
    "type" : "Feature",
    "properties" : {
      "date" : "24/05/2021 16:11:59",
      "bikeType" : "-",
      "child" : "Nein",
      "trailer" : "Nein",
      "pLoc" : "Hosentasche",
      "incident" : "Sonstiges",
      "participant" : "",
      "scary" : "Ja",
      "descr" : "Angehupt worden. Bei Diskussion an der roten Ampel sagt der Fahrer ich müsse auf dem freigegebenen Gehweg fahren. ",
      "region" : "Dresden"
    },
    "geometry" : {
      "type" : "Point",
      "coordinates" : [ 13.72580647, 51.05844997 ]
    }
  }, {
    "type" : "Feature",
    "properties" : {
      "date" : "24/05/2021 16:06:24",
      "bikeType" : "-",
      "child" : "Nein",
      "trailer" : "Nein",
      "pLoc" : "Hosentasche",
      "incident" : "Zu dichtes Überholen",
      "participant" : "",
      "scary" : "Ja",
      "descr" : "Extrem dicht überholt worden. Wahrscheinlich als Erziehungsmaßnahme, soll auf dem überfüllten freigegebenen Gehweg fahren",
      "region" : "Dresden"
    },
    "geometry" : {
      "type" : "Point",
      "coordinates" : [ 13.74346041, 51.05351216 ]
    }
  }, {
    "type" : "Feature",
    "properties" : {
      "date" : "24/05/2021 16:06:36",
      "bikeType" : "-",
      "child" : "Nein",
      "trailer" : "Nein",
      "pLoc" : "Hosentasche",
      "incident" : "Sonstiges",
      "participant" : "",
      "scary" : "Ja",
      "descr" : "Angehupt und beim Vorbeifahren bepöbelt worden. Wahrscheinlich als Erziehungsmaßnahme, soll auf dem überfüllten freigegebenen Gehweg fahren",
      "region" : "Dresden"
    },
    "geometry" : {
      "type" : "Point",
      "coordinates" : [ 13.74236155, 51.05354539 ]
    }
  }, {
    "type" : "Feature",
    "properties" : {
      "date" : "11/05/2021 08:10:17",
      "bikeType" : "City-/Trekking Bike",
      "child" : "Nein",
      "trailer" : "Nein",
      "pLoc" : "Hosentasche",
      "incident" : "Hindernis ausweichen (z.B. Hund)",
      "participant" : "Lieferwagen",
      "scary" : "Nein",
      "descr" : "Geparkter Lieferwagen blockiert Fahrradweg, weil zu lang für Parklücke",
      "region" : "Dresden"
    },
    "geometry" : {
      "type" : "Point",
      "coordinates" : [ 11.024349, 49.461385 ]
    }
  }, {
    "type" : "Feature",
    "properties" : {
      "date" : "11/05/2021 08:17:14",
      "bikeType" : "City-/Trekking Bike",
      "child" : "Nein",
      "trailer" : "Nein",
      "pLoc" : "Hosentasche",
      "incident" : "Hindernis ausweichen (z.B. Hund)",
      "participant" : "LKW",
      "scary" : "Nein",
      "descr" : "Baustelle",
      "region" : "Dresden"
    },
    "geometry" : {
      "type" : "Point",
      "coordinates" : [ 11.008881, 49.454535 ]
    }
  }, {
    "type" : "Feature",
    "properties" : {
      "date" : "22/05/2021 23:51:58",
      "bikeType" : "City-/Trekking Bike",
      "child" : "Nein",
      "trailer" : "Nein",
      "pLoc" : "Jackentasche",
      "incident" : "Zu dichtes Auffahren",
      "participant" : "PKW",
      "scary" : "Nein",
      "descr" : "",
      "region" : "Dresden"
    },
    "geometry" : {
      "type" : "Point",
      "coordinates" : [ 13.722308, 51.054152 ]
    }
  }, {
    "type" : "Feature",
    "properties" : {
      "date" : "23/05/2021 00:09:05",
      "bikeType" : "City-/Trekking Bike",
      "child" : "Nein",
      "trailer" : "Nein",
      "pLoc" : "Jackentasche",
      "incident" : "Sonstiges",
      "participant" : "Taxi",
      "scary" : "Nein",
      "descr" : "",
      "region" : "Dresden"
    },
    "geometry" : {
      "type" : "Point",
      "coordinates" : [ 13.788051, 51.030546 ]
    }
  }, {
    "type" : "Feature",
    "properties" : {
      "date" : "25/05/2021 10:00:03",
      "bikeType" : "-",
      "child" : "Nein",
      "trailer" : "Nein",
      "pLoc" : "Hosentasche",
      "incident" : "Zu dichtes Auffahren",
      "participant" : "",
      "scary" : "Ja",
      "descr" : "",
      "region" : "Dresden"
    },
    "geometry" : {
      "type" : "Point",
      "coordinates" : [ 13.777805, 51.05668666666667 ]
    }
  }, {
    "type" : "Feature",
    "properties" : {
      "date" : "25/05/2021 09:59:54",
      "bikeType" : "-",
      "child" : "Nein",
      "trailer" : "Nein",
      "pLoc" : "Hosentasche",
      "incident" : "Zu dichtes Überholen",
      "participant" : "",
      "scary" : "Nein",
      "descr" : "",
      "region" : "Dresden"
    },
    "geometry" : {
      "type" : "Point",
      "coordinates" : [ 13.777885, 51.05594333333333 ]
    }
  }, {
    "type" : "Feature",
    "properties" : {
      "date" : "25/05/2021 10:00:00",
      "bikeType" : "-",
      "child" : "Nein",
      "trailer" : "Nein",
      "pLoc" : "Hosentasche",
      "incident" : "Zu dichtes Überholen",
      "participant" : "",
      "scary" : "Nein",
      "descr" : "",
      "region" : "Dresden"
    },
    "geometry" : {
      "type" : "Point",
      "coordinates" : [ 13.777808333333333, 51.05644333333333 ]
    }
  }, {
    "type" : "Feature",
    "properties" : {
      "date" : "17/05/2021 08:18:26",
      "bikeType" : "City-/Trekking Bike",
      "child" : "Nein",
      "trailer" : "Nein",
      "pLoc" : "Jackentasche",
      "incident" : "Zu dichtes Überholen",
      "participant" : "PKW",
      "scary" : "Nein",
      "descr" : "",
      "region" : "Dresden"
    },
    "geometry" : {
      "type" : "Point",
      "coordinates" : [ 13.780274, 51.042246 ]
    }
  }, {
    "type" : "Feature",
    "properties" : {
      "date" : "27/05/2021 10:57:13",
      "bikeType" : "-",
      "child" : "Nein",
      "trailer" : "Nein",
      "pLoc" : "Hosentasche",
      "incident" : "Hindernis ausweichen (z.B. Hund)",
      "participant" : "",
      "scary" : "Nein",
      "descr" : "Zwei Falschparker auf gemeinsamem Geh- und Radweg",
      "region" : "Dresden"
    },
    "geometry" : {
      "type" : "Point",
      "coordinates" : [ 13.70260136, 51.0436621 ]
    }
  }, {
    "type" : "Feature",
    "properties" : {
      "date" : "19/05/2021 07:59:08",
      "bikeType" : "City-/Trekking Bike",
      "child" : "Nein",
      "trailer" : "Nein",
      "pLoc" : "Jackentasche",
      "incident" : "Sonstiges",
      "participant" : "",
      "scary" : "Nein",
      "descr" : "Ampel Schaltung für Fahrradfahrer sehr schlecht.... ",
      "region" : "Dresden"
    },
    "geometry" : {
      "type" : "Point",
      "coordinates" : [ 11.046834, 49.454 ]
    }
  }, {
    "type" : "Feature",
    "properties" : {
      "date" : "19/05/2021 08:05:13",
      "bikeType" : "City-/Trekking Bike",
      "child" : "Nein",
      "trailer" : "Nein",
      "pLoc" : "Jackentasche",
      "incident" : "Sonstiges",
      "participant" : "Bus",
      "scary" : "Nein",
      "descr" : "Ersatz Bushaltestelle auf Fahrradweg. Ausweichen auf Gehweg, sehr eng wegen Ubahn Ausstieg , sehr viele Leute ",
      "region" : "Dresden"
    },
    "geometry" : {
      "type" : "Point",
      "coordinates" : [ 11.031846, 49.459097 ]
    }
  }, {
    "type" : "Feature",
    "properties" : {
      "date" : "19/05/2021 08:08:17",
      "bikeType" : "City-/Trekking Bike",
      "child" : "Nein",
      "trailer" : "Nein",
      "pLoc" : "Jackentasche",
      "incident" : "Sonstiges",
      "participant" : "",
      "scary" : "Nein",
      "descr" : "Baustelle, schlecht einsehbar für Autos. ",
      "region" : "Dresden"
    },
    "geometry" : {
      "type" : "Point",
      "coordinates" : [ 11.023282, 49.461539 ]
    }
  }, {
    "type" : "Feature",
    "properties" : {
      "date" : "08/05/2021 17:15:44",
      "bikeType" : "-",
      "child" : "Nein",
      "trailer" : "Nein",
      "pLoc" : "Hosentasche",
      "incident" : "Zu dichtes Überholen",
      "participant" : "",
      "scary" : "Ja",
      "descr" : "An Engstelle außerorts mit sehr wenig Abstand und hoher Geschwindigkeit überholt worden. ",
      "region" : "Dresden"
    },
    "geometry" : {
      "type" : "Point",
      "coordinates" : [ 13.72588637, 50.97544456 ]
    }
  }, {
    "type" : "Feature",
    "properties" : {
      "date" : "03/05/2021 18:54:10",
      "bikeType" : "City-/Trekking Bike",
      "child" : "Nein",
      "trailer" : "Nein",
      "pLoc" : "Jackentasche",
      "incident" : "Beinahe-Dooring",
      "participant" : "PKW",
      "scary" : "Ja",
      "descr" : "",
      "region" : "Dresden"
    },
    "geometry" : {
      "type" : "Point",
      "coordinates" : [ 11.019422, 49.453481 ]
    }
  }, {
    "type" : "Feature",
    "properties" : {
      "date" : "03/05/2021 18:54:14",
      "bikeType" : "City-/Trekking Bike",
      "child" : "Nein",
      "trailer" : "Nein",
      "pLoc" : "Jackentasche",
      "incident" : "Ein- oder ausparkendes Fahrzeug",
      "participant" : "PKW",
      "scary" : "Ja",
      "descr" : "",
      "region" : "Dresden"
    },
    "geometry" : {
      "type" : "Point",
      "coordinates" : [ 11.019816, 49.45347 ]
    }
  }, {
    "type" : "Feature",
    "properties" : {
      "date" : "03/05/2021 18:54:30",
      "bikeType" : "City-/Trekking Bike",
      "child" : "Nein",
      "trailer" : "Nein",
      "pLoc" : "Jackentasche",
      "incident" : "Sonstiges",
      "participant" : "",
      "scary" : "Ja",
      "descr" : "Fahrradweg geht von Bürgersteig auf Fahrbahn und kreuzt Rechtsabbieger. ",
      "region" : "Dresden"
    },
    "geometry" : {
      "type" : "Point",
      "coordinates" : [ 11.021227, 49.453234 ]
    }
  }, {
    "type" : "Feature",
    "properties" : {
      "date" : "03/05/2021 18:57:21",
      "bikeType" : "City-/Trekking Bike",
      "child" : "Nein",
      "trailer" : "Nein",
      "pLoc" : "Jackentasche",
      "incident" : "Hindernis ausweichen (z.B. Hund)",
      "participant" : "PKW",
      "scary" : "Ja",
      "descr" : "Auto parkt auf Fahrradweg. Ausweichen gefährlich",
      "region" : "Dresden"
    },
    "geometry" : {
      "type" : "Point",
      "coordinates" : [ 11.035082, 49.448876 ]
    }
  }, {
    "type" : "Feature",
    "properties" : {
      "date" : "06/05/2021 08:34:12",
      "bikeType" : "City-/Trekking Bike",
      "child" : "Nein",
      "trailer" : "Nein",
      "pLoc" : "Jackentasche",
      "incident" : "Ein- oder ausparkendes Fahrzeug",
      "participant" : "PKW",
      "scary" : "Nein",
      "descr" : "",
      "region" : "Dresden"
    },
    "geometry" : {
      "type" : "Point",
      "coordinates" : [ 11.015022, 49.453822 ]
    }
  }, {
    "type" : "Feature",
    "properties" : {
      "date" : "06/05/2021 08:35:32",
      "bikeType" : "City-/Trekking Bike",
      "child" : "Nein",
      "trailer" : "Nein",
      "pLoc" : "Jackentasche",
      "incident" : "Sonstiges",
      "participant" : "LKW",
      "scary" : "Nein",
      "descr" : "Lkw mach u-turn und fährt auf Fahrradweg ",
      "region" : "Dresden"
    },
    "geometry" : {
      "type" : "Point",
      "coordinates" : [ 11.009344, 49.454213 ]
    }
  }, {
    "type" : "Feature",
    "properties" : {
      "date" : "15/05/2021 16:10:25",
      "bikeType" : "City-/Trekking Bike",
      "child" : "Nein",
      "trailer" : "Nein",
      "pLoc" : "Jackentasche",
      "incident" : "Sonstiges",
      "participant" : "PKW",
      "scary" : "Nein",
      "descr" : "Falschparker auf Radfahrstreifen ",
      "region" : "Dresden"
    },
    "geometry" : {
      "type" : "Point",
      "coordinates" : [ 13.789402, 51.018319 ]
    }
  }, {
    "type" : "Feature",
    "properties" : {
      "date" : "31/05/2021 14:34:14",
      "bikeType" : "City-/Trekking Bike",
      "child" : "Nein",
      "trailer" : "Nein",
      "pLoc" : "Hosentasche",
      "incident" : "Zu dichtes Überholen",
      "participant" : "PKW",
      "scary" : "Nein",
      "descr" : "",
      "region" : "Dresden"
    },
    "geometry" : {
      "type" : "Point",
      "coordinates" : [ 13.80731, 51.035579 ]
    }
  }, {
    "type" : "Feature",
    "properties" : {
      "date" : "04/05/2021 18:29:16",
      "bikeType" : "Road Racing Bike",
      "child" : "Nein",
      "trailer" : "Nein",
      "pLoc" : "Hosentasche",
      "incident" : "Zu dichtes Überholen",
      "participant" : "Bus, Lieferwagen, PKW",
      "scary" : "Ja",
      "descr" : "",
      "region" : "Dresden"
    },
    "geometry" : {
      "type" : "Point",
      "coordinates" : [ 13.881203, 50.968537 ]
    }
  }, {
    "type" : "Feature",
    "properties" : {
      "date" : "04/05/2021 18:34:28",
      "bikeType" : "Road Racing Bike",
      "child" : "Nein",
      "trailer" : "Nein",
      "pLoc" : "Hosentasche",
      "incident" : "Zu dichtes Überholen",
      "participant" : "PKW",
      "scary" : "Nein",
      "descr" : "",
      "region" : "Dresden"
    },
    "geometry" : {
      "type" : "Point",
      "coordinates" : [ 13.865494, 50.983178 ]
    }
  }, {
    "type" : "Feature",
    "properties" : {
      "date" : "04/05/2021 18:47:05",
      "bikeType" : "Road Racing Bike",
      "child" : "Nein",
      "trailer" : "Nein",
      "pLoc" : "Hosentasche",
      "incident" : "Zu dichtes Überholen",
      "participant" : "Lieferwagen",
      "scary" : "Nein",
      "descr" : "",
      "region" : "Dresden"
    },
    "geometry" : {
      "type" : "Point",
      "coordinates" : [ 13.832757, 51.020149 ]
    }
  }, {
    "type" : "Feature",
    "properties" : {
      "date" : "04/05/2021 19:06:15",
      "bikeType" : "Road Racing Bike",
      "child" : "Nein",
      "trailer" : "Nein",
      "pLoc" : "Hosentasche",
      "incident" : "Ein- oder ausparkendes Fahrzeug",
      "participant" : "Lieferwagen",
      "scary" : "Nein",
      "descr" : "",
      "region" : "Dresden"
    },
    "geometry" : {
      "type" : "Point",
      "coordinates" : [ 13.757926, 51.051315 ]
    }
  }, {
    "type" : "Feature",
    "properties" : {
      "date" : "28/05/2021 07:51:27",
      "bikeType" : "City-/Trekking Bike",
      "child" : "Nein",
      "trailer" : "Nein",
      "pLoc" : "Jackentasche",
      "incident" : "Sonstiges",
      "participant" : "PKW",
      "scary" : "Nein",
      "descr" : "",
      "region" : "Dresden"
    },
    "geometry" : {
      "type" : "Point",
      "coordinates" : [ 13.796368, 51.03579 ]
    }
  }, {
    "type" : "Feature",
    "properties" : {
      "date" : "21/05/2021 22:22:14",
      "bikeType" : "City-/Trekking Bike",
      "child" : "Nein",
      "trailer" : "Nein",
      "pLoc" : "Jackentasche",
      "incident" : "Zu dichtes Überholen",
      "participant" : "PKW",
      "scary" : "Nein",
      "descr" : "",
      "region" : "Dresden"
    },
    "geometry" : {
      "type" : "Point",
      "coordinates" : [ 13.805486, 51.025425 ]
    }
  }, {
    "type" : "Feature",
    "properties" : {
      "date" : "06/05/2021 09:00:40",
      "bikeType" : "-",
      "child" : "Nein",
      "trailer" : "Nein",
      "pLoc" : "Hosentasche",
      "incident" : "Zu dichtes Überholen",
      "participant" : "",
      "scary" : "Ja",
      "descr" : "Opa im PKW, Abstand ca. 30 - \\n50 cm",
      "region" : "Dresden"
    },
    "geometry" : {
      "type" : "Point",
      "coordinates" : [ 13.67972045, 51.05141638 ]
    }
  }, {
    "type" : "Feature",
    "properties" : {
      "date" : "06/05/2021 09:01:56",
      "bikeType" : "-",
      "child" : "Nein",
      "trailer" : "Nein",
      "pLoc" : "Hosentasche",
      "incident" : "Entgegenkommender Verkehrsteilnehmer",
      "participant" : "LKW",
      "scary" : "Ja",
      "descr" : "LKW hat Vorfahrt missachtet. Hindernis war auf seiner Seite.",
      "region" : "Dresden"
    },
    "geometry" : {
      "type" : "Point",
      "coordinates" : [ 13.67543949, 51.04907491 ]
    }
  }, {
    "type" : "Feature",
    "properties" : {
      "date" : "03/05/2021 07:47:37",
      "bikeType" : "Road Racing Bike",
      "child" : "Nein",
      "trailer" : "Nein",
      "pLoc" : "Hosentasche",
      "incident" : "Ein- oder ausparkendes Fahrzeug",
      "participant" : "",
      "scary" : "Ja",
      "descr" : "Hohes Verkehrsaufkommen ",
      "region" : "Dresden"
    },
    "geometry" : {
      "type" : "Point",
      "coordinates" : [ 13.780625, 51.06302 ]
    }
  }, {
    "type" : "Feature",
    "properties" : {
      "date" : "03/05/2021 07:58:05",
      "bikeType" : "Road Racing Bike",
      "child" : "Nein",
      "trailer" : "Nein",
      "pLoc" : "Hosentasche",
      "incident" : "Ein- oder ausparkendes Fahrzeug",
      "participant" : "",
      "scary" : "Nein",
      "descr" : "Hohes parkaufkommen (Autos)",
      "region" : "Dresden"
    },
    "geometry" : {
      "type" : "Point",
      "coordinates" : [ 13.8321, 51.034846 ]
    }
  }, {
    "type" : "Feature",
    "properties" : {
      "date" : "27/05/2021 09:24:04",
      "bikeType" : "City-/Trekking Bike",
      "child" : "Nein",
      "trailer" : "Nein",
      "pLoc" : "Jackentasche",
      "incident" : "Sonstiges",
      "participant" : "PKW",
      "scary" : "Nein",
      "descr" : "",
      "region" : "Dresden"
    },
    "geometry" : {
      "type" : "Point",
      "coordinates" : [ 13.805145, 51.019642 ]
    }
  }, {
    "type" : "Feature",
    "properties" : {
      "date" : "23/05/2021 18:14:44",
      "bikeType" : "-",
      "child" : "Nein",
      "trailer" : "Nein",
      "pLoc" : "Hosentasche",
      "incident" : "Hindernis ausweichen (z.B. Hund)",
      "participant" : "",
      "scary" : "Nein",
      "descr" : "Auto auf Radweg ",
      "region" : "Dresden"
    },
    "geometry" : {
      "type" : "Point",
      "coordinates" : [ 13.70501641, 51.03910861 ]
    }
  }, {
    "type" : "Feature",
    "properties" : {
      "date" : "04/05/2021 08:02:06",
      "bikeType" : "City-/Trekking Bike",
      "child" : "Nein",
      "trailer" : "Nein",
      "pLoc" : "Jackentasche",
      "incident" : "Ein- oder ausparkendes Fahrzeug",
      "participant" : "PKW",
      "scary" : "Nein",
      "descr" : "",
      "region" : "Dresden"
    },
    "geometry" : {
      "type" : "Point",
      "coordinates" : [ 11.052011, 49.451458 ]
    }
  }, {
    "type" : "Feature",
    "properties" : {
      "date" : "04/05/2021 08:09:55",
      "bikeType" : "City-/Trekking Bike",
      "child" : "Nein",
      "trailer" : "Nein",
      "pLoc" : "Jackentasche",
      "incident" : "Hindernis ausweichen (z.B. Hund)",
      "participant" : "Lieferwagen",
      "scary" : "Nein",
      "descr" : "Lieferwagen zu lang für Parklücke. Überdeckt Fahrradweg . Ausweichen gefährlich, da nebenan zweispurig Autos ",
      "region" : "Dresden"
    },
    "geometry" : {
      "type" : "Point",
      "coordinates" : [ 11.024293, 49.461416 ]
    }
  }, {
    "type" : "Feature",
    "properties" : {
      "date" : "01/05/2021 15:12:46",
      "bikeType" : "City-/Trekking Bike",
      "child" : "Nein",
      "trailer" : "Nein",
      "pLoc" : "Jackentasche",
      "incident" : "Zu dichtes Überholen",
      "participant" : "Lieferwagen",
      "scary" : "Nein",
      "descr" : "",
      "region" : "Dresden"
    },
    "geometry" : {
      "type" : "Point",
      "coordinates" : [ 13.753161, 51.044561 ]
    }
  }, {
    "type" : "Feature",
    "properties" : {
      "date" : "22/05/2021 16:29:00",
      "bikeType" : "City-/Trekking Bike",
      "child" : "Nein",
      "trailer" : "Nein",
      "pLoc" : "Jackentasche",
      "incident" : "Zu dichtes Überholen",
      "participant" : "PKW",
      "scary" : "Nein",
      "descr" : "",
      "region" : "Dresden"
    },
    "geometry" : {
      "type" : "Point",
      "coordinates" : [ 13.745602, 51.057551 ]
    }
  }, {
    "type" : "Feature",
    "properties" : {
      "date" : "22/05/2021 16:34:47",
      "bikeType" : "City-/Trekking Bike",
      "child" : "Nein",
      "trailer" : "Nein",
      "pLoc" : "Jackentasche",
      "incident" : "Entgegenkommender Verkehrsteilnehmer",
      "participant" : "Fahrrad",
      "scary" : "Nein",
      "descr" : "",
      "region" : "Dresden"
    },
    "geometry" : {
      "type" : "Point",
      "coordinates" : [ 13.739468, 51.072567 ]
    }
  }, {
    "type" : "Feature",
    "properties" : {
      "date" : "03/05/2021 08:03:09",
      "bikeType" : "City-/Trekking Bike",
      "child" : "Nein",
      "trailer" : "Nein",
      "pLoc" : "Jackentasche",
      "incident" : "Sonstiges",
      "participant" : "PKW",
      "scary" : "Ja",
      "descr" : "Ein Lieferwagen parkt dort, ist aber zu lang und ragt in die Fahrbahn rein. Ausweichen auf die Fahrbahn sehr gefährlich ",
      "region" : "Dresden"
    },
    "geometry" : {
      "type" : "Point",
      "coordinates" : [ 11.025142, 49.461144 ]
    }
  }, {
    "type" : "Feature",
    "properties" : {
      "date" : "10/05/2021 08:05:01",
      "bikeType" : "City-/Trekking Bike",
      "child" : "Nein",
      "trailer" : "Nein",
      "pLoc" : "Jackentasche",
      "incident" : "Hindernis ausweichen (z.B. Hund)",
      "participant" : "Bus",
      "scary" : "Nein",
      "descr" : "",
      "region" : "Dresden"
    },
    "geometry" : {
      "type" : "Point",
      "coordinates" : [ 11.031895, 49.45897 ]
    }
  }, {
    "type" : "Feature",
    "properties" : {
      "date" : "09/05/2021 18:56:32",
      "bikeType" : "-",
      "child" : "Nein",
      "trailer" : "Nein",
      "pLoc" : "Hosentasche",
      "incident" : "Hindernis ausweichen (z.B. Hund)",
      "participant" : "",
      "scary" : "Nein",
      "descr" : "Falschparker",
      "region" : "Dresden"
    },
    "geometry" : {
      "type" : "Point",
      "coordinates" : [ 11.07252526, 49.46951778 ]
    }
  }, {
    "type" : "Feature",
    "properties" : {
      "date" : "04/05/2021 08:49:31",
      "bikeType" : "City-/Trekking Bike",
      "child" : "Nein",
      "trailer" : "Nein",
      "pLoc" : "Jackentasche",
      "incident" : "Zu dichtes Überholen",
      "participant" : "PKW",
      "scary" : "Nein",
      "descr" : "",
      "region" : "Dresden"
    },
    "geometry" : {
      "type" : "Point",
      "coordinates" : [ 13.794902, 51.036422 ]
    }
  }, {
    "type" : "Feature",
    "properties" : {
      "date" : "04/05/2021 08:49:43",
      "bikeType" : "City-/Trekking Bike",
      "child" : "Nein",
      "trailer" : "Nein",
      "pLoc" : "Jackentasche",
      "incident" : "Zu dichtes Überholen",
      "participant" : "PKW",
      "scary" : "Ja",
      "descr" : "",
      "region" : "Dresden"
    },
    "geometry" : {
      "type" : "Point",
      "coordinates" : [ 13.7938, 51.036847 ]
    }
  }, {
    "type" : "Feature",
    "properties" : {
      "date" : "23/05/2021 22:56:45",
      "bikeType" : "City-/Trekking Bike",
      "child" : "Nein",
      "trailer" : "Nein",
      "pLoc" : "Jackentasche",
      "incident" : "Sonstiges",
      "participant" : "PKW",
      "scary" : "Nein",
      "descr" : "",
      "region" : "Dresden"
    },
    "geometry" : {
      "type" : "Point",
      "coordinates" : [ 13.805363, 51.025362 ]
    }
  }, {
    "type" : "Feature",
    "properties" : {
      "date" : "27/05/2021 08:48:43",
      "bikeType" : "City-/Trekking Bike",
      "child" : "Nein",
      "trailer" : "Nein",
      "pLoc" : "Jackentasche",
      "incident" : "Zu dichtes Überholen",
      "participant" : "LKW",
      "scary" : "Ja",
      "descr" : "",
      "region" : "Dresden"
    },
    "geometry" : {
      "type" : "Point",
      "coordinates" : [ 13.80698, 51.017793 ]
    }
  }, {
    "type" : "Feature",
    "properties" : {
      "date" : "31/05/2021 09:49:30",
      "bikeType" : "City-/Trekking Bike",
      "child" : "Nein",
      "trailer" : "Nein",
      "pLoc" : "Hosentasche",
      "incident" : "Zu dichtes Überholen",
      "participant" : "PKW",
      "scary" : "Nein",
      "descr" : "",
      "region" : "Dresden"
    },
    "geometry" : {
      "type" : "Point",
      "coordinates" : [ 13.75753, 51.045528 ]
    }
  }, {
    "type" : "Feature",
    "properties" : {
      "date" : "18/05/2021 16:34:43",
      "bikeType" : "City-/Trekking Bike",
      "child" : "Nein",
      "trailer" : "Nein",
      "pLoc" : "Jackentasche",
      "incident" : "Sonstiges",
      "participant" : "PKW",
      "scary" : "Ja",
      "descr" : "Auto kommt aus Nebenstraße. Fahrerin schaut immer in die andere richtung. Bremst zwar rechtzeitig, aber ich muss auch bremsen weil ich Angst habe sie übersieht mich ",
      "region" : "Dresden"
    },
    "geometry" : {
      "type" : "Point",
      "coordinates" : [ 11.045785, 49.454113 ]
    }
  }, {
    "type" : "Feature",
    "properties" : {
      "date" : "18/05/2021 16:34:43",
      "bikeType" : "City-/Trekking Bike",
      "child" : "Nein",
      "trailer" : "Nein",
      "pLoc" : "Jackentasche",
      "incident" : "Sonstiges",
      "participant" : "PKW",
      "scary" : "Ja",
      "descr" : "Auto kommt aus Nebenstraße. Fahrerin schaut immer in die andere richtung. Bremst zwar rechtzeitig, aber ich muss auch bremsen weil ich Angst habe sie übersieht mich ",
      "region" : "Dresden"
    },
    "geometry" : {
      "type" : "Point",
      "coordinates" : [ 11.045785, 49.454113 ]
    }
  }, {
    "type" : "Feature",
    "properties" : {
      "date" : "18/05/2021 16:34:43",
      "bikeType" : "City-/Trekking Bike",
      "child" : "Nein",
      "trailer" : "Nein",
      "pLoc" : "Jackentasche",
      "incident" : "Sonstiges",
      "participant" : "PKW",
      "scary" : "Ja",
      "descr" : "Auto kommt aus Nebenstraße. Fahrerin schaut immer in die andere richtung. Bremst zwar rechtzeitig, aber ich muss auch bremsen weil ich Angst habe sie übersieht mich ",
      "region" : "Dresden"
    },
    "geometry" : {
      "type" : "Point",
      "coordinates" : [ 11.045785, 49.454113 ]
    }
  }, {
    "type" : "Feature",
    "properties" : {
      "date" : "06/05/2021 07:10:31",
      "bikeType" : "Road Racing Bike",
      "child" : "Nein",
      "trailer" : "Nein",
      "pLoc" : "Hosentasche",
      "incident" : "Entgegenkommender Verkehrsteilnehmer",
      "participant" : "Fahrrad, Fußgänger",
      "scary" : "Nein",
      "descr" : "",
      "region" : "Dresden"
    },
    "geometry" : {
      "type" : "Point",
      "coordinates" : [ 13.759686, 51.057673 ]
    }
  }, {
    "type" : "Feature",
    "properties" : {
      "date" : "06/05/2021 07:19:35",
      "bikeType" : "Road Racing Bike",
      "child" : "Nein",
      "trailer" : "Nein",
      "pLoc" : "Hosentasche",
      "incident" : "Ein- oder ausparkendes Fahrzeug",
      "participant" : "PKW",
      "scary" : "Nein",
      "descr" : "",
      "region" : "Dresden"
    },
    "geometry" : {
      "type" : "Point",
      "coordinates" : [ 13.80972, 51.05196 ]
    }
  }, {
    "type" : "Feature",
    "properties" : {
      "date" : "06/05/2021 07:28:45",
      "bikeType" : "Road Racing Bike",
      "child" : "Nein",
      "trailer" : "Nein",
      "pLoc" : "Hosentasche",
      "incident" : "Ein- oder ausparkendes Fahrzeug",
      "participant" : "Lieferwagen",
      "scary" : "Nein",
      "descr" : "",
      "region" : "Dresden"
    },
    "geometry" : {
      "type" : "Point",
      "coordinates" : [ 13.840722, 51.023603 ]
    }
  }, {
    "type" : "Feature",
    "properties" : {
      "date" : "06/05/2021 07:34:01",
      "bikeType" : "Road Racing Bike",
      "child" : "Nein",
      "trailer" : "Nein",
      "pLoc" : "Hosentasche",
      "incident" : "Ein- oder ausparkendes Fahrzeug",
      "participant" : "PKW",
      "scary" : "Nein",
      "descr" : "",
      "region" : "Dresden"
    },
    "geometry" : {
      "type" : "Point",
      "coordinates" : [ 13.858321, 51.009981 ]
    }
  }, {
    "type" : "Feature",
    "properties" : {
      "date" : "06/05/2021 07:34:13",
      "bikeType" : "Road Racing Bike",
      "child" : "Nein",
      "trailer" : "Nein",
      "pLoc" : "Hosentasche",
      "incident" : "Zu dichtes Überholen",
      "participant" : "PKW",
      "scary" : "Ja",
      "descr" : "",
      "region" : "Dresden"
    },
    "geometry" : {
      "type" : "Point",
      "coordinates" : [ 13.859282, 51.009561 ]
    }
  }, {
    "type" : "Feature",
    "properties" : {
      "date" : "06/05/2021 07:34:22",
      "bikeType" : "Road Racing Bike",
      "child" : "Nein",
      "trailer" : "Nein",
      "pLoc" : "Hosentasche",
      "incident" : "Hindernis ausweichen (z.B. Hund)",
      "participant" : "Fahrrad, Fußgänger",
      "scary" : "Nein",
      "descr" : "",
      "region" : "Dresden"
    },
    "geometry" : {
      "type" : "Point",
      "coordinates" : [ 13.860019, 51.009249 ]
    }
  }, {
    "type" : "Feature",
    "properties" : {
      "date" : "11/05/2021 16:53:44",
      "bikeType" : "City-/Trekking Bike",
      "child" : "Nein",
      "trailer" : "Nein",
      "pLoc" : "Jackentasche",
      "incident" : "Hindernis ausweichen (z.B. Hund)",
      "participant" : "PKW",
      "scary" : "Nein",
      "descr" : "",
      "region" : "Dresden"
    },
    "geometry" : {
      "type" : "Point",
      "coordinates" : [ 11.027159, 49.451178 ]
    }
  }, {
    "type" : "Feature",
    "properties" : {
      "date" : "11/05/2021 16:53:44",
      "bikeType" : "City-/Trekking Bike",
      "child" : "Nein",
      "trailer" : "Nein",
      "pLoc" : "Jackentasche",
      "incident" : "Hindernis ausweichen (z.B. Hund)",
      "participant" : "PKW",
      "scary" : "Nein",
      "descr" : "",
      "region" : "Dresden"
    },
    "geometry" : {
      "type" : "Point",
      "coordinates" : [ 11.027159, 49.451178 ]
    }
  }, {
    "type" : "Feature",
    "properties" : {
      "date" : "05/05/2021 16:57:18",
      "bikeType" : "-",
      "child" : "Nein",
      "trailer" : "Nein",
      "pLoc" : "Hosentasche",
      "incident" : "Sonstiges",
      "participant" : "",
      "scary" : "Nein",
      "descr" : "Baustellen\"umleitung\" ist nicht mitgedacht gewählt ",
      "region" : "Dresden"
    },
    "geometry" : {
      "type" : "Point",
      "coordinates" : [ 13.774651363492012, 51.03333572857082 ]
    }
  }, {
    "type" : "Feature",
    "properties" : {
      "date" : "05/05/2021 16:54:17",
      "bikeType" : "-",
      "child" : "Nein",
      "trailer" : "Nein",
      "pLoc" : "Hosentasche",
      "incident" : "Zu dichtes Überholen",
      "participant" : "",
      "scary" : "Nein",
      "descr" : "",
      "region" : "Dresden"
    },
    "geometry" : {
      "type" : "Point",
      "coordinates" : [ 13.783290507271886, 51.029863650910556 ]
    }
  }, {
    "type" : "Feature",
    "properties" : {
      "date" : "05/05/2021 16:52:38",
      "bikeType" : "-",
      "child" : "Nein",
      "trailer" : "Nein",
      "pLoc" : "Hosentasche",
      "incident" : "Zu dichtes Überholen",
      "participant" : "",
      "scary" : "Nein",
      "descr" : "",
      "region" : "Dresden"
    },
    "geometry" : {
      "type" : "Point",
      "coordinates" : [ 13.78861729055643, 51.027694875374436 ]
    }
  }, {
    "type" : "Feature",
    "properties" : {
      "date" : "12/05/2021 18:48:04",
      "bikeType" : "City-/Trekking Bike",
      "child" : "Nein",
      "trailer" : "Nein",
      "pLoc" : "Jackentasche",
      "incident" : "Zu dichtes Überholen",
      "participant" : "Fahrrad",
      "scary" : "Nein",
      "descr" : "",
      "region" : "Dresden"
    },
    "geometry" : {
      "type" : "Point",
      "coordinates" : [ 13.750961, 51.047414 ]
    }
  }, {
    "type" : "Feature",
    "properties" : {
      "date" : "07/05/2021 08:30:34",
      "bikeType" : "-",
      "child" : "Nein",
      "trailer" : "Nein",
      "pLoc" : "Hosentasche",
      "incident" : "Hindernis ausweichen (z.B. Hund)",
      "participant" : "Fußgänger",
      "scary" : "Nein",
      "descr" : "Handwerker betritt schnell und ohne zu schauen die Fahrbahn. Vollbremsung. ",
      "region" : "Dresden"
    },
    "geometry" : {
      "type" : "Point",
      "coordinates" : [ 13.72734986, 51.07492369 ]
    }
  }, {
    "type" : "Feature",
    "properties" : {
      "date" : "01/05/2021 17:03:29",
      "bikeType" : "City-/Trekking Bike",
      "child" : "Nein",
      "trailer" : "Nein",
      "pLoc" : "Jackentasche",
      "incident" : "Zu dichtes Überholen",
      "participant" : "PKW",
      "scary" : "Nein",
      "descr" : "",
      "region" : "Dresden"
    },
    "geometry" : {
      "type" : "Point",
      "coordinates" : [ 13.792356, 51.026083 ]
    }
  }, {
    "type" : "Feature",
    "properties" : {
      "date" : "03/05/2021 18:18:39",
      "bikeType" : "Road Racing Bike",
      "child" : "Nein",
      "trailer" : "Nein",
      "pLoc" : "Hosentasche",
      "incident" : "Ein- oder ausparkendes Fahrzeug",
      "participant" : "Fußgänger, PKW",
      "scary" : "Nein",
      "descr" : "",
      "region" : "Dresden"
    },
    "geometry" : {
      "type" : "Point",
      "coordinates" : [ 13.815874, 51.044309 ]
    }
  }, {
    "type" : "Feature",
    "properties" : {
      "date" : "03/05/2021 18:21:11",
      "bikeType" : "Road Racing Bike",
      "child" : "Nein",
      "trailer" : "Nein",
      "pLoc" : "Hosentasche",
      "incident" : "Ein- oder ausparkendes Fahrzeug",
      "participant" : "PKW",
      "scary" : "Nein",
      "descr" : "",
      "region" : "Dresden"
    },
    "geometry" : {
      "type" : "Point",
      "coordinates" : [ 13.808743, 51.05293 ]
    }
  }, {
    "type" : "Feature",
    "properties" : {
      "date" : "03/05/2021 18:31:20",
      "bikeType" : "Road Racing Bike",
      "child" : "Nein",
      "trailer" : "Nein",
      "pLoc" : "Hosentasche",
      "incident" : "Hindernis ausweichen (z.B. Hund)",
      "participant" : "Fahrrad",
      "scary" : "Nein",
      "descr" : "",
      "region" : "Dresden"
    },
    "geometry" : {
      "type" : "Point",
      "coordinates" : [ 13.761683, 51.05924 ]
    }
  }, {
    "type" : "Feature",
    "properties" : {
      "date" : "03/05/2021 18:31:24",
      "bikeType" : "Road Racing Bike",
      "child" : "Nein",
      "trailer" : "Nein",
      "pLoc" : "Hosentasche",
      "incident" : "Hindernis ausweichen (z.B. Hund)",
      "participant" : "Fahrrad",
      "scary" : "Nein",
      "descr" : "",
      "region" : "Dresden"
    },
    "geometry" : {
      "type" : "Point",
      "coordinates" : [ 13.761387, 51.059097 ]
    }
  }, {
    "type" : "Feature",
    "properties" : {
      "date" : "03/05/2021 18:36:12",
      "bikeType" : "Road Racing Bike",
      "child" : "Nein",
      "trailer" : "Nein",
      "pLoc" : "Hosentasche",
      "incident" : "Entgegenkommender Verkehrsteilnehmer",
      "participant" : "Fahrrad, PKW",
      "scary" : "Nein",
      "descr" : "",
      "region" : "Dresden"
    },
    "geometry" : {
      "type" : "Point",
      "coordinates" : [ 13.753469, 51.065831 ]
    }
  }, {
    "type" : "Feature",
    "properties" : {
      "date" : "03/05/2021 18:37:12",
      "bikeType" : "Road Racing Bike",
      "child" : "Nein",
      "trailer" : "Nein",
      "pLoc" : "Hosentasche",
      "incident" : "Beinahe-Abbiegeunfall",
      "participant" : "Fahrrad, PKW",
      "scary" : "Nein",
      "descr" : "",
      "region" : "Dresden"
    },
    "geometry" : {
      "type" : "Point",
      "coordinates" : [ 13.755168, 51.068489 ]
    }
  }, {
    "type" : "Feature",
    "properties" : {
      "date" : "03/05/2021 18:07:42",
      "bikeType" : "City-/Trekking Bike",
      "child" : "Nein",
      "trailer" : "Nein",
      "pLoc" : "Jackentasche",
      "incident" : "Zu dichtes Überholen",
      "participant" : "PKW",
      "scary" : "Nein",
      "descr" : "",
      "region" : "Dresden"
    },
    "geometry" : {
      "type" : "Point",
      "coordinates" : [ 13.748497, 51.051242 ]
    }
  }, {
    "type" : "Feature",
    "properties" : {
      "date" : "03/05/2021 18:09:31",
      "bikeType" : "City-/Trekking Bike",
      "child" : "Nein",
      "trailer" : "Nein",
      "pLoc" : "Jackentasche",
      "incident" : "Beinahe-Abbiegeunfall",
      "participant" : "PKW",
      "scary" : "Ja",
      "descr" : "",
      "region" : "Dresden"
    },
    "geometry" : {
      "type" : "Point",
      "coordinates" : [ 13.747573, 51.051677 ]
    }
  }, {
    "type" : "Feature",
    "properties" : {
      "date" : "10/05/2021 21:20:38",
      "bikeType" : "City-/Trekking Bike",
      "child" : "Nein",
      "trailer" : "Nein",
      "pLoc" : "Jackentasche",
      "incident" : "Sonstiges",
      "participant" : "PKW",
      "scary" : "Nein",
      "descr" : "",
      "region" : "Dresden"
    },
    "geometry" : {
      "type" : "Point",
      "coordinates" : [ 13.805507, 51.025316 ]
    }
  }, {
    "type" : "Feature",
    "properties" : {
      "date" : "20/05/2021 07:55:53",
      "bikeType" : "City-/Trekking Bike",
      "child" : "Nein",
      "trailer" : "Nein",
      "pLoc" : "Jackentasche",
      "incident" : "Sonstiges",
      "participant" : "",
      "scary" : "Nein",
      "descr" : "Ampelschaltung für Radfahrer katastrophal auf dieser Strecke ",
      "region" : "Dresden"
    },
    "geometry" : {
      "type" : "Point",
      "coordinates" : [ 11.039758, 49.456351 ]
    }
  }, {
    "type" : "Feature",
    "properties" : {
      "date" : "31/05/2021 13:25:05",
      "bikeType" : "City-/Trekking Bike",
      "child" : "Nein",
      "trailer" : "Nein",
      "pLoc" : "Hosentasche",
      "incident" : "Zu dichtes Überholen",
      "participant" : "LKW",
      "scary" : "Nein",
      "descr" : "",
      "region" : "Dresden"
    },
    "geometry" : {
      "type" : "Point",
      "coordinates" : [ 13.762275, 51.048863 ]
    }
  }, {
    "type" : "Feature",
    "properties" : {
      "date" : "31/05/2021 13:30:43",
      "bikeType" : "City-/Trekking Bike",
      "child" : "Nein",
      "trailer" : "Nein",
      "pLoc" : "Hosentasche",
      "incident" : "Hindernis ausweichen (z.B. Hund)",
      "participant" : "Lieferwagen",
      "scary" : "Nein",
      "descr" : "",
      "region" : "Dresden"
    },
    "geometry" : {
      "type" : "Point",
      "coordinates" : [ 13.794672, 51.0428 ]
    }
  }, {
    "type" : "Feature",
    "properties" : {
      "date" : "04/06/2021 17:39:05",
      "bikeType" : "City-/Trekking Bike",
      "child" : "Nein",
      "trailer" : "Nein",
      "pLoc" : "Hosentasche",
      "incident" : "Hindernis ausweichen (z.B. Hund)",
      "participant" : "Lieferwagen",
      "scary" : "Nein",
      "descr" : "",
      "region" : "Dresden"
    },
    "geometry" : {
      "type" : "Point",
      "coordinates" : [ 13.802725, 51.040476 ]
    }
  }, {
    "type" : "Feature",
    "properties" : {
      "date" : "10/06/2021 12:38:09",
      "bikeType" : "-",
      "child" : "Nein",
      "trailer" : "Nein",
      "pLoc" : "Hosentasche",
      "incident" : "Hindernis ausweichen (z.B. Hund)",
      "participant" : "PKW",
      "scary" : "Nein",
      "descr" : "",
      "region" : "Dresden"
    },
    "geometry" : {
      "type" : "Point",
      "coordinates" : [ 13.836188333333332, 51.02662 ]
    }
  }, {
    "type" : "Feature",
    "properties" : {
      "date" : "06/06/2021 12:38:16",
      "bikeType" : "City-/Trekking Bike",
      "child" : "Nein",
      "trailer" : "Nein",
      "pLoc" : "Hosentasche",
      "incident" : "Zu dichtes Überholen",
      "participant" : "PKW",
      "scary" : "Nein",
      "descr" : "",
      "region" : "Dresden"
    },
    "geometry" : {
      "type" : "Point",
      "coordinates" : [ 13.79827, 51.027967 ]
    }
  }, {
    "type" : "Feature",
    "properties" : {
      "date" : "06/06/2021 12:46:21",
      "bikeType" : "City-/Trekking Bike",
      "child" : "Nein",
      "trailer" : "Nein",
      "pLoc" : "Hosentasche",
      "incident" : "Zu dichtes Überholen",
      "participant" : "PKW",
      "scary" : "Nein",
      "descr" : "",
      "region" : "Dresden"
    },
    "geometry" : {
      "type" : "Point",
      "coordinates" : [ 13.764692, 51.042698 ]
    }
  }, {
    "type" : "Feature",
    "properties" : {
      "date" : "07/06/2021 07:55:10",
      "bikeType" : "City-/Trekking Bike",
      "child" : "Nein",
      "trailer" : "Nein",
      "pLoc" : "Hosentasche",
      "incident" : "Sonstiges",
      "participant" : "PKW",
      "scary" : "Nein",
      "descr" : "",
      "region" : "Dresden"
    },
    "geometry" : {
      "type" : "Point",
      "coordinates" : [ 13.786792, 51.038144 ]
    }
  }, {
    "type" : "Feature",
    "properties" : {
      "date" : "07/06/2021 07:55:16",
      "bikeType" : "City-/Trekking Bike",
      "child" : "Nein",
      "trailer" : "Nein",
      "pLoc" : "Hosentasche",
      "incident" : "Sonstiges",
      "participant" : "PKW",
      "scary" : "Nein",
      "descr" : "",
      "region" : "Dresden"
    },
    "geometry" : {
      "type" : "Point",
      "coordinates" : [ 13.786802, 51.038142 ]
    }
  }, {
    "type" : "Feature",
    "properties" : {
      "date" : "31/05/2021 18:39:40",
      "bikeType" : "City-/Trekking Bike",
      "child" : "Nein",
      "trailer" : "Nein",
      "pLoc" : "Hosentasche",
      "incident" : "Zu dichtes Überholen",
      "participant" : "PKW",
      "scary" : "Nein",
      "descr" : "",
      "region" : "Dresden"
    },
    "geometry" : {
      "type" : "Point",
      "coordinates" : [ 13.783162, 51.035161 ]
    }
  }, {
    "type" : "Feature",
    "properties" : {
      "date" : "31/05/2021 18:39:58",
      "bikeType" : "City-/Trekking Bike",
      "child" : "Nein",
      "trailer" : "Nein",
      "pLoc" : "Hosentasche",
      "incident" : "Zu dichtes Überholen",
      "participant" : "PKW",
      "scary" : "Nein",
      "descr" : "",
      "region" : "Dresden"
    },
    "geometry" : {
      "type" : "Point",
      "coordinates" : [ 13.781062, 51.03601 ]
    }
  }, {
    "type" : "Feature",
    "properties" : {
      "date" : "02/06/2021 08:26:45",
      "bikeType" : "City-/Trekking Bike",
      "child" : "Nein",
      "trailer" : "Nein",
      "pLoc" : "Hosentasche",
      "incident" : "Zu dichtes Überholen",
      "participant" : "PKW",
      "scary" : "Nein",
      "descr" : "",
      "region" : "Dresden"
    },
    "geometry" : {
      "type" : "Point",
      "coordinates" : [ 13.785246, 51.041456 ]
    }
  }, {
    "type" : "Feature",
    "properties" : {
      "date" : "05/06/2021 21:25:23",
      "bikeType" : "City-/Trekking Bike",
      "child" : "Nein",
      "trailer" : "Nein",
      "pLoc" : "Hosentasche",
      "incident" : "Sonstiges",
      "participant" : "PKW",
      "scary" : "Nein",
      "descr" : "",
      "region" : "Dresden"
    },
    "geometry" : {
      "type" : "Point",
      "coordinates" : [ 13.80536, 51.025289 ]
    }
  }, {
    "type" : "Feature",
    "properties" : {
      "date" : "01/06/2021 10:02:38",
      "bikeType" : "Road Racing Bike",
      "child" : "Nein",
      "trailer" : "Nein",
      "pLoc" : "Rucksack/Tasche",
      "incident" : "Hindernis ausweichen (z.B. Hund)",
      "participant" : "",
      "scary" : "Nein",
      "descr" : "Leine ülötzlich über gesamten Weg",
      "region" : "Dresden"
    },
    "geometry" : {
      "type" : "Point",
      "coordinates" : [ 10.998822, 49.561043 ]
    }
  }, {
    "type" : "Feature",
    "properties" : {
      "date" : "11/06/2021 08:51:15",
      "bikeType" : "-",
      "child" : "Nein",
      "trailer" : "Nein",
      "pLoc" : "Hosentasche",
      "incident" : "Sonstiges",
      "participant" : "PKW",
      "scary" : "Ja",
      "descr" : "Radverkehr soll wegen Baustelle auf Straße fahren. Angehupt worden, weil auf der Straße gefahren. ",
      "region" : "Dresden"
    },
    "geometry" : {
      "type" : "Point",
      "coordinates" : [ 13.72394466, 51.05712373 ]
    }
  }, {
    "type" : "Feature",
    "properties" : {
      "date" : "04/06/2021 08:00:00",
      "bikeType" : "City-/Trekking Bike",
      "child" : "Nein",
      "trailer" : "Nein",
      "pLoc" : "Hosentasche",
      "incident" : "Zu dichtes Überholen",
      "participant" : "PKW",
      "scary" : "Nein",
      "descr" : "",
      "region" : "Dresden"
    },
    "geometry" : {
      "type" : "Point",
      "coordinates" : [ 13.807021, 51.036676 ]
    }
  }, {
    "type" : "Feature",
    "properties" : {
      "date" : "04/06/2021 08:07:10",
      "bikeType" : "City-/Trekking Bike",
      "child" : "Nein",
      "trailer" : "Nein",
      "pLoc" : "Hosentasche",
      "incident" : "Zu dichtes Überholen",
      "participant" : "PKW",
      "scary" : "Nein",
      "descr" : "",
      "region" : "Dresden"
    },
    "geometry" : {
      "type" : "Point",
      "coordinates" : [ 13.780075, 51.046131 ]
    }
  }, {
    "type" : "Feature",
    "properties" : {
      "date" : "04/06/2021 08:07:19",
      "bikeType" : "City-/Trekking Bike",
      "child" : "Nein",
      "trailer" : "Nein",
      "pLoc" : "Hosentasche",
      "incident" : "Zu dichtes Überholen",
      "participant" : "PKW",
      "scary" : "Nein",
      "descr" : "",
      "region" : "Dresden"
    },
    "geometry" : {
      "type" : "Point",
      "coordinates" : [ 13.778876, 51.046418 ]
    }
  }, {
    "type" : "Feature",
    "properties" : {
      "date" : "07/06/2021 18:53:32",
      "bikeType" : "-",
      "child" : "Nein",
      "trailer" : "Nein",
      "pLoc" : "Hosentasche",
      "incident" : "Sonstiges",
      "participant" : "PKW",
      "scary" : "Nein",
      "descr" : "Links abbiegen von wernerstraße in Lübecker Straße. Beim Handzeichen gestikuliert Autofahrer hinter mir seinen Unmut dass er mich einordnen lassen muss. ",
      "region" : "Dresden"
    },
    "geometry" : {
      "type" : "Point",
      "coordinates" : [ 13.70314861, 51.0462792 ]
    }
  }, {
    "type" : "Feature",
    "properties" : {
      "date" : "14/06/2021 17:31:42",
      "bikeType" : "-",
      "child" : "Nein",
      "trailer" : "Nein",
      "pLoc" : "Hosentasche",
      "incident" : "Hindernis ausweichen (z.B. Hund)",
      "participant" : "PKW",
      "scary" : "Nein",
      "descr" : "Falschparker auf Radweg",
      "region" : "Dresden"
    },
    "geometry" : {
      "type" : "Point",
      "coordinates" : [ 13.72878938, 51.05075966 ]
    }
  }, {
    "type" : "Feature",
    "properties" : {
      "date" : "27/06/2021 20:41:06",
      "bikeType" : "-",
      "child" : "Nein",
      "trailer" : "Nein",
      "pLoc" : "Hosentasche",
      "incident" : "Hindernis ausweichen (z.B. Hund)",
      "participant" : "PKW",
      "scary" : "Nein",
      "descr" : "Falschparker auf Radfahrstreifen",
      "region" : "Dresden"
    },
    "geometry" : {
      "type" : "Point",
      "coordinates" : [ 13.72697748, 51.05057754 ]
    }
  }, {
    "type" : "Feature",
    "properties" : {
      "date" : "05/07/2021 09:07:20",
      "bikeType" : "-",
      "child" : "Nein",
      "trailer" : "Nein",
      "pLoc" : "Hosentasche",
      "incident" : "Hindernis ausweichen (z.B. Hund)",
      "participant" : "PKW",
      "scary" : "Nein",
      "descr" : "Falschparker",
      "region" : "Dresden"
    },
    "geometry" : {
      "type" : "Point",
      "coordinates" : [ 13.72386335, 51.05705669 ]
    }
  }, {
    "type" : "Feature",
    "properties" : {
      "date" : "11/08/2021 18:22:42",
      "bikeType" : "-",
      "child" : "Nein",
      "trailer" : "Nein",
      "pLoc" : "Hosentasche",
      "incident" : "Zu dichtes Überholen",
      "participant" : "Bus",
      "scary" : "Ja",
      "descr" : "",
      "region" : "Dresden"
    },
    "geometry" : {
      "type" : "Point",
      "coordinates" : [ 13.6572699, 51.03955866 ]
    }
  }, {
    "type" : "Feature",
    "properties" : {
      "date" : "06/08/2021 18:16:10",
      "bikeType" : "-",
      "child" : "Nein",
      "trailer" : "Nein",
      "pLoc" : "Hosentasche",
      "incident" : "Zu dichtes Überholen",
      "participant" : "PKW",
      "scary" : "Ja",
      "descr" : "",
      "region" : "Dresden"
    },
    "geometry" : {
      "type" : "Point",
      "coordinates" : [ 13.68202687, 51.04246188 ]
    }
  }, {
    "type" : "Feature",
    "properties" : {
      "date" : "18/05/2021 16:34:43",
      "bikeType" : "City-/Trekking Bike",
      "child" : "Nein",
      "trailer" : "Nein",
      "pLoc" : "Jackentasche",
      "incident" : "Sonstiges",
      "participant" : "PKW",
      "scary" : "Ja",
      "descr" : "Auto kommt aus Nebenstraße. Fahrerin schaut immer in die andere richtung. Bremst zwar rechtzeitig, aber ich muss auch bremsen weil ich Angst habe sie übersieht mich ",
      "region" : "Dresden"
    },
    "geometry" : {
      "type" : "Point",
      "coordinates" : [ 11.045785, 49.454113 ]
    }
  }, {
    "type" : "Feature",
    "properties" : {
      "date" : "21/09/2021 16:24:52",
      "bikeType" : "-",
      "child" : "Nein",
      "trailer" : "Nein",
      "pLoc" : "Hosentasche",
      "incident" : "Sonstiges",
      "participant" : "PKW",
      "scary" : "Nein",
      "descr" : "zum links abbiegen auf normale Fahrbahn gefahren",
      "region" : "Dresden"
    },
    "geometry" : {
      "type" : "Point",
      "coordinates" : [ 13.7219141, 51.04678079 ]
    }
  } ]
}