lat,lon,ts,bike,childCheckBox,trailerCheckBox,pLoc,incident,i1,i2,i3,i4,i5,i6,i7,i8,i9,scary,desc,i10,region
51.05844997,13.72580647,1621865519000,0,0,0,0,8,0,0,0,0,0,0,0,0,0,1,Angehupt worden. Bei Diskussion an der roten Ampel sagt der Fahrer ich müsse auf dem freigegebenen Gehweg fahren. ,0,Dresden
51.05351216,13.74346041,1621865184000,0,0,0,0,1,0,0,0,0,0,0,0,0,0,1,Extrem dicht überholt worden. Wahrscheinlich als Erziehungsmaßnahme, soll auf dem überfüllten freigegebenen Gehweg fahren,0,Dresden
51.05354539,13.74236155,1621865196000,0,0,0,0,8,0,0,0,0,0,0,0,0,0,1,Angehupt und beim Vorbeifahren bepöbelt worden. Wahrscheinlich als Erziehungsmaßnahme, soll auf dem überfüllten freigegebenen Gehweg fahren,0,Dresden
51.049794,13.777984,1622451572995,1,0,0,0,1,0,0,0,0,0,0,1,0,0,0,,0,Dresden
49.461385,11.024349,1620713417998,1,0,0,0,7,0,0,0,1,0,0,0,0,0,0,"Geparkter Lieferwagen blockiert Fahrradweg, weil zu lang für Parklücke",0,Dresden
49.454535,11.008881,1620713834998,1,0,0,0,7,0,0,0,0,1,0,0,0,0,0,"Baustelle",0,Dresden
51.019642,13.805145,1622100244000,1,0,0,2,8,0,0,0,0,0,0,1,0,0,0,,0,Dresden
51.018319,13.789402,1621087825000,1,0,0,2,8,0,0,0,0,0,0,1,0,0,0,"Falschparker auf Radfahrstreifen ",0,Dresden
49.451912,11.052311,1621317263891,1,0,0,2,8,0,0,0,0,0,0,0,0,0,0,"Gegenüber ist der Fahrradweg. Es dauert ewig die Kreuzung zu kreuzen...",0,Dresden
49.461385,11.023145,1621317901006,1,0,0,2,3,0,0,0,0,0,0,1,0,0,1,,0,Dresden
51.020413,13.790153,1621782046046,1,0,0,0,1,0,0,0,0,0,0,0,1,0,0,,0,Dresden
51.07492369,13.72734986,1620369034000,0,0,0,0,7,0,0,1,0,0,0,0,0,0,0,Handwerker betritt schnell und ohne zu schauen die Fahrbahn. Vollbremsung. ,0,Dresden
51.057551,13.745602,1621693740000,1,0,0,2,1,0,0,0,0,0,0,1,0,0,0,,0,Dresden
51.072567,13.739468,1621694087000,1,0,0,2,4,0,1,0,0,0,0,0,0,0,0,,0,Dresden
51.052317,13.809386,1620110062001,2,0,0,0,2,0,1,1,0,0,0,1,0,0,0,"Hohes Verkehrsaufkommen durch parkende Autos und dadurch Engstelle für Fahrrad und Fußgänger  ",0,Dresden
51.023579,13.840852,1620110700000,2,0,0,0,2,0,1,1,0,0,0,1,0,0,0,"Hohes Verkehrsaufkommen durch parkende Autos und dadurch Engstelle für Fahrrad und Fußgänger  ",0,Dresden
51.008921,13.861487,1620111094000,2,0,0,0,5,0,0,0,1,0,0,1,0,0,0,"Hohes Verkehrsaufkommen durch kreuzende Autos, Bus und parkende Autos ",0,Dresden
50.982102,13.883262,1620111647999,2,0,0,0,7,0,1,1,0,0,0,0,0,0,0,,0,Dresden
49.451178,11.027159,1620744824994,1,0,0,2,7,0,0,0,0,0,0,1,0,0,0,,0,Dresden
49.46951778,11.07252526,1620579392000,0,0,0,0,7,0,0,0,0,0,0,0,0,0,0,Falschparker,0,Dresden
51.063020,13.780625,1620020857001,2,0,0,0,2,0,0,0,0,0,0,0,0,0,1,"Hohes Verkehrsaufkommen ",0,Dresden
51.034846,13.832100,1620021485000,2,0,0,0,2,0,0,0,0,0,0,0,0,0,0,"Hohes parkaufkommen (Autos)",0,Dresden
51.042246,13.780274,1621232306001,1,0,0,2,1,0,0,0,0,0,0,1,0,0,0,,0,Dresden
51.051242,13.748497,1620058062000,1,0,0,2,1,0,0,0,0,0,0,1,0,0,0,,0,Dresden
51.051677,13.747573,1620058171000,1,0,0,2,3,0,0,0,0,0,0,1,0,0,1,,0,Dresden
49.458970,11.031895,1620626701006,1,0,0,2,7,1,0,0,0,0,0,0,0,0,0,,0,Dresden
49.451458,11.052011,1620108126000,1,0,0,2,2,0,0,0,0,0,0,1,0,0,0,,0,Dresden
49.461416,11.024293,1620108595000,1,0,0,2,7,0,0,0,1,0,0,0,0,0,0,"Lieferwagen zu lang für Parklücke. Überdeckt Fahrradweg . Ausweichen gefährlich, da nebenan zweispurig Autos ",0,Dresden
49.461144,11.025142,1620021789997,1,0,0,2,8,0,0,0,0,0,0,1,0,0,1,"Ein Lieferwagen parkt dort, ist aber zu lang und ragt in die Fahrbahn rein. Ausweichen auf die Fahrbahn sehr gefährlich ",0,Dresden
49.456351,11.039758,1621490153996,1,0,0,2,8,0,0,0,0,0,0,0,0,0,0,"Ampelschaltung für Radfahrer katastrophal auf dieser Strecke ",0,Dresden
51.017793,13.806980,1622098123002,1,0,0,2,1,0,0,0,0,1,0,0,0,0,1,,0,Dresden
50.968537,13.881203,1620145756000,2,0,0,0,1,1,0,0,1,0,0,1,0,0,1,,0,Dresden
50.983178,13.865494,1620146068009,2,0,0,0,1,0,0,0,0,0,0,1,0,0,0,,0,Dresden
51.020149,13.832757,1620146825999,2,0,0,0,1,0,0,0,1,0,0,0,0,0,0,,0,Dresden
51.051315,13.757926,1620147975000,2,0,0,0,2,0,0,0,1,0,0,0,0,0,0,,0,Dresden
51.047557,13.769768,1622457436000,1,0,0,0,1,0,0,0,0,0,0,1,0,0,0,,0,Dresden
49.454113,11.045785,1621348483992,1,0,0,2,8,0,0,0,0,0,0,1,0,0,1,"Auto kommt aus Nebenstraße. Fahrerin schaut immer in die andere richtung. Bremst zwar rechtzeitig, aber ich muss auch bremsen weil ich Angst habe sie übersieht mich ",0,Dresden
49.454000,11.046834,1621403948995,1,0,0,2,8,0,0,0,0,0,0,0,0,0,0,"Ampel Schaltung für Fahrradfahrer sehr schlecht.... ",0,Dresden
49.459097,11.031846,1621404313996,1,0,0,2,8,1,0,0,0,0,0,0,0,0,0,"Ersatz Bushaltestelle auf Fahrradweg. Ausweichen auf Gehweg, sehr eng wegen Ubahn Ausstieg , sehr viele Leute ",0,Dresden
49.461539,11.023282,1621404497993,1,0,0,2,8,0,0,0,0,0,0,0,0,0,0,"Baustelle, schlecht einsehbar für Autos. ",0,Dresden
51.025316,13.805507,1620674438000,1,0,0,2,8,0,0,0,0,0,0,1,0,0,0,,0,Dresden
51.03910861,13.70501641,1621786484000,0,0,0,0,7,0,0,0,0,0,0,0,0,0,0,Auto auf Radweg ,0,Dresden
51.035579,13.807310,1622464454011,1,0,0,0,1,0,0,0,0,0,0,1,0,0,0,,0,Dresden
49.453294,11.020449,1620318539999,1,0,0,2,7,0,0,0,0,0,0,1,0,0,0,"Auto kommt aus Ausfahrt",0,Dresden
49.451178,11.027159,1620744824994,1,0,0,2,7,0,0,0,0,0,0,1,0,0,0,,0,Dresden
51.036422,13.794902,1620110971992,1,0,0,2,1,0,0,0,0,0,0,1,0,0,0,,0,Dresden
51.036847,13.793800,1620110983992,1,0,0,2,1,0,0,0,0,0,0,1,0,0,1,,0,Dresden
51.057673,13.759686,1620277831001,2,0,0,0,4,0,1,1,0,0,0,0,0,0,0,,0,Dresden
51.051960,13.809720,1620278375000,2,0,0,0,2,0,0,0,0,0,0,1,0,0,0,,0,Dresden
51.023603,13.840722,1620278925000,2,0,0,0,2,0,0,0,1,0,0,0,0,0,0,,0,Dresden
51.009981,13.858321,1620279241000,2,0,0,0,2,0,0,0,0,0,0,1,0,0,0,,0,Dresden
51.009561,13.859282,1620279253000,2,0,0,0,1,0,0,0,0,0,0,1,0,0,1,,0,Dresden
51.009249,13.860019,1620279262000,2,0,0,0,7,0,1,1,0,0,0,0,0,0,0,,0,Dresden
49.454113,11.045785,1621348483992,1,0,0,2,8,0,0,0,0,0,0,1,0,0,1,"Auto kommt aus Nebenstraße. Fahrerin schaut immer in die andere richtung. Bremst zwar rechtzeitig, aber ich muss auch bremsen weil ich Angst habe sie übersieht mich ",0,Dresden
51.035790,13.796368,1622181087004,1,0,0,2,8,0,0,0,0,0,0,1,0,0,0,,0,Dresden
51.048863,13.762275,1622460305998,1,0,0,0,1,0,0,0,0,1,0,0,0,0,0,,0,Dresden
51.042800,13.794672,1622460643999,1,0,0,0,7,0,0,0,1,0,0,0,0,0,0,,0,Dresden
50.97544456,13.72588637,1620486944000,0,0,0,0,1,0,0,0,0,0,0,0,0,0,1,An Engstelle außerorts mit sehr wenig Abstand und hoher Geschwindigkeit überholt worden. ,0,Dresden
51.044561,13.753161,1619874766001,1,0,0,2,1,0,0,0,1,0,0,0,0,0,0,"",0,Dresden
51.047414,13.750961,1620838084998,1,0,0,2,1,0,1,0,0,0,0,0,0,0,0,,0,Dresden
51.045528,13.757530,1622447370001,1,0,0,0,1,0,0,0,0,0,0,1,0,0,0,,0,Dresden
51.026083,13.792356,1619881409001,1,0,0,2,1,0,0,0,0,0,0,1,0,0,0,,0,Dresden
51.05141638,13.67972045,1620284440000,0,0,0,0,1,0,0,0,0,0,0,0,0,0,1,Opa im PKW, Abstand ca. 30 - \n50 cm,0,Dresden
51.04907491,13.67543949,1620284516000,0,0,0,0,4,0,0,0,0,1,0,0,0,0,1,LKW hat Vorfahrt missachtet. Hindernis war auf seiner Seite.,0,Dresden
51.052317,13.809386,1620110062001,2,0,0,0,2,0,1,1,0,0,0,1,0,0,0,"Hohes Verkehrsaufkommen durch parkende Autos und dadurch Engstelle für Fahrrad und Fußgänger  ",0,Dresden
51.023579,13.840852,1620110700000,2,0,0,0,2,0,1,1,0,0,0,1,0,0,0,"Hohes Verkehrsaufkommen durch parkende Autos und dadurch Engstelle für Fahrrad und Fußgänger  ",0,Dresden
51.008921,13.861487,1620111094000,2,0,0,0,5,0,0,0,1,0,0,1,0,0,0,"Hohes Verkehrsaufkommen durch kreuzende Autos, Bus und parkende Autos ",0,Dresden
50.982102,13.883262,1620111647999,2,0,0,0,7,0,1,1,0,0,0,0,0,0,0,,0,Dresden
49.453481,11.019422,1620060850000,1,0,0,2,6,0,0,0,0,0,0,1,0,0,1,,0,Dresden
49.453470,11.019816,1620060854000,1,0,0,2,2,0,0,0,0,0,0,1,0,0,1,,0,Dresden
49.453234,11.021227,1620060870000,1,0,0,2,8,0,0,0,0,0,0,0,0,0,1,"Fahrradweg geht von Bürgersteig auf Fahrbahn und kreuzt Rechtsabbieger. ",0,Dresden
49.448876,11.035082,1620061041999,1,0,0,2,7,0,0,0,0,0,0,1,0,0,1,"Auto parkt auf Fahrradweg. Ausweichen gefährlich",0,Dresden
51.025425,13.805486,1621628534001,1,0,0,2,1,0,0,0,0,0,0,1,0,0,0,,0,Dresden
51.0436621,13.70260136,1622105833000,0,0,0,0,7,0,0,0,0,0,0,0,0,0,0,Zwei Falschparker auf gemeinsamem Geh- und Radweg,0,Dresden
50.981419,13.867844,1620229240936,2,0,0,0,1,0,0,0,0,0,0,1,0,0,1,,0,Dresden
51.042628,13.797150,1620230826999,2,0,0,0,1,0,0,0,0,1,0,0,0,0,0,,0,Dresden
51.043855,13.782240,1620231001000,2,0,0,0,3,0,0,0,0,0,0,1,0,0,1,,0,Dresden
51.043835,13.782204,1620231009000,2,0,0,0,3,0,0,0,0,0,0,1,0,0,0,,0,Dresden
51.062064,13.752133,1620231630999,2,0,0,0,1,0,0,0,0,1,0,0,0,0,0,,0,Dresden
49.453822,11.015022,1620282852994,1,0,0,2,2,0,0,0,0,0,0,1,0,0,0,,0,Dresden
49.454213,11.009344,1620282932993,1,0,0,2,8,0,0,0,0,1,0,0,0,0,0,"Lkw mach u-turn und fährt auf Fahrradweg ",0,Dresden
51.054152,13.722308,1621720318002,1,0,0,2,5,0,0,0,0,0,0,1,0,0,0,,0,Dresden
51.030546,13.788051,1621721345001,1,0,0,2,8,0,0,0,0,0,0,0,1,0,0,,0,Dresden
49.454113,11.045785,1621348483992,1,0,0,2,8,0,0,0,0,0,0,1,0,0,1,"Auto kommt aus Nebenstraße. Fahrerin schaut immer in die andere richtung. Bremst zwar rechtzeitig, aber ich muss auch bremsen weil ich Angst habe sie übersieht mich ",0,Dresden
51.044309,13.815874,1620058719999,2,0,0,0,2,0,0,1,0,0,0,1,0,0,0,,0,Dresden
51.052930,13.808743,1620058871002,2,0,0,0,2,0,0,0,0,0,0,1,0,0,0,,0,Dresden
51.059240,13.761683,1620059480999,2,0,0,0,7,0,1,0,0,0,0,0,0,0,0,,0,Dresden
51.059097,13.761387,1620059484999,2,0,0,0,7,0,1,0,0,0,0,0,0,0,0,,0,Dresden
51.065831,13.753469,1620059772000,2,0,0,0,4,0,1,0,0,0,0,1,0,0,0,,0,Dresden
51.068489,13.755168,1620059832000,2,0,0,0,3,0,1,0,0,0,0,1,0,0,0,,0,Dresden
51.025362,13.805363,1621803405002,1,0,0,2,8,0,0,0,0,0,0,1,0,0,0,,0,Dresden
51.05668666666667,13.777805,1621929603000,0,0,0,0,5,0,0,0,0,0,0,0,0,0,1,,0,Dresden
51.05594333333333,13.777885,1621929594000,0,0,0,0,1,0,0,0,0,0,0,0,0,0,0,,0,Dresden
51.05644333333333,13.777808333333333,1621929600000,0,0,0,0,1,0,0,0,0,0,0,0,0,0,0,,0,Dresden
51.066481,13.753750,1620195753000,2,0,0,0,4,0,0,0,1,0,0,0,0,0,0,,0,Dresden
51.056977,13.758599,1620196083001,2,0,0,0,4,0,1,1,0,0,0,0,0,0,0,,0,Dresden
51.051941,13.809732,1620196646999,2,0,0,0,2,0,1,1,0,0,0,1,0,0,0,"Hohes Verkehrsaufkommen durch parkende Autos und dadurch Engstelle für Fahrrad und Fußgänger  ",0,Dresden
51.024059,13.840477,1620197198999,2,0,0,0,4,0,1,1,0,0,0,1,0,0,0,"Hohes Verkehrsaufkommen durch parkende Autos und dadurch Engstelle für Fahrrad und Fußgänger  ",0,Dresden
51.017511,13.845736,1620197366998,2,0,0,0,4,0,1,1,0,0,0,0,0,0,0,,0,Dresden
51.020413,13.790153,1621782046046,1,0,0,0,1,0,0,0,0,0,0,0,1,0,0,,0,Dresden
51.03333572857082,13.774651363492012,1620226638000,0,0,0,0,8,0,0,0,0,0,0,0,0,0,0,Baustellen"umleitung" ist nicht mitgedacht gewählt ,0,Dresden
51.029863650910556,13.783290507271886,1620226457000,0,0,0,0,1,0,0,0,0,0,0,0,0,0,0,,0,Dresden
51.027694875374436,13.78861729055643,1620226358000,0,0,0,0,1,0,0,0,0,0,0,0,0,0,0,,0,Dresden
51.040476,13.802725,1622821145001,1,0,0,0,7,0,0,0,1,0,0,0,0,0,0,,0,Dresden
51.02662,13.836188333333332,1623321489000,0,0,0,0,7,0,0,0,0,0,0,1,0,0,0,,0,Dresden
51.05075966,13.72878938,1623684702000,0,0,0,0,7,0,0,0,0,0,0,1,0,0,0,Falschparker auf Radweg,0,Dresden
51.036676,13.807021,1622786400955,1,0,0,0,1,0,0,0,0,0,0,1,0,0,0,,0,Dresden
51.046131,13.780075,1622786830001,1,0,0,0,1,0,0,0,0,0,0,1,0,0,0,,0,Dresden
51.046418,13.778876,1622786839001,1,0,0,0,1,0,0,0,0,0,0,1,0,0,0,,0,Dresden
51.05712373,13.72394466,1623394275000,0,0,0,0,8,0,0,0,0,0,0,1,0,0,1,Radverkehr soll wegen Baustelle auf Straße fahren. Angehupt worden, weil auf der Straße gefahren. ,0,Dresden
49.561043,10.998822,1622534558000,2,0,0,5,7,0,0,0,0,0,0,0,0,0,0,"Leine ülötzlich über gesamten Weg",0,Dresden
51.0462792,13.70314861,1623084812000,0,0,0,0,8,0,0,0,0,0,0,1,0,0,0,Links abbiegen von wernerstraße in Lübecker Straße. Beim Handzeichen gestikuliert Autofahrer hinter mir seinen Unmut dass er mich einordnen lassen muss. ,0,Dresden
51.025289,13.805360,1622921123000,1,0,0,0,8,0,0,0,0,0,0,1,0,0,0,,0,Dresden
51.041456,13.785246,1622615205002,1,0,0,0,1,0,0,0,0,0,0,1,0,0,0,,0,Dresden
51.027967,13.798270,1622975896914,1,0,0,0,1,0,0,0,0,0,0,1,0,0,0,,0,Dresden
51.042698,13.764692,1622976381003,1,0,0,0,1,0,0,0,0,0,0,1,0,0,0,,0,Dresden
51.038144,13.786792,1623045310000,1,0,0,0,8,0,0,0,0,0,0,1,0,0,0,,0,Dresden
51.038142,13.786802,1623045316000,1,0,0,0,8,0,0,0,0,0,0,1,0,0,0,,0,Dresden
51.035161,13.783162,1622479180001,1,0,0,0,1,0,0,0,0,0,0,1,0,0,0,,0,Dresden
51.036010,13.781062,1622479198001,1,0,0,0,1,0,0,0,0,0,0,1,0,0,0,,0,Dresden
51.05705669,13.72386335,1625468840000,,0,0,,7,0,0,0,0,0,0,1,0,0,0,Falschparker,0,Dresden
51.05057754,13.72697748,1624819266000,,0,0,,7,0,0,0,0,0,0,1,0,0,0,Falschparker auf Radfahrstreifen,0,Dresden
51.008925,13.861305,1619626876002,2,0,0,0,8,1,0,1,0,0,0,1,0,0,0,"Straßenkreuzung ",0,Dresden
51.017540,13.845144,1619627055001,2,0,0,0,3,0,0,0,0,0,0,1,0,0,1,"Einfahrt Supermarkt Auto hat mich übersehen beim einfahren",0,Dresden
51.019677,13.841805,1619627107000,2,0,0,0,4,0,1,1,0,0,0,0,0,0,0,,0,Dresden
51.020221,13.843177,1619627129000,2,0,0,0,4,0,1,1,0,0,0,0,0,1,0,"Skater ",0,Dresden
51.026700,13.839264,1619627234000,2,0,0,0,8,0,1,1,1,0,1,1,0,0,0,"Hohes Verkehrsaufkommen .. sehr unübersichtlich ",1,Dresden
51.052853,13.808628,1619627674000,2,0,0,0,8,0,1,1,0,0,1,1,0,0,0,"Hohes Verkehrsaufkommen .. sehr unübersichtlich ",1,Dresden
51.063058,13.751580,1619629212999,2,0,0,0,1,0,0,0,1,1,0,1,0,0,0,,0,Dresden
51.068084,13.758067,1619629364998,2,0,0,0,4,0,1,1,0,0,0,0,0,0,0,,0,Dresden
51.033311,13.802892,1619589051999,1,0,0,2,4,0,0,0,0,0,0,1,0,0,1,,0,Dresden
51.05102718,13.747245,1618646280000,0,0,0,0,8,0,0,1,0,0,0,0,0,0,0,Fußgänger geht bei rot ohne zu schauen,0,Dresden
49.48867637,11.10984657,1619343064000,0,0,0,0,7,0,0,1,0,0,0,0,0,0,0,,0,Dresden
49.52827687,11.11843783,1619343738000,0,0,0,0,1,0,0,0,0,0,0,0,0,0,1,,0,Dresden
49.46995748,11.0347752,1619764550000,0,0,0,0,8,0,0,0,0,0,0,0,0,0,0,Pkw erzwingt Vorfahrt bei rvl\n,0,Dresden
49.510596,11.093758,1619186370000,2,0,0,5,7,0,0,1,0,0,0,0,0,0,0,,0,Dresden
49.46535948,11.08191903,1619252810000,0,0,0,0,8,0,0,0,0,0,0,0,0,1,0,Kind beim Versuch, freihändig zu fahren, vom Tandem gefallen.\n,0,Dresden
51.028474,13.786349,1619636825000,1,0,0,2,8,0,0,0,0,0,0,0,0,1,0,"Vorfahrt genommen von Kleinbus",0,Dresden
51.034497,13.783603,1618935583002,1,0,0,2,8,0,0,0,0,0,0,0,0,1,0,"Schlechte Infrastruktur: Plötzliches Ende des eigenständigen Radwegs ohne saubere Überleitung auf die Fahrbahn oder wenigstens einen freigegebenen Gehweg",0,Dresden
51.018672,13.806388,1619162994019,1,0,0,2,1,0,0,0,0,0,0,1,0,0,0,,0,Dresden
51.04557871,13.7023928,1619627974000,0,0,0,0,4,0,1,0,0,0,0,0,0,0,0,PKW überholt Radfahrer, obwohl ich entgegen komme. Kaum seitenabstand,0,Dresden
51.04930075,13.72016703,1618655643000,0,0,0,0,7,0,0,0,0,0,0,0,0,0,0,Polizei blockiert gemeinsamen Geh- und Radweg,0,Dresden
51.1217093823056,13.77744962351588,1619710146280,0,0,0,0,4,0,0,0,0,0,0,0,0,0,0,Vorrang bei Hindernis auf Gegenseite wurde nicht gewährt. ,0,Dresden
51.0820246729787,13.726256623610618,1619711560571,0,0,0,0,1,0,0,0,0,0,0,0,0,0,0,,0,Dresden
51.09137305858582,13.737617526462845,1619711305000,0,0,0,0,1,0,0,0,0,0,0,0,0,0,0,,0,Dresden
51.12568651105894,13.790554796357608,1619676672000,0,0,0,0,1,0,0,0,0,0,0,0,0,0,0,Direkt beim einschwenken auf den Schutzstreifen überholte der nachfolgende PKW trotz Gegenverkehr zu dicht. ,0,Dresden
49.4614126,11.08247101,1619346416000,0,0,0,0,7,0,0,0,0,0,0,0,0,0,0,Gehwegparker,0,Dresden
49.46345534,11.08215168,1619346332000,0,0,0,0,7,0,0,0,0,0,0,0,0,0,0,Kreuzungsparker\n,0,Dresden
51.061356,13.692508,1619455364000,1,0,0,2,1,0,0,0,0,1,0,0,0,0,0,,0,Dresden
51.046918,13.759936,1619070430999,2,0,0,2,2,0,0,1,0,0,0,1,0,0,1,,0,Dresden
51.023450,13.804818,1619160214978,1,0,0,2,1,0,0,0,0,0,0,1,0,0,0,,0,Dresden
51.019745,13.805095,1619160277978,1,0,0,2,1,0,0,0,0,0,0,1,0,0,0,,0,Dresden
51.018729,13.806143,1619160295979,1,0,0,2,1,0,0,0,0,0,0,1,0,0,0,,0,Dresden
49.43996595,11.10021296,1619068199000,0,0,0,0,8,0,0,0,0,0,0,0,0,0,0,Mit 5 Pkw zugeparkte Kreuzung - extrem unübersichtlich ,0,Dresden
51.038385,13.774352,1619121788001,1,0,0,2,7,0,0,0,0,0,0,0,0,0,0,"Dauerpfütze auf wassergebundenem Weg",0,Dresden
49.460712,11.025074,1619710980001,1,0,0,2,3,0,0,0,0,0,0,1,0,0,1,,0,Dresden
49.456152,11.039386,1619711210996,1,0,0,2,8,0,0,0,0,0,0,1,0,0,1,"PKW parkt auf Fahrradweg. \nAusweichen nicht möglich da nebenan 2 spurige Autostraßen, kein Auto lässt einen rein ",0,Dresden
51.05464724,13.71988747,1619675975000,0,0,0,0,1,0,0,0,0,0,0,0,0,0,0,Kurvige Engstelle. Autofahrer fahren teilweise zur Hälfte auf Radfahrstreifen. ,0,Dresden
51.03955866,13.6572699,1628698962000,,0,0,,1,1,0,0,0,0,0,0,0,0,1,,0,Dresden
51.04246188,13.68202687,1628266570000,,0,0,,1,0,0,0,0,0,0,1,0,0,1,,0,Dresden
49.454113,11.045785,1621348483992,1,0,0,2,8,0,0,0,0,0,0,1,0,0,1,"Auto kommt aus Nebenstraße. Fahrerin schaut immer in die andere richtung. Bremst zwar rechtzeitig, aber ich muss auch bremsen weil ich Angst habe sie übersieht mich ",0,Dresden
51.04678079,13.7219141,1632234292000,,0,0,,8,0,0,0,0,0,0,1,0,0,0,zum links abbiegen auf normale Fahrbahn gefahren,0,Dresden
51.050121,13.673044,1653517631001,1,0,0,2,7,0,0,0,0,0,0,0,0,1,0,"wuchernde Vegetation",0,Dresden
51.049306,13.662291,1653517830000,1,0,0,2,7,0,0,0,0,0,0,0,0,1,0,"wuchernde Vegetation",0,Dresden
51.051305,13.684007,1653026261004,1,0,0,0,1,0,0,0,0,0,0,0,0,1,0,"SUV",0,Dresden
51.050008,13.739206,1653027088999,1,0,0,0,1,0,0,0,0,0,0,1,0,0,0,,0,Dresden
51.047197,13.750646,1653027272000,1,0,0,0,3,0,0,0,0,0,0,1,0,0,0,,0,Dresden
51.050268,13.725184,1652248451000,1,0,0,2,7,0,0,1,0,0,0,0,0,0,0,"Fußgängerrot missachtet",0,Dresden
51.050485,13.735034,1652248565000,1,0,0,2,1,0,0,0,0,0,0,1,0,0,0,"gleiches Fahrzeug wie am Pirnaischen Platz",0,Dresden
51.049111,13.744653,1652248721000,1,0,0,2,1,0,0,0,0,0,0,1,0,0,0,"gleiches Fahrzeug wie auf der Wilsdruffer Straße",0,Dresden
51.061720,13.690667,1651989057001,1,0,0,2,7,0,0,0,0,0,0,0,0,1,0,"E-Roller",0,Dresden
51.049967,13.675258,1653590607004,1,0,0,2,7,0,0,0,0,0,0,0,0,1,0,"wuchernde Vegetation",0,Dresden
51.051578,13.724321,1651854717000,1,0,0,2,4,0,0,0,0,0,0,1,0,0,0,,0,Dresden
51.048773,13.679686,1651855422000,1,0,0,2,7,0,0,0,0,0,0,0,0,1,0,"den Radweg zuwuchernde Sträucher",0,Dresden
51.049709,13.676004,1651855526000,1,0,0,2,7,0,0,0,0,0,0,0,0,1,0,"Glasscherben",0,Dresden
51.048543,13.653522,1651855988999,1,0,0,2,7,0,0,0,0,0,0,1,0,0,0,,0,Dresden
51.048865,13.692955,1652336393069,1,0,0,0,7,0,0,0,1,0,0,0,0,0,0,"Falschparker auf Radschutzstreifen",0,Dresden
51.044687,13.758284,1652337415000,1,0,0,0,4,0,1,0,0,0,0,0,0,0,0,,0,Dresden
51.049461,13.716644,1651766679002,1,0,0,0,7,0,0,1,0,0,0,0,0,0,0,,0,Dresden
51.049905,13.675411,1651767323000,1,0,0,0,7,0,0,1,0,0,0,0,0,0,0,,0,Dresden
51.043803,13.700023,1652802613999,1,0,0,2,7,0,0,0,1,0,0,0,0,0,0,"Falschparker",0,Dresden
51.043743,13.699745,1652802617999,1,0,0,2,7,0,0,0,0,0,0,0,0,1,0,"Pickup, Falschparker",0,Dresden
51.050185,13.673020,1652803668999,1,0,0,2,7,0,0,0,0,0,0,0,0,1,0,"Vegetationsbruch",0,Dresden
51.049323,13.662161,1652804039999,1,0,0,2,7,0,0,0,0,0,0,0,0,1,0,"wuchernde Vegetation",0,Dresden
51.043704,13.699663,1652116460001,1,0,0,5,7,0,0,0,0,0,0,1,0,0,0,,0,Dresden
51.050624,13.734455,1652855183000,1,0,0,0,7,0,0,0,1,0,0,0,0,0,0,,0,Dresden
51.041287,13.766701,1652855722999,1,0,0,0,4,0,1,0,0,0,0,0,0,0,0,,0,Dresden
51.040565,13.768444,1652855744000,1,0,0,0,4,0,1,0,0,0,0,0,0,0,0,,0,Dresden
51.049828,13.653299,1652422780807,1,0,0,1,4,0,0,0,0,0,0,1,0,0,0,,0,Dresden
51.053861,13.667928,1652422912805,1,0,0,1,1,0,0,0,0,0,0,1,0,0,0,"selbes Fahrzeug wie auf Steinbacher Straße",0,Dresden
51.049967,13.686483,1652423132804,1,0,0,1,1,0,0,0,0,0,0,1,0,0,0,"selbes Fahrzeug wie auf Gompitzer Straße",0,Dresden
51.043825,13.704566,1652423407003,1,0,0,1,7,0,1,0,0,0,0,0,0,0,0,,0,Dresden
51.053953,13.668431,1652768471939,1,0,0,2,1,0,0,0,0,0,0,1,0,0,0,,0,Dresden
51.052927,13.672476,1652768498939,1,0,0,2,8,0,0,0,0,0,0,1,0,0,0,"Vorfahrt missachtet",0,Dresden
51.050609,13.728720,1652769263000,1,0,0,2,7,0,0,0,0,0,0,1,0,0,0,"Falschparker auf Radschutzstreifen",0,Dresden
51.050253,13.724217,1652717781999,1,0,0,0,7,0,0,0,1,0,0,0,0,0,0,"Falschparker auf Radweg",0,Dresden
51.048761,13.680038,1652718719000,1,0,0,0,7,0,0,0,0,0,0,0,0,1,0,"wuchernde Vegetation",0,Dresden
51.049258,13.678333,1652718746999,1,0,0,0,7,0,0,0,0,0,0,0,0,1,0,"wuchernde Vegetation",0,Dresden
51.049309,13.661940,1652719126000,1,0,0,0,7,0,0,0,0,0,0,0,0,1,0,"wuchernde Vegetation",0,Dresden
51.041194,13.772092,1652458387001,1,0,0,1,1,0,0,0,0,0,0,1,0,0,0,,0,Dresden
51.049277,13.661725,1652461065000,1,0,0,1,7,0,0,0,0,0,0,0,0,1,0,"den Radweg zuwuchernde Sträucher",0,Dresden
51.049094,13.678858,1651868198001,1,0,0,1,7,0,0,0,0,0,0,0,0,1,0,"den Radweg zuwuchernde Sträucher",0,Dresden
51.049865,13.670653,1651868330002,1,0,0,1,7,0,0,0,0,0,0,0,0,1,0,"Glasscherben",0,Dresden
51.043695,13.760919,1653374552000,1,0,0,0,4,0,1,0,0,0,0,0,0,0,0,,0,Dresden
51.050895,13.684889,1653458170003,1,0,0,2,1,0,0,0,1,0,0,0,0,0,0,,0,Dresden
51.050728,13.685206,1653458173003,1,0,0,2,1,0,0,0,1,0,0,0,0,0,0,,0,Dresden
51.050614,13.727841,1653458796000,1,0,0,2,7,1,0,0,0,0,0,0,0,0,0,"Falschparker auf Radweg",0,Dresden
51.050286,13.737211,1653459554001,1,0,0,2,3,0,0,0,0,1,0,0,0,0,0,,0,Dresden
51.042927,13.762571,1653459905000,1,0,0,2,4,0,1,0,0,0,0,0,0,0,0,,0,Dresden
51.035929,13.717813,1651860681000,1,0,0,1,7,0,0,1,0,0,0,0,0,0,0,,0,Dresden
51.047673,13.750516,1652286218998,1,0,0,0,7,0,0,0,1,0,0,0,0,0,0,"Falschparker auf Radfahrstreifen",0,Dresden
51.048663,13.680389,1652907291001,1,0,0,0,7,0,0,0,0,0,0,0,0,1,0,"wuchernde Vegetation",0,Dresden
51.049166,13.678533,1652907318001,1,0,0,0,7,0,0,0,0,0,0,0,0,1,0,"wuchernde Vegetation",0,Dresden
51.047027,13.692762,1653594668998,1,0,0,0,5,0,0,0,0,0,0,0,1,0,1,,0,Dresden
51.049657,13.676326,1653594904997,1,0,0,0,7,0,0,0,0,0,0,0,0,1,0,"wuchernde Vegetation",0,Dresden
51.049519,13.721279,1652681689000,1,0,0,0,7,0,0,0,0,0,0,1,0,0,0,"",0,Dresden
51.042722,13.773708,1652682776000,1,0,0,0,8,0,0,0,1,0,0,0,0,0,0,"Sichtbehinderung durch Parken im Kreuzungsbereich",0,Dresden
51.048684,13.680597,1653061211000,1,0,0,1,7,0,0,0,0,0,0,0,0,1,0,"wuchernde Vegetation",0,Dresden
51.049229,13.678586,1653061235000,1,0,0,1,7,0,0,0,0,0,0,0,0,1,0,"wuchernde Vegetation",0,Dresden
51.048099,13.655170,1653061640999,1,0,0,1,7,0,0,0,0,0,0,0,0,1,0,"wuchernde Vegetation",0,Dresden
51.046598,13.757458,1651730294000,1,0,0,2,8,0,0,0,0,0,0,1,0,0,0,"Vorfahrt missachtet",0,Dresden
51.042996,13.750096,1653408596938,1,0,0,2,4,0,0,0,0,0,0,1,0,0,0,,0,Dresden
51.050596,13.725482,1653409086006,1,0,0,2,7,0,0,1,0,0,0,0,0,0,0,"Fahrbahn querende unaufmerksame Fußgänger",0,Dresden
51.043710,13.699520,1653409610000,1,0,0,2,7,0,0,0,0,0,0,1,0,0,0,,0,Dresden
51.048582,13.680723,1653410008000,1,0,0,2,7,0,0,0,0,0,0,0,0,1,0,"wuchernde Vegetation",0,Dresden
51.049159,13.678589,1653410040000,1,0,0,2,7,0,0,0,0,0,0,0,0,1,0,"wuchernde Vegetation",0,Dresden
51.044441,13.706311,1652978608999,1,0,0,0,7,0,0,1,0,0,0,0,0,0,0,"",0,Dresden
51.048924,13.679353,1652979036999,1,0,0,0,7,0,0,0,0,0,0,0,0,1,0,"wuchernde Vegetation",0,Dresden
51.049401,13.667828,1652979245999,1,0,0,0,7,0,0,1,0,0,0,0,0,0,0,,0,Dresden
51.049385,13.666904,1652979261999,1,0,0,0,7,0,0,1,0,0,0,0,0,0,0,,0,Dresden
51.049265,13.661659,1652979349999,1,0,0,0,7,0,0,0,0,0,0,0,0,1,0,"Glasscherben",0,Dresden
51.048047,13.654988,1652979453999,1,0,0,0,7,0,0,0,0,0,0,0,0,1,0,"wuchernde Vegetation",0,Dresden
51.033996,13.800896,1641925218000,1,0,0,2,5,0,0,0,0,0,0,1,0,0,0,"selbes Fahrzeug wie die nachfolgenden Vorfälle",0,Dresden
51.032795,13.804088,1641925254000,1,0,0,2,5,0,0,0,0,0,0,1,0,0,0,"selbess Fahrzeug wie sowohl der vorhergehende als auch der nachfolgende Vorfall",0,Dresden
51.032243,13.804531,1641925269000,1,0,0,2,1,0,0,0,0,0,0,1,0,0,0,"selbes Fahrzeug wie die vorhergehenden Vorfälle",0,Dresden
51.026677,13.802240,1642612079000,5,0,0,2,1,0,0,0,0,0,0,1,0,0,1,"Es ist zum Zusammenstoß gekommen.",0,Dresden
51.025900,13.804301,1642612109001,5,0,0,2,1,0,0,0,0,0,0,1,0,0,0,,0,Dresden
51.043751,13.748071,1642349692002,1,0,0,2,8,0,0,0,0,0,0,1,0,1,0,"Überhöhte Geschwindigkeit, Missachtung der Vorfahrt",0,Dresden
51.052064,13.777161,1642092960000,1,0,0,2,7,0,0,0,0,0,0,1,0,0,0,"Unnötig auf dem Radschutzstreifen wartendes Fahrzeug",0,Dresden
51.039786,13.804242,1642094012001,1,0,0,2,2,0,0,0,0,0,0,1,0,0,0,,0,Dresden
51.038216,13.785447,1641884649000,1,0,0,2,8,0,0,0,0,0,0,1,0,0,0,,0,Dresden
51.038210,13.785442,1641884653000,1,0,0,2,8,0,0,0,0,0,0,1,0,0,0,,0,Dresden
51.051094,13.719085,1647328576000,1,0,0,5,8,0,0,0,0,1,0,0,0,0,0,"Parken auf Radschutzstreifen, dadurch Sichtbehinderung für querenden Rad- und Fußverkehr ",0,Dresden
51.048109,13.699678,1647850670001,1,0,0,2,1,0,0,0,0,0,0,1,0,0,0,,0,Dresden
51.050139,13.672334,1647623461000,1,0,0,5,3,0,0,0,0,0,0,1,0,0,0,,0,Dresden
51.045880,13.702328,1647585065001,1,0,0,5,7,0,0,0,0,0,0,1,0,0,0,,0,Dresden
51.043636,13.699994,1646846292000,1,0,0,5,7,0,0,0,1,0,0,0,0,0,0,"im Parkverbot stehendes Fahrzeug, sodass Ausweichen in Gleisbereich erforderlich",0,Dresden
51.043642,13.699987,1646846298000,1,0,0,5,7,0,0,0,1,0,0,0,0,0,0,"im Parkverbot stehendes Fahrzeug, sodass Ausweichen in Gleisbereich erforderlich",0,Dresden
51.050462,13.737821,1647448170000,1,0,0,5,1,0,1,0,0,0,0,0,0,0,0,,0,Dresden
51.045526,13.693292,1647448896001,1,0,0,5,1,0,0,0,0,0,0,1,0,0,0,,0,Dresden
51.046269,13.692972,1647448905001,1,0,0,5,1,0,0,0,0,0,0,1,0,0,0,,0,Dresden
51.043751,13.703130,1648145082001,1,0,0,2,7,0,0,1,0,0,0,0,0,0,0,,0,Dresden
51.050962,13.684932,1647499120009,1,0,0,5,8,0,0,0,0,0,0,1,0,0,0,"nötigendes Hupen",0,Dresden
51.051017,13.731116,1647499840000,1,0,0,5,7,0,0,0,0,1,0,0,0,0,0,,0,Dresden
51.050754,13.685368,1646979953012,1,0,0,5,1,0,0,0,0,0,0,1,0,0,0,,0,Dresden
51.053744,13.670182,1646320862000,1,0,0,2,1,0,0,0,0,0,0,1,0,0,0,,0,Dresden
51.049106,13.690433,1648381882931,1,0,0,2,7,0,0,0,0,0,0,1,0,0,0,,0,Dresden
51.051935,13.761651,1646757641973,1,0,0,5,8,1,0,0,0,0,0,0,0,0,0,"Missachtung der Vorfahrt am Kreisverkehr",0,Dresden
51.050885,13.685138,1646634226008,1,0,0,5,1,0,0,0,1,0,0,0,0,0,0,,0,Dresden
51.050509,13.685794,1646634232009,1,0,0,5,1,0,0,0,0,0,0,1,0,0,0,,0,Dresden
51.051635,13.724328,1646634904001,1,0,0,5,4,0,0,0,0,1,0,0,0,0,0,"",0,Dresden
51.047461,13.750489,1646721233000,1,0,0,5,3,0,0,0,0,0,0,1,0,0,0,,0,Dresden
51.031560,13.784497,1648226268983,1,0,0,0,1,0,0,0,0,0,0,1,0,0,0,,0,Dresden
51.050617,13.727847,1647240074001,1,0,0,2,7,0,0,0,0,0,0,1,0,0,0,"auf Sperrfläche parkend und in Radweg ragend",0,Dresden
51.048947,13.693911,1655184881000,1,0,0,0,1,0,0,0,0,0,0,1,0,0,0,,0,Dresden
51.045062,13.756934,1655185671002,1,0,0,0,7,0,1,0,0,0,0,0,0,0,0,,0,Dresden
51.043704,13.760780,1655185708000,1,0,0,0,3,0,1,0,0,0,0,0,0,0,0,,0,Dresden
51.047217,13.685645,1655739390000,1,0,0,0,4,0,0,0,0,0,0,1,0,0,0,,0,Dresden
51.050757,13.731585,1655708241001,1,0,0,0,1,0,0,0,0,0,0,1,0,0,0,"selbes Auto wie auf Wilsdruffer Straße",0,Dresden
51.050423,13.735313,1655708289001,1,0,0,0,1,0,0,0,0,0,0,1,0,0,0,"selbes Auto wie auf Postplatz",0,Dresden
51.048754,13.680047,1654704437999,1,0,0,0,7,0,0,0,0,0,0,0,0,1,0,"wuchernde Vegetation",0,Dresden
51.049330,13.662161,1654704765000,1,0,0,0,7,0,0,0,0,0,0,0,0,0,0,,0,Dresden
51.052858,13.674281,1655790933996,1,0,0,0,8,0,0,0,0,0,0,1,0,0,1,"bei Gegenverkehr in uneinsehbarer Kurve überholt",0,Dresden
51.043867,13.760349,1655792172000,1,0,0,0,4,0,1,0,0,0,0,0,0,0,0,,0,Dresden
51.042735,13.764608,1655792215999,1,0,0,0,4,0,1,0,0,0,0,0,0,0,0,,0,Dresden
51.040716,13.768888,1655792263999,1,0,0,0,4,0,1,0,0,0,0,0,0,0,0,,0,Dresden
51.053804,13.669116,1654755431001,1,0,0,2,1,0,0,0,0,0,0,1,0,0,0,,0,Dresden
51.048869,13.692962,1654755789000,1,0,0,2,1,0,0,0,0,0,0,1,0,0,0,,0,Dresden
51.043573,13.761058,1654756737000,1,0,0,2,4,0,1,0,0,0,0,0,0,0,0,,0,Dresden
51.042472,13.763810,1654756783000,1,0,0,2,4,0,1,0,0,0,0,0,0,0,0,,0,Dresden
51.040987,13.767523,1654756824000,1,0,0,2,4,0,1,0,0,0,0,0,0,0,0,,0,Dresden
51.039710,13.770813,1654756872000,1,0,0,2,3,0,0,0,0,0,0,1,0,0,0,,0,Dresden
51.01610796,13.66974941,1655445276000,3,0,0,4,4,0,1,0,1,0,0,0,0,0,1,Lieferwagen versperrte Sucht, beinahe Kollision mit Radfahrer,0,Dresden
51.01446487,13.66475169,1655445221000,3,0,0,4,1,0,0,0,0,0,0,1,0,0,1,,0,Dresden
51.180193,13.562766,1655635188999,1,0,0,0,4,0,0,0,0,0,0,1,0,0,0,,0,Dresden
51.050890,13.731200,1655967466000,2,0,0,0,7,0,0,0,0,1,0,0,0,0,0,"Falschparker",0,Dresden
51.046795,13.755703,1655968015000,2,0,0,0,7,0,1,0,0,0,0,0,0,0,0,"Geisterfahrer",0,Dresden
51.048952,13.679540,1655223818000,1,0,0,0,7,0,0,0,0,0,0,0,0,1,0,"wuchernde Vegetation",0,Dresden
51.049175,13.661498,1655224143000,1,0,0,0,7,0,0,0,0,0,0,0,0,1,0,"wuchernde Vegetation",0,Dresden
51.051842,13.708645,1655632004001,1,0,0,2,1,0,0,0,0,0,0,1,0,0,0,,0,Dresden
51.054995,13.720642,1655632163002,1,0,0,2,1,0,0,0,0,0,0,1,0,0,0,,0,Dresden
51.055219,13.720919,1655632167001,1,0,0,2,1,0,0,0,0,0,0,1,0,0,0,,0,Dresden
51.052454,13.680709,1654581763991,1,0,0,0,1,0,0,0,0,0,0,1,0,0,0,"ambulanter Pflegedienst",0,Dresden
51.048264,13.713250,1654582262000,1,0,0,0,4,0,1,0,0,0,0,0,0,0,0,,0,Dresden
51.045170,13.693503,1654617444000,1,0,0,0,1,0,0,0,0,0,0,1,0,0,0,,0,Dresden
51.048153,13.681567,1654617661000,1,0,0,0,7,0,0,0,0,0,0,0,0,1,0,"abgestellter E-Scooter",0,Dresden
51.048235,13.681509,1654617664000,1,0,0,0,7,0,0,0,0,0,0,0,0,1,0,"Hund",0,Dresden
51.048799,13.680236,1654617720000,1,0,0,0,7,0,0,0,0,0,0,0,0,1,0,"wuchernde Vegetation",0,Dresden
51.049503,13.677142,1654617799000,1,0,0,0,7,0,0,0,0,0,0,0,0,1,0,"wuchernde Vegetation",0,Dresden
51.049285,13.661381,1654618101000,1,0,0,0,7,0,0,0,0,0,0,0,0,1,0,"wuchernde Vegetation",0,Dresden
51.041914,13.769724,1655311162975,1,0,0,0,7,0,0,0,1,0,0,0,0,0,0,,0,Dresden
51.043752,13.703383,1655312048000,1,0,0,0,7,0,0,1,0,0,0,0,0,0,0,,0,Dresden
51.043737,13.702569,1655312064000,1,0,0,0,7,0,0,1,0,0,0,0,0,0,0,,0,Dresden
51.044297,13.693939,1655312204000,1,0,0,0,1,0,0,0,0,0,0,1,0,0,0,,0,Dresden
51.048626,13.680570,1655312431000,1,0,0,0,7,0,0,0,0,0,0,0,0,1,0,"wuchernde Vegetation",0,Dresden
51.049253,13.678412,1655312475000,1,0,0,0,7,0,0,0,0,0,0,0,0,1,0,"wuchernde Vegetation",0,Dresden
51.049284,13.662083,1655312754000,1,0,0,0,7,0,0,0,0,0,0,0,0,1,0,"wuchernde Vegetation",0,Dresden
51.157209,13.563689,1655490935001,1,0,0,0,1,0,0,0,0,0,0,1,0,0,0,,0,Dresden
51.151957,13.566905,1655491025001,1,0,0,0,1,0,0,0,0,0,1,0,0,0,0,,0,Dresden
51.050674,13.728581,1655098857001,1,0,0,0,7,0,0,0,0,0,0,1,0,0,0,"Falschparker z.T. auf Radschutzstreifen",0,Dresden
51.044542,13.758619,1655099338000,1,0,0,0,4,0,1,0,0,0,0,0,0,0,0,,0,Dresden
51.044205,13.759612,1655099350000,1,0,0,0,4,0,1,0,0,0,0,0,0,0,0,,0,Dresden
51.044066,13.759960,1655099354000,1,0,0,0,4,0,1,0,0,0,0,0,0,0,0,,0,Dresden
51.047186,13.750628,1655879242000,1,0,0,0,3,0,0,0,0,1,0,0,0,0,0,,0,Dresden
51.043795,13.768991,1655879995000,1,0,0,0,7,0,0,0,0,0,0,1,0,0,0,"Falschparker auf Radschutzstreifen",0,Dresden
51.050707,13.729476,1656432689000,1,0,0,0,3,0,0,0,0,0,0,1,0,0,0,"Missachtung §9(3) StVO",0,Dresden
51.043131,13.699591,1656433228000,1,0,0,0,7,0,0,0,0,0,0,1,0,0,0,"Falschparker",0,Dresden
51.048651,13.680510,1656433514000,1,0,0,0,7,0,0,0,0,0,0,0,0,1,0,"wuchernde Vegetation",0,Dresden
51.049173,13.678531,1656433537999,1,0,0,0,7,0,0,0,0,0,0,0,0,1,0,"wuchernde Vegetation",0,Dresden
51.049264,13.678315,1656433545999,1,0,0,0,4,0,1,0,0,0,0,0,0,0,0,,0,Dresden
51.049318,13.662236,1656433853000,1,0,0,0,7,0,0,0,0,0,0,0,0,1,0,"wuchernde Vegetation",0,Dresden
51.048913,13.658458,1656433913000,1,0,0,0,7,0,0,1,0,0,0,0,0,0,0,"Fußgänger auf Radweg",0,Dresden
51.040938,13.771659,1655135182027,1,0,0,0,8,0,0,0,0,0,0,1,0,0,0,"Vorfahrt missachtet",0,Dresden
51.039595,13.738910,1655135657003,1,0,0,0,7,0,0,0,0,0,0,0,0,1,0,"wuchernde Vegetation",0,Dresden
51.043683,13.699931,1655139306999,1,0,0,0,7,0,0,0,0,0,0,1,0,0,0,"Falschparker",0,Dresden
51.048663,13.680525,1655139928999,1,0,0,0,7,0,0,0,0,0,0,0,0,1,0,"wuchernde Vegetation",0,Dresden
51.049302,13.662359,1655140223999,1,0,0,0,7,0,0,0,0,0,0,0,0,1,0,"wuchernde Vegetation",0,Dresden
51.052051,13.682210,1656394613010,1,0,0,2,1,0,0,0,0,0,0,1,0,0,0,,0,Dresden
51.047926,13.712563,1656395016999,1,0,0,2,7,0,0,0,0,0,0,0,0,1,0,"unangeleinter Hund",0,Dresden
51.043285,13.694512,1655919644000,1,0,0,2,1,0,0,0,0,0,0,1,0,0,0,,0,Dresden
51.043501,13.694139,1655919652000,1,0,0,2,1,0,0,0,0,0,0,1,0,0,1,,0,Dresden
51.043845,13.694056,1655919656000,1,0,0,2,1,0,0,0,0,0,0,1,0,0,0,,0,Dresden
51.048844,13.679928,1655919915999,1,0,0,2,7,0,0,0,0,0,0,0,0,1,0,"wuchernde Vegetation",0,Dresden
51.049115,13.678778,1655919931999,1,0,0,2,7,0,0,0,0,0,0,0,0,1,0,"wuchernde Vegetation",0,Dresden
51.049373,13.668463,1655920143000,1,0,0,2,7,0,0,0,0,0,0,0,0,1,0,"wuchernde Vegetation",0,Dresden
51.049284,13.662198,1655920318999,1,0,0,2,7,0,0,0,0,0,0,0,0,1,0,"wuchernde Vegetation",0,Dresden
51.048666,13.680562,1654900743000,1,0,0,0,7,0,0,0,0,0,0,0,0,1,0,"wuchernde Vegetation",0,Dresden
51.049305,13.662034,1654901093000,1,0,0,0,7,0,0,0,0,0,0,0,0,1,0,"wuchernde Vegetation",0,Dresden
51.045809,13.759935,1656602290003,1,0,0,0,2,0,0,0,0,0,0,1,0,0,0,,0,Dresden
51.048669,13.680803,1656603514000,1,0,0,0,7,0,0,0,0,0,0,0,0,1,0,"wuchernde Vegetation",0,Dresden
51.049209,13.678391,1656603553999,1,0,0,0,7,0,0,0,0,0,0,0,0,1,0,"wuchernde Vegetation",0,Dresden
51.049361,13.668659,1656603737999,1,0,0,0,7,0,0,0,0,0,0,0,0,1,0,"wuchernde Vegetation",0,Dresden
51.049314,13.662242,1656603851000,1,0,0,0,7,0,0,0,0,0,0,0,0,1,0,"wuchernde Vegetation",0,Dresden
51.051370,13.683832,1655271576920,1,0,0,0,1,0,0,0,0,0,0,1,0,0,0,,0,Dresden
51.050795,13.685111,1655271588920,1,0,0,0,1,0,0,0,0,0,0,1,0,0,0,,0,Dresden
51.050752,13.736081,1655272374002,1,0,0,0,1,0,0,0,0,0,0,1,0,0,0,"selbes Auto wie 100 m weiter",0,Dresden
51.050246,13.737687,1655272389002,1,0,0,0,1,0,0,0,0,0,0,1,0,0,0,"selbes Auto wie 100 m vorher",0,Dresden
51.043404,13.761394,1655272718000,1,0,0,0,4,0,1,0,0,0,0,0,0,0,0,,0,Dresden
51.042758,13.763129,1655272736000,1,0,0,0,4,0,1,0,0,0,0,0,0,0,0,,0,Dresden
51.042308,13.764320,1655272751000,1,0,0,0,4,0,1,0,0,0,0,0,0,0,0,,0,Dresden
51.051284,13.684061,1655446658976,1,0,0,0,1,0,0,0,0,0,0,1,0,0,0,,0,Dresden
51.043844,13.704526,1655446950003,1,0,0,0,3,0,0,0,0,0,0,1,0,0,0,"rote Ampel missachtet",0,Dresden
51.050766,13.720108,1655447142003,1,0,0,0,8,0,1,0,0,0,0,0,0,0,0,"Rechts vor Links",0,Dresden
51.051107,13.723975,1655447220001,1,0,0,0,1,0,0,0,0,0,0,1,0,0,0,"",0,Dresden
51.048302,13.765464,1656430788000,1,0,0,0,3,0,0,0,0,0,0,1,0,0,0,"Kurve geschnitten",0,Dresden
51.051284,13.684061,1655446658976,1,0,0,0,1,0,0,0,0,0,0,1,0,0,0,,0,Dresden
51.043844,13.704526,1655446950003,1,0,0,0,3,0,0,0,0,0,0,1,0,0,0,"rote Ampel missachtet",0,Dresden
51.050766,13.720108,1655447142003,1,0,0,0,8,0,1,0,0,0,0,0,0,0,0,"Rechts vor Links",0,Dresden
51.051107,13.723975,1655447220001,1,0,0,0,1,0,0,0,0,0,0,1,0,0,0,"",0,Dresden
51.049538,13.758741,1657805464000,1,0,0,0,7,0,0,0,0,0,0,1,0,0,0,"auf Radweg wartender Querverkehr",0,Dresden
51.053423,13.746753,1657805686002,1,0,0,0,1,0,0,0,0,0,0,1,0,0,0,,0,Dresden
51.053817,13.669059,1658384315899,1,0,0,0,1,0,0,0,0,0,0,1,0,0,0,,0,Dresden
51.051237,13.683446,1656913957003,1,0,0,2,1,0,0,0,0,0,0,1,0,0,0,,0,Dresden
51.047096,13.689926,1656914029001,1,0,0,2,1,0,0,0,0,0,0,1,0,0,0,,0,Dresden
51.049107,13.694564,1658652701999,1,0,0,0,7,0,0,0,1,0,0,0,0,0,0,,0,Dresden
51.045690,13.693302,1656948599999,1,0,0,0,1,0,0,0,0,0,0,1,0,0,0,,0,Dresden
51.047555,13.684160,1656948739999,1,0,0,0,7,0,0,1,0,0,0,0,0,0,0,"unachtsam",0,Dresden
51.048641,13.680526,1656948907000,1,0,0,0,7,0,0,0,0,0,0,0,0,1,0,"wuchernde Vegetation",0,Dresden
51.049098,13.678690,1656948935000,1,0,0,0,7,0,0,0,0,0,0,0,0,1,0,"wuchernde Vegetation",0,Dresden
51.049415,13.668620,1656949166999,1,0,0,0,7,0,0,0,0,0,0,0,0,1,0,"wuchernde Vegetation",0,Dresden
51.049372,13.662425,1656949318999,1,0,0,0,7,0,0,0,0,0,0,0,0,1,0,"wuchernde Vegetation",0,Dresden
51.047414,13.653766,1656949550998,1,0,0,0,7,0,0,0,0,0,0,0,0,1,0,"wuchernde Vegetation",0,Dresden
51.047459,13.652776,1656949614998,1,0,0,0,7,0,0,0,0,0,0,0,0,1,0,"Glasscherben",0,Dresden
51.061663,13.689994,1656769893962,2,0,0,0,3,0,0,0,0,0,0,1,0,0,0,,0,Dresden
51.057647,13.687247,1656769977962,2,0,0,0,1,0,0,0,0,0,0,1,0,0,0,,0,Dresden
51.057633,13.686788,1656769981962,2,0,0,0,1,0,0,0,0,0,0,1,0,0,0,,0,Dresden
51.049302,13.687074,1658728383990,1,0,0,0,1,0,0,0,0,0,0,1,0,0,0,,0,Dresden
51.052377,13.677822,1658662696000,1,0,0,0,1,0,0,0,0,0,0,1,0,0,0,,0,Dresden
51.061601,13.734580,1658663582999,1,0,0,0,8,0,1,0,0,0,0,0,0,0,0,"vorn Hindernis mangels Regelkenntis, hinten Drängler",0,Dresden
51.058275,13.689278,1657953244985,1,0,0,0,1,0,0,0,0,0,0,1,0,0,0,,0,Dresden
51.055392,13.682839,1657982799000,1,0,0,0,1,0,0,0,0,0,0,1,0,0,0,,0,Dresden
51.049141,13.678637,1657565731999,1,0,0,0,7,0,0,0,0,0,0,0,0,1,0,"wuchernde Vegetation",0,Dresden
51.049354,13.653609,1658206936860,1,0,0,0,4,0,0,0,0,0,0,1,0,0,0,"Kurve geschnitten",0,Dresden
51.044555,13.758244,1658208319000,1,0,0,0,7,0,0,0,1,0,0,0,0,0,0,,0,Dresden
51.051881,13.682398,1658987637985,1,0,0,0,4,0,0,0,0,0,0,1,0,0,0,"Gegenverkehr musste wegen Falschparker ausweichen",0,Dresden
51.049070,13.690712,1657693216992,1,0,0,0,7,0,0,0,0,0,0,1,0,0,0,"Falschparker auf Gehweg",0,Dresden
51.046536,13.710064,1657693786000,1,0,0,0,7,0,0,0,0,1,0,0,0,0,0,"auf Gehwegvorstreckung parkend die Fahrbahnquerung blockierend",0,Dresden
51.047834,13.681789,1657640197999,1,0,0,0,7,0,0,1,0,0,0,0,0,0,0,,0,Dresden
51.049193,13.678527,1657640258000,1,0,0,0,7,0,0,0,0,0,0,0,0,1,0,"wuchernde Vegetation",0,Dresden
51.026028,13.755257,1658333680000,1,0,0,0,2,0,0,0,1,0,0,0,0,0,0,,0,Dresden
51.053499,13.663561,1657865683920,1,0,0,0,2,0,0,0,0,0,0,1,0,0,0,,0,Dresden
51.041490,13.766304,1657789196000,1,0,0,0,7,0,0,1,0,0,0,0,0,0,0,,0,Dresden
51.043931,13.693967,1657133026000,1,0,0,0,1,0,0,0,0,0,0,1,0,0,0,,0,Dresden
51.047239,13.685984,1657133154000,1,0,0,0,4,0,0,0,0,0,0,1,0,0,0,,0,Dresden
51.048676,13.680468,1657133237999,1,0,0,0,8,0,0,0,0,0,0,0,0,1,0,"wuchernde Vegetation",0,Dresden
51.049244,13.678355,1657133273999,1,0,0,0,7,0,0,0,0,0,0,0,0,1,0,"wuchernde Vegetation",0,Dresden
51.049403,13.668412,1657133466000,1,0,0,0,7,0,0,0,0,0,0,0,0,1,0,"wuchernde Vegetation",0,Dresden
51.047187,13.652212,1657133841000,1,0,0,0,7,0,0,0,0,0,0,0,0,1,0,"Glasscherben",0,Dresden
51.050375,13.738264,1657223936001,1,0,0,2,1,0,0,0,0,0,0,1,0,0,0,"zu nah, zu schnell",0,Dresden
51.048662,13.680526,1657224958000,1,0,0,2,7,0,0,0,0,0,0,0,0,1,0,"wuchernde Vegetation",0,Dresden
51.049061,13.679069,1657224982000,1,0,0,2,7,0,0,0,0,0,0,0,0,1,0,"wuchernde Vegetation",0,Dresden
51.049329,13.668344,1657225177001,1,0,0,2,7,0,0,0,0,0,0,0,0,1,0,"wuchernde Vegetation",0,Dresden
51.044997,13.693577,1658596792999,1,0,0,0,1,0,0,0,0,0,0,1,0,0,0,,0,Dresden
51.049065,13.678829,1658597028999,1,0,0,0,7,0,0,0,0,0,0,0,0,1,0,"wuchernde Vegetation",0,Dresden
51.049363,13.667496,1658597271000,1,0,0,0,7,0,0,0,0,0,0,0,0,1,0,"wuchernde Vegetation",0,Dresden
51.058752,13.705955,1657894061000,1,0,0,0,1,0,0,0,0,0,0,1,0,0,0,,0,Dresden
51.058946,13.704695,1657894073000,1,0,0,0,1,0,0,0,0,0,0,1,0,0,0,,0,Dresden
51.071263,13.690080,1657894414000,1,0,0,0,7,0,0,0,0,0,0,1,0,0,0,,0,Dresden
51.050330,13.685945,1656999374968,1,0,0,0,8,0,0,0,0,1,0,0,0,0,0,"nötigendes Hupen",0,Dresden
51.050567,13.727181,1657000021000,1,0,0,0,8,0,0,0,0,0,0,1,0,0,0,"nötigendes Hupen",0,Dresden
51.050661,13.728586,1657000036001,1,0,0,0,7,0,0,0,0,0,0,1,0,0,0,"Falschparker",0,Dresden
51.050699,13.728793,1657518848001,1,0,0,0,7,0,0,0,0,0,0,1,0,0,0,,0,Dresden
51.045247,13.707562,1658505720999,1,0,0,0,7,0,0,1,0,0,0,0,0,0,0,"",0,Dresden
51.043777,13.703865,1656847436000,1,0,0,0,7,0,1,0,0,0,0,0,0,0,0,"Geisterfahrer",0,Dresden
51.043776,13.703626,1656847440000,1,0,0,0,7,0,0,1,0,0,0,0,0,0,0,,0,Dresden
51.048735,13.680356,1656847824000,1,0,0,0,7,0,0,0,0,0,0,0,0,1,0,"wuchernde Vegetation",0,Dresden
51.049221,13.678378,1656847892000,1,0,0,0,7,0,0,0,0,0,0,0,0,1,0,"",0,Dresden
51.049210,13.661927,1656848229999,1,0,0,0,7,0,0,0,0,0,0,0,0,1,0,"wuchernde Vegetation",0,Dresden
51.050311,13.734239,1658816299001,1,0,0,0,1,0,0,0,0,0,0,1,0,0,0,,0,Dresden
51.050073,13.735242,1658816311001,1,0,0,0,1,0,0,0,0,1,0,0,0,0,0,,0,Dresden
51.048731,13.746122,1658816397001,1,0,0,0,1,0,0,0,0,1,0,0,0,0,0,"selbes Fahrzeug wie auf Wilsdruffer Straße",0,Dresden
51.049278,13.676616,1658937710000,1,0,0,0,7,0,0,0,0,0,0,0,0,1,0,"wuchernde Vegetation",0,Dresden
51.050043,13.671768,1658937784000,1,0,0,0,7,0,0,0,0,0,0,0,0,0,0,"fahrerlos; einfach mitten auf dem Radweg liegen gelassen",1,Dresden
51.049279,13.661952,1658937948000,1,0,0,0,7,0,0,0,0,0,0,0,0,1,0,"wuchernde Vegetation",0,Dresden
51.050762,13.728455,1657087348000,1,0,0,0,7,0,0,0,0,0,0,1,0,0,0,"Falschparker",0,Dresden
51.043956,13.760114,1657088117000,1,0,0,0,7,0,1,0,0,0,0,0,0,0,0,"Geisterfahrer",0,Dresden
51.02962408,13.72102629,1657172627000,3,0,0,4,8,0,0,0,0,0,0,0,0,0,0,Sturz beim Abbiegen auf nasser Fahrbahn,0,Dresden
51.050172,13.675050,1658850524000,1,0,0,0,7,0,0,0,0,0,0,0,0,1,0,"wuchernde Vegetation",0,Dresden
51.049690,13.668745,1658850627000,1,0,0,0,7,0,0,0,0,0,0,0,0,1,0,"wuchernde Vegetation",0,Dresden
51.049352,13.660849,1658850749000,1,0,0,0,7,0,0,0,0,0,0,0,0,1,0,"wuchernde Vegetation",0,Dresden
51.047323,13.750393,1658901102000,1,0,0,0,3,0,0,0,0,0,0,1,0,0,1,,0,Dresden
51.052377,13.677822,1658662696000,1,0,0,0,1,0,0,0,0,0,0,1,0,0,0,,0,Dresden
51.061601,13.734580,1658663582999,1,0,0,0,8,0,1,0,0,0,0,0,0,0,0,"vorn Hindernis mangels Regelkenntis, hinten Drängler",0,Dresden
51.052547,13.680358,1658675845999,1,0,0,0,1,0,0,0,0,0,0,1,0,0,0,,0,Dresden
51.048332,13.680169,1659022751000,1,0,0,0,7,0,0,0,0,0,0,0,0,1,0,"wuchernde Vegetation",0,Dresden
51.043806,13.702053,1645636640000,1,0,0,5,7,0,0,0,0,0,0,1,0,0,0,"behinderndes Parken auf Radweg ",0,Dresden
51.046524,13.692842,1645636893000,1,0,0,5,1,0,0,0,0,0,0,1,0,0,0,,0,Dresden
51.044691,13.706450,1645511608999,1,0,0,5,7,0,0,0,1,0,0,0,0,0,0,"",0,Dresden
51.050933,13.728580,1645511922000,1,0,0,5,7,0,0,0,0,0,0,1,0,0,0,"auf Sperrfläche parkendes und in den Radschutzstreifen hineinragendes Auto",0,Dresden
51.049368,13.720332,1644856177001,1,0,0,2,7,0,0,1,0,0,0,0,0,0,0,,0,Dresden
51.052547,13.727326,1645724807966,1,0,0,2,1,0,0,0,0,0,0,1,0,0,0,,0,Dresden
51.050818,13.729699,1643995131000,1,0,0,2,8,0,1,0,0,0,0,0,0,0,0,,0,Dresden
51.049548,13.720624,1643995252000,1,0,0,2,8,0,1,0,0,0,0,0,0,0,0,,0,Dresden
51.043867,13.703260,1643995625000,1,0,0,2,7,0,0,1,0,0,0,0,0,0,0,,0,Dresden
51.050335,13.735409,1645689743000,1,0,0,2,1,0,0,0,0,1,0,0,0,0,0,,0,Dresden
51.048704,13.746811,1644943762817,1,0,0,5,8,0,0,0,1,0,0,0,0,0,0,"Blockierung des Radwegs in einer \"Angstweiche\"",0,Dresden
51.043703,13.703487,1644944508001,1,0,0,5,7,0,0,1,0,0,0,0,0,0,0,"",0,Dresden
51.050787,13.728753,1645771293001,1,0,0,5,7,0,0,0,0,0,0,1,0,0,0,"auf der Sperrfläche parkendes in den Radweg hineinragendes Auto",0,Dresden
51.045997,13.693005,1645463447001,1,0,0,5,1,0,0,0,0,0,0,1,0,0,0,"im Haltestellenbereich trotz Sperrlinie überholt worden",0,Dresden
51.046199,13.692926,1645463450001,1,0,0,5,1,0,0,0,0,0,0,1,0,0,0,,0,Dresden
51.049448,13.742018,1645166749002,1,0,0,5,1,0,0,0,0,1,0,0,0,0,0,,0,Dresden
51.042752,13.764198,1645031483000,1,0,0,5,8,0,0,0,0,0,0,1,0,0,0,"erschrocken wegen hupendem Auto",0,Dresden
51.043585,13.699652,1645032628000,1,0,0,5,7,0,0,0,0,0,0,1,0,0,0,"Im Parkverbot parkendes Fahrzeug zwingt zum Ausweichen in den Gleisbereich der Straßenbahn.",0,Dresden
51.046813,13.692709,1645032817001,1,0,0,5,8,0,0,0,0,0,0,1,0,0,0,"links überholt worden, obwohl Linksabbiegen bereits angezeigt und eingeordnet",0,Dresden
51.044730,13.706863,1644821851002,1,0,0,2,7,0,0,1,0,0,0,0,0,0,0,,0,Dresden
51.046690,13.692718,1645202117000,1,0,0,5,8,0,0,0,0,0,0,1,0,0,0,"bei ankommendem Gegenverkehr mit überhöhter Geschwindigkeit überholt worden, obwohl bereits Linksabbiegen angezeigt und dafür eingeordnet",0,Dresden
51.038115,13.786686,1645028285975,1,0,0,5,8,0,0,0,0,0,0,1,0,0,0,"sichtbehinderndes Parken innerhalb des 5m-Bereichs",0,Dresden
51.046629,13.709869,1644907291002,1,0,0,5,8,0,0,0,0,1,0,0,0,0,0,"Blockierung der Sichtbeziehung zum von links kommenden Kfz-Verkehr durch Parken unmittelbar vor der Gehwegvorstreckung",0,Dresden
51.048777,13.747205,1650900920000,1,0,0,2,7,0,0,0,0,0,0,1,0,0,0,"auf Radweg in Mittellage haltendes Auto",0,Dresden
51.085650,13.692623,1650113284000,1,0,0,2,7,0,0,0,0,0,0,1,0,0,0,,0,Dresden
51.047242,13.750651,1649310553001,1,0,0,2,3,0,0,0,0,0,0,1,0,0,1,,0,Dresden
51.041433,13.766588,1649310818001,1,0,0,2,8,0,0,0,0,0,0,1,0,0,0,"Mutmaßlicher Rotverstoß",0,Dresden
51.049147,13.690651,1650644680002,1,0,0,2,7,0,0,0,0,0,0,1,0,0,0,"Falschparker",0,Dresden
51.050598,13.737363,1649865906000,1,0,0,0,8,0,1,0,0,0,0,0,0,0,0,"Vorfahrtsfehler",0,Dresden
51.047139,13.710806,1649866287000,1,0,0,0,4,0,1,1,0,0,0,0,0,0,0,,0,Dresden
51.043825,13.703275,1649866413000,1,0,0,0,7,0,0,1,0,0,0,0,0,0,0,,0,Dresden
51.049388,13.666616,1649867045999,1,0,0,0,7,0,0,1,0,0,0,0,0,0,0,,0,Dresden
51.050439,13.738567,1649261981002,1,0,0,2,1,0,0,0,0,0,0,1,0,0,0,,0,Dresden
51.050599,13.727509,1649828734001,1,0,0,2,1,0,0,0,0,0,0,1,0,0,0,,0,Dresden
51.050790,13.729996,1649828782001,1,0,0,2,1,0,0,0,1,0,0,0,0,0,0,,0,Dresden
51.050158,13.738122,1649828909000,1,0,0,2,7,0,0,1,0,0,0,0,0,0,0,,0,Dresden
51.044661,13.758301,1649829270001,1,0,0,2,4,0,1,0,0,0,0,0,0,0,0,,0,Dresden
51.040160,13.769660,1649829409000,1,0,0,2,4,0,1,0,0,0,0,0,0,0,0,,0,Dresden
51.043781,13.702105,1650384480001,1,0,0,2,2,0,0,0,0,0,0,1,0,0,0,,0,Dresden
51.046119,13.693071,1650384704000,1,0,0,2,1,0,0,0,0,0,0,1,0,0,0,,0,Dresden
51.047333,13.684889,1650384821001,1,0,0,2,7,0,0,0,0,0,0,1,0,0,0,"zum Gespräch mit Gegenverkehr haltender Autofahrer",0,Dresden
51.050367,13.735911,1649224260001,1,0,0,2,1,0,0,0,0,0,0,1,0,0,0,,0,Dresden
51.053421,13.745722,1649178810000,1,0,0,2,1,0,0,0,0,0,0,1,0,0,0,,0,Dresden
51.053713,13.670265,1651133248988,1,0,0,2,1,0,0,0,0,0,0,1,0,0,0,,0,Dresden
51.051079,13.731181,1651134249001,1,0,0,2,7,0,0,1,0,0,0,0,0,0,0,,0,Dresden
51.050767,13.729152,1650349588001,1,0,0,2,7,0,0,0,0,0,0,1,0,0,0,"entgegen der Einbahnstraße querender Autofahrer",0,Dresden
51.049798,13.740832,1650349741002,1,0,0,2,1,0,0,0,0,0,0,1,0,0,0,,0,Dresden
51.044650,13.758346,1650350066002,1,0,0,2,4,0,1,0,0,0,0,0,0,0,0,,0,Dresden
51.043185,13.762025,1650350108002,1,0,0,2,4,0,1,0,0,0,0,0,0,0,0,,0,Dresden
51.042197,13.764661,1650350136001,1,0,0,2,4,0,1,0,0,0,0,0,0,0,0,,0,Dresden
51.045848,13.693237,1650560301001,1,0,0,2,8,0,0,0,0,0,0,1,0,0,0,"Überholen in einer Straßenbahnhaltestelle bei Sperrlinie",0,Dresden
51.046096,13.693117,1650560304001,1,0,0,2,8,0,0,0,0,0,0,1,0,0,0,"Überholen mit überhöhter Geschwindigkeit in einer Straßenbahnhaltestelle trotz Sperrlinie",0,Dresden
51.049468,13.668566,1650560846000,1,0,0,2,7,0,0,1,0,0,0,0,0,0,0,"Wegen Falschparker auf Gehweg auf den Radweg ausweichender Fußgänger",0,Dresden
51.050488,13.737199,1648828906002,1,0,0,2,8,0,0,0,0,0,0,1,0,0,0,"Vorfahrt missachtet",0,Dresden
51.043889,13.703347,1648829450001,1,0,0,2,7,0,0,1,0,0,0,0,0,0,0,,0,Dresden
51.047269,13.692429,1648829670000,1,0,0,2,1,0,0,0,0,0,0,1,0,0,0,,0,Dresden
51.048943,13.692804,1650607244932,1,0,0,2,7,0,0,0,0,0,0,1,0,0,0,"",0,Dresden
51.051022,13.731156,1650607871001,1,0,0,2,7,0,0,1,0,0,0,0,0,0,0,,0,Dresden
51.051044,13.731800,1650607877001,1,0,0,2,7,0,0,1,0,0,0,0,0,0,0,,0,Dresden
51.053924,13.666584,1650865090002,1,0,0,2,1,0,0,0,1,0,0,0,0,0,0,,0,Dresden
51.050316,13.686120,1650865255004,1,0,0,2,1,0,0,0,1,0,0,0,0,0,0,,0,Dresden
51.048997,13.696055,1650865367002,1,0,0,2,7,0,0,0,1,0,0,0,0,0,0,,0,Dresden
51.046446,13.753038,1650866361000,1,0,0,2,5,0,1,0,0,0,0,0,0,0,0,,0,Dresden
51.046276,13.755221,1650866388000,1,0,0,2,5,0,1,0,0,0,0,0,0,0,0,,0,Dresden
51.045828,13.693129,1651087653001,1,0,0,2,1,0,0,0,0,0,0,1,0,0,0,,0,Dresden
51.050717,13.736322,1651229294000,1,0,0,2,1,0,0,0,0,1,0,0,0,0,0,,0,Dresden
51.050715,13.726676,1651229432000,1,0,0,2,1,0,0,0,0,1,0,0,0,0,0,,0,Dresden
51.043739,13.699711,1651229896000,1,0,0,2,7,0,0,0,1,0,0,0,0,0,0,"Falschparker",0,Dresden
51.045885,13.693145,1651230007000,1,0,0,2,1,0,0,0,0,0,1,0,0,0,0,,0,Dresden
51.01631333333333,13.670309999999999,1651124900000,3,0,0,1,4,0,1,0,0,0,0,0,0,0,0,Engstelle, Einfahrt ,0,Dresden
51.051070,13.730845,1650520199000,1,0,0,2,7,0,0,1,0,0,0,0,0,0,0,,0,Dresden
51.061274,13.733063,1650300346970,1,0,0,0,7,0,0,1,0,0,0,0,0,0,0,,0,Dresden
51.061164,13.732727,1650300350970,1,0,0,0,7,0,0,1,0,0,0,0,0,0,0,,0,Dresden
51.060971,13.731973,1650300358970,1,0,0,0,7,0,0,1,0,0,0,0,0,0,0,,0,Dresden
51.060354,13.730198,1650300378970,1,0,0,0,4,0,1,0,0,0,0,0,0,0,0,,0,Dresden
51.050859,13.729165,1649087040002,1,0,0,2,8,0,0,0,0,0,0,1,0,0,0,"Vorfahrt missachtet nach Rotlichtverstoß am Grünpfeil",0,Dresden
51.046952,13.688955,1649087693000,1,0,0,2,4,0,0,0,0,0,0,1,0,0,0,,0,Dresden
51.048925,13.746739,1649776761001,1,0,0,2,7,0,0,0,0,0,0,1,0,0,0,"auf RiM haltendes Auto",0,Dresden
51.049229,13.661457,1649778150000,1,0,0,2,7,0,0,1,0,0,0,0,0,0,0,,0,Dresden
51.051162,13.684534,1649141277008,1,0,0,2,1,0,0,0,0,0,0,1,0,0,0,,0,Dresden
51.050831,13.685248,1649141283008,1,0,0,2,1,0,0,0,0,0,0,1,0,0,0,,0,Dresden
51.050650,13.685581,1649141286008,1,0,0,2,1,0,0,0,0,1,0,0,0,0,0,,0,Dresden
51.044302,13.759242,1649142173002,1,0,0,2,4,0,1,0,0,0,0,0,0,0,0,,0,Dresden
51.043739,13.703376,1651227961001,1,0,0,2,7,0,0,1,0,0,0,0,0,0,0,,0,Dresden
51.050876,13.733014,1651228387001,1,0,0,2,7,0,0,0,1,0,0,0,0,0,0,"Falschparker",0,Dresden
51.090464,13.691825,1650104402000,1,0,0,2,1,0,0,0,0,0,0,1,0,0,0,,0,Dresden
51.100080,13.688601,1650104645002,1,0,0,2,7,0,0,1,0,0,0,0,0,0,0,,0,Dresden
51.050777,13.728417,1659420102000,1,0,0,0,7,0,0,0,0,0,0,1,0,0,0,"Falschparker",0,Dresden
51.046855,13.752843,1660579585009,1,0,0,0,7,0,0,0,0,0,0,1,0,0,0,"Falschparker",0,Dresden
51.043776,13.704252,1660580285000,1,0,0,0,7,0,0,0,0,0,0,1,0,0,0,,0,Dresden
51.044357,13.758673,1660545454000,1,0,0,0,4,0,1,0,0,0,0,0,0,0,0,,0,Dresden
51.043988,13.759476,1660545466000,1,0,0,0,7,0,0,0,0,1,0,0,0,0,0,,0,Dresden
51.048364,13.749290,1661789202001,1,0,0,0,7,0,0,0,0,0,0,1,0,0,0,"Falschparker",0,Dresden
51.058999,13.703519,1661357353001,1,0,0,0,1,0,0,0,0,0,0,1,0,0,0,,0,Dresden
51.044099,13.759262,1660628595000,1,0,0,0,4,0,1,0,0,0,0,0,0,0,0,,0,Dresden
51.044055,13.759838,1660024203000,1,0,0,0,4,0,1,0,0,0,0,0,0,0,0,,0,Dresden
51.051081,13.749677,1661872622000,1,0,0,0,1,0,0,0,0,0,0,1,0,0,0,,0,Dresden
51.050627,13.735946,1660838459000,1,0,0,0,7,0,0,0,0,0,0,1,0,0,0,"Falschparker",0,Dresden
51.051101,13.684502,1660109760986,1,0,0,0,1,0,0,0,0,0,0,1,0,0,0,,0,Dresden
51.050928,13.685014,1660109764986,1,0,0,0,1,0,0,0,1,0,0,0,0,0,0,"selbes Fahrzeug und selber Fahrer wie auf Pennricher Straße",0,Dresden
51.049116,13.690466,1660109832986,1,0,0,0,7,0,0,0,1,0,0,0,0,0,0,"Falschparker, selbes Fahrzeug und selber Fahrer wie auf Steinbacher Straße",0,Dresden
51.077532,13.713279,1660323759999,1,0,0,2,4,0,0,0,0,0,0,1,0,0,0,,0,Dresden
51.077589,13.711420,1660323779999,1,0,0,2,4,0,0,0,0,0,0,1,0,0,0,,0,Dresden
51.044381,13.694071,1659628650000,1,0,0,0,1,0,0,0,0,0,0,1,0,0,0,,0,Dresden
51.044754,13.758071,1660890502999,1,0,0,0,4,0,1,0,0,0,0,0,0,0,0,,0,Dresden
51.043180,13.698196,1661270408001,1,0,0,0,7,0,0,0,0,0,0,1,0,0,0,"Falschparker",0,Dresden
51.060040,13.697517,1659368731000,1,0,0,0,1,0,0,0,0,0,0,1,0,0,0,,0,Dresden
51.052495,13.678910,1659369725999,1,0,0,0,1,0,0,0,0,0,0,1,0,0,0,,0,Dresden
51.049073,13.690449,1660283290999,1,0,0,0,7,0,0,0,1,0,0,0,0,0,0,"Falschparker",0,Dresden
51.041986,13.768447,1660284492001,1,0,0,0,2,0,0,0,0,0,0,1,0,0,1,,0,Dresden
51.050947,13.731155,1661152159000,1,0,0,0,7,0,0,0,0,1,0,0,0,0,0,,0,Dresden
51.050623,13.734691,1661152219000,1,0,0,0,7,0,0,0,1,0,0,0,0,0,0,,0,Dresden
51.048237,13.712930,1661325144005,1,0,0,0,7,0,0,0,0,0,0,0,0,0,0,,1,Dresden
51.050606,13.737586,1660922540000,1,0,0,0,7,0,0,0,0,0,0,1,0,0,0,"Falschparker",0,Dresden
51.049189,13.678446,1660061961000,1,0,0,0,7,0,0,0,0,0,0,0,0,1,0,"wuchernde Vegetation",0,Dresden
51.049820,13.670819,1660062084999,1,0,0,0,7,0,0,0,0,0,0,0,0,1,0,"Glasscherben",0,Dresden
51.049415,13.664116,1660062200999,1,0,0,0,7,0,0,0,0,0,0,0,0,1,0,"Glasscherben",0,Dresden
51.049368,13.663265,1660062212999,1,0,0,0,7,0,0,0,0,0,0,0,0,1,0,"Glasscherben",0,Dresden
51.047260,13.692649,1661538456000,1,0,0,0,8,0,0,0,0,0,0,1,0,0,0,"Nötigendes Hupen",0,Dresden
51.054230,13.721792,1659544890999,1,0,0,0,8,0,0,0,0,1,0,0,0,0,0,"nötigendes Hupen",0,Dresden
51.050640,13.733685,1661236079001,1,0,0,0,7,0,0,0,0,1,0,0,0,0,0,,0,Dresden
51.050682,13.728199,1661441409000,1,0,0,0,1,1,0,0,0,0,0,0,0,0,0,,0,Dresden
51.050234,13.654068,1661492279931,1,0,0,0,4,0,0,0,0,0,0,1,0,0,0,,0,Dresden
51.045197,13.756955,1661493838000,1,0,0,0,4,0,1,0,0,0,0,0,0,0,0,,0,Dresden
51.045212,13.756953,1661493842000,1,0,0,0,4,0,1,0,0,0,0,0,0,0,0,,0,Dresden
51.052632,13.679820,1661879874000,1,0,0,0,1,0,0,0,0,0,0,1,0,0,0,,0,Dresden
51.052609,13.677873,1661879899000,1,0,0,0,1,0,0,0,0,0,0,1,0,0,0,,0,Dresden
51.050009,13.671488,1659973188999,1,0,0,0,7,0,0,0,0,0,0,0,0,1,0,"Glasscherben",0,Dresden
51.049306,13.668052,1659973256000,1,0,0,0,7,0,0,0,0,0,0,0,0,1,0,"Glasscherben",0,Dresden
51.049503,13.664247,1659973328000,1,0,0,0,7,0,0,0,0,0,0,0,0,1,0,"Glasscherben",0,Dresden
51.049428,13.663360,1659973344000,1,0,0,0,7,0,0,0,0,0,0,0,0,1,0,"Glasscherben",0,Dresden
51.038744,13.778398,1661528463000,1,0,0,2,4,0,0,0,0,0,0,1,0,0,0,,0,Dresden
51.050978,13.656206,1661923636979,1,0,0,0,4,0,0,0,0,0,0,1,0,0,0,,0,Dresden
51.045480,13.693426,1660752067000,1,0,0,0,1,0,0,0,0,0,0,1,0,0,0,,0,Dresden
51.046455,13.692923,1660752079000,1,0,0,0,1,0,0,0,0,0,0,1,0,0,0,,0,Dresden
51.043681,13.702479,1661185381000,1,0,0,0,8,1,0,0,0,0,0,0,0,0,0,"Vorfahrt missachtet",0,Dresden
51.050741,13.685484,1659506451909,1,0,0,0,1,0,0,0,0,0,0,1,0,0,0,,0,Dresden
51.043735,13.694098,1660146327000,1,0,0,0,1,0,0,0,0,0,0,1,0,0,0,,0,Dresden
51.050144,13.671856,1660146675000,1,0,0,0,7,0,0,0,0,0,0,0,0,1,0,"Glasscherben",0,Dresden
51.049350,13.664319,1660146849999,1,0,0,0,7,0,0,0,0,0,0,0,0,1,0,"Glasscherben",0,Dresden
51.049325,13.663628,1660146861999,1,0,0,0,7,0,0,0,0,0,0,0,0,1,0,"Glasscherben",0,Dresden
51.050996,13.731470,1660233715000,1,0,0,0,7,0,0,1,0,0,0,0,0,0,0,,0,Dresden
51.043735,13.703541,1660234140999,1,0,0,0,7,0,0,1,0,0,0,0,0,0,0,,0,Dresden
51.03605519,13.71484714,1658124528000,3,0,0,4,1,0,0,0,0,0,0,1,0,0,0,,0,Dresden
