lat,lon,ts,bike,childCheckBox,trailerCheckBox,pLoc,incident,i1,i2,i3,i4,i5,i6,i7,i8,i9,scary,desc,i10,region
51.05844997,13.72580647,1621865519000,0,0,0,0,8,0,0,0,0,0,0,0,0,0,1,Angehupt worden. Bei Diskussion an der roten Ampel sagt der Fahrer ich müsse auf dem freigegebenen Gehweg fahren. ,0,Dresden
51.05351216,13.74346041,1621865184000,0,0,0,0,1,0,0,0,0,0,0,0,0,0,1,Extrem dicht überholt worden. Wahrscheinlich als Erziehungsmaßnahme, soll auf dem überfüllten freigegebenen Gehweg fahren,0,Dresden
51.05354539,13.74236155,1621865196000,0,0,0,0,8,0,0,0,0,0,0,0,0,0,1,Angehupt und beim Vorbeifahren bepöbelt worden. Wahrscheinlich als Erziehungsmaßnahme, soll auf dem überfüllten freigegebenen Gehweg fahren,0,Dresden
51.049794,13.777984,1622451572995,1,0,0,0,1,0,0,0,0,0,0,1,0,0,0,,0,Dresden
49.461385,11.024349,1620713417998,1,0,0,0,7,0,0,0,1,0,0,0,0,0,0,"Geparkter Lieferwagen blockiert Fahrradweg, weil zu lang für Parklücke",0,Dresden
49.454535,11.008881,1620713834998,1,0,0,0,7,0,0,0,0,1,0,0,0,0,0,"Baustelle",0,Dresden
51.019642,13.805145,1622100244000,1,0,0,2,8,0,0,0,0,0,0,1,0,0,0,,0,Dresden
51.018319,13.789402,1621087825000,1,0,0,2,8,0,0,0,0,0,0,1,0,0,0,"Falschparker auf Radfahrstreifen ",0,Dresden
49.451912,11.052311,1621317263891,1,0,0,2,8,0,0,0,0,0,0,0,0,0,0,"Gegenüber ist der Fahrradweg. Es dauert ewig die Kreuzung zu kreuzen...",0,Dresden
49.461385,11.023145,1621317901006,1,0,0,2,3,0,0,0,0,0,0,1,0,0,1,,0,Dresden
51.020413,13.790153,1621782046046,1,0,0,0,1,0,0,0,0,0,0,0,1,0,0,,0,Dresden
51.07492369,13.72734986,1620369034000,0,0,0,0,7,0,0,1,0,0,0,0,0,0,0,Handwerker betritt schnell und ohne zu schauen die Fahrbahn. Vollbremsung. ,0,Dresden
51.057551,13.745602,1621693740000,1,0,0,2,1,0,0,0,0,0,0,1,0,0,0,,0,Dresden
51.072567,13.739468,1621694087000,1,0,0,2,4,0,1,0,0,0,0,0,0,0,0,,0,Dresden
51.052317,13.809386,1620110062001,2,0,0,0,2,0,1,1,0,0,0,1,0,0,0,"Hohes Verkehrsaufkommen durch parkende Autos und dadurch Engstelle für Fahrrad und Fußgänger  ",0,Dresden
51.023579,13.840852,1620110700000,2,0,0,0,2,0,1,1,0,0,0,1,0,0,0,"Hohes Verkehrsaufkommen durch parkende Autos und dadurch Engstelle für Fahrrad und Fußgänger  ",0,Dresden
51.008921,13.861487,1620111094000,2,0,0,0,5,0,0,0,1,0,0,1,0,0,0,"Hohes Verkehrsaufkommen durch kreuzende Autos, Bus und parkende Autos ",0,Dresden
50.982102,13.883262,1620111647999,2,0,0,0,7,0,1,1,0,0,0,0,0,0,0,,0,Dresden
49.451178,11.027159,1620744824994,1,0,0,2,7,0,0,0,0,0,0,1,0,0,0,,0,Dresden
49.46951778,11.07252526,1620579392000,0,0,0,0,7,0,0,0,0,0,0,0,0,0,0,Falschparker,0,Dresden
51.063020,13.780625,1620020857001,2,0,0,0,2,0,0,0,0,0,0,0,0,0,1,"Hohes Verkehrsaufkommen ",0,Dresden
51.034846,13.832100,1620021485000,2,0,0,0,2,0,0,0,0,0,0,0,0,0,0,"Hohes parkaufkommen (Autos)",0,Dresden
51.042246,13.780274,1621232306001,1,0,0,2,1,0,0,0,0,0,0,1,0,0,0,,0,Dresden
51.051242,13.748497,1620058062000,1,0,0,2,1,0,0,0,0,0,0,1,0,0,0,,0,Dresden
51.051677,13.747573,1620058171000,1,0,0,2,3,0,0,0,0,0,0,1,0,0,1,,0,Dresden
49.458970,11.031895,1620626701006,1,0,0,2,7,1,0,0,0,0,0,0,0,0,0,,0,Dresden
49.451458,11.052011,1620108126000,1,0,0,2,2,0,0,0,0,0,0,1,0,0,0,,0,Dresden
49.461416,11.024293,1620108595000,1,0,0,2,7,0,0,0,1,0,0,0,0,0,0,"Lieferwagen zu lang für Parklücke. Überdeckt Fahrradweg . Ausweichen gefährlich, da nebenan zweispurig Autos ",0,Dresden
49.461144,11.025142,1620021789997,1,0,0,2,8,0,0,0,0,0,0,1,0,0,1,"Ein Lieferwagen parkt dort, ist aber zu lang und ragt in die Fahrbahn rein. Ausweichen auf die Fahrbahn sehr gefährlich ",0,Dresden
49.456351,11.039758,1621490153996,1,0,0,2,8,0,0,0,0,0,0,0,0,0,0,"Ampelschaltung für Radfahrer katastrophal auf dieser Strecke ",0,Dresden
51.017793,13.806980,1622098123002,1,0,0,2,1,0,0,0,0,1,0,0,0,0,1,,0,Dresden
50.968537,13.881203,1620145756000,2,0,0,0,1,1,0,0,1,0,0,1,0,0,1,,0,Dresden
50.983178,13.865494,1620146068009,2,0,0,0,1,0,0,0,0,0,0,1,0,0,0,,0,Dresden
51.020149,13.832757,1620146825999,2,0,0,0,1,0,0,0,1,0,0,0,0,0,0,,0,Dresden
51.051315,13.757926,1620147975000,2,0,0,0,2,0,0,0,1,0,0,0,0,0,0,,0,Dresden
51.047557,13.769768,1622457436000,1,0,0,0,1,0,0,0,0,0,0,1,0,0,0,,0,Dresden
49.454113,11.045785,1621348483992,1,0,0,2,8,0,0,0,0,0,0,1,0,0,1,"Auto kommt aus Nebenstraße. Fahrerin schaut immer in die andere richtung. Bremst zwar rechtzeitig, aber ich muss auch bremsen weil ich Angst habe sie übersieht mich ",0,Dresden
49.454000,11.046834,1621403948995,1,0,0,2,8,0,0,0,0,0,0,0,0,0,0,"Ampel Schaltung für Fahrradfahrer sehr schlecht.... ",0,Dresden
49.459097,11.031846,1621404313996,1,0,0,2,8,1,0,0,0,0,0,0,0,0,0,"Ersatz Bushaltestelle auf Fahrradweg. Ausweichen auf Gehweg, sehr eng wegen Ubahn Ausstieg , sehr viele Leute ",0,Dresden
49.461539,11.023282,1621404497993,1,0,0,2,8,0,0,0,0,0,0,0,0,0,0,"Baustelle, schlecht einsehbar für Autos. ",0,Dresden
51.025316,13.805507,1620674438000,1,0,0,2,8,0,0,0,0,0,0,1,0,0,0,,0,Dresden
51.03910861,13.70501641,1621786484000,0,0,0,0,7,0,0,0,0,0,0,0,0,0,0,Auto auf Radweg ,0,Dresden
51.035579,13.807310,1622464454011,1,0,0,0,1,0,0,0,0,0,0,1,0,0,0,,0,Dresden
49.453294,11.020449,1620318539999,1,0,0,2,7,0,0,0,0,0,0,1,0,0,0,"Auto kommt aus Ausfahrt",0,Dresden
49.451178,11.027159,1620744824994,1,0,0,2,7,0,0,0,0,0,0,1,0,0,0,,0,Dresden
51.036422,13.794902,1620110971992,1,0,0,2,1,0,0,0,0,0,0,1,0,0,0,,0,Dresden
51.036847,13.793800,1620110983992,1,0,0,2,1,0,0,0,0,0,0,1,0,0,1,,0,Dresden
51.057673,13.759686,1620277831001,2,0,0,0,4,0,1,1,0,0,0,0,0,0,0,,0,Dresden
51.051960,13.809720,1620278375000,2,0,0,0,2,0,0,0,0,0,0,1,0,0,0,,0,Dresden
51.023603,13.840722,1620278925000,2,0,0,0,2,0,0,0,1,0,0,0,0,0,0,,0,Dresden
51.009981,13.858321,1620279241000,2,0,0,0,2,0,0,0,0,0,0,1,0,0,0,,0,Dresden
51.009561,13.859282,1620279253000,2,0,0,0,1,0,0,0,0,0,0,1,0,0,1,,0,Dresden
51.009249,13.860019,1620279262000,2,0,0,0,7,0,1,1,0,0,0,0,0,0,0,,0,Dresden
49.454113,11.045785,1621348483992,1,0,0,2,8,0,0,0,0,0,0,1,0,0,1,"Auto kommt aus Nebenstraße. Fahrerin schaut immer in die andere richtung. Bremst zwar rechtzeitig, aber ich muss auch bremsen weil ich Angst habe sie übersieht mich ",0,Dresden
51.035790,13.796368,1622181087004,1,0,0,2,8,0,0,0,0,0,0,1,0,0,0,,0,Dresden
51.048863,13.762275,1622460305998,1,0,0,0,1,0,0,0,0,1,0,0,0,0,0,,0,Dresden
51.042800,13.794672,1622460643999,1,0,0,0,7,0,0,0,1,0,0,0,0,0,0,,0,Dresden
50.97544456,13.72588637,1620486944000,0,0,0,0,1,0,0,0,0,0,0,0,0,0,1,An Engstelle außerorts mit sehr wenig Abstand und hoher Geschwindigkeit überholt worden. ,0,Dresden
51.044561,13.753161,1619874766001,1,0,0,2,1,0,0,0,1,0,0,0,0,0,0,"",0,Dresden
51.047414,13.750961,1620838084998,1,0,0,2,1,0,1,0,0,0,0,0,0,0,0,,0,Dresden
51.045528,13.757530,1622447370001,1,0,0,0,1,0,0,0,0,0,0,1,0,0,0,,0,Dresden
51.026083,13.792356,1619881409001,1,0,0,2,1,0,0,0,0,0,0,1,0,0,0,,0,Dresden
51.05141638,13.67972045,1620284440000,0,0,0,0,1,0,0,0,0,0,0,0,0,0,1,Opa im PKW, Abstand ca. 30 - \n50 cm,0,Dresden
51.04907491,13.67543949,1620284516000,0,0,0,0,4,0,0,0,0,1,0,0,0,0,1,LKW hat Vorfahrt missachtet. Hindernis war auf seiner Seite.,0,Dresden
51.052317,13.809386,1620110062001,2,0,0,0,2,0,1,1,0,0,0,1,0,0,0,"Hohes Verkehrsaufkommen durch parkende Autos und dadurch Engstelle für Fahrrad und Fußgänger  ",0,Dresden
51.023579,13.840852,1620110700000,2,0,0,0,2,0,1,1,0,0,0,1,0,0,0,"Hohes Verkehrsaufkommen durch parkende Autos und dadurch Engstelle für Fahrrad und Fußgänger  ",0,Dresden
51.008921,13.861487,1620111094000,2,0,0,0,5,0,0,0,1,0,0,1,0,0,0,"Hohes Verkehrsaufkommen durch kreuzende Autos, Bus und parkende Autos ",0,Dresden
50.982102,13.883262,1620111647999,2,0,0,0,7,0,1,1,0,0,0,0,0,0,0,,0,Dresden
49.453481,11.019422,1620060850000,1,0,0,2,6,0,0,0,0,0,0,1,0,0,1,,0,Dresden
49.453470,11.019816,1620060854000,1,0,0,2,2,0,0,0,0,0,0,1,0,0,1,,0,Dresden
49.453234,11.021227,1620060870000,1,0,0,2,8,0,0,0,0,0,0,0,0,0,1,"Fahrradweg geht von Bürgersteig auf Fahrbahn und kreuzt Rechtsabbieger. ",0,Dresden
49.448876,11.035082,1620061041999,1,0,0,2,7,0,0,0,0,0,0,1,0,0,1,"Auto parkt auf Fahrradweg. Ausweichen gefährlich",0,Dresden
51.025425,13.805486,1621628534001,1,0,0,2,1,0,0,0,0,0,0,1,0,0,0,,0,Dresden
51.0436621,13.70260136,1622105833000,0,0,0,0,7,0,0,0,0,0,0,0,0,0,0,Zwei Falschparker auf gemeinsamem Geh- und Radweg,0,Dresden
50.981419,13.867844,1620229240936,2,0,0,0,1,0,0,0,0,0,0,1,0,0,1,,0,Dresden
51.042628,13.797150,1620230826999,2,0,0,0,1,0,0,0,0,1,0,0,0,0,0,,0,Dresden
51.043855,13.782240,1620231001000,2,0,0,0,3,0,0,0,0,0,0,1,0,0,1,,0,Dresden
51.043835,13.782204,1620231009000,2,0,0,0,3,0,0,0,0,0,0,1,0,0,0,,0,Dresden
51.062064,13.752133,1620231630999,2,0,0,0,1,0,0,0,0,1,0,0,0,0,0,,0,Dresden
49.453822,11.015022,1620282852994,1,0,0,2,2,0,0,0,0,0,0,1,0,0,0,,0,Dresden
49.454213,11.009344,1620282932993,1,0,0,2,8,0,0,0,0,1,0,0,0,0,0,"Lkw mach u-turn und fährt auf Fahrradweg ",0,Dresden
51.054152,13.722308,1621720318002,1,0,0,2,5,0,0,0,0,0,0,1,0,0,0,,0,Dresden
51.030546,13.788051,1621721345001,1,0,0,2,8,0,0,0,0,0,0,0,1,0,0,,0,Dresden
49.454113,11.045785,1621348483992,1,0,0,2,8,0,0,0,0,0,0,1,0,0,1,"Auto kommt aus Nebenstraße. Fahrerin schaut immer in die andere richtung. Bremst zwar rechtzeitig, aber ich muss auch bremsen weil ich Angst habe sie übersieht mich ",0,Dresden
51.044309,13.815874,1620058719999,2,0,0,0,2,0,0,1,0,0,0,1,0,0,0,,0,Dresden
51.052930,13.808743,1620058871002,2,0,0,0,2,0,0,0,0,0,0,1,0,0,0,,0,Dresden
51.059240,13.761683,1620059480999,2,0,0,0,7,0,1,0,0,0,0,0,0,0,0,,0,Dresden
51.059097,13.761387,1620059484999,2,0,0,0,7,0,1,0,0,0,0,0,0,0,0,,0,Dresden
51.065831,13.753469,1620059772000,2,0,0,0,4,0,1,0,0,0,0,1,0,0,0,,0,Dresden
51.068489,13.755168,1620059832000,2,0,0,0,3,0,1,0,0,0,0,1,0,0,0,,0,Dresden
51.025362,13.805363,1621803405002,1,0,0,2,8,0,0,0,0,0,0,1,0,0,0,,0,Dresden
51.05668666666667,13.777805,1621929603000,0,0,0,0,5,0,0,0,0,0,0,0,0,0,1,,0,Dresden
51.05594333333333,13.777885,1621929594000,0,0,0,0,1,0,0,0,0,0,0,0,0,0,0,,0,Dresden
51.05644333333333,13.777808333333333,1621929600000,0,0,0,0,1,0,0,0,0,0,0,0,0,0,0,,0,Dresden
51.066481,13.753750,1620195753000,2,0,0,0,4,0,0,0,1,0,0,0,0,0,0,,0,Dresden
51.056977,13.758599,1620196083001,2,0,0,0,4,0,1,1,0,0,0,0,0,0,0,,0,Dresden
51.051941,13.809732,1620196646999,2,0,0,0,2,0,1,1,0,0,0,1,0,0,0,"Hohes Verkehrsaufkommen durch parkende Autos und dadurch Engstelle für Fahrrad und Fußgänger  ",0,Dresden
51.024059,13.840477,1620197198999,2,0,0,0,4,0,1,1,0,0,0,1,0,0,0,"Hohes Verkehrsaufkommen durch parkende Autos und dadurch Engstelle für Fahrrad und Fußgänger  ",0,Dresden
51.017511,13.845736,1620197366998,2,0,0,0,4,0,1,1,0,0,0,0,0,0,0,,0,Dresden
51.020413,13.790153,1621782046046,1,0,0,0,1,0,0,0,0,0,0,0,1,0,0,,0,Dresden
51.03333572857082,13.774651363492012,1620226638000,0,0,0,0,8,0,0,0,0,0,0,0,0,0,0,Baustellen"umleitung" ist nicht mitgedacht gewählt ,0,Dresden
51.029863650910556,13.783290507271886,1620226457000,0,0,0,0,1,0,0,0,0,0,0,0,0,0,0,,0,Dresden
51.027694875374436,13.78861729055643,1620226358000,0,0,0,0,1,0,0,0,0,0,0,0,0,0,0,,0,Dresden
51.040476,13.802725,1622821145001,1,0,0,0,7,0,0,0,1,0,0,0,0,0,0,,0,Dresden
51.02662,13.836188333333332,1623321489000,0,0,0,0,7,0,0,0,0,0,0,1,0,0,0,,0,Dresden
51.05075966,13.72878938,1623684702000,0,0,0,0,7,0,0,0,0,0,0,1,0,0,0,Falschparker auf Radweg,0,Dresden
51.036676,13.807021,1622786400955,1,0,0,0,1,0,0,0,0,0,0,1,0,0,0,,0,Dresden
51.046131,13.780075,1622786830001,1,0,0,0,1,0,0,0,0,0,0,1,0,0,0,,0,Dresden
51.046418,13.778876,1622786839001,1,0,0,0,1,0,0,0,0,0,0,1,0,0,0,,0,Dresden
51.05712373,13.72394466,1623394275000,0,0,0,0,8,0,0,0,0,0,0,1,0,0,1,Radverkehr soll wegen Baustelle auf Straße fahren. Angehupt worden, weil auf der Straße gefahren. ,0,Dresden
49.561043,10.998822,1622534558000,2,0,0,5,7,0,0,0,0,0,0,0,0,0,0,"Leine ülötzlich über gesamten Weg",0,Dresden
51.0462792,13.70314861,1623084812000,0,0,0,0,8,0,0,0,0,0,0,1,0,0,0,Links abbiegen von wernerstraße in Lübecker Straße. Beim Handzeichen gestikuliert Autofahrer hinter mir seinen Unmut dass er mich einordnen lassen muss. ,0,Dresden
51.025289,13.805360,1622921123000,1,0,0,0,8,0,0,0,0,0,0,1,0,0,0,,0,Dresden
51.041456,13.785246,1622615205002,1,0,0,0,1,0,0,0,0,0,0,1,0,0,0,,0,Dresden
51.027967,13.798270,1622975896914,1,0,0,0,1,0,0,0,0,0,0,1,0,0,0,,0,Dresden
51.042698,13.764692,1622976381003,1,0,0,0,1,0,0,0,0,0,0,1,0,0,0,,0,Dresden
51.038144,13.786792,1623045310000,1,0,0,0,8,0,0,0,0,0,0,1,0,0,0,,0,Dresden
51.038142,13.786802,1623045316000,1,0,0,0,8,0,0,0,0,0,0,1,0,0,0,,0,Dresden
51.035161,13.783162,1622479180001,1,0,0,0,1,0,0,0,0,0,0,1,0,0,0,,0,Dresden
51.036010,13.781062,1622479198001,1,0,0,0,1,0,0,0,0,0,0,1,0,0,0,,0,Dresden
51.05705669,13.72386335,1625468840000,,0,0,,7,0,0,0,0,0,0,1,0,0,0,Falschparker,0,Dresden
51.05057754,13.72697748,1624819266000,,0,0,,7,0,0,0,0,0,0,1,0,0,0,Falschparker auf Radfahrstreifen,0,Dresden
51.008925,13.861305,1619626876002,2,0,0,0,8,1,0,1,0,0,0,1,0,0,0,"Straßenkreuzung ",0,Dresden
51.017540,13.845144,1619627055001,2,0,0,0,3,0,0,0,0,0,0,1,0,0,1,"Einfahrt Supermarkt Auto hat mich übersehen beim einfahren",0,Dresden
51.019677,13.841805,1619627107000,2,0,0,0,4,0,1,1,0,0,0,0,0,0,0,,0,Dresden
51.020221,13.843177,1619627129000,2,0,0,0,4,0,1,1,0,0,0,0,0,1,0,"Skater ",0,Dresden
51.026700,13.839264,1619627234000,2,0,0,0,8,0,1,1,1,0,1,1,0,0,0,"Hohes Verkehrsaufkommen .. sehr unübersichtlich ",1,Dresden
51.052853,13.808628,1619627674000,2,0,0,0,8,0,1,1,0,0,1,1,0,0,0,"Hohes Verkehrsaufkommen .. sehr unübersichtlich ",1,Dresden
51.063058,13.751580,1619629212999,2,0,0,0,1,0,0,0,1,1,0,1,0,0,0,,0,Dresden
51.068084,13.758067,1619629364998,2,0,0,0,4,0,1,1,0,0,0,0,0,0,0,,0,Dresden
51.033311,13.802892,1619589051999,1,0,0,2,4,0,0,0,0,0,0,1,0,0,1,,0,Dresden
51.05102718,13.747245,1618646280000,0,0,0,0,8,0,0,1,0,0,0,0,0,0,0,Fußgänger geht bei rot ohne zu schauen,0,Dresden
49.48867637,11.10984657,1619343064000,0,0,0,0,7,0,0,1,0,0,0,0,0,0,0,,0,Dresden
49.52827687,11.11843783,1619343738000,0,0,0,0,1,0,0,0,0,0,0,0,0,0,1,,0,Dresden
49.46995748,11.0347752,1619764550000,0,0,0,0,8,0,0,0,0,0,0,0,0,0,0,Pkw erzwingt Vorfahrt bei rvl\n,0,Dresden
49.510596,11.093758,1619186370000,2,0,0,5,7,0,0,1,0,0,0,0,0,0,0,,0,Dresden
49.46535948,11.08191903,1619252810000,0,0,0,0,8,0,0,0,0,0,0,0,0,1,0,Kind beim Versuch, freihändig zu fahren, vom Tandem gefallen.\n,0,Dresden
51.028474,13.786349,1619636825000,1,0,0,2,8,0,0,0,0,0,0,0,0,1,0,"Vorfahrt genommen von Kleinbus",0,Dresden
51.034497,13.783603,1618935583002,1,0,0,2,8,0,0,0,0,0,0,0,0,1,0,"Schlechte Infrastruktur: Plötzliches Ende des eigenständigen Radwegs ohne saubere Überleitung auf die Fahrbahn oder wenigstens einen freigegebenen Gehweg",0,Dresden
51.018672,13.806388,1619162994019,1,0,0,2,1,0,0,0,0,0,0,1,0,0,0,,0,Dresden
51.04557871,13.7023928,1619627974000,0,0,0,0,4,0,1,0,0,0,0,0,0,0,0,PKW überholt Radfahrer, obwohl ich entgegen komme. Kaum seitenabstand,0,Dresden
51.04930075,13.72016703,1618655643000,0,0,0,0,7,0,0,0,0,0,0,0,0,0,0,Polizei blockiert gemeinsamen Geh- und Radweg,0,Dresden
51.1217093823056,13.77744962351588,1619710146280,0,0,0,0,4,0,0,0,0,0,0,0,0,0,0,Vorrang bei Hindernis auf Gegenseite wurde nicht gewährt. ,0,Dresden
51.0820246729787,13.726256623610618,1619711560571,0,0,0,0,1,0,0,0,0,0,0,0,0,0,0,,0,Dresden
51.09137305858582,13.737617526462845,1619711305000,0,0,0,0,1,0,0,0,0,0,0,0,0,0,0,,0,Dresden
51.12568651105894,13.790554796357608,1619676672000,0,0,0,0,1,0,0,0,0,0,0,0,0,0,0,Direkt beim einschwenken auf den Schutzstreifen überholte der nachfolgende PKW trotz Gegenverkehr zu dicht. ,0,Dresden
49.4614126,11.08247101,1619346416000,0,0,0,0,7,0,0,0,0,0,0,0,0,0,0,Gehwegparker,0,Dresden
49.46345534,11.08215168,1619346332000,0,0,0,0,7,0,0,0,0,0,0,0,0,0,0,Kreuzungsparker\n,0,Dresden
51.061356,13.692508,1619455364000,1,0,0,2,1,0,0,0,0,1,0,0,0,0,0,,0,Dresden
51.046918,13.759936,1619070430999,2,0,0,2,2,0,0,1,0,0,0,1,0,0,1,,0,Dresden
51.023450,13.804818,1619160214978,1,0,0,2,1,0,0,0,0,0,0,1,0,0,0,,0,Dresden
51.019745,13.805095,1619160277978,1,0,0,2,1,0,0,0,0,0,0,1,0,0,0,,0,Dresden
51.018729,13.806143,1619160295979,1,0,0,2,1,0,0,0,0,0,0,1,0,0,0,,0,Dresden
49.43996595,11.10021296,1619068199000,0,0,0,0,8,0,0,0,0,0,0,0,0,0,0,Mit 5 Pkw zugeparkte Kreuzung - extrem unübersichtlich ,0,Dresden
51.038385,13.774352,1619121788001,1,0,0,2,7,0,0,0,0,0,0,0,0,0,0,"Dauerpfütze auf wassergebundenem Weg",0,Dresden
49.460712,11.025074,1619710980001,1,0,0,2,3,0,0,0,0,0,0,1,0,0,1,,0,Dresden
49.456152,11.039386,1619711210996,1,0,0,2,8,0,0,0,0,0,0,1,0,0,1,"PKW parkt auf Fahrradweg. \nAusweichen nicht möglich da nebenan 2 spurige Autostraßen, kein Auto lässt einen rein ",0,Dresden
51.05464724,13.71988747,1619675975000,0,0,0,0,1,0,0,0,0,0,0,0,0,0,0,Kurvige Engstelle. Autofahrer fahren teilweise zur Hälfte auf Radfahrstreifen. ,0,Dresden
51.03955866,13.6572699,1628698962000,,0,0,,1,1,0,0,0,0,0,0,0,0,1,,0,Dresden
51.04246188,13.68202687,1628266570000,,0,0,,1,0,0,0,0,0,0,1,0,0,1,,0,Dresden
49.454113,11.045785,1621348483992,1,0,0,2,8,0,0,0,0,0,0,1,0,0,1,"Auto kommt aus Nebenstraße. Fahrerin schaut immer in die andere richtung. Bremst zwar rechtzeitig, aber ich muss auch bremsen weil ich Angst habe sie übersieht mich ",0,Dresden
51.04678079,13.7219141,1632234292000,,0,0,,8,0,0,0,0,0,0,1,0,0,0,zum links abbiegen auf normale Fahrbahn gefahren,0,Dresden
51.050121,13.673044,1653517631001,1,0,0,2,7,0,0,0,0,0,0,0,0,1,0,"wuchernde Vegetation",0,Dresden
51.049306,13.662291,1653517830000,1,0,0,2,7,0,0,0,0,0,0,0,0,1,0,"wuchernde Vegetation",0,Dresden
51.051305,13.684007,1653026261004,1,0,0,0,1,0,0,0,0,0,0,0,0,1,0,"SUV",0,Dresden
51.050008,13.739206,1653027088999,1,0,0,0,1,0,0,0,0,0,0,1,0,0,0,,0,Dresden
51.047197,13.750646,1653027272000,1,0,0,0,3,0,0,0,0,0,0,1,0,0,0,,0,Dresden
51.050268,13.725184,1652248451000,1,0,0,2,7,0,0,1,0,0,0,0,0,0,0,"Fußgängerrot missachtet",0,Dresden
51.050485,13.735034,1652248565000,1,0,0,2,1,0,0,0,0,0,0,1,0,0,0,"gleiches Fahrzeug wie am Pirnaischen Platz",0,Dresden
51.049111,13.744653,1652248721000,1,0,0,2,1,0,0,0,0,0,0,1,0,0,0,"gleiches Fahrzeug wie auf der Wilsdruffer Straße",0,Dresden
51.061720,13.690667,1651989057001,1,0,0,2,7,0,0,0,0,0,0,0,0,1,0,"E-Roller",0,Dresden
51.049967,13.675258,1653590607004,1,0,0,2,7,0,0,0,0,0,0,0,0,1,0,"wuchernde Vegetation",0,Dresden
51.051578,13.724321,1651854717000,1,0,0,2,4,0,0,0,0,0,0,1,0,0,0,,0,Dresden
51.048773,13.679686,1651855422000,1,0,0,2,7,0,0,0,0,0,0,0,0,1,0,"den Radweg zuwuchernde Sträucher",0,Dresden
51.049709,13.676004,1651855526000,1,0,0,2,7,0,0,0,0,0,0,0,0,1,0,"Glasscherben",0,Dresden
51.048543,13.653522,1651855988999,1,0,0,2,7,0,0,0,0,0,0,1,0,0,0,,0,Dresden
51.048865,13.692955,1652336393069,1,0,0,0,7,0,0,0,1,0,0,0,0,0,0,"Falschparker auf Radschutzstreifen",0,Dresden
51.044687,13.758284,1652337415000,1,0,0,0,4,0,1,0,0,0,0,0,0,0,0,,0,Dresden
51.049461,13.716644,1651766679002,1,0,0,0,7,0,0,1,0,0,0,0,0,0,0,,0,Dresden
51.049905,13.675411,1651767323000,1,0,0,0,7,0,0,1,0,0,0,0,0,0,0,,0,Dresden
51.043803,13.700023,1652802613999,1,0,0,2,7,0,0,0,1,0,0,0,0,0,0,"Falschparker",0,Dresden
51.043743,13.699745,1652802617999,1,0,0,2,7,0,0,0,0,0,0,0,0,1,0,"Pickup, Falschparker",0,Dresden
51.050185,13.673020,1652803668999,1,0,0,2,7,0,0,0,0,0,0,0,0,1,0,"Vegetationsbruch",0,Dresden
51.049323,13.662161,1652804039999,1,0,0,2,7,0,0,0,0,0,0,0,0,1,0,"wuchernde Vegetation",0,Dresden
51.043704,13.699663,1652116460001,1,0,0,5,7,0,0,0,0,0,0,1,0,0,0,,0,Dresden
51.050624,13.734455,1652855183000,1,0,0,0,7,0,0,0,1,0,0,0,0,0,0,,0,Dresden
51.041287,13.766701,1652855722999,1,0,0,0,4,0,1,0,0,0,0,0,0,0,0,,0,Dresden
51.040565,13.768444,1652855744000,1,0,0,0,4,0,1,0,0,0,0,0,0,0,0,,0,Dresden
51.049828,13.653299,1652422780807,1,0,0,1,4,0,0,0,0,0,0,1,0,0,0,,0,Dresden
51.053861,13.667928,1652422912805,1,0,0,1,1,0,0,0,0,0,0,1,0,0,0,"selbes Fahrzeug wie auf Steinbacher Straße",0,Dresden
51.049967,13.686483,1652423132804,1,0,0,1,1,0,0,0,0,0,0,1,0,0,0,"selbes Fahrzeug wie auf Gompitzer Straße",0,Dresden
51.043825,13.704566,1652423407003,1,0,0,1,7,0,1,0,0,0,0,0,0,0,0,,0,Dresden
51.053953,13.668431,1652768471939,1,0,0,2,1,0,0,0,0,0,0,1,0,0,0,,0,Dresden
51.052927,13.672476,1652768498939,1,0,0,2,8,0,0,0,0,0,0,1,0,0,0,"Vorfahrt missachtet",0,Dresden
51.050609,13.728720,1652769263000,1,0,0,2,7,0,0,0,0,0,0,1,0,0,0,"Falschparker auf Radschutzstreifen",0,Dresden
51.050253,13.724217,1652717781999,1,0,0,0,7,0,0,0,1,0,0,0,0,0,0,"Falschparker auf Radweg",0,Dresden
51.048761,13.680038,1652718719000,1,0,0,0,7,0,0,0,0,0,0,0,0,1,0,"wuchernde Vegetation",0,Dresden
51.049258,13.678333,1652718746999,1,0,0,0,7,0,0,0,0,0,0,0,0,1,0,"wuchernde Vegetation",0,Dresden
51.049309,13.661940,1652719126000,1,0,0,0,7,0,0,0,0,0,0,0,0,1,0,"wuchernde Vegetation",0,Dresden
51.041194,13.772092,1652458387001,1,0,0,1,1,0,0,0,0,0,0,1,0,0,0,,0,Dresden
51.049277,13.661725,1652461065000,1,0,0,1,7,0,0,0,0,0,0,0,0,1,0,"den Radweg zuwuchernde Sträucher",0,Dresden
51.049094,13.678858,1651868198001,1,0,0,1,7,0,0,0,0,0,0,0,0,1,0,"den Radweg zuwuchernde Sträucher",0,Dresden
51.049865,13.670653,1651868330002,1,0,0,1,7,0,0,0,0,0,0,0,0,1,0,"Glasscherben",0,Dresden
51.043695,13.760919,1653374552000,1,0,0,0,4,0,1,0,0,0,0,0,0,0,0,,0,Dresden
51.050895,13.684889,1653458170003,1,0,0,2,1,0,0,0,1,0,0,0,0,0,0,,0,Dresden
51.050728,13.685206,1653458173003,1,0,0,2,1,0,0,0,1,0,0,0,0,0,0,,0,Dresden
51.050614,13.727841,1653458796000,1,0,0,2,7,1,0,0,0,0,0,0,0,0,0,"Falschparker auf Radweg",0,Dresden
51.050286,13.737211,1653459554001,1,0,0,2,3,0,0,0,0,1,0,0,0,0,0,,0,Dresden
51.042927,13.762571,1653459905000,1,0,0,2,4,0,1,0,0,0,0,0,0,0,0,,0,Dresden
51.035929,13.717813,1651860681000,1,0,0,1,7,0,0,1,0,0,0,0,0,0,0,,0,Dresden
51.047673,13.750516,1652286218998,1,0,0,0,7,0,0,0,1,0,0,0,0,0,0,"Falschparker auf Radfahrstreifen",0,Dresden
51.048663,13.680389,1652907291001,1,0,0,0,7,0,0,0,0,0,0,0,0,1,0,"wuchernde Vegetation",0,Dresden
51.049166,13.678533,1652907318001,1,0,0,0,7,0,0,0,0,0,0,0,0,1,0,"wuchernde Vegetation",0,Dresden
51.047027,13.692762,1653594668998,1,0,0,0,5,0,0,0,0,0,0,0,1,0,1,,0,Dresden
51.049657,13.676326,1653594904997,1,0,0,0,7,0,0,0,0,0,0,0,0,1,0,"wuchernde Vegetation",0,Dresden
51.049519,13.721279,1652681689000,1,0,0,0,7,0,0,0,0,0,0,1,0,0,0,"",0,Dresden
51.042722,13.773708,1652682776000,1,0,0,0,8,0,0,0,1,0,0,0,0,0,0,"Sichtbehinderung durch Parken im Kreuzungsbereich",0,Dresden
51.048684,13.680597,1653061211000,1,0,0,1,7,0,0,0,0,0,0,0,0,1,0,"wuchernde Vegetation",0,Dresden
51.049229,13.678586,1653061235000,1,0,0,1,7,0,0,0,0,0,0,0,0,1,0,"wuchernde Vegetation",0,Dresden
51.048099,13.655170,1653061640999,1,0,0,1,7,0,0,0,0,0,0,0,0,1,0,"wuchernde Vegetation",0,Dresden
51.046598,13.757458,1651730294000,1,0,0,2,8,0,0,0,0,0,0,1,0,0,0,"Vorfahrt missachtet",0,Dresden
51.042996,13.750096,1653408596938,1,0,0,2,4,0,0,0,0,0,0,1,0,0,0,,0,Dresden
51.050596,13.725482,1653409086006,1,0,0,2,7,0,0,1,0,0,0,0,0,0,0,"Fahrbahn querende unaufmerksame Fußgänger",0,Dresden
51.043710,13.699520,1653409610000,1,0,0,2,7,0,0,0,0,0,0,1,0,0,0,,0,Dresden
51.048582,13.680723,1653410008000,1,0,0,2,7,0,0,0,0,0,0,0,0,1,0,"wuchernde Vegetation",0,Dresden
51.049159,13.678589,1653410040000,1,0,0,2,7,0,0,0,0,0,0,0,0,1,0,"wuchernde Vegetation",0,Dresden
51.044441,13.706311,1652978608999,1,0,0,0,7,0,0,1,0,0,0,0,0,0,0,"",0,Dresden
51.048924,13.679353,1652979036999,1,0,0,0,7,0,0,0,0,0,0,0,0,1,0,"wuchernde Vegetation",0,Dresden
51.049401,13.667828,1652979245999,1,0,0,0,7,0,0,1,0,0,0,0,0,0,0,,0,Dresden
51.049385,13.666904,1652979261999,1,0,0,0,7,0,0,1,0,0,0,0,0,0,0,,0,Dresden
51.049265,13.661659,1652979349999,1,0,0,0,7,0,0,0,0,0,0,0,0,1,0,"Glasscherben",0,Dresden
51.048047,13.654988,1652979453999,1,0,0,0,7,0,0,0,0,0,0,0,0,1,0,"wuchernde Vegetation",0,Dresden
51.033996,13.800896,1641925218000,1,0,0,2,5,0,0,0,0,0,0,1,0,0,0,"selbes Fahrzeug wie die nachfolgenden Vorfälle",0,Dresden
51.032795,13.804088,1641925254000,1,0,0,2,5,0,0,0,0,0,0,1,0,0,0,"selbess Fahrzeug wie sowohl der vorhergehende als auch der nachfolgende Vorfall",0,Dresden
51.032243,13.804531,1641925269000,1,0,0,2,1,0,0,0,0,0,0,1,0,0,0,"selbes Fahrzeug wie die vorhergehenden Vorfälle",0,Dresden
51.026677,13.802240,1642612079000,5,0,0,2,1,0,0,0,0,0,0,1,0,0,1,"Es ist zum Zusammenstoß gekommen.",0,Dresden
51.025900,13.804301,1642612109001,5,0,0,2,1,0,0,0,0,0,0,1,0,0,0,,0,Dresden
51.043751,13.748071,1642349692002,1,0,0,2,8,0,0,0,0,0,0,1,0,1,0,"Überhöhte Geschwindigkeit, Missachtung der Vorfahrt",0,Dresden
51.052064,13.777161,1642092960000,1,0,0,2,7,0,0,0,0,0,0,1,0,0,0,"Unnötig auf dem Radschutzstreifen wartendes Fahrzeug",0,Dresden
51.039786,13.804242,1642094012001,1,0,0,2,2,0,0,0,0,0,0,1,0,0,0,,0,Dresden
51.038216,13.785447,1641884649000,1,0,0,2,8,0,0,0,0,0,0,1,0,0,0,,0,Dresden
51.038210,13.785442,1641884653000,1,0,0,2,8,0,0,0,0,0,0,1,0,0,0,,0,Dresden
51.051094,13.719085,1647328576000,1,0,0,5,8,0,0,0,0,1,0,0,0,0,0,"Parken auf Radschutzstreifen, dadurch Sichtbehinderung für querenden Rad- und Fußverkehr ",0,Dresden
51.048109,13.699678,1647850670001,1,0,0,2,1,0,0,0,0,0,0,1,0,0,0,,0,Dresden
51.050139,13.672334,1647623461000,1,0,0,5,3,0,0,0,0,0,0,1,0,0,0,,0,Dresden
51.045880,13.702328,1647585065001,1,0,0,5,7,0,0,0,0,0,0,1,0,0,0,,0,Dresden
51.043636,13.699994,1646846292000,1,0,0,5,7,0,0,0,1,0,0,0,0,0,0,"im Parkverbot stehendes Fahrzeug, sodass Ausweichen in Gleisbereich erforderlich",0,Dresden
51.043642,13.699987,1646846298000,1,0,0,5,7,0,0,0,1,0,0,0,0,0,0,"im Parkverbot stehendes Fahrzeug, sodass Ausweichen in Gleisbereich erforderlich",0,Dresden
51.050462,13.737821,1647448170000,1,0,0,5,1,0,1,0,0,0,0,0,0,0,0,,0,Dresden
51.045526,13.693292,1647448896001,1,0,0,5,1,0,0,0,0,0,0,1,0,0,0,,0,Dresden
51.046269,13.692972,1647448905001,1,0,0,5,1,0,0,0,0,0,0,1,0,0,0,,0,Dresden
51.043751,13.703130,1648145082001,1,0,0,2,7,0,0,1,0,0,0,0,0,0,0,,0,Dresden
51.050962,13.684932,1647499120009,1,0,0,5,8,0,0,0,0,0,0,1,0,0,0,"nötigendes Hupen",0,Dresden
51.051017,13.731116,1647499840000,1,0,0,5,7,0,0,0,0,1,0,0,0,0,0,,0,Dresden
51.050754,13.685368,1646979953012,1,0,0,5,1,0,0,0,0,0,0,1,0,0,0,,0,Dresden
51.053744,13.670182,1646320862000,1,0,0,2,1,0,0,0,0,0,0,1,0,0,0,,0,Dresden
51.049106,13.690433,1648381882931,1,0,0,2,7,0,0,0,0,0,0,1,0,0,0,,0,Dresden
51.051935,13.761651,1646757641973,1,0,0,5,8,1,0,0,0,0,0,0,0,0,0,"Missachtung der Vorfahrt am Kreisverkehr",0,Dresden
51.050885,13.685138,1646634226008,1,0,0,5,1,0,0,0,1,0,0,0,0,0,0,,0,Dresden
51.050509,13.685794,1646634232009,1,0,0,5,1,0,0,0,0,0,0,1,0,0,0,,0,Dresden
51.051635,13.724328,1646634904001,1,0,0,5,4,0,0,0,0,1,0,0,0,0,0,"",0,Dresden
51.047461,13.750489,1646721233000,1,0,0,5,3,0,0,0,0,0,0,1,0,0,0,,0,Dresden
51.031560,13.784497,1648226268983,1,0,0,0,1,0,0,0,0,0,0,1,0,0,0,,0,Dresden
51.050617,13.727847,1647240074001,1,0,0,2,7,0,0,0,0,0,0,1,0,0,0,"auf Sperrfläche parkend und in Radweg ragend",0,Dresden
51.043806,13.702053,1645636640000,1,0,0,5,7,0,0,0,0,0,0,1,0,0,0,"behinderndes Parken auf Radweg ",0,Dresden
51.046524,13.692842,1645636893000,1,0,0,5,1,0,0,0,0,0,0,1,0,0,0,,0,Dresden
51.044691,13.706450,1645511608999,1,0,0,5,7,0,0,0,1,0,0,0,0,0,0,"",0,Dresden
51.050933,13.728580,1645511922000,1,0,0,5,7,0,0,0,0,0,0,1,0,0,0,"auf Sperrfläche parkendes und in den Radschutzstreifen hineinragendes Auto",0,Dresden
51.049368,13.720332,1644856177001,1,0,0,2,7,0,0,1,0,0,0,0,0,0,0,,0,Dresden
51.052547,13.727326,1645724807966,1,0,0,2,1,0,0,0,0,0,0,1,0,0,0,,0,Dresden
51.050818,13.729699,1643995131000,1,0,0,2,8,0,1,0,0,0,0,0,0,0,0,,0,Dresden
51.049548,13.720624,1643995252000,1,0,0,2,8,0,1,0,0,0,0,0,0,0,0,,0,Dresden
51.043867,13.703260,1643995625000,1,0,0,2,7,0,0,1,0,0,0,0,0,0,0,,0,Dresden
51.050335,13.735409,1645689743000,1,0,0,2,1,0,0,0,0,1,0,0,0,0,0,,0,Dresden
51.048704,13.746811,1644943762817,1,0,0,5,8,0,0,0,1,0,0,0,0,0,0,"Blockierung des Radwegs in einer \"Angstweiche\"",0,Dresden
51.043703,13.703487,1644944508001,1,0,0,5,7,0,0,1,0,0,0,0,0,0,0,"",0,Dresden
51.050787,13.728753,1645771293001,1,0,0,5,7,0,0,0,0,0,0,1,0,0,0,"auf der Sperrfläche parkendes in den Radweg hineinragendes Auto",0,Dresden
51.045997,13.693005,1645463447001,1,0,0,5,1,0,0,0,0,0,0,1,0,0,0,"im Haltestellenbereich trotz Sperrlinie überholt worden",0,Dresden
51.046199,13.692926,1645463450001,1,0,0,5,1,0,0,0,0,0,0,1,0,0,0,,0,Dresden
51.049448,13.742018,1645166749002,1,0,0,5,1,0,0,0,0,1,0,0,0,0,0,,0,Dresden
51.042752,13.764198,1645031483000,1,0,0,5,8,0,0,0,0,0,0,1,0,0,0,"erschrocken wegen hupendem Auto",0,Dresden
51.043585,13.699652,1645032628000,1,0,0,5,7,0,0,0,0,0,0,1,0,0,0,"Im Parkverbot parkendes Fahrzeug zwingt zum Ausweichen in den Gleisbereich der Straßenbahn.",0,Dresden
51.046813,13.692709,1645032817001,1,0,0,5,8,0,0,0,0,0,0,1,0,0,0,"links überholt worden, obwohl Linksabbiegen bereits angezeigt und eingeordnet",0,Dresden
51.044730,13.706863,1644821851002,1,0,0,2,7,0,0,1,0,0,0,0,0,0,0,,0,Dresden
51.046690,13.692718,1645202117000,1,0,0,5,8,0,0,0,0,0,0,1,0,0,0,"bei ankommendem Gegenverkehr mit überhöhter Geschwindigkeit überholt worden, obwohl bereits Linksabbiegen angezeigt und dafür eingeordnet",0,Dresden
51.038115,13.786686,1645028285975,1,0,0,5,8,0,0,0,0,0,0,1,0,0,0,"sichtbehinderndes Parken innerhalb des 5m-Bereichs",0,Dresden
51.046629,13.709869,1644907291002,1,0,0,5,8,0,0,0,0,1,0,0,0,0,0,"Blockierung der Sichtbeziehung zum von links kommenden Kfz-Verkehr durch Parken unmittelbar vor der Gehwegvorstreckung",0,Dresden
51.048777,13.747205,1650900920000,1,0,0,2,7,0,0,0,0,0,0,1,0,0,0,"auf Radweg in Mittellage haltendes Auto",0,Dresden
51.085650,13.692623,1650113284000,1,0,0,2,7,0,0,0,0,0,0,1,0,0,0,,0,Dresden
51.047242,13.750651,1649310553001,1,0,0,2,3,0,0,0,0,0,0,1,0,0,1,,0,Dresden
51.041433,13.766588,1649310818001,1,0,0,2,8,0,0,0,0,0,0,1,0,0,0,"Mutmaßlicher Rotverstoß",0,Dresden
51.049147,13.690651,1650644680002,1,0,0,2,7,0,0,0,0,0,0,1,0,0,0,"Falschparker",0,Dresden
51.050598,13.737363,1649865906000,1,0,0,0,8,0,1,0,0,0,0,0,0,0,0,"Vorfahrtsfehler",0,Dresden
51.047139,13.710806,1649866287000,1,0,0,0,4,0,1,1,0,0,0,0,0,0,0,,0,Dresden
51.043825,13.703275,1649866413000,1,0,0,0,7,0,0,1,0,0,0,0,0,0,0,,0,Dresden
51.049388,13.666616,1649867045999,1,0,0,0,7,0,0,1,0,0,0,0,0,0,0,,0,Dresden
51.050439,13.738567,1649261981002,1,0,0,2,1,0,0,0,0,0,0,1,0,0,0,,0,Dresden
51.050599,13.727509,1649828734001,1,0,0,2,1,0,0,0,0,0,0,1,0,0,0,,0,Dresden
51.050790,13.729996,1649828782001,1,0,0,2,1,0,0,0,1,0,0,0,0,0,0,,0,Dresden
51.050158,13.738122,1649828909000,1,0,0,2,7,0,0,1,0,0,0,0,0,0,0,,0,Dresden
51.044661,13.758301,1649829270001,1,0,0,2,4,0,1,0,0,0,0,0,0,0,0,,0,Dresden
51.040160,13.769660,1649829409000,1,0,0,2,4,0,1,0,0,0,0,0,0,0,0,,0,Dresden
51.043781,13.702105,1650384480001,1,0,0,2,2,0,0,0,0,0,0,1,0,0,0,,0,Dresden
51.046119,13.693071,1650384704000,1,0,0,2,1,0,0,0,0,0,0,1,0,0,0,,0,Dresden
51.047333,13.684889,1650384821001,1,0,0,2,7,0,0,0,0,0,0,1,0,0,0,"zum Gespräch mit Gegenverkehr haltender Autofahrer",0,Dresden
51.050367,13.735911,1649224260001,1,0,0,2,1,0,0,0,0,0,0,1,0,0,0,,0,Dresden
51.053421,13.745722,1649178810000,1,0,0,2,1,0,0,0,0,0,0,1,0,0,0,,0,Dresden
51.053713,13.670265,1651133248988,1,0,0,2,1,0,0,0,0,0,0,1,0,0,0,,0,Dresden
51.051079,13.731181,1651134249001,1,0,0,2,7,0,0,1,0,0,0,0,0,0,0,,0,Dresden
51.050767,13.729152,1650349588001,1,0,0,2,7,0,0,0,0,0,0,1,0,0,0,"entgegen der Einbahnstraße querender Autofahrer",0,Dresden
51.049798,13.740832,1650349741002,1,0,0,2,1,0,0,0,0,0,0,1,0,0,0,,0,Dresden
51.044650,13.758346,1650350066002,1,0,0,2,4,0,1,0,0,0,0,0,0,0,0,,0,Dresden
51.043185,13.762025,1650350108002,1,0,0,2,4,0,1,0,0,0,0,0,0,0,0,,0,Dresden
51.042197,13.764661,1650350136001,1,0,0,2,4,0,1,0,0,0,0,0,0,0,0,,0,Dresden
51.045848,13.693237,1650560301001,1,0,0,2,8,0,0,0,0,0,0,1,0,0,0,"Überholen in einer Straßenbahnhaltestelle bei Sperrlinie",0,Dresden
51.046096,13.693117,1650560304001,1,0,0,2,8,0,0,0,0,0,0,1,0,0,0,"Überholen mit überhöhter Geschwindigkeit in einer Straßenbahnhaltestelle trotz Sperrlinie",0,Dresden
51.049468,13.668566,1650560846000,1,0,0,2,7,0,0,1,0,0,0,0,0,0,0,"Wegen Falschparker auf Gehweg auf den Radweg ausweichender Fußgänger",0,Dresden
51.050488,13.737199,1648828906002,1,0,0,2,8,0,0,0,0,0,0,1,0,0,0,"Vorfahrt missachtet",0,Dresden
51.043889,13.703347,1648829450001,1,0,0,2,7,0,0,1,0,0,0,0,0,0,0,,0,Dresden
51.047269,13.692429,1648829670000,1,0,0,2,1,0,0,0,0,0,0,1,0,0,0,,0,Dresden
51.048943,13.692804,1650607244932,1,0,0,2,7,0,0,0,0,0,0,1,0,0,0,"",0,Dresden
51.051022,13.731156,1650607871001,1,0,0,2,7,0,0,1,0,0,0,0,0,0,0,,0,Dresden
51.051044,13.731800,1650607877001,1,0,0,2,7,0,0,1,0,0,0,0,0,0,0,,0,Dresden
51.053924,13.666584,1650865090002,1,0,0,2,1,0,0,0,1,0,0,0,0,0,0,,0,Dresden
51.050316,13.686120,1650865255004,1,0,0,2,1,0,0,0,1,0,0,0,0,0,0,,0,Dresden
51.048997,13.696055,1650865367002,1,0,0,2,7,0,0,0,1,0,0,0,0,0,0,,0,Dresden
51.046446,13.753038,1650866361000,1,0,0,2,5,0,1,0,0,0,0,0,0,0,0,,0,Dresden
51.046276,13.755221,1650866388000,1,0,0,2,5,0,1,0,0,0,0,0,0,0,0,,0,Dresden
51.045828,13.693129,1651087653001,1,0,0,2,1,0,0,0,0,0,0,1,0,0,0,,0,Dresden
51.050717,13.736322,1651229294000,1,0,0,2,1,0,0,0,0,1,0,0,0,0,0,,0,Dresden
51.050715,13.726676,1651229432000,1,0,0,2,1,0,0,0,0,1,0,0,0,0,0,,0,Dresden
51.043739,13.699711,1651229896000,1,0,0,2,7,0,0,0,1,0,0,0,0,0,0,"Falschparker",0,Dresden
51.045885,13.693145,1651230007000,1,0,0,2,1,0,0,0,0,0,1,0,0,0,0,,0,Dresden
51.01631333333333,13.670309999999999,1651124900000,3,0,0,1,4,0,1,0,0,0,0,0,0,0,0,Engstelle, Einfahrt ,0,Dresden
51.051070,13.730845,1650520199000,1,0,0,2,7,0,0,1,0,0,0,0,0,0,0,,0,Dresden
51.061274,13.733063,1650300346970,1,0,0,0,7,0,0,1,0,0,0,0,0,0,0,,0,Dresden
51.061164,13.732727,1650300350970,1,0,0,0,7,0,0,1,0,0,0,0,0,0,0,,0,Dresden
51.060971,13.731973,1650300358970,1,0,0,0,7,0,0,1,0,0,0,0,0,0,0,,0,Dresden
51.060354,13.730198,1650300378970,1,0,0,0,4,0,1,0,0,0,0,0,0,0,0,,0,Dresden
51.050859,13.729165,1649087040002,1,0,0,2,8,0,0,0,0,0,0,1,0,0,0,"Vorfahrt missachtet nach Rotlichtverstoß am Grünpfeil",0,Dresden
51.046952,13.688955,1649087693000,1,0,0,2,4,0,0,0,0,0,0,1,0,0,0,,0,Dresden
51.048925,13.746739,1649776761001,1,0,0,2,7,0,0,0,0,0,0,1,0,0,0,"auf RiM haltendes Auto",0,Dresden
51.049229,13.661457,1649778150000,1,0,0,2,7,0,0,1,0,0,0,0,0,0,0,,0,Dresden
51.051162,13.684534,1649141277008,1,0,0,2,1,0,0,0,0,0,0,1,0,0,0,,0,Dresden
51.050831,13.685248,1649141283008,1,0,0,2,1,0,0,0,0,0,0,1,0,0,0,,0,Dresden
51.050650,13.685581,1649141286008,1,0,0,2,1,0,0,0,0,1,0,0,0,0,0,,0,Dresden
51.044302,13.759242,1649142173002,1,0,0,2,4,0,1,0,0,0,0,0,0,0,0,,0,Dresden
51.043739,13.703376,1651227961001,1,0,0,2,7,0,0,1,0,0,0,0,0,0,0,,0,Dresden
51.050876,13.733014,1651228387001,1,0,0,2,7,0,0,0,1,0,0,0,0,0,0,"Falschparker",0,Dresden
51.090464,13.691825,1650104402000,1,0,0,2,1,0,0,0,0,0,0,1,0,0,0,,0,Dresden
51.100080,13.688601,1650104645002,1,0,0,2,7,0,0,1,0,0,0,0,0,0,0,,0,Dresden
