{
  "type" : "FeatureCollection",
  "features" : [ {
    "type" : "Feature",
    "properties" : {
      "date" : "22/11/2020 14:38:56",
      "bikeType" : "-",
      "child" : "Nein",
      "trailer" : "Nein",
      "pLoc" : "Hosentasche",
      "incident" : "Beinahe-Dooring",
      "participant" : "",
      "scary" : "Ja",
      "descr" : "Längsparkplätze direkt links neben Fahrradweg, Beifahrer hat Tür geöffnet",
      "region" : "Bielefeld"
    },
    "geometry" : {
      "type" : "Point",
      "coordinates" : [ 8.56584345, 52.00296058 ]
    }
  }, {
    "type" : "Feature",
    "properties" : {
      "date" : "22/11/2020 14:46:16",
      "bikeType" : "-",
      "child" : "Nein",
      "trailer" : "Nein",
      "pLoc" : "Hosentasche",
      "incident" : "Sonstiges",
      "participant" : "",
      "scary" : "Nein",
      "descr" : "Auto kam aus Ausfahrt und stans mitten auf dem Fahrradweg",
      "region" : "Bielefeld"
    },
    "geometry" : {
      "type" : "Point",
      "coordinates" : [ 8.56307639, 52.01155816 ]
    }
  }, {
    "type" : "Feature",
    "properties" : {
      "date" : "02/06/2020 07:06:18",
      "bikeType" : "Road Racing Bike",
      "child" : "Nein",
      "trailer" : "Nein",
      "pLoc" : "Hosentasche",
      "incident" : "Sonstiges",
      "participant" : "Sonstiges",
      "scary" : "Ja",
      "descr" : "PKW in Kurve geparkt, beinahe Unfall mit Bulli da Kurve nicht einsehbar und Bulli zuweist links",
      "region" : "Bielefeld"
    },
    "geometry" : {
      "type" : "Point",
      "coordinates" : [ 8.539593, 52.022417 ]
    }
  }, {
    "type" : "Feature",
    "properties" : {
      "date" : "23/06/2020 07:32:51",
      "bikeType" : "Road Racing Bike",
      "child" : "Nein",
      "trailer" : "Nein",
      "pLoc" : "Hosentasche",
      "incident" : "Ein- oder ausparkendes Fahrzeug",
      "participant" : "PKW",
      "scary" : "Ja",
      "descr" : "",
      "region" : "Bielefeld"
    },
    "geometry" : {
      "type" : "Point",
      "coordinates" : [ 8.542093, 52.023114 ]
    }
  }, {
    "type" : "Feature",
    "properties" : {
      "date" : "05/06/2020 07:01:21",
      "bikeType" : "Road Racing Bike",
      "child" : "Nein",
      "trailer" : "Nein",
      "pLoc" : "Hosentasche",
      "incident" : "Hindernis ausweichen (z.B. Hund)",
      "participant" : "LKW, Sonstiges",
      "scary" : "Nein",
      "descr" : "LKW direkt vor Ampel im absoluten Halteverbot auf falscher Straßenseite ",
      "region" : "Bielefeld"
    },
    "geometry" : {
      "type" : "Point",
      "coordinates" : [ 8.549517, 52.023647 ]
    }
  }, {
    "type" : "Feature",
    "properties" : {
      "date" : "21/07/2020 15:47:39",
      "bikeType" : "Road Racing Bike",
      "child" : "Nein",
      "trailer" : "Nein",
      "pLoc" : "Hosentasche",
      "incident" : "Entgegenkommender Verkehrsteilnehmer",
      "participant" : "Lieferwagen, Sonstiges",
      "scary" : "Ja",
      "descr" : "Sehr wenig Platz gelassen, ausweichen nicht möglich. ",
      "region" : "Bielefeld"
    },
    "geometry" : {
      "type" : "Point",
      "coordinates" : [ 8.531958, 52.021317 ]
    }
  }, {
    "type" : "Feature",
    "properties" : {
      "date" : "10/07/2020 16:13:57",
      "bikeType" : "Tandembike",
      "child" : "Nein",
      "trailer" : "Nein",
      "pLoc" : "Hosentasche",
      "incident" : "Sonstiges",
      "participant" : "PKW",
      "scary" : "Nein",
      "descr" : "PKW auf Rad- und Fuẞweg",
      "region" : "Bielefeld"
    },
    "geometry" : {
      "type" : "Point",
      "coordinates" : [ 8.52171936, 52.00745952 ]
    }
  }, {
    "type" : "Feature",
    "properties" : {
      "date" : "27/07/2020 14:53:45",
      "bikeType" : "Road Racing Bike",
      "child" : "Nein",
      "trailer" : "Nein",
      "pLoc" : "Hosentasche",
      "incident" : "Sonstiges",
      "participant" : "Fußgänger, Sonstiges",
      "scary" : "Nein",
      "descr" : "Ohne zu gucken auf die Straße gelaufen",
      "region" : "Bielefeld"
    },
    "geometry" : {
      "type" : "Point",
      "coordinates" : [ 8.533235, 52.021364 ]
    }
  }, {
    "type" : "Feature",
    "properties" : {
      "date" : "27/07/2020 14:53:53",
      "bikeType" : "Road Racing Bike",
      "child" : "Nein",
      "trailer" : "Nein",
      "pLoc" : "Hosentasche",
      "incident" : "Beinahe-Dooring",
      "participant" : "PKW",
      "scary" : "Ja",
      "descr" : "",
      "region" : "Bielefeld"
    },
    "geometry" : {
      "type" : "Point",
      "coordinates" : [ 8.533833, 52.021531 ]
    }
  }, {
    "type" : "Feature",
    "properties" : {
      "date" : "22/07/2020 06:59:09",
      "bikeType" : "Road Racing Bike",
      "child" : "Nein",
      "trailer" : "Nein",
      "pLoc" : "Hosentasche",
      "incident" : "Sonstiges",
      "participant" : "PKW, Sonstiges",
      "scary" : "Nein",
      "descr" : "An der Ampel Radweg blockiert",
      "region" : "Bielefeld"
    },
    "geometry" : {
      "type" : "Point",
      "coordinates" : [ 8.549347, 52.023534 ]
    }
  }, {
    "type" : "Feature",
    "properties" : {
      "date" : "07/08/2020 07:11:15",
      "bikeType" : "Road Racing Bike",
      "child" : "Nein",
      "trailer" : "Nein",
      "pLoc" : "Hosentasche",
      "incident" : "Hindernis ausweichen (z.B. Hund)",
      "participant" : "Fußgänger",
      "scary" : "Nein",
      "descr" : "",
      "region" : "Bielefeld"
    },
    "geometry" : {
      "type" : "Point",
      "coordinates" : [ 8.533948, 52.021543 ]
    }
  }, {
    "type" : "Feature",
    "properties" : {
      "date" : "28/08/2020 14:29:50",
      "bikeType" : "City-/Trekking Bike",
      "child" : "Nein",
      "trailer" : "Nein",
      "pLoc" : "Rucksack/Tasche",
      "incident" : "Zu dichtes Überholen",
      "participant" : "PKW",
      "scary" : "Nein",
      "descr" : "",
      "region" : "Bielefeld"
    },
    "geometry" : {
      "type" : "Point",
      "coordinates" : [ 8.55943229, 52.01005652 ]
    }
  }, {
    "type" : "Feature",
    "properties" : {
      "date" : "28/08/2020 10:18:54",
      "bikeType" : "City-/Trekking Bike",
      "child" : "Nein",
      "trailer" : "Nein",
      "pLoc" : "Rucksack/Tasche",
      "incident" : "Entgegenkommender Verkehrsteilnehmer",
      "participant" : "Fahrrad",
      "scary" : "Nein",
      "descr" : "",
      "region" : "Bielefeld"
    },
    "geometry" : {
      "type" : "Point",
      "coordinates" : [ 8.52526601, 52.02311336 ]
    }
  }, {
    "type" : "Feature",
    "properties" : {
      "date" : "04/11/2021 12:47:39",
      "bikeType" : "E-Bike",
      "child" : "Nein",
      "trailer" : "Nein",
      "pLoc" : "Lenker",
      "incident" : "Hindernis ausweichen (z.B. Hund)",
      "participant" : "",
      "scary" : "Nein",
      "descr" : "",
      "region" : "Bielefeld"
    },
    "geometry" : {
      "type" : "Point",
      "coordinates" : [ 8.871733333333333, 51.942944999999995 ]
    }
  }, {
    "type" : "Feature",
    "properties" : {
      "date" : "01/05/2021 17:27:45",
      "bikeType" : "-",
      "child" : "Nein",
      "trailer" : "Nein",
      "pLoc" : "Hosentasche",
      "incident" : "Hindernis ausweichen (z.B. Hund)",
      "participant" : "",
      "scary" : "Nein",
      "descr" : "",
      "region" : "Bielefeld"
    },
    "geometry" : {
      "type" : "Point",
      "coordinates" : [ 8.907968333333335, 51.932705000000006 ]
    }
  }, {
    "type" : "Feature",
    "properties" : {
      "date" : "06/05/2021 07:17:51",
      "bikeType" : "-",
      "child" : "Nein",
      "trailer" : "Nein",
      "pLoc" : "Hosentasche",
      "incident" : "Zu dichtes Überholen",
      "participant" : "",
      "scary" : "Nein",
      "descr" : "",
      "region" : "Bielefeld"
    },
    "geometry" : {
      "type" : "Point",
      "coordinates" : [ 8.54857957, 52.02374898 ]
    }
  }, {
    "type" : "Feature",
    "properties" : {
      "date" : "02/05/2021 12:31:38",
      "bikeType" : "-",
      "child" : "Nein",
      "trailer" : "Nein",
      "pLoc" : "Hosentasche",
      "incident" : "Zu dichtes Überholen",
      "participant" : "",
      "scary" : "Nein",
      "descr" : "",
      "region" : "Bielefeld"
    },
    "geometry" : {
      "type" : "Point",
      "coordinates" : [ 8.873948333333335, 51.94026333333333 ]
    }
  }, {
    "type" : "Feature",
    "properties" : {
      "date" : "12/05/2021 14:41:58",
      "bikeType" : "-",
      "child" : "Nein",
      "trailer" : "Nein",
      "pLoc" : "Hosentasche",
      "incident" : "Zu dichtes Überholen",
      "participant" : "",
      "scary" : "Nein",
      "descr" : "",
      "region" : "Bielefeld"
    },
    "geometry" : {
      "type" : "Point",
      "coordinates" : [ 8.87398, 51.94018666666666 ]
    }
  }, {
    "type" : "Feature",
    "properties" : {
      "date" : "15/05/2021 13:52:26",
      "bikeType" : "-",
      "child" : "Nein",
      "trailer" : "Nein",
      "pLoc" : "Hosentasche",
      "incident" : "Hindernis ausweichen (z.B. Hund)",
      "participant" : "",
      "scary" : "Nein",
      "descr" : "",
      "region" : "Bielefeld"
    },
    "geometry" : {
      "type" : "Point",
      "coordinates" : [ 8.872031666666667, 51.942935000000006 ]
    }
  }, {
    "type" : "Feature",
    "properties" : {
      "date" : "15/05/2021 13:52:29",
      "bikeType" : "-",
      "child" : "Nein",
      "trailer" : "Nein",
      "pLoc" : "Hosentasche",
      "incident" : "Hindernis ausweichen (z.B. Hund)",
      "participant" : "",
      "scary" : "Nein",
      "descr" : "",
      "region" : "Bielefeld"
    },
    "geometry" : {
      "type" : "Point",
      "coordinates" : [ 8.872011666666667, 51.94294166666667 ]
    }
  }, {
    "type" : "Feature",
    "properties" : {
      "date" : "28/05/2021 12:19:35",
      "bikeType" : "-",
      "child" : "Nein",
      "trailer" : "Nein",
      "pLoc" : "Hosentasche",
      "incident" : "Zu dichtes Überholen",
      "participant" : "",
      "scary" : "Nein",
      "descr" : "",
      "region" : "Bielefeld"
    },
    "geometry" : {
      "type" : "Point",
      "coordinates" : [ 8.908123333333332, 51.932536666666664 ]
    }
  }, {
    "type" : "Feature",
    "properties" : {
      "date" : "05/05/2021 17:15:18",
      "bikeType" : "-",
      "child" : "Nein",
      "trailer" : "Nein",
      "pLoc" : "Hosentasche",
      "incident" : "Hindernis ausweichen (z.B. Hund)",
      "participant" : "",
      "scary" : "Nein",
      "descr" : "",
      "region" : "Bielefeld"
    },
    "geometry" : {
      "type" : "Point",
      "coordinates" : [ 8.873808333333333, 51.94028 ]
    }
  }, {
    "type" : "Feature",
    "properties" : {
      "date" : "20/11/2021 13:11:46",
      "bikeType" : "E-Bike",
      "child" : "Nein",
      "trailer" : "Nein",
      "pLoc" : "Lenker",
      "incident" : "Zu dichtes Überholen",
      "participant" : "",
      "scary" : "Nein",
      "descr" : "",
      "region" : "Bielefeld"
    },
    "geometry" : {
      "type" : "Point",
      "coordinates" : [ 8.876721666666667, 51.940841666666664 ]
    }
  }, {
    "type" : "Feature",
    "properties" : {
      "date" : "15/09/2021 13:25:23",
      "bikeType" : "E-Bike",
      "child" : "Nein",
      "trailer" : "Nein",
      "pLoc" : "Lenker",
      "incident" : "Zu dichtes Überholen",
      "participant" : "",
      "scary" : "Nein",
      "descr" : "",
      "region" : "Bielefeld"
    },
    "geometry" : {
      "type" : "Point",
      "coordinates" : [ 8.873713333333335, 51.94030166666666 ]
    }
  }, {
    "type" : "Feature",
    "properties" : {
      "date" : "10/06/2021 11:06:36",
      "bikeType" : "-",
      "child" : "Nein",
      "trailer" : "Nein",
      "pLoc" : "Hosentasche",
      "incident" : "Zu dichtes Überholen",
      "participant" : "",
      "scary" : "Nein",
      "descr" : "",
      "region" : "Bielefeld"
    },
    "geometry" : {
      "type" : "Point",
      "coordinates" : [ 8.879053333333333, 51.94175833333334 ]
    }
  }, {
    "type" : "Feature",
    "properties" : {
      "date" : "10/06/2021 11:06:49",
      "bikeType" : "-",
      "child" : "Nein",
      "trailer" : "Nein",
      "pLoc" : "Hosentasche",
      "incident" : "Hindernis ausweichen (z.B. Hund)",
      "participant" : "",
      "scary" : "Nein",
      "descr" : "",
      "region" : "Bielefeld"
    },
    "geometry" : {
      "type" : "Point",
      "coordinates" : [ 8.879053333333333, 51.94175833333334 ]
    }
  }, {
    "type" : "Feature",
    "properties" : {
      "date" : "10/06/2021 11:06:52",
      "bikeType" : "-",
      "child" : "Nein",
      "trailer" : "Nein",
      "pLoc" : "Hosentasche",
      "incident" : "Zu dichtes Überholen",
      "participant" : "",
      "scary" : "Nein",
      "descr" : "",
      "region" : "Bielefeld"
    },
    "geometry" : {
      "type" : "Point",
      "coordinates" : [ 8.879053333333333, 51.94175833333334 ]
    }
  }, {
    "type" : "Feature",
    "properties" : {
      "date" : "09/06/2021 15:20:31",
      "bikeType" : "-",
      "child" : "Nein",
      "trailer" : "Nein",
      "pLoc" : "Hosentasche",
      "incident" : "Ein- oder ausparkendes Fahrzeug",
      "participant" : "PKW",
      "scary" : "Nein",
      "descr" : "",
      "region" : "Bielefeld"
    },
    "geometry" : {
      "type" : "Point",
      "coordinates" : [ 8.86926289, 51.94987552 ]
    }
  }, {
    "type" : "Feature",
    "properties" : {
      "date" : "25/06/2021 15:28:59",
      "bikeType" : "-",
      "child" : "Nein",
      "trailer" : "Nein",
      "pLoc" : "Hosentasche",
      "incident" : "Zu dichtes Überholen",
      "participant" : "",
      "scary" : "Nein",
      "descr" : "",
      "region" : "Bielefeld"
    },
    "geometry" : {
      "type" : "Point",
      "coordinates" : [ 8.878181666666668, 51.94116 ]
    }
  }, {
    "type" : "Feature",
    "properties" : {
      "date" : "15/07/2021 13:38:49",
      "bikeType" : "-",
      "child" : "Nein",
      "trailer" : "Nein",
      "pLoc" : "Hosentasche",
      "incident" : "Zu dichtes Überholen",
      "participant" : "",
      "scary" : "Nein",
      "descr" : "",
      "region" : "Bielefeld"
    },
    "geometry" : {
      "type" : "Point",
      "coordinates" : [ 8.873603333333334, 51.94024666666666 ]
    }
  }, {
    "type" : "Feature",
    "properties" : {
      "date" : "29/07/2021 11:41:54",
      "bikeType" : "-",
      "child" : "Nein",
      "trailer" : "Nein",
      "pLoc" : "Hosentasche",
      "incident" : "Zu dichtes Überholen",
      "participant" : "",
      "scary" : "Nein",
      "descr" : "",
      "region" : "Bielefeld"
    },
    "geometry" : {
      "type" : "Point",
      "coordinates" : [ 8.883853333333333, 51.93793833333334 ]
    }
  }, {
    "type" : "Feature",
    "properties" : {
      "date" : "28/06/2021 15:36:56",
      "bikeType" : "-",
      "child" : "Nein",
      "trailer" : "Nein",
      "pLoc" : "Hosentasche",
      "incident" : "Zu dichtes Überholen",
      "participant" : "",
      "scary" : "Nein",
      "descr" : "",
      "region" : "Bielefeld"
    },
    "geometry" : {
      "type" : "Point",
      "coordinates" : [ 8.873791666666667, 51.94016333333334 ]
    }
  }, {
    "type" : "Feature",
    "properties" : {
      "date" : "29/07/2021 11:39:37",
      "bikeType" : "-",
      "child" : "Nein",
      "trailer" : "Nein",
      "pLoc" : "Hosentasche",
      "incident" : "Hindernis ausweichen (z.B. Hund)",
      "participant" : "",
      "scary" : "Nein",
      "descr" : "",
      "region" : "Bielefeld"
    },
    "geometry" : {
      "type" : "Point",
      "coordinates" : [ 8.88493, 51.93794333333334 ]
    }
  }, {
    "type" : "Feature",
    "properties" : {
      "date" : "03/07/2021 12:10:08",
      "bikeType" : "-",
      "child" : "Nein",
      "trailer" : "Nein",
      "pLoc" : "Hosentasche",
      "incident" : "Zu dichtes Überholen",
      "participant" : "",
      "scary" : "Nein",
      "descr" : "",
      "region" : "Bielefeld"
    },
    "geometry" : {
      "type" : "Point",
      "coordinates" : [ 8.878688333333335, 51.93901000000001 ]
    }
  }, {
    "type" : "Feature",
    "properties" : {
      "date" : "03/07/2021 12:10:14",
      "bikeType" : "-",
      "child" : "Nein",
      "trailer" : "Nein",
      "pLoc" : "Hosentasche",
      "incident" : "Zu dichtes Überholen",
      "participant" : "",
      "scary" : "Nein",
      "descr" : "",
      "region" : "Bielefeld"
    },
    "geometry" : {
      "type" : "Point",
      "coordinates" : [ 8.878688333333335, 51.93901000000001 ]
    }
  }, {
    "type" : "Feature",
    "properties" : {
      "date" : "14/04/2021 07:18:52",
      "bikeType" : "-",
      "child" : "Nein",
      "trailer" : "Nein",
      "pLoc" : "Hosentasche",
      "incident" : "Zu dichtes Überholen",
      "participant" : "Lieferwagen, PKW",
      "scary" : "Nein",
      "descr" : "",
      "region" : "Bielefeld"
    },
    "geometry" : {
      "type" : "Point",
      "coordinates" : [ 8.5478646, 52.02789362 ]
    }
  }, {
    "type" : "Feature",
    "properties" : {
      "date" : "12/04/2021 07:07:08",
      "bikeType" : "-",
      "child" : "Nein",
      "trailer" : "Nein",
      "pLoc" : "Hosentasche",
      "incident" : "Zu dichtes Überholen",
      "participant" : "Bus",
      "scary" : "Nein",
      "descr" : "",
      "region" : "Bielefeld"
    },
    "geometry" : {
      "type" : "Point",
      "coordinates" : [ 8.56208034, 52.02718451 ]
    }
  }, {
    "type" : "Feature",
    "properties" : {
      "date" : "16/04/2021 07:04:08",
      "bikeType" : "-",
      "child" : "Nein",
      "trailer" : "Nein",
      "pLoc" : "Hosentasche",
      "incident" : "Sonstiges",
      "participant" : "LKW",
      "scary" : "Nein",
      "descr" : "Langsam fahrender Lkw, den ich nicht Überholen wollte, da der Platz auf dem radfahrstreifen zwischen dem LKW und der Hecke an der Seite schmal war",
      "region" : "Bielefeld"
    },
    "geometry" : {
      "type" : "Point",
      "coordinates" : [ 8.5419439, 52.03706254 ]
    }
  }, {
    "type" : "Feature",
    "properties" : {
      "date" : "13/04/2021 16:34:57",
      "bikeType" : "-",
      "child" : "Nein",
      "trailer" : "Nein",
      "pLoc" : "Hosentasche",
      "incident" : "Zu dichtes Überholen",
      "participant" : "",
      "scary" : "Nein",
      "descr" : "",
      "region" : "Bielefeld"
    },
    "geometry" : {
      "type" : "Point",
      "coordinates" : [ 8.54639946, 52.0286555 ]
    }
  }, {
    "type" : "Feature",
    "properties" : {
      "date" : "13/04/2021 07:23:51",
      "bikeType" : "-",
      "child" : "Nein",
      "trailer" : "Nein",
      "pLoc" : "Hosentasche",
      "incident" : "Hindernis ausweichen (z.B. Hund)",
      "participant" : "LKW",
      "scary" : "Nein",
      "descr" : "LKW steht auf Radfahrstreifen",
      "region" : "Bielefeld"
    },
    "geometry" : {
      "type" : "Point",
      "coordinates" : [ 8.5477537, 52.0280903 ]
    }
  }, {
    "type" : "Feature",
    "properties" : {
      "date" : "14/04/2021 16:50:44",
      "bikeType" : "-",
      "child" : "Nein",
      "trailer" : "Nein",
      "pLoc" : "Hosentasche",
      "incident" : "Zu dichtes Überholen",
      "participant" : "",
      "scary" : "Nein",
      "descr" : "",
      "region" : "Bielefeld"
    },
    "geometry" : {
      "type" : "Point",
      "coordinates" : [ 8.56637419, 52.02894116 ]
    }
  }, {
    "type" : "Feature",
    "properties" : {
      "date" : "21/04/2021 17:04:07",
      "bikeType" : "-",
      "child" : "Nein",
      "trailer" : "Nein",
      "pLoc" : "Hosentasche",
      "incident" : "Sonstiges",
      "participant" : "",
      "scary" : "Nein",
      "descr" : "In zweiter Reihe gehalten ",
      "region" : "Bielefeld"
    },
    "geometry" : {
      "type" : "Point",
      "coordinates" : [ 8.56691506, 52.02689432 ]
    }
  }, {
    "type" : "Feature",
    "properties" : {
      "date" : "20/04/2021 07:14:32",
      "bikeType" : "-",
      "child" : "Nein",
      "trailer" : "Nein",
      "pLoc" : "Hosentasche",
      "incident" : "Hindernis ausweichen (z.B. Hund)",
      "participant" : "Fahrrad",
      "scary" : "Nein",
      "descr" : "Anderer Radfahrer fährt vom Bürgersteig auf die Straße ohne rückwärtigen Verkehr zu beachten\\n",
      "region" : "Bielefeld"
    },
    "geometry" : {
      "type" : "Point",
      "coordinates" : [ 8.55659134, 52.02489526 ]
    }
  }, {
    "type" : "Feature",
    "properties" : {
      "date" : "20/04/2021 07:20:47",
      "bikeType" : "-",
      "child" : "Nein",
      "trailer" : "Nein",
      "pLoc" : "Hosentasche",
      "incident" : "Hindernis ausweichen (z.B. Hund)",
      "participant" : "LKW",
      "scary" : "Nein",
      "descr" : "Handwerker LKW für Grünschnittarbeiten blockiert den Radweg",
      "region" : "Bielefeld"
    },
    "geometry" : {
      "type" : "Point",
      "coordinates" : [ 8.54221859, 52.03694484 ]
    }
  }, {
    "type" : "Feature",
    "properties" : {
      "date" : "16/04/2021 15:12:50",
      "bikeType" : "-",
      "child" : "Nein",
      "trailer" : "Nein",
      "pLoc" : "Hosentasche",
      "incident" : "Sonstiges",
      "participant" : "",
      "scary" : "Nein",
      "descr" : "Einkaufen und Vergessen die Aufzeichnung auszustellen ",
      "region" : "Bielefeld"
    },
    "geometry" : {
      "type" : "Point",
      "coordinates" : [ 8.55194826, 52.02134519 ]
    }
  }, {
    "type" : "Feature",
    "properties" : {
      "date" : "16/04/2021 15:18:35",
      "bikeType" : "-",
      "child" : "Nein",
      "trailer" : "Nein",
      "pLoc" : "Hosentasche",
      "incident" : "Hindernis ausweichen (z.B. Hund)",
      "participant" : "Fußgänger",
      "scary" : "Nein",
      "descr" : "",
      "region" : "Bielefeld"
    },
    "geometry" : {
      "type" : "Point",
      "coordinates" : [ 8.55882417, 52.02146635 ]
    }
  }, {
    "type" : "Feature",
    "properties" : {
      "date" : "16/04/2021 15:15:03",
      "bikeType" : "-",
      "child" : "Nein",
      "trailer" : "Nein",
      "pLoc" : "Hosentasche",
      "incident" : "Sonstiges",
      "participant" : "",
      "scary" : "Nein",
      "descr" : "Einkaufen und Vergessen die Aufzeichnung auszustellen ",
      "region" : "Bielefeld"
    },
    "geometry" : {
      "type" : "Point",
      "coordinates" : [ 8.55241843, 52.02141777 ]
    }
  }, {
    "type" : "Feature",
    "properties" : {
      "date" : "10/08/2021 11:03:25",
      "bikeType" : "-",
      "child" : "Nein",
      "trailer" : "Nein",
      "pLoc" : "Hosentasche",
      "incident" : "Hindernis ausweichen (z.B. Hund)",
      "participant" : "",
      "scary" : "Nein",
      "descr" : "",
      "region" : "Bielefeld"
    },
    "geometry" : {
      "type" : "Point",
      "coordinates" : [ 8.875511666666666, 51.93909833333334 ]
    }
  }, {
    "type" : "Feature",
    "properties" : {
      "date" : "11/08/2021 12:03:41",
      "bikeType" : "-",
      "child" : "Nein",
      "trailer" : "Nein",
      "pLoc" : "Hosentasche",
      "incident" : "Zu dichtes Überholen",
      "participant" : "",
      "scary" : "Nein",
      "descr" : "",
      "region" : "Bielefeld"
    },
    "geometry" : {
      "type" : "Point",
      "coordinates" : [ 8.908048333333333, 51.93253166666667 ]
    }
  }, {
    "type" : "Feature",
    "properties" : {
      "date" : "14/08/2021 14:34:32",
      "bikeType" : "-",
      "child" : "Nein",
      "trailer" : "Nein",
      "pLoc" : "Hosentasche",
      "incident" : "Hindernis ausweichen (z.B. Hund)",
      "participant" : "",
      "scary" : "Nein",
      "descr" : "",
      "region" : "Bielefeld"
    },
    "geometry" : {
      "type" : "Point",
      "coordinates" : [ 8.889653333333333, 51.935803333333325 ]
    }
  }, {
    "type" : "Feature",
    "properties" : {
      "date" : "14/08/2021 14:34:38",
      "bikeType" : "-",
      "child" : "Nein",
      "trailer" : "Nein",
      "pLoc" : "Hosentasche",
      "incident" : "Hindernis ausweichen (z.B. Hund)",
      "participant" : "",
      "scary" : "Nein",
      "descr" : "",
      "region" : "Bielefeld"
    },
    "geometry" : {
      "type" : "Point",
      "coordinates" : [ 8.889655, 51.93580166666667 ]
    }
  }, {
    "type" : "Feature",
    "properties" : {
      "date" : "17/08/2021 11:51:58",
      "bikeType" : "-",
      "child" : "Nein",
      "trailer" : "Nein",
      "pLoc" : "Hosentasche",
      "incident" : "Zu dichtes Überholen",
      "participant" : "",
      "scary" : "Nein",
      "descr" : "",
      "region" : "Bielefeld"
    },
    "geometry" : {
      "type" : "Point",
      "coordinates" : [ 8.875218333333333, 51.93948 ]
    }
  }, {
    "type" : "Feature",
    "properties" : {
      "date" : "17/08/2021 11:52:01",
      "bikeType" : "-",
      "child" : "Nein",
      "trailer" : "Nein",
      "pLoc" : "Hosentasche",
      "incident" : "Zu dichtes Überholen",
      "participant" : "",
      "scary" : "Nein",
      "descr" : "",
      "region" : "Bielefeld"
    },
    "geometry" : {
      "type" : "Point",
      "coordinates" : [ 8.875218333333333, 51.93948 ]
    }
  }, {
    "type" : "Feature",
    "properties" : {
      "date" : "17/08/2021 12:04:40",
      "bikeType" : "-",
      "child" : "Nein",
      "trailer" : "Nein",
      "pLoc" : "Hosentasche",
      "incident" : "Hindernis ausweichen (z.B. Hund)",
      "participant" : "",
      "scary" : "Nein",
      "descr" : "",
      "region" : "Bielefeld"
    },
    "geometry" : {
      "type" : "Point",
      "coordinates" : [ 8.875443333333333, 51.93917666666666 ]
    }
  }, {
    "type" : "Feature",
    "properties" : {
      "date" : "18/05/2022 13:38:11",
      "bikeType" : "City-/Trekking Bike",
      "child" : "Nein",
      "trailer" : "Nein",
      "pLoc" : "Hosentasche",
      "incident" : "Entgegenkommender Verkehrsteilnehmer",
      "participant" : "Fahrrad",
      "scary" : "Nein",
      "descr" : "",
      "region" : "Bielefeld"
    },
    "geometry" : {
      "type" : "Point",
      "coordinates" : [ 8.53809102, 52.03289376 ]
    }
  }, {
    "type" : "Feature",
    "properties" : {
      "date" : "18/05/2022 13:33:13",
      "bikeType" : "City-/Trekking Bike",
      "child" : "Nein",
      "trailer" : "Nein",
      "pLoc" : "Hosentasche",
      "incident" : "Zu dichtes Überholen",
      "participant" : "PKW",
      "scary" : "Nein",
      "descr" : "",
      "region" : "Bielefeld"
    },
    "geometry" : {
      "type" : "Point",
      "coordinates" : [ 8.53196162, 52.04261319 ]
    }
  }, {
    "type" : "Feature",
    "properties" : {
      "date" : "19/05/2022 11:46:38",
      "bikeType" : "City-/Trekking Bike",
      "child" : "Nein",
      "trailer" : "Nein",
      "pLoc" : "Hosentasche",
      "incident" : "Sonstiges",
      "participant" : "Lieferwagen",
      "scary" : "Nein",
      "descr" : "Vorfahrt genommen",
      "region" : "Bielefeld"
    },
    "geometry" : {
      "type" : "Point",
      "coordinates" : [ 8.52361107, 52.03077165 ]
    }
  }, {
    "type" : "Feature",
    "properties" : {
      "date" : "24/01/2022 13:45:24",
      "bikeType" : "E-Bike",
      "child" : "Nein",
      "trailer" : "Nein",
      "pLoc" : "Lenker",
      "incident" : "Zu dichtes Überholen",
      "participant" : "",
      "scary" : "Nein",
      "descr" : "",
      "region" : "Bielefeld"
    },
    "geometry" : {
      "type" : "Point",
      "coordinates" : [ 8.87207, 51.94284 ]
    }
  }, {
    "type" : "Feature",
    "properties" : {
      "date" : "13/05/2022 14:38:52",
      "bikeType" : "City-/Trekking Bike",
      "child" : "Nein",
      "trailer" : "Nein",
      "pLoc" : "Hosentasche",
      "incident" : "Hindernis ausweichen (z.B. Hund)",
      "participant" : "Lieferwagen",
      "scary" : "Nein",
      "descr" : "Steht mit Heck auf Schutzstreifen",
      "region" : "Bielefeld"
    },
    "geometry" : {
      "type" : "Point",
      "coordinates" : [ 8.52553588, 52.03905585 ]
    }
  }, {
    "type" : "Feature",
    "properties" : {
      "date" : "09/05/2022 16:08:45",
      "bikeType" : "City-/Trekking Bike",
      "child" : "Nein",
      "trailer" : "Nein",
      "pLoc" : "Hosentasche",
      "incident" : "Zu dichtes Überholen",
      "participant" : "Lieferwagen",
      "scary" : "Ja",
      "descr" : "In der Engstelle mit wenigen Zentimetern überholt.",
      "region" : "Bielefeld"
    },
    "geometry" : {
      "type" : "Point",
      "coordinates" : [ 8.50944361, 52.04920756 ]
    }
  }, {
    "type" : "Feature",
    "properties" : {
      "date" : "03/05/2022 09:21:07",
      "bikeType" : "City-/Trekking Bike",
      "child" : "Nein",
      "trailer" : "Nein",
      "pLoc" : "Hosentasche",
      "incident" : "Entgegenkommender Verkehrsteilnehmer",
      "participant" : "Lieferwagen",
      "scary" : "Nein",
      "descr" : "",
      "region" : "Bielefeld"
    },
    "geometry" : {
      "type" : "Point",
      "coordinates" : [ 8.53051018, 52.04965057 ]
    }
  }, {
    "type" : "Feature",
    "properties" : {
      "date" : "16/05/2022 13:44:57",
      "bikeType" : "City-/Trekking Bike",
      "child" : "Nein",
      "trailer" : "Nein",
      "pLoc" : "Hosentasche",
      "incident" : "Hindernis ausweichen (z.B. Hund)",
      "participant" : "",
      "scary" : "Nein",
      "descr" : "Unebene Fahrbahn",
      "region" : "Bielefeld"
    },
    "geometry" : {
      "type" : "Point",
      "coordinates" : [ 8.53259466, 52.03996035 ]
    }
  }, {
    "type" : "Feature",
    "properties" : {
      "date" : "16/05/2022 13:59:29",
      "bikeType" : "City-/Trekking Bike",
      "child" : "Nein",
      "trailer" : "Nein",
      "pLoc" : "Hosentasche",
      "incident" : "Hindernis ausweichen (z.B. Hund)",
      "participant" : "Fußgänger",
      "scary" : "Nein",
      "descr" : "",
      "region" : "Bielefeld"
    },
    "geometry" : {
      "type" : "Point",
      "coordinates" : [ 8.5370651, 52.0244836 ]
    }
  }, {
    "type" : "Feature",
    "properties" : {
      "date" : "16/05/2022 14:01:56",
      "bikeType" : "City-/Trekking Bike",
      "child" : "Nein",
      "trailer" : "Nein",
      "pLoc" : "Hosentasche",
      "incident" : "Ein- oder ausparkendes Fahrzeug",
      "participant" : "PKW",
      "scary" : "Nein",
      "descr" : "",
      "region" : "Bielefeld"
    },
    "geometry" : {
      "type" : "Point",
      "coordinates" : [ 8.53963749, 52.02938405 ]
    }
  }, {
    "type" : "Feature",
    "properties" : {
      "date" : "16/05/2022 13:49:43",
      "bikeType" : "City-/Trekking Bike",
      "child" : "Nein",
      "trailer" : "Nein",
      "pLoc" : "Hosentasche",
      "incident" : "Hindernis ausweichen (z.B. Hund)",
      "participant" : "Fußgänger",
      "scary" : "Nein",
      "descr" : "",
      "region" : "Bielefeld"
    },
    "geometry" : {
      "type" : "Point",
      "coordinates" : [ 8.53986832, 52.03030335 ]
    }
  }, {
    "type" : "Feature",
    "properties" : {
      "date" : "27/05/2022 11:52:52",
      "bikeType" : "City-/Trekking Bike",
      "child" : "Nein",
      "trailer" : "Nein",
      "pLoc" : "Hosentasche",
      "incident" : "Sonstiges",
      "participant" : "PKW",
      "scary" : "Nein",
      "descr" : "Vorfahrt genommen",
      "region" : "Bielefeld"
    },
    "geometry" : {
      "type" : "Point",
      "coordinates" : [ 8.52722848, 52.05477556 ]
    }
  }, {
    "type" : "Feature",
    "properties" : {
      "date" : "27/05/2022 11:49:03",
      "bikeType" : "City-/Trekking Bike",
      "child" : "Nein",
      "trailer" : "Nein",
      "pLoc" : "Hosentasche",
      "incident" : "Hindernis ausweichen (z.B. Hund)",
      "participant" : "Sonstiges",
      "scary" : "Nein",
      "descr" : "Angestellter Anhänger auf Parkstreifen ragt auf den Radweg.",
      "region" : "Bielefeld"
    },
    "geometry" : {
      "type" : "Point",
      "coordinates" : [ 8.51744647, 52.05841012 ]
    }
  }, {
    "type" : "Feature",
    "properties" : {
      "date" : "05/05/2022 15:03:43",
      "bikeType" : "City-/Trekking Bike",
      "child" : "Nein",
      "trailer" : "Nein",
      "pLoc" : "Hosentasche",
      "incident" : "Beinahe-Dooring",
      "participant" : "PKW",
      "scary" : "Nein",
      "descr" : "",
      "region" : "Bielefeld"
    },
    "geometry" : {
      "type" : "Point",
      "coordinates" : [ 8.5282238, 52.04262208 ]
    }
  }, {
    "type" : "Feature",
    "properties" : {
      "date" : "20/01/2022 13:16:33",
      "bikeType" : "E-Bike",
      "child" : "Nein",
      "trailer" : "Nein",
      "pLoc" : "Lenker",
      "incident" : "Hindernis ausweichen (z.B. Hund)",
      "participant" : "",
      "scary" : "Nein",
      "descr" : "",
      "region" : "Bielefeld"
    },
    "geometry" : {
      "type" : "Point",
      "coordinates" : [ 8.872003333333334, 51.94281833333333 ]
    }
  }, {
    "type" : "Feature",
    "properties" : {
      "date" : "20/01/2022 13:16:39",
      "bikeType" : "E-Bike",
      "child" : "Nein",
      "trailer" : "Nein",
      "pLoc" : "Lenker",
      "incident" : "Zu dichtes Überholen",
      "participant" : "",
      "scary" : "Nein",
      "descr" : "",
      "region" : "Bielefeld"
    },
    "geometry" : {
      "type" : "Point",
      "coordinates" : [ 8.871835, 51.94291499999999 ]
    }
  }, {
    "type" : "Feature",
    "properties" : {
      "date" : "13/05/2022 14:52:54",
      "bikeType" : "City-/Trekking Bike",
      "child" : "Nein",
      "trailer" : "Nein",
      "pLoc" : "Hosentasche",
      "incident" : "Beinahe-Dooring",
      "participant" : "PKW",
      "scary" : "Nein",
      "descr" : "",
      "region" : "Bielefeld"
    },
    "geometry" : {
      "type" : "Point",
      "coordinates" : [ 8.52927192, 52.05291794 ]
    }
  }, {
    "type" : "Feature",
    "properties" : {
      "date" : "18/01/2022 15:08:17",
      "bikeType" : "E-Bike",
      "child" : "Nein",
      "trailer" : "Nein",
      "pLoc" : "Lenker",
      "incident" : "Hindernis ausweichen (z.B. Hund)",
      "participant" : "",
      "scary" : "Nein",
      "descr" : "",
      "region" : "Bielefeld"
    },
    "geometry" : {
      "type" : "Point",
      "coordinates" : [ 8.8711, 51.938426666666665 ]
    }
  }, {
    "type" : "Feature",
    "properties" : {
      "date" : "21/01/2022 16:32:56",
      "bikeType" : "E-Bike",
      "child" : "Nein",
      "trailer" : "Nein",
      "pLoc" : "Lenker",
      "incident" : "Hindernis ausweichen (z.B. Hund)",
      "participant" : "",
      "scary" : "Nein",
      "descr" : "",
      "region" : "Bielefeld"
    },
    "geometry" : {
      "type" : "Point",
      "coordinates" : [ 8.873851666666667, 51.936 ]
    }
  }, {
    "type" : "Feature",
    "properties" : {
      "date" : "06/05/2022 13:46:55",
      "bikeType" : "City-/Trekking Bike",
      "child" : "Nein",
      "trailer" : "Nein",
      "pLoc" : "Hosentasche",
      "incident" : "Zu dichtes Überholen",
      "participant" : "PKW",
      "scary" : "Nein",
      "descr" : "",
      "region" : "Bielefeld"
    },
    "geometry" : {
      "type" : "Point",
      "coordinates" : [ 8.53177376, 52.04284525 ]
    }
  }, {
    "type" : "Feature",
    "properties" : {
      "date" : "24/03/2022 15:24:46",
      "bikeType" : "E-Bike",
      "child" : "Nein",
      "trailer" : "Nein",
      "pLoc" : "Lenker",
      "incident" : "Zu dichtes Überholen",
      "participant" : "",
      "scary" : "Nein",
      "descr" : "",
      "region" : "Bielefeld"
    },
    "geometry" : {
      "type" : "Point",
      "coordinates" : [ 8.873661666666667, 51.94020166666666 ]
    }
  }, {
    "type" : "Feature",
    "properties" : {
      "date" : "09/05/2022 15:24:02",
      "bikeType" : "City-/Trekking Bike",
      "child" : "Nein",
      "trailer" : "Nein",
      "pLoc" : "Hosentasche",
      "incident" : "Entgegenkommender Verkehrsteilnehmer",
      "participant" : "Fahrrad",
      "scary" : "Nein",
      "descr" : "",
      "region" : "Bielefeld"
    },
    "geometry" : {
      "type" : "Point",
      "coordinates" : [ 8.52757473, 52.05281025 ]
    }
  }, {
    "type" : "Feature",
    "properties" : {
      "date" : "19/05/2022 12:08:29",
      "bikeType" : "City-/Trekking Bike",
      "child" : "Nein",
      "trailer" : "Nein",
      "pLoc" : "Hosentasche",
      "incident" : "Hindernis ausweichen (z.B. Hund)",
      "participant" : "PKW",
      "scary" : "Nein",
      "descr" : "In Kurve geparkte PKW",
      "region" : "Bielefeld"
    },
    "geometry" : {
      "type" : "Point",
      "coordinates" : [ 8.53226132, 52.0459726 ]
    }
  }, {
    "type" : "Feature",
    "properties" : {
      "date" : "06/05/2022 14:34:40",
      "bikeType" : "City-/Trekking Bike",
      "child" : "Nein",
      "trailer" : "Nein",
      "pLoc" : "Hosentasche",
      "incident" : "Entgegenkommender Verkehrsteilnehmer",
      "participant" : "PKW",
      "scary" : "Nein",
      "descr" : "",
      "region" : "Bielefeld"
    },
    "geometry" : {
      "type" : "Point",
      "coordinates" : [ 8.5260349, 52.02468316 ]
    }
  }, {
    "type" : "Feature",
    "properties" : {
      "date" : "08/01/2022 13:46:30",
      "bikeType" : "E-Bike",
      "child" : "Nein",
      "trailer" : "Nein",
      "pLoc" : "Lenker",
      "incident" : "Zu dichtes Überholen",
      "participant" : "",
      "scary" : "Nein",
      "descr" : "",
      "region" : "Bielefeld"
    },
    "geometry" : {
      "type" : "Point",
      "coordinates" : [ 8.893968333333333, 51.93438666666666 ]
    }
  }, {
    "type" : "Feature",
    "properties" : {
      "date" : "06/01/2022 12:24:37",
      "bikeType" : "E-Bike",
      "child" : "Nein",
      "trailer" : "Nein",
      "pLoc" : "Lenker",
      "incident" : "Zu dichtes Überholen",
      "participant" : "",
      "scary" : "Nein",
      "descr" : "",
      "region" : "Bielefeld"
    },
    "geometry" : {
      "type" : "Point",
      "coordinates" : [ 8.908521666666667, 51.93236166666667 ]
    }
  }, {
    "type" : "Feature",
    "properties" : {
      "date" : "13/06/2022 07:27:25",
      "bikeType" : "City-/Trekking Bike",
      "child" : "Nein",
      "trailer" : "Nein",
      "pLoc" : "Hosentasche",
      "incident" : "Hindernis ausweichen (z.B. Hund)",
      "participant" : "PKW",
      "scary" : "Nein",
      "descr" : "Steht auf Radschutzstreifen.",
      "region" : "Bielefeld"
    },
    "geometry" : {
      "type" : "Point",
      "coordinates" : [ 8.50535235, 52.04505129 ]
    }
  }, {
    "type" : "Feature",
    "properties" : {
      "date" : "03/06/2022 07:37:56",
      "bikeType" : "City-/Trekking Bike",
      "child" : "Nein",
      "trailer" : "Nein",
      "pLoc" : "Hosentasche",
      "incident" : "Hindernis ausweichen (z.B. Hund)",
      "participant" : "LKW",
      "scary" : "Ja",
      "descr" : "Kipplaster fährt ohne zu blinken auf den Radstreifen.",
      "region" : "Bielefeld"
    },
    "geometry" : {
      "type" : "Point",
      "coordinates" : [ 8.50254329, 52.04204284 ]
    }
  }, {
    "type" : "Feature",
    "properties" : {
      "date" : "01/06/2022 07:33:03",
      "bikeType" : "City-/Trekking Bike",
      "child" : "Nein",
      "trailer" : "Nein",
      "pLoc" : "Hosentasche",
      "incident" : "Zu dichtes Überholen",
      "participant" : "PKW",
      "scary" : "Nein",
      "descr" : "Dort verschränkt sich die Fahrbahn nach links. PKW schneiden/überfahren desshalb den Schutzstreifen.",
      "region" : "Bielefeld"
    },
    "geometry" : {
      "type" : "Point",
      "coordinates" : [ 8.51203873, 52.05141843 ]
    }
  }, {
    "type" : "Feature",
    "properties" : {
      "date" : "13/06/2022 16:13:57",
      "bikeType" : "City-/Trekking Bike",
      "child" : "Nein",
      "trailer" : "Nein",
      "pLoc" : "Hosentasche",
      "incident" : "Zu dichtes Überholen",
      "participant" : "PKW",
      "scary" : "Nein",
      "descr" : "",
      "region" : "Bielefeld"
    },
    "geometry" : {
      "type" : "Point",
      "coordinates" : [ 8.50731895, 52.04757315 ]
    }
  }, {
    "type" : "Feature",
    "properties" : {
      "date" : "23/06/2022 20:56:25",
      "bikeType" : "City-/Trekking Bike",
      "child" : "Nein",
      "trailer" : "Nein",
      "pLoc" : "Hosentasche",
      "incident" : "Zu dichtes Überholen",
      "participant" : "PKW",
      "scary" : "Nein",
      "descr" : "",
      "region" : "Bielefeld"
    },
    "geometry" : {
      "type" : "Point",
      "coordinates" : [ 8.51990805, 52.05431574 ]
    }
  }, {
    "type" : "Feature",
    "properties" : {
      "date" : "03/06/2022 16:07:18",
      "bikeType" : "City-/Trekking Bike",
      "child" : "Nein",
      "trailer" : "Nein",
      "pLoc" : "Hosentasche",
      "incident" : "Zu dichtes Überholen",
      "participant" : "PKW",
      "scary" : "Nein",
      "descr" : "",
      "region" : "Bielefeld"
    },
    "geometry" : {
      "type" : "Point",
      "coordinates" : [ 8.50953399, 52.04933455 ]
    }
  }, {
    "type" : "Feature",
    "properties" : {
      "date" : "28/06/2022 15:57:54",
      "bikeType" : "City-/Trekking Bike",
      "child" : "Nein",
      "trailer" : "Nein",
      "pLoc" : "Hosentasche",
      "incident" : "Sonstiges",
      "participant" : "PKW",
      "scary" : "Nein",
      "descr" : "Vorfahrt genommen.",
      "region" : "Bielefeld"
    },
    "geometry" : {
      "type" : "Point",
      "coordinates" : [ 8.52860446, 52.04336318 ]
    }
  }, {
    "type" : "Feature",
    "properties" : {
      "date" : "01/06/2022 16:10:26",
      "bikeType" : "City-/Trekking Bike",
      "child" : "Nein",
      "trailer" : "Nein",
      "pLoc" : "Hosentasche",
      "incident" : "Zu dichtes Überholen",
      "participant" : "Lieferwagen, PKW",
      "scary" : "Nein",
      "descr" : "Bei dieser Fahrt gab es auf der Strecke zw. Schloßhofstr und Jöllenbecker Str. bestimmt 20 Mal zu dichtes Überholen. Bei Regen und Feierabendverkehr scheinen Fahrräder Luft zu sein...",
      "region" : "Bielefeld"
    },
    "geometry" : {
      "type" : "Point",
      "coordinates" : [ 8.51329595, 52.05200026 ]
    }
  }, {
    "type" : "Feature",
    "properties" : {
      "date" : "01/06/2022 16:08:04",
      "bikeType" : "City-/Trekking Bike",
      "child" : "Nein",
      "trailer" : "Nein",
      "pLoc" : "Hosentasche",
      "incident" : "Zu dichtes Überholen",
      "participant" : "Lieferwagen, PKW",
      "scary" : "Nein",
      "descr" : "Bei dieser Fahrt gab es auf der Strecke zw. Schloßhofstr und Jöllenbecker Str. bestimmt 20 Mal zu dichtes Überholen. Bei Regen und Feierabendverkehr scheinen Fahrräder Luft zu sein...",
      "region" : "Bielefeld"
    },
    "geometry" : {
      "type" : "Point",
      "coordinates" : [ 8.50679291, 52.04652146 ]
    }
  }, {
    "type" : "Feature",
    "properties" : {
      "date" : "08/06/2022 06:49:56",
      "bikeType" : "City-/Trekking Bike",
      "child" : "Nein",
      "trailer" : "Nein",
      "pLoc" : "Hosentasche",
      "incident" : "Zu dichtes Überholen",
      "participant" : "LKW",
      "scary" : "Nein",
      "descr" : "",
      "region" : "Bielefeld"
    },
    "geometry" : {
      "type" : "Point",
      "coordinates" : [ 8.50709088, 52.04721255 ]
    }
  }, {
    "type" : "Feature",
    "properties" : {
      "date" : "29/06/2022 15:45:04",
      "bikeType" : "City-/Trekking Bike",
      "child" : "Nein",
      "trailer" : "Nein",
      "pLoc" : "Hosentasche",
      "incident" : "Zu dichtes Überholen",
      "participant" : "Lieferwagen",
      "scary" : "Nein",
      "descr" : "",
      "region" : "Bielefeld"
    },
    "geometry" : {
      "type" : "Point",
      "coordinates" : [ 8.53186686, 52.04274418 ]
    }
  }, {
    "type" : "Feature",
    "properties" : {
      "date" : "29/06/2022 15:51:15",
      "bikeType" : "City-/Trekking Bike",
      "child" : "Nein",
      "trailer" : "Nein",
      "pLoc" : "Hosentasche",
      "incident" : "Hindernis ausweichen (z.B. Hund)",
      "participant" : "Fußgänger",
      "scary" : "Nein",
      "descr" : "",
      "region" : "Bielefeld"
    },
    "geometry" : {
      "type" : "Point",
      "coordinates" : [ 8.53249235, 52.02983526 ]
    }
  }, {
    "type" : "Feature",
    "properties" : {
      "date" : "20/06/2022 07:18:49",
      "bikeType" : "City-/Trekking Bike",
      "child" : "Nein",
      "trailer" : "Nein",
      "pLoc" : "Hosentasche",
      "incident" : "Hindernis ausweichen (z.B. Hund)",
      "participant" : "PKW",
      "scary" : "Nein",
      "descr" : "PKW parkt auf Radschutzstreifen.",
      "region" : "Bielefeld"
    },
    "geometry" : {
      "type" : "Point",
      "coordinates" : [ 8.50530384, 52.04506817 ]
    }
  }, {
    "type" : "Feature",
    "properties" : {
      "date" : "20/06/2022 07:16:58",
      "bikeType" : "City-/Trekking Bike",
      "child" : "Nein",
      "trailer" : "Nein",
      "pLoc" : "Hosentasche",
      "incident" : "Zu dichtes Überholen",
      "participant" : "PKW",
      "scary" : "Nein",
      "descr" : "",
      "region" : "Bielefeld"
    },
    "geometry" : {
      "type" : "Point",
      "coordinates" : [ 8.51006604, 52.04988065 ]
    }
  }, {
    "type" : "Feature",
    "properties" : {
      "date" : "20/06/2022 16:09:14",
      "bikeType" : "City-/Trekking Bike",
      "child" : "Nein",
      "trailer" : "Nein",
      "pLoc" : "Hosentasche",
      "incident" : "Zu dichtes Überholen",
      "participant" : "PKW",
      "scary" : "Nein",
      "descr" : "",
      "region" : "Bielefeld"
    },
    "geometry" : {
      "type" : "Point",
      "coordinates" : [ 8.50933271, 52.04921422 ]
    }
  }, {
    "type" : "Feature",
    "properties" : {
      "date" : "29/06/2022 17:26:20",
      "bikeType" : "City-/Trekking Bike",
      "child" : "Nein",
      "trailer" : "Nein",
      "pLoc" : "Hosentasche",
      "incident" : "Hindernis ausweichen (z.B. Hund)",
      "participant" : "",
      "scary" : "Nein",
      "descr" : "Schlaglöchern ausweichen",
      "region" : "Bielefeld"
    },
    "geometry" : {
      "type" : "Point",
      "coordinates" : [ 8.53226759, 52.04182315 ]
    }
  }, {
    "type" : "Feature",
    "properties" : {
      "date" : "07/06/2022 18:03:11",
      "bikeType" : "City-/Trekking Bike",
      "child" : "Nein",
      "trailer" : "Nein",
      "pLoc" : "Hosentasche",
      "incident" : "Zu dichtes Überholen",
      "participant" : "PKW",
      "scary" : "Nein",
      "descr" : "",
      "region" : "Bielefeld"
    },
    "geometry" : {
      "type" : "Point",
      "coordinates" : [ 8.52771274, 52.04690604 ]
    }
  }, {
    "type" : "Feature",
    "properties" : {
      "date" : "22/06/2022 15:46:06",
      "bikeType" : "City-/Trekking Bike",
      "child" : "Nein",
      "trailer" : "Nein",
      "pLoc" : "Hosentasche",
      "incident" : "Zu dichtes Überholen",
      "participant" : "PKW",
      "scary" : "Nein",
      "descr" : "",
      "region" : "Bielefeld"
    },
    "geometry" : {
      "type" : "Point",
      "coordinates" : [ 8.51254472, 52.05163536 ]
    }
  }, {
    "type" : "Feature",
    "properties" : {
      "date" : "22/06/2022 15:49:04",
      "bikeType" : "City-/Trekking Bike",
      "child" : "Nein",
      "trailer" : "Nein",
      "pLoc" : "Hosentasche",
      "incident" : "Zu dichtes Überholen",
      "participant" : "PKW",
      "scary" : "Nein",
      "descr" : "",
      "region" : "Bielefeld"
    },
    "geometry" : {
      "type" : "Point",
      "coordinates" : [ 8.5192566, 52.05415668 ]
    }
  }, {
    "type" : "Feature",
    "properties" : {
      "date" : "22/06/2022 15:43:29",
      "bikeType" : "City-/Trekking Bike",
      "child" : "Nein",
      "trailer" : "Nein",
      "pLoc" : "Hosentasche",
      "incident" : "Zu dichtes Überholen",
      "participant" : "PKW",
      "scary" : "Nein",
      "descr" : "Bei Einfädelung in den Kreisverkehr.",
      "region" : "Bielefeld"
    },
    "geometry" : {
      "type" : "Point",
      "coordinates" : [ 8.5040707, 52.04402529 ]
    }
  }, {
    "type" : "Feature",
    "properties" : {
      "date" : "22/06/2022 15:44:12",
      "bikeType" : "City-/Trekking Bike",
      "child" : "Nein",
      "trailer" : "Nein",
      "pLoc" : "Hosentasche",
      "incident" : "Zu dichtes Überholen",
      "participant" : "PKW",
      "scary" : "Nein",
      "descr" : "",
      "region" : "Bielefeld"
    },
    "geometry" : {
      "type" : "Point",
      "coordinates" : [ 8.50640111, 52.0458551 ]
    }
  }, {
    "type" : "Feature",
    "properties" : {
      "date" : "09/06/2022 16:27:45",
      "bikeType" : "City-/Trekking Bike",
      "child" : "Nein",
      "trailer" : "Nein",
      "pLoc" : "Hosentasche",
      "incident" : "Zu dichtes Überholen",
      "participant" : "PKW",
      "scary" : "Ja",
      "descr" : "",
      "region" : "Bielefeld"
    },
    "geometry" : {
      "type" : "Point",
      "coordinates" : [ 8.50972133, 52.04950152 ]
    }
  }, {
    "type" : "Feature",
    "properties" : {
      "date" : "18/07/2022 15:47:12",
      "bikeType" : "City-/Trekking Bike",
      "child" : "Nein",
      "trailer" : "Nein",
      "pLoc" : "Hosentasche",
      "incident" : "Zu dichtes Überholen",
      "participant" : "PKW",
      "scary" : "Nein",
      "descr" : "",
      "region" : "Bielefeld"
    },
    "geometry" : {
      "type" : "Point",
      "coordinates" : [ 8.51240817, 52.05169735 ]
    }
  }, {
    "type" : "Feature",
    "properties" : {
      "date" : "27/07/2022 15:50:10",
      "bikeType" : "City-/Trekking Bike",
      "child" : "Nein",
      "trailer" : "Nein",
      "pLoc" : "Hosentasche",
      "incident" : "Zu dichtes Überholen",
      "participant" : "PKW",
      "scary" : "Ja",
      "descr" : "An der letzten von 4 Mittelinseln noch sehr knapp überholt worden. ",
      "region" : "Bielefeld"
    },
    "geometry" : {
      "type" : "Point",
      "coordinates" : [ 8.50967818, 52.04945731 ]
    }
  }, {
    "type" : "Feature",
    "properties" : {
      "date" : "25/07/2022 15:19:07",
      "bikeType" : "City-/Trekking Bike",
      "child" : "Nein",
      "trailer" : "Nein",
      "pLoc" : "Hosentasche",
      "incident" : "Zu dichtes Überholen",
      "participant" : "PKW",
      "scary" : "Nein",
      "descr" : "",
      "region" : "Bielefeld"
    },
    "geometry" : {
      "type" : "Point",
      "coordinates" : [ 8.50789704, 52.04802188 ]
    }
  }, {
    "type" : "Feature",
    "properties" : {
      "date" : "25/07/2022 15:17:12",
      "bikeType" : "City-/Trekking Bike",
      "child" : "Nein",
      "trailer" : "Nein",
      "pLoc" : "Hosentasche",
      "incident" : "Hindernis ausweichen (z.B. Hund)",
      "participant" : "PKW",
      "scary" : "Nein",
      "descr" : "Parkt auf Radfahrstreifen",
      "region" : "Bielefeld"
    },
    "geometry" : {
      "type" : "Point",
      "coordinates" : [ 8.5025868, 52.04133197 ]
    }
  }, {
    "type" : "Feature",
    "properties" : {
      "date" : "13/07/2022 15:52:53",
      "bikeType" : "City-/Trekking Bike",
      "child" : "Nein",
      "trailer" : "Nein",
      "pLoc" : "Hosentasche",
      "incident" : "Zu dichtes Überholen",
      "participant" : "Bus",
      "scary" : "Nein",
      "descr" : "Bus überholt dicht beim Abbiegen über Schienen.",
      "region" : "Bielefeld"
    },
    "geometry" : {
      "type" : "Point",
      "coordinates" : [ 8.49524234, 52.03997356 ]
    }
  }, {
    "type" : "Feature",
    "properties" : {
      "date" : "13/07/2022 15:57:30",
      "bikeType" : "City-/Trekking Bike",
      "child" : "Nein",
      "trailer" : "Nein",
      "pLoc" : "Hosentasche",
      "incident" : "Zu dichtes Überholen",
      "participant" : "PKW",
      "scary" : "Nein",
      "descr" : "",
      "region" : "Bielefeld"
    },
    "geometry" : {
      "type" : "Point",
      "coordinates" : [ 8.50715612, 52.04721441 ]
    }
  }, {
    "type" : "Feature",
    "properties" : {
      "date" : "13/07/2022 15:58:12",
      "bikeType" : "City-/Trekking Bike",
      "child" : "Nein",
      "trailer" : "Nein",
      "pLoc" : "Hosentasche",
      "incident" : "Zu dichtes Überholen",
      "participant" : "PKW",
      "scary" : "Nein",
      "descr" : "In Engstelle",
      "region" : "Bielefeld"
    },
    "geometry" : {
      "type" : "Point",
      "coordinates" : [ 8.50940923, 52.04925079 ]
    }
  }, {
    "type" : "Feature",
    "properties" : {
      "date" : "20/07/2022 06:49:10",
      "bikeType" : "City-/Trekking Bike",
      "child" : "Nein",
      "trailer" : "Nein",
      "pLoc" : "Hosentasche",
      "incident" : "Zu dichtes Überholen",
      "participant" : "PKW",
      "scary" : "Nein",
      "descr" : "",
      "region" : "Bielefeld"
    },
    "geometry" : {
      "type" : "Point",
      "coordinates" : [ 8.5102878, 52.04997469 ]
    }
  }, {
    "type" : "Feature",
    "properties" : {
      "date" : "14/07/2022 20:26:48",
      "bikeType" : "City-/Trekking Bike",
      "child" : "Nein",
      "trailer" : "Nein",
      "pLoc" : "Hosentasche",
      "incident" : "Zu dichtes Überholen",
      "participant" : "PKW",
      "scary" : "Nein",
      "descr" : "Dazu noch angehupt worden. Vermutlich als Hinweis den \"Fahrrad frei\" Gehweg zu nutzen.",
      "region" : "Bielefeld"
    },
    "geometry" : {
      "type" : "Point",
      "coordinates" : [ 8.5109636, 52.05938747 ]
    }
  }, {
    "type" : "Feature",
    "properties" : {
      "date" : "04/07/2022 07:12:29",
      "bikeType" : "City-/Trekking Bike",
      "child" : "Nein",
      "trailer" : "Nein",
      "pLoc" : "Hosentasche",
      "incident" : "Zu dichtes Überholen",
      "participant" : "LKW",
      "scary" : "Nein",
      "descr" : "",
      "region" : "Bielefeld"
    },
    "geometry" : {
      "type" : "Point",
      "coordinates" : [ 8.50643933, 52.04600486 ]
    }
  }, {
    "type" : "Feature",
    "properties" : {
      "date" : "20/07/2022 16:30:41",
      "bikeType" : "City-/Trekking Bike",
      "child" : "Nein",
      "trailer" : "Nein",
      "pLoc" : "Hosentasche",
      "incident" : "Entgegenkommender Verkehrsteilnehmer",
      "participant" : "PKW",
      "scary" : "Nein",
      "descr" : "Fährt in Engstelle auf mich zu und bleibt stehen. Kann nur noch links dran vorbei.",
      "region" : "Bielefeld"
    },
    "geometry" : {
      "type" : "Point",
      "coordinates" : [ 8.53528603, 52.04038851 ]
    }
  }, {
    "type" : "Feature",
    "properties" : {
      "date" : "15/07/2022 01:07:20",
      "bikeType" : "City-/Trekking Bike",
      "child" : "Nein",
      "trailer" : "Nein",
      "pLoc" : "Hosentasche",
      "incident" : "Hindernis ausweichen (z.B. Hund)",
      "participant" : "Sonstiges",
      "scary" : "Nein",
      "descr" : "Geparkter Anhänger ragt auf Radstreifen.",
      "region" : "Bielefeld"
    },
    "geometry" : {
      "type" : "Point",
      "coordinates" : [ 8.51816123, 52.05837788 ]
    }
  }, {
    "type" : "Feature",
    "properties" : {
      "date" : "20/07/2022 15:01:56",
      "bikeType" : "City-/Trekking Bike",
      "child" : "Nein",
      "trailer" : "Nein",
      "pLoc" : "Hosentasche",
      "incident" : "Zu dichtes Überholen",
      "participant" : "PKW",
      "scary" : "Nein",
      "descr" : "",
      "region" : "Bielefeld"
    },
    "geometry" : {
      "type" : "Point",
      "coordinates" : [ 8.50712379, 52.04713345 ]
    }
  }, {
    "type" : "Feature",
    "properties" : {
      "date" : "06/07/2022 15:44:54",
      "bikeType" : "City-/Trekking Bike",
      "child" : "Nein",
      "trailer" : "Nein",
      "pLoc" : "Hosentasche",
      "incident" : "Zu dichtes Überholen",
      "participant" : "Lieferwagen",
      "scary" : "Nein",
      "descr" : "",
      "region" : "Bielefeld"
    },
    "geometry" : {
      "type" : "Point",
      "coordinates" : [ 8.51922687, 52.05418156 ]
    }
  }, {
    "type" : "Feature",
    "properties" : {
      "date" : "11/07/2022 15:58:40",
      "bikeType" : "City-/Trekking Bike",
      "child" : "Nein",
      "trailer" : "Nein",
      "pLoc" : "Hosentasche",
      "incident" : "Beinahe-Abbiegeunfall",
      "participant" : "Fahrrad",
      "scary" : "Nein",
      "descr" : "Fahrrad bog vor mir auf den Radweg ab ohne zu gucken",
      "region" : "Bielefeld"
    },
    "geometry" : {
      "type" : "Point",
      "coordinates" : [ 8.52724199, 52.05375216 ]
    }
  }, {
    "type" : "Feature",
    "properties" : {
      "date" : "11/07/2022 15:56:49",
      "bikeType" : "City-/Trekking Bike",
      "child" : "Nein",
      "trailer" : "Nein",
      "pLoc" : "Hosentasche",
      "incident" : "Zu dichtes Überholen",
      "participant" : "PKW",
      "scary" : "Nein",
      "descr" : "",
      "region" : "Bielefeld"
    },
    "geometry" : {
      "type" : "Point",
      "coordinates" : [ 8.51936103, 52.05421186 ]
    }
  }, {
    "type" : "Feature",
    "properties" : {
      "date" : "13/07/2022 07:07:16",
      "bikeType" : "City-/Trekking Bike",
      "child" : "Nein",
      "trailer" : "Nein",
      "pLoc" : "Hosentasche",
      "incident" : "Zu dichtes Überholen",
      "participant" : "Lieferwagen",
      "scary" : "Nein",
      "descr" : "Zu schnell und in Engstelle ",
      "region" : "Bielefeld"
    },
    "geometry" : {
      "type" : "Point",
      "coordinates" : [ 8.5220497, 52.05473718 ]
    }
  }, {
    "type" : "Feature",
    "properties" : {
      "date" : "13/07/2022 07:09:37",
      "bikeType" : "City-/Trekking Bike",
      "child" : "Nein",
      "trailer" : "Nein",
      "pLoc" : "Hosentasche",
      "incident" : "Zu dichtes Überholen",
      "participant" : "PKW",
      "scary" : "Nein",
      "descr" : "",
      "region" : "Bielefeld"
    },
    "geometry" : {
      "type" : "Point",
      "coordinates" : [ 8.51400873, 52.05229615 ]
    }
  }, {
    "type" : "Feature",
    "properties" : {
      "date" : "13/07/2022 07:10:14",
      "bikeType" : "City-/Trekking Bike",
      "child" : "Nein",
      "trailer" : "Nein",
      "pLoc" : "Hosentasche",
      "incident" : "Zu dichtes Überholen",
      "participant" : "Lieferwagen",
      "scary" : "Nein",
      "descr" : "Die Verschränkung nach links hat es wieder eng gemacht.",
      "region" : "Bielefeld"
    },
    "geometry" : {
      "type" : "Point",
      "coordinates" : [ 8.51212122, 52.05144302 ]
    }
  }, {
    "type" : "Feature",
    "properties" : {
      "date" : "30/04/2022 21:46:01",
      "bikeType" : "City-/Trekking Bike",
      "child" : "Nein",
      "trailer" : "Nein",
      "pLoc" : "Hosentasche",
      "incident" : "Entgegenkommender Verkehrsteilnehmer",
      "participant" : "PKW",
      "scary" : "Nein",
      "descr" : "Zu wenig Abstand",
      "region" : "Bielefeld"
    },
    "geometry" : {
      "type" : "Point",
      "coordinates" : [ 8.53374031, 52.03767668 ]
    }
  }, {
    "type" : "Feature",
    "properties" : {
      "date" : "29/04/2022 21:12:23",
      "bikeType" : "City-/Trekking Bike",
      "child" : "Nein",
      "trailer" : "Nein",
      "pLoc" : "Hosentasche",
      "incident" : "Hindernis ausweichen (z.B. Hund)",
      "participant" : "",
      "scary" : "Nein",
      "descr" : "Reisender mit Handy in der Hand",
      "region" : "Bielefeld"
    },
    "geometry" : {
      "type" : "Point",
      "coordinates" : [ 8.53244612, 52.02976173 ]
    }
  }, {
    "type" : "Feature",
    "properties" : {
      "date" : "29/04/2022 08:18:05",
      "bikeType" : "City-/Trekking Bike",
      "child" : "Nein",
      "trailer" : "Nein",
      "pLoc" : "Hosentasche",
      "incident" : "Zu dichtes Überholen",
      "participant" : "PKW",
      "scary" : "Ja",
      "descr" : "",
      "region" : "Bielefeld"
    },
    "geometry" : {
      "type" : "Point",
      "coordinates" : [ 8.53280022, 52.03922765 ]
    }
  }, {
    "type" : "Feature",
    "properties" : {
      "date" : "29/04/2022 08:18:11",
      "bikeType" : "City-/Trekking Bike",
      "child" : "Nein",
      "trailer" : "Nein",
      "pLoc" : "Hosentasche",
      "incident" : "Zu dichtes Überholen",
      "participant" : "PKW",
      "scary" : "Nein",
      "descr" : "",
      "region" : "Bielefeld"
    },
    "geometry" : {
      "type" : "Point",
      "coordinates" : [ 8.53286916, 52.03888652 ]
    }
  }, {
    "type" : "Feature",
    "properties" : {
      "date" : "29/04/2022 18:25:29",
      "bikeType" : "City-/Trekking Bike",
      "child" : "Nein",
      "trailer" : "Nein",
      "pLoc" : "Hosentasche",
      "incident" : "Zu dichtes Überholen",
      "participant" : "PKW",
      "scary" : "Nein",
      "descr" : "",
      "region" : "Bielefeld"
    },
    "geometry" : {
      "type" : "Point",
      "coordinates" : [ 8.52352858, 52.0243052 ]
    }
  }, {
    "type" : "Feature",
    "properties" : {
      "date" : "18/04/2022 10:59:04",
      "bikeType" : "City-/Trekking Bike",
      "child" : "Nein",
      "trailer" : "Nein",
      "pLoc" : "Jackentasche",
      "incident" : "Zu dichtes Überholen",
      "participant" : "PKW",
      "scary" : "Nein",
      "descr" : "Überholen in Engstelle.",
      "region" : "Bielefeld"
    },
    "geometry" : {
      "type" : "Point",
      "coordinates" : [ 8.51018011, 52.0499547 ]
    }
  }, {
    "type" : "Feature",
    "properties" : {
      "date" : "30/04/2022 08:39:27",
      "bikeType" : "City-/Trekking Bike",
      "child" : "Nein",
      "trailer" : "Nein",
      "pLoc" : "Jackentasche",
      "incident" : "Hindernis ausweichen (z.B. Hund)",
      "participant" : "Sonstiges",
      "scary" : "Nein",
      "descr" : "Schlaglöchern auf schmalem Schutzstreifen ausweichen.",
      "region" : "Bielefeld"
    },
    "geometry" : {
      "type" : "Point",
      "coordinates" : [ 8.53204904, 52.04222614 ]
    }
  }, {
    "type" : "Feature",
    "properties" : {
      "date" : "30/04/2022 16:39:37",
      "bikeType" : "City-/Trekking Bike",
      "child" : "Nein",
      "trailer" : "Nein",
      "pLoc" : "Hosentasche",
      "incident" : "Zu dichtes Überholen",
      "participant" : "PKW",
      "scary" : "Ja",
      "descr" : "",
      "region" : "Bielefeld"
    },
    "geometry" : {
      "type" : "Point",
      "coordinates" : [ 8.52274166, 52.02554904 ]
    }
  }, {
    "type" : "Feature",
    "properties" : {
      "date" : "08/08/2022 15:43:22",
      "bikeType" : "City-/Trekking Bike",
      "child" : "Nein",
      "trailer" : "Nein",
      "pLoc" : "Hosentasche",
      "incident" : "Hindernis ausweichen (z.B. Hund)",
      "participant" : "Fußgänger",
      "scary" : "Nein",
      "descr" : "",
      "region" : "Bielefeld"
    },
    "geometry" : {
      "type" : "Point",
      "coordinates" : [ 8.49619112, 52.03842597 ]
    }
  }, {
    "type" : "Feature",
    "properties" : {
      "date" : "08/08/2022 15:52:10",
      "bikeType" : "City-/Trekking Bike",
      "child" : "Nein",
      "trailer" : "Nein",
      "pLoc" : "Hosentasche",
      "incident" : "Entgegenkommender Verkehrsteilnehmer",
      "participant" : "PKW",
      "scary" : "Nein",
      "descr" : "",
      "region" : "Bielefeld"
    },
    "geometry" : {
      "type" : "Point",
      "coordinates" : [ 8.52076441, 52.04964584 ]
    }
  }, {
    "type" : "Feature",
    "properties" : {
      "date" : "08/08/2022 06:52:34",
      "bikeType" : "City-/Trekking Bike",
      "child" : "Nein",
      "trailer" : "Nein",
      "pLoc" : "Hosentasche",
      "incident" : "Zu dichtes Überholen",
      "participant" : "PKW",
      "scary" : "Nein",
      "descr" : "",
      "region" : "Bielefeld"
    },
    "geometry" : {
      "type" : "Point",
      "coordinates" : [ 8.50647814, 52.04606942 ]
    }
  }, {
    "type" : "Feature",
    "properties" : {
      "date" : "01/08/2022 15:57:11",
      "bikeType" : "City-/Trekking Bike",
      "child" : "Nein",
      "trailer" : "Nein",
      "pLoc" : "Hosentasche",
      "incident" : "Ein- oder ausparkendes Fahrzeug",
      "participant" : "Lieferwagen",
      "scary" : "Nein",
      "descr" : "",
      "region" : "Bielefeld"
    },
    "geometry" : {
      "type" : "Point",
      "coordinates" : [ 8.52572824, 52.05114847 ]
    }
  }, {
    "type" : "Feature",
    "properties" : {
      "date" : "01/08/2022 15:50:51",
      "bikeType" : "City-/Trekking Bike",
      "child" : "Nein",
      "trailer" : "Nein",
      "pLoc" : "Hosentasche",
      "incident" : "Hindernis ausweichen (z.B. Hund)",
      "participant" : "Sonstiges",
      "scary" : "Nein",
      "descr" : "Nicht angeleinten Hund ausweichen.",
      "region" : "Bielefeld"
    },
    "geometry" : {
      "type" : "Point",
      "coordinates" : [ 8.50867171, 52.03884476 ]
    }
  }, {
    "type" : "Feature",
    "properties" : {
      "date" : "31/08/2022 15:52:21",
      "bikeType" : "City-/Trekking Bike",
      "child" : "Nein",
      "trailer" : "Nein",
      "pLoc" : "Hosentasche",
      "incident" : "Zu dichtes Überholen",
      "participant" : "PKW",
      "scary" : "Ja",
      "descr" : "Mal wieder ganz knapp in der Engstelle mit den 4 Mittelinseln.",
      "region" : "Bielefeld"
    },
    "geometry" : {
      "type" : "Point",
      "coordinates" : [ 8.50974588, 52.04964756 ]
    }
  }, {
    "type" : "Feature",
    "properties" : {
      "date" : "15/08/2022 15:54:50",
      "bikeType" : "City-/Trekking Bike",
      "child" : "Nein",
      "trailer" : "Nein",
      "pLoc" : "Hosentasche",
      "incident" : "Entgegenkommender Verkehrsteilnehmer",
      "participant" : "PKW",
      "scary" : "Nein",
      "descr" : "",
      "region" : "Bielefeld"
    },
    "geometry" : {
      "type" : "Point",
      "coordinates" : [ 8.51882201, 52.04853172 ]
    }
  }, {
    "type" : "Feature",
    "properties" : {
      "date" : "17/08/2022 15:42:59",
      "bikeType" : "City-/Trekking Bike",
      "child" : "Nein",
      "trailer" : "Nein",
      "pLoc" : "Hosentasche",
      "incident" : "Zu dichtes Überholen",
      "participant" : "PKW",
      "scary" : "Ja",
      "descr" : "Beim Ansetzen zum Linksabbiegen ganz knapp rechts überholt worden.",
      "region" : "Bielefeld"
    },
    "geometry" : {
      "type" : "Point",
      "coordinates" : [ 8.51127776, 52.03954084 ]
    }
  }, {
    "type" : "Feature",
    "properties" : {
      "date" : "22/08/2022 07:22:42",
      "bikeType" : "City-/Trekking Bike",
      "child" : "Nein",
      "trailer" : "Nein",
      "pLoc" : "Hosentasche",
      "incident" : "Zu dichtes Überholen",
      "participant" : "PKW",
      "scary" : "Nein",
      "descr" : "",
      "region" : "Bielefeld"
    },
    "geometry" : {
      "type" : "Point",
      "coordinates" : [ 8.50497898, 52.04489033 ]
    }
  }, {
    "type" : "Feature",
    "properties" : {
      "date" : "15/08/2022 06:49:39",
      "bikeType" : "City-/Trekking Bike",
      "child" : "Nein",
      "trailer" : "Nein",
      "pLoc" : "Hosentasche",
      "incident" : "Zu dichtes Überholen",
      "participant" : "PKW",
      "scary" : "Nein",
      "descr" : "",
      "region" : "Bielefeld"
    },
    "geometry" : {
      "type" : "Point",
      "coordinates" : [ 8.51211195, 52.05141956 ]
    }
  }, {
    "type" : "Feature",
    "properties" : {
      "date" : "01/08/2022 06:51:02",
      "bikeType" : "City-/Trekking Bike",
      "child" : "Nein",
      "trailer" : "Nein",
      "pLoc" : "Hosentasche",
      "incident" : "Zu dichtes Überholen",
      "participant" : "PKW",
      "scary" : "Nein",
      "descr" : "",
      "region" : "Bielefeld"
    },
    "geometry" : {
      "type" : "Point",
      "coordinates" : [ 8.50437862, 52.04442594 ]
    }
  }, {
    "type" : "Feature",
    "properties" : {
      "date" : "22/08/2022 16:09:23",
      "bikeType" : "City-/Trekking Bike",
      "child" : "Nein",
      "trailer" : "Nein",
      "pLoc" : "Hosentasche",
      "incident" : "Entgegenkommender Verkehrsteilnehmer",
      "participant" : "PKW",
      "scary" : "Nein",
      "descr" : "PKW hatte Hindernis auf seiner Seite, aber für ein Fahrrad muss ja nicht gewartet werden. ",
      "region" : "Bielefeld"
    },
    "geometry" : {
      "type" : "Point",
      "coordinates" : [ 8.517828, 52.04194543 ]
    }
  }, {
    "type" : "Feature",
    "properties" : {
      "date" : "31/08/2022 07:02:48",
      "bikeType" : "City-/Trekking Bike",
      "child" : "Nein",
      "trailer" : "Nein",
      "pLoc" : "Hosentasche",
      "incident" : "Hindernis ausweichen (z.B. Hund)",
      "participant" : "PKW",
      "scary" : "Nein",
      "descr" : "3 PKW parken auf Radschutzstreifen (Bäckereikunden).  Ausweichen in den Fließverkehr. Danke.",
      "region" : "Bielefeld"
    },
    "geometry" : {
      "type" : "Point",
      "coordinates" : [ 8.50544189, 52.04519479 ]
    }
  }, {
    "type" : "Feature",
    "properties" : {
      "date" : "17/08/2022 06:54:59",
      "bikeType" : "City-/Trekking Bike",
      "child" : "Nein",
      "trailer" : "Nein",
      "pLoc" : "Hosentasche",
      "incident" : "Zu dichtes Überholen",
      "participant" : "Lieferwagen",
      "scary" : "Nein",
      "descr" : "",
      "region" : "Bielefeld"
    },
    "geometry" : {
      "type" : "Point",
      "coordinates" : [ 8.50691072, 52.04694113 ]
    }
  }, {
    "type" : "Feature",
    "properties" : {
      "date" : "17/08/2022 06:51:01",
      "bikeType" : "City-/Trekking Bike",
      "child" : "Nein",
      "trailer" : "Nein",
      "pLoc" : "Hosentasche",
      "incident" : "Zu dichtes Überholen",
      "participant" : "PKW",
      "scary" : "Nein",
      "descr" : "",
      "region" : "Bielefeld"
    },
    "geometry" : {
      "type" : "Point",
      "coordinates" : [ 8.5217633, 52.05469442 ]
    }
  } ]
}