{
  "type" : "FeatureCollection",
  "features" : [ {
    "type" : "Feature",
    "properties" : {
      "date" : "22/11/2020 14:38:56",
      "bikeType" : "-",
      "child" : "Nein",
      "trailer" : "Nein",
      "pLoc" : "Hosentasche",
      "incident" : "Beinahe-Dooring",
      "participant" : "",
      "scary" : "Ja",
      "descr" : "Längsparkplätze direkt links neben Fahrradweg, Beifahrer hat Tür geöffnet",
      "region" : "Bielefeld"
    },
    "geometry" : {
      "type" : "Point",
      "coordinates" : [ 8.56584345, 52.00296058 ]
    }
  }, {
    "type" : "Feature",
    "properties" : {
      "date" : "22/11/2020 14:46:16",
      "bikeType" : "-",
      "child" : "Nein",
      "trailer" : "Nein",
      "pLoc" : "Hosentasche",
      "incident" : "Sonstiges",
      "participant" : "",
      "scary" : "Nein",
      "descr" : "Auto kam aus Ausfahrt und stans mitten auf dem Fahrradweg",
      "region" : "Bielefeld"
    },
    "geometry" : {
      "type" : "Point",
      "coordinates" : [ 8.56307639, 52.01155816 ]
    }
  }, {
    "type" : "Feature",
    "properties" : {
      "date" : "02/06/2020 07:06:18",
      "bikeType" : "Road Racing Bike",
      "child" : "Nein",
      "trailer" : "Nein",
      "pLoc" : "Hosentasche",
      "incident" : "Sonstiges",
      "participant" : "Sonstiges",
      "scary" : "Ja",
      "descr" : "PKW in Kurve geparkt, beinahe Unfall mit Bulli da Kurve nicht einsehbar und Bulli zuweist links",
      "region" : "Bielefeld"
    },
    "geometry" : {
      "type" : "Point",
      "coordinates" : [ 8.539593, 52.022417 ]
    }
  }, {
    "type" : "Feature",
    "properties" : {
      "date" : "23/06/2020 07:32:51",
      "bikeType" : "Road Racing Bike",
      "child" : "Nein",
      "trailer" : "Nein",
      "pLoc" : "Hosentasche",
      "incident" : "Ein- oder ausparkendes Fahrzeug",
      "participant" : "PKW",
      "scary" : "Ja",
      "descr" : "",
      "region" : "Bielefeld"
    },
    "geometry" : {
      "type" : "Point",
      "coordinates" : [ 8.542093, 52.023114 ]
    }
  }, {
    "type" : "Feature",
    "properties" : {
      "date" : "05/06/2020 07:01:21",
      "bikeType" : "Road Racing Bike",
      "child" : "Nein",
      "trailer" : "Nein",
      "pLoc" : "Hosentasche",
      "incident" : "Hindernis ausweichen (z.B. Hund)",
      "participant" : "LKW, Sonstiges",
      "scary" : "Nein",
      "descr" : "LKW direkt vor Ampel im absoluten Halteverbot auf falscher Straßenseite ",
      "region" : "Bielefeld"
    },
    "geometry" : {
      "type" : "Point",
      "coordinates" : [ 8.549517, 52.023647 ]
    }
  }, {
    "type" : "Feature",
    "properties" : {
      "date" : "21/07/2020 15:47:39",
      "bikeType" : "Road Racing Bike",
      "child" : "Nein",
      "trailer" : "Nein",
      "pLoc" : "Hosentasche",
      "incident" : "Entgegenkommender Verkehrsteilnehmer",
      "participant" : "Lieferwagen, Sonstiges",
      "scary" : "Ja",
      "descr" : "Sehr wenig Platz gelassen, ausweichen nicht möglich. ",
      "region" : "Bielefeld"
    },
    "geometry" : {
      "type" : "Point",
      "coordinates" : [ 8.531958, 52.021317 ]
    }
  }, {
    "type" : "Feature",
    "properties" : {
      "date" : "10/07/2020 16:13:57",
      "bikeType" : "Tandembike",
      "child" : "Nein",
      "trailer" : "Nein",
      "pLoc" : "Hosentasche",
      "incident" : "Sonstiges",
      "participant" : "PKW",
      "scary" : "Nein",
      "descr" : "PKW auf Rad- und Fuẞweg",
      "region" : "Bielefeld"
    },
    "geometry" : {
      "type" : "Point",
      "coordinates" : [ 8.52171936, 52.00745952 ]
    }
  }, {
    "type" : "Feature",
    "properties" : {
      "date" : "27/07/2020 14:53:45",
      "bikeType" : "Road Racing Bike",
      "child" : "Nein",
      "trailer" : "Nein",
      "pLoc" : "Hosentasche",
      "incident" : "Sonstiges",
      "participant" : "Fußgänger, Sonstiges",
      "scary" : "Nein",
      "descr" : "Ohne zu gucken auf die Straße gelaufen",
      "region" : "Bielefeld"
    },
    "geometry" : {
      "type" : "Point",
      "coordinates" : [ 8.533235, 52.021364 ]
    }
  }, {
    "type" : "Feature",
    "properties" : {
      "date" : "27/07/2020 14:53:53",
      "bikeType" : "Road Racing Bike",
      "child" : "Nein",
      "trailer" : "Nein",
      "pLoc" : "Hosentasche",
      "incident" : "Beinahe-Dooring",
      "participant" : "PKW",
      "scary" : "Ja",
      "descr" : "",
      "region" : "Bielefeld"
    },
    "geometry" : {
      "type" : "Point",
      "coordinates" : [ 8.533833, 52.021531 ]
    }
  }, {
    "type" : "Feature",
    "properties" : {
      "date" : "22/07/2020 06:59:09",
      "bikeType" : "Road Racing Bike",
      "child" : "Nein",
      "trailer" : "Nein",
      "pLoc" : "Hosentasche",
      "incident" : "Sonstiges",
      "participant" : "PKW, Sonstiges",
      "scary" : "Nein",
      "descr" : "An der Ampel Radweg blockiert",
      "region" : "Bielefeld"
    },
    "geometry" : {
      "type" : "Point",
      "coordinates" : [ 8.549347, 52.023534 ]
    }
  }, {
    "type" : "Feature",
    "properties" : {
      "date" : "07/08/2020 07:11:15",
      "bikeType" : "Road Racing Bike",
      "child" : "Nein",
      "trailer" : "Nein",
      "pLoc" : "Hosentasche",
      "incident" : "Hindernis ausweichen (z.B. Hund)",
      "participant" : "Fußgänger",
      "scary" : "Nein",
      "descr" : "",
      "region" : "Bielefeld"
    },
    "geometry" : {
      "type" : "Point",
      "coordinates" : [ 8.533948, 52.021543 ]
    }
  }, {
    "type" : "Feature",
    "properties" : {
      "date" : "28/08/2020 14:29:50",
      "bikeType" : "City-/Trekking Bike",
      "child" : "Nein",
      "trailer" : "Nein",
      "pLoc" : "Rucksack/Tasche",
      "incident" : "Zu dichtes Überholen",
      "participant" : "PKW",
      "scary" : "Nein",
      "descr" : "",
      "region" : "Bielefeld"
    },
    "geometry" : {
      "type" : "Point",
      "coordinates" : [ 8.55943229, 52.01005652 ]
    }
  }, {
    "type" : "Feature",
    "properties" : {
      "date" : "28/08/2020 10:18:54",
      "bikeType" : "City-/Trekking Bike",
      "child" : "Nein",
      "trailer" : "Nein",
      "pLoc" : "Rucksack/Tasche",
      "incident" : "Entgegenkommender Verkehrsteilnehmer",
      "participant" : "Fahrrad",
      "scary" : "Nein",
      "descr" : "",
      "region" : "Bielefeld"
    },
    "geometry" : {
      "type" : "Point",
      "coordinates" : [ 8.52526601, 52.02311336 ]
    }
  }, {
    "type" : "Feature",
    "properties" : {
      "date" : "04/11/2021 12:47:39",
      "bikeType" : "E-Bike",
      "child" : "Nein",
      "trailer" : "Nein",
      "pLoc" : "Lenker",
      "incident" : "Hindernis ausweichen (z.B. Hund)",
      "participant" : "",
      "scary" : "Nein",
      "descr" : "",
      "region" : "Bielefeld"
    },
    "geometry" : {
      "type" : "Point",
      "coordinates" : [ 8.871733333333333, 51.942944999999995 ]
    }
  }, {
    "type" : "Feature",
    "properties" : {
      "date" : "01/05/2021 17:27:45",
      "bikeType" : "-",
      "child" : "Nein",
      "trailer" : "Nein",
      "pLoc" : "Hosentasche",
      "incident" : "Hindernis ausweichen (z.B. Hund)",
      "participant" : "",
      "scary" : "Nein",
      "descr" : "",
      "region" : "Bielefeld"
    },
    "geometry" : {
      "type" : "Point",
      "coordinates" : [ 8.907968333333335, 51.932705000000006 ]
    }
  }, {
    "type" : "Feature",
    "properties" : {
      "date" : "06/05/2021 07:17:51",
      "bikeType" : "-",
      "child" : "Nein",
      "trailer" : "Nein",
      "pLoc" : "Hosentasche",
      "incident" : "Zu dichtes Überholen",
      "participant" : "",
      "scary" : "Nein",
      "descr" : "",
      "region" : "Bielefeld"
    },
    "geometry" : {
      "type" : "Point",
      "coordinates" : [ 8.54857957, 52.02374898 ]
    }
  }, {
    "type" : "Feature",
    "properties" : {
      "date" : "02/05/2021 12:31:38",
      "bikeType" : "-",
      "child" : "Nein",
      "trailer" : "Nein",
      "pLoc" : "Hosentasche",
      "incident" : "Zu dichtes Überholen",
      "participant" : "",
      "scary" : "Nein",
      "descr" : "",
      "region" : "Bielefeld"
    },
    "geometry" : {
      "type" : "Point",
      "coordinates" : [ 8.873948333333335, 51.94026333333333 ]
    }
  }, {
    "type" : "Feature",
    "properties" : {
      "date" : "12/05/2021 14:41:58",
      "bikeType" : "-",
      "child" : "Nein",
      "trailer" : "Nein",
      "pLoc" : "Hosentasche",
      "incident" : "Zu dichtes Überholen",
      "participant" : "",
      "scary" : "Nein",
      "descr" : "",
      "region" : "Bielefeld"
    },
    "geometry" : {
      "type" : "Point",
      "coordinates" : [ 8.87398, 51.94018666666666 ]
    }
  }, {
    "type" : "Feature",
    "properties" : {
      "date" : "15/05/2021 13:52:26",
      "bikeType" : "-",
      "child" : "Nein",
      "trailer" : "Nein",
      "pLoc" : "Hosentasche",
      "incident" : "Hindernis ausweichen (z.B. Hund)",
      "participant" : "",
      "scary" : "Nein",
      "descr" : "",
      "region" : "Bielefeld"
    },
    "geometry" : {
      "type" : "Point",
      "coordinates" : [ 8.872031666666667, 51.942935000000006 ]
    }
  }, {
    "type" : "Feature",
    "properties" : {
      "date" : "15/05/2021 13:52:29",
      "bikeType" : "-",
      "child" : "Nein",
      "trailer" : "Nein",
      "pLoc" : "Hosentasche",
      "incident" : "Hindernis ausweichen (z.B. Hund)",
      "participant" : "",
      "scary" : "Nein",
      "descr" : "",
      "region" : "Bielefeld"
    },
    "geometry" : {
      "type" : "Point",
      "coordinates" : [ 8.872011666666667, 51.94294166666667 ]
    }
  }, {
    "type" : "Feature",
    "properties" : {
      "date" : "28/05/2021 12:19:35",
      "bikeType" : "-",
      "child" : "Nein",
      "trailer" : "Nein",
      "pLoc" : "Hosentasche",
      "incident" : "Zu dichtes Überholen",
      "participant" : "",
      "scary" : "Nein",
      "descr" : "",
      "region" : "Bielefeld"
    },
    "geometry" : {
      "type" : "Point",
      "coordinates" : [ 8.908123333333332, 51.932536666666664 ]
    }
  }, {
    "type" : "Feature",
    "properties" : {
      "date" : "05/05/2021 17:15:18",
      "bikeType" : "-",
      "child" : "Nein",
      "trailer" : "Nein",
      "pLoc" : "Hosentasche",
      "incident" : "Hindernis ausweichen (z.B. Hund)",
      "participant" : "",
      "scary" : "Nein",
      "descr" : "",
      "region" : "Bielefeld"
    },
    "geometry" : {
      "type" : "Point",
      "coordinates" : [ 8.873808333333333, 51.94028 ]
    }
  }, {
    "type" : "Feature",
    "properties" : {
      "date" : "20/11/2021 13:11:46",
      "bikeType" : "E-Bike",
      "child" : "Nein",
      "trailer" : "Nein",
      "pLoc" : "Lenker",
      "incident" : "Zu dichtes Überholen",
      "participant" : "",
      "scary" : "Nein",
      "descr" : "",
      "region" : "Bielefeld"
    },
    "geometry" : {
      "type" : "Point",
      "coordinates" : [ 8.876721666666667, 51.940841666666664 ]
    }
  }, {
    "type" : "Feature",
    "properties" : {
      "date" : "15/09/2021 13:25:23",
      "bikeType" : "E-Bike",
      "child" : "Nein",
      "trailer" : "Nein",
      "pLoc" : "Lenker",
      "incident" : "Zu dichtes Überholen",
      "participant" : "",
      "scary" : "Nein",
      "descr" : "",
      "region" : "Bielefeld"
    },
    "geometry" : {
      "type" : "Point",
      "coordinates" : [ 8.873713333333335, 51.94030166666666 ]
    }
  }, {
    "type" : "Feature",
    "properties" : {
      "date" : "10/06/2021 11:06:36",
      "bikeType" : "-",
      "child" : "Nein",
      "trailer" : "Nein",
      "pLoc" : "Hosentasche",
      "incident" : "Zu dichtes Überholen",
      "participant" : "",
      "scary" : "Nein",
      "descr" : "",
      "region" : "Bielefeld"
    },
    "geometry" : {
      "type" : "Point",
      "coordinates" : [ 8.879053333333333, 51.94175833333334 ]
    }
  }, {
    "type" : "Feature",
    "properties" : {
      "date" : "10/06/2021 11:06:49",
      "bikeType" : "-",
      "child" : "Nein",
      "trailer" : "Nein",
      "pLoc" : "Hosentasche",
      "incident" : "Hindernis ausweichen (z.B. Hund)",
      "participant" : "",
      "scary" : "Nein",
      "descr" : "",
      "region" : "Bielefeld"
    },
    "geometry" : {
      "type" : "Point",
      "coordinates" : [ 8.879053333333333, 51.94175833333334 ]
    }
  }, {
    "type" : "Feature",
    "properties" : {
      "date" : "10/06/2021 11:06:52",
      "bikeType" : "-",
      "child" : "Nein",
      "trailer" : "Nein",
      "pLoc" : "Hosentasche",
      "incident" : "Zu dichtes Überholen",
      "participant" : "",
      "scary" : "Nein",
      "descr" : "",
      "region" : "Bielefeld"
    },
    "geometry" : {
      "type" : "Point",
      "coordinates" : [ 8.879053333333333, 51.94175833333334 ]
    }
  }, {
    "type" : "Feature",
    "properties" : {
      "date" : "09/06/2021 15:20:31",
      "bikeType" : "-",
      "child" : "Nein",
      "trailer" : "Nein",
      "pLoc" : "Hosentasche",
      "incident" : "Ein- oder ausparkendes Fahrzeug",
      "participant" : "PKW",
      "scary" : "Nein",
      "descr" : "",
      "region" : "Bielefeld"
    },
    "geometry" : {
      "type" : "Point",
      "coordinates" : [ 8.86926289, 51.94987552 ]
    }
  }, {
    "type" : "Feature",
    "properties" : {
      "date" : "25/06/2021 15:28:59",
      "bikeType" : "-",
      "child" : "Nein",
      "trailer" : "Nein",
      "pLoc" : "Hosentasche",
      "incident" : "Zu dichtes Überholen",
      "participant" : "",
      "scary" : "Nein",
      "descr" : "",
      "region" : "Bielefeld"
    },
    "geometry" : {
      "type" : "Point",
      "coordinates" : [ 8.878181666666668, 51.94116 ]
    }
  }, {
    "type" : "Feature",
    "properties" : {
      "date" : "15/07/2021 13:38:49",
      "bikeType" : "-",
      "child" : "Nein",
      "trailer" : "Nein",
      "pLoc" : "Hosentasche",
      "incident" : "Zu dichtes Überholen",
      "participant" : "",
      "scary" : "Nein",
      "descr" : "",
      "region" : "Bielefeld"
    },
    "geometry" : {
      "type" : "Point",
      "coordinates" : [ 8.873603333333334, 51.94024666666666 ]
    }
  }, {
    "type" : "Feature",
    "properties" : {
      "date" : "29/07/2021 11:41:54",
      "bikeType" : "-",
      "child" : "Nein",
      "trailer" : "Nein",
      "pLoc" : "Hosentasche",
      "incident" : "Zu dichtes Überholen",
      "participant" : "",
      "scary" : "Nein",
      "descr" : "",
      "region" : "Bielefeld"
    },
    "geometry" : {
      "type" : "Point",
      "coordinates" : [ 8.883853333333333, 51.93793833333334 ]
    }
  }, {
    "type" : "Feature",
    "properties" : {
      "date" : "28/06/2021 15:36:56",
      "bikeType" : "-",
      "child" : "Nein",
      "trailer" : "Nein",
      "pLoc" : "Hosentasche",
      "incident" : "Zu dichtes Überholen",
      "participant" : "",
      "scary" : "Nein",
      "descr" : "",
      "region" : "Bielefeld"
    },
    "geometry" : {
      "type" : "Point",
      "coordinates" : [ 8.873791666666667, 51.94016333333334 ]
    }
  }, {
    "type" : "Feature",
    "properties" : {
      "date" : "29/07/2021 11:39:37",
      "bikeType" : "-",
      "child" : "Nein",
      "trailer" : "Nein",
      "pLoc" : "Hosentasche",
      "incident" : "Hindernis ausweichen (z.B. Hund)",
      "participant" : "",
      "scary" : "Nein",
      "descr" : "",
      "region" : "Bielefeld"
    },
    "geometry" : {
      "type" : "Point",
      "coordinates" : [ 8.88493, 51.93794333333334 ]
    }
  }, {
    "type" : "Feature",
    "properties" : {
      "date" : "03/07/2021 12:10:08",
      "bikeType" : "-",
      "child" : "Nein",
      "trailer" : "Nein",
      "pLoc" : "Hosentasche",
      "incident" : "Zu dichtes Überholen",
      "participant" : "",
      "scary" : "Nein",
      "descr" : "",
      "region" : "Bielefeld"
    },
    "geometry" : {
      "type" : "Point",
      "coordinates" : [ 8.878688333333335, 51.93901000000001 ]
    }
  }, {
    "type" : "Feature",
    "properties" : {
      "date" : "03/07/2021 12:10:14",
      "bikeType" : "-",
      "child" : "Nein",
      "trailer" : "Nein",
      "pLoc" : "Hosentasche",
      "incident" : "Zu dichtes Überholen",
      "participant" : "",
      "scary" : "Nein",
      "descr" : "",
      "region" : "Bielefeld"
    },
    "geometry" : {
      "type" : "Point",
      "coordinates" : [ 8.878688333333335, 51.93901000000001 ]
    }
  }, {
    "type" : "Feature",
    "properties" : {
      "date" : "14/04/2021 07:18:52",
      "bikeType" : "-",
      "child" : "Nein",
      "trailer" : "Nein",
      "pLoc" : "Hosentasche",
      "incident" : "Zu dichtes Überholen",
      "participant" : "Lieferwagen, PKW",
      "scary" : "Nein",
      "descr" : "",
      "region" : "Bielefeld"
    },
    "geometry" : {
      "type" : "Point",
      "coordinates" : [ 8.5478646, 52.02789362 ]
    }
  }, {
    "type" : "Feature",
    "properties" : {
      "date" : "12/04/2021 07:07:08",
      "bikeType" : "-",
      "child" : "Nein",
      "trailer" : "Nein",
      "pLoc" : "Hosentasche",
      "incident" : "Zu dichtes Überholen",
      "participant" : "Bus",
      "scary" : "Nein",
      "descr" : "",
      "region" : "Bielefeld"
    },
    "geometry" : {
      "type" : "Point",
      "coordinates" : [ 8.56208034, 52.02718451 ]
    }
  }, {
    "type" : "Feature",
    "properties" : {
      "date" : "16/04/2021 07:04:08",
      "bikeType" : "-",
      "child" : "Nein",
      "trailer" : "Nein",
      "pLoc" : "Hosentasche",
      "incident" : "Sonstiges",
      "participant" : "LKW",
      "scary" : "Nein",
      "descr" : "Langsam fahrender Lkw, den ich nicht Überholen wollte, da der Platz auf dem radfahrstreifen zwischen dem LKW und der Hecke an der Seite schmal war",
      "region" : "Bielefeld"
    },
    "geometry" : {
      "type" : "Point",
      "coordinates" : [ 8.5419439, 52.03706254 ]
    }
  }, {
    "type" : "Feature",
    "properties" : {
      "date" : "13/04/2021 16:34:57",
      "bikeType" : "-",
      "child" : "Nein",
      "trailer" : "Nein",
      "pLoc" : "Hosentasche",
      "incident" : "Zu dichtes Überholen",
      "participant" : "",
      "scary" : "Nein",
      "descr" : "",
      "region" : "Bielefeld"
    },
    "geometry" : {
      "type" : "Point",
      "coordinates" : [ 8.54639946, 52.0286555 ]
    }
  }, {
    "type" : "Feature",
    "properties" : {
      "date" : "13/04/2021 07:23:51",
      "bikeType" : "-",
      "child" : "Nein",
      "trailer" : "Nein",
      "pLoc" : "Hosentasche",
      "incident" : "Hindernis ausweichen (z.B. Hund)",
      "participant" : "LKW",
      "scary" : "Nein",
      "descr" : "LKW steht auf Radfahrstreifen",
      "region" : "Bielefeld"
    },
    "geometry" : {
      "type" : "Point",
      "coordinates" : [ 8.5477537, 52.0280903 ]
    }
  }, {
    "type" : "Feature",
    "properties" : {
      "date" : "14/04/2021 16:50:44",
      "bikeType" : "-",
      "child" : "Nein",
      "trailer" : "Nein",
      "pLoc" : "Hosentasche",
      "incident" : "Zu dichtes Überholen",
      "participant" : "",
      "scary" : "Nein",
      "descr" : "",
      "region" : "Bielefeld"
    },
    "geometry" : {
      "type" : "Point",
      "coordinates" : [ 8.56637419, 52.02894116 ]
    }
  }, {
    "type" : "Feature",
    "properties" : {
      "date" : "21/04/2021 17:04:07",
      "bikeType" : "-",
      "child" : "Nein",
      "trailer" : "Nein",
      "pLoc" : "Hosentasche",
      "incident" : "Sonstiges",
      "participant" : "",
      "scary" : "Nein",
      "descr" : "In zweiter Reihe gehalten ",
      "region" : "Bielefeld"
    },
    "geometry" : {
      "type" : "Point",
      "coordinates" : [ 8.56691506, 52.02689432 ]
    }
  }, {
    "type" : "Feature",
    "properties" : {
      "date" : "20/04/2021 07:14:32",
      "bikeType" : "-",
      "child" : "Nein",
      "trailer" : "Nein",
      "pLoc" : "Hosentasche",
      "incident" : "Hindernis ausweichen (z.B. Hund)",
      "participant" : "Fahrrad",
      "scary" : "Nein",
      "descr" : "Anderer Radfahrer fährt vom Bürgersteig auf die Straße ohne rückwärtigen Verkehr zu beachten\\n",
      "region" : "Bielefeld"
    },
    "geometry" : {
      "type" : "Point",
      "coordinates" : [ 8.55659134, 52.02489526 ]
    }
  }, {
    "type" : "Feature",
    "properties" : {
      "date" : "20/04/2021 07:20:47",
      "bikeType" : "-",
      "child" : "Nein",
      "trailer" : "Nein",
      "pLoc" : "Hosentasche",
      "incident" : "Hindernis ausweichen (z.B. Hund)",
      "participant" : "LKW",
      "scary" : "Nein",
      "descr" : "Handwerker LKW für Grünschnittarbeiten blockiert den Radweg",
      "region" : "Bielefeld"
    },
    "geometry" : {
      "type" : "Point",
      "coordinates" : [ 8.54221859, 52.03694484 ]
    }
  }, {
    "type" : "Feature",
    "properties" : {
      "date" : "16/04/2021 15:12:50",
      "bikeType" : "-",
      "child" : "Nein",
      "trailer" : "Nein",
      "pLoc" : "Hosentasche",
      "incident" : "Sonstiges",
      "participant" : "",
      "scary" : "Nein",
      "descr" : "Einkaufen und Vergessen die Aufzeichnung auszustellen ",
      "region" : "Bielefeld"
    },
    "geometry" : {
      "type" : "Point",
      "coordinates" : [ 8.55194826, 52.02134519 ]
    }
  }, {
    "type" : "Feature",
    "properties" : {
      "date" : "16/04/2021 15:18:35",
      "bikeType" : "-",
      "child" : "Nein",
      "trailer" : "Nein",
      "pLoc" : "Hosentasche",
      "incident" : "Hindernis ausweichen (z.B. Hund)",
      "participant" : "Fußgänger",
      "scary" : "Nein",
      "descr" : "",
      "region" : "Bielefeld"
    },
    "geometry" : {
      "type" : "Point",
      "coordinates" : [ 8.55882417, 52.02146635 ]
    }
  }, {
    "type" : "Feature",
    "properties" : {
      "date" : "16/04/2021 15:15:03",
      "bikeType" : "-",
      "child" : "Nein",
      "trailer" : "Nein",
      "pLoc" : "Hosentasche",
      "incident" : "Sonstiges",
      "participant" : "",
      "scary" : "Nein",
      "descr" : "Einkaufen und Vergessen die Aufzeichnung auszustellen ",
      "region" : "Bielefeld"
    },
    "geometry" : {
      "type" : "Point",
      "coordinates" : [ 8.55241843, 52.02141777 ]
    }
  }, {
    "type" : "Feature",
    "properties" : {
      "date" : "10/08/2021 11:03:25",
      "bikeType" : "-",
      "child" : "Nein",
      "trailer" : "Nein",
      "pLoc" : "Hosentasche",
      "incident" : "Hindernis ausweichen (z.B. Hund)",
      "participant" : "",
      "scary" : "Nein",
      "descr" : "",
      "region" : "Bielefeld"
    },
    "geometry" : {
      "type" : "Point",
      "coordinates" : [ 8.875511666666666, 51.93909833333334 ]
    }
  }, {
    "type" : "Feature",
    "properties" : {
      "date" : "11/08/2021 12:03:41",
      "bikeType" : "-",
      "child" : "Nein",
      "trailer" : "Nein",
      "pLoc" : "Hosentasche",
      "incident" : "Zu dichtes Überholen",
      "participant" : "",
      "scary" : "Nein",
      "descr" : "",
      "region" : "Bielefeld"
    },
    "geometry" : {
      "type" : "Point",
      "coordinates" : [ 8.908048333333333, 51.93253166666667 ]
    }
  }, {
    "type" : "Feature",
    "properties" : {
      "date" : "14/08/2021 14:34:32",
      "bikeType" : "-",
      "child" : "Nein",
      "trailer" : "Nein",
      "pLoc" : "Hosentasche",
      "incident" : "Hindernis ausweichen (z.B. Hund)",
      "participant" : "",
      "scary" : "Nein",
      "descr" : "",
      "region" : "Bielefeld"
    },
    "geometry" : {
      "type" : "Point",
      "coordinates" : [ 8.889653333333333, 51.935803333333325 ]
    }
  }, {
    "type" : "Feature",
    "properties" : {
      "date" : "14/08/2021 14:34:38",
      "bikeType" : "-",
      "child" : "Nein",
      "trailer" : "Nein",
      "pLoc" : "Hosentasche",
      "incident" : "Hindernis ausweichen (z.B. Hund)",
      "participant" : "",
      "scary" : "Nein",
      "descr" : "",
      "region" : "Bielefeld"
    },
    "geometry" : {
      "type" : "Point",
      "coordinates" : [ 8.889655, 51.93580166666667 ]
    }
  }, {
    "type" : "Feature",
    "properties" : {
      "date" : "17/08/2021 11:51:58",
      "bikeType" : "-",
      "child" : "Nein",
      "trailer" : "Nein",
      "pLoc" : "Hosentasche",
      "incident" : "Zu dichtes Überholen",
      "participant" : "",
      "scary" : "Nein",
      "descr" : "",
      "region" : "Bielefeld"
    },
    "geometry" : {
      "type" : "Point",
      "coordinates" : [ 8.875218333333333, 51.93948 ]
    }
  }, {
    "type" : "Feature",
    "properties" : {
      "date" : "17/08/2021 11:52:01",
      "bikeType" : "-",
      "child" : "Nein",
      "trailer" : "Nein",
      "pLoc" : "Hosentasche",
      "incident" : "Zu dichtes Überholen",
      "participant" : "",
      "scary" : "Nein",
      "descr" : "",
      "region" : "Bielefeld"
    },
    "geometry" : {
      "type" : "Point",
      "coordinates" : [ 8.875218333333333, 51.93948 ]
    }
  }, {
    "type" : "Feature",
    "properties" : {
      "date" : "17/08/2021 12:04:40",
      "bikeType" : "-",
      "child" : "Nein",
      "trailer" : "Nein",
      "pLoc" : "Hosentasche",
      "incident" : "Hindernis ausweichen (z.B. Hund)",
      "participant" : "",
      "scary" : "Nein",
      "descr" : "",
      "region" : "Bielefeld"
    },
    "geometry" : {
      "type" : "Point",
      "coordinates" : [ 8.875443333333333, 51.93917666666666 ]
    }
  }, {
    "type" : "Feature",
    "properties" : {
      "date" : "08/01/2022 13:46:30",
      "bikeType" : "E-Bike",
      "child" : "Nein",
      "trailer" : "Nein",
      "pLoc" : "Lenker",
      "incident" : "Zu dichtes Überholen",
      "participant" : "",
      "scary" : "Nein",
      "descr" : "",
      "region" : "Bielefeld"
    },
    "geometry" : {
      "type" : "Point",
      "coordinates" : [ 8.893968333333333, 51.93438666666666 ]
    }
  }, {
    "type" : "Feature",
    "properties" : {
      "date" : "06/01/2022 12:24:37",
      "bikeType" : "E-Bike",
      "child" : "Nein",
      "trailer" : "Nein",
      "pLoc" : "Lenker",
      "incident" : "Zu dichtes Überholen",
      "participant" : "",
      "scary" : "Nein",
      "descr" : "",
      "region" : "Bielefeld"
    },
    "geometry" : {
      "type" : "Point",
      "coordinates" : [ 8.908521666666667, 51.93236166666667 ]
    }
  }, {
    "type" : "Feature",
    "properties" : {
      "date" : "30/04/2022 21:46:01",
      "bikeType" : "City-/Trekking Bike",
      "child" : "Nein",
      "trailer" : "Nein",
      "pLoc" : "Hosentasche",
      "incident" : "Entgegenkommender Verkehrsteilnehmer",
      "participant" : "PKW",
      "scary" : "Nein",
      "descr" : "Zu wenig Abstand",
      "region" : "Bielefeld"
    },
    "geometry" : {
      "type" : "Point",
      "coordinates" : [ 8.53374031, 52.03767668 ]
    }
  }, {
    "type" : "Feature",
    "properties" : {
      "date" : "29/04/2022 21:12:23",
      "bikeType" : "City-/Trekking Bike",
      "child" : "Nein",
      "trailer" : "Nein",
      "pLoc" : "Hosentasche",
      "incident" : "Hindernis ausweichen (z.B. Hund)",
      "participant" : "",
      "scary" : "Nein",
      "descr" : "Reisender mit Handy in der Hand",
      "region" : "Bielefeld"
    },
    "geometry" : {
      "type" : "Point",
      "coordinates" : [ 8.53244612, 52.02976173 ]
    }
  }, {
    "type" : "Feature",
    "properties" : {
      "date" : "29/04/2022 08:18:05",
      "bikeType" : "City-/Trekking Bike",
      "child" : "Nein",
      "trailer" : "Nein",
      "pLoc" : "Hosentasche",
      "incident" : "Zu dichtes Überholen",
      "participant" : "PKW",
      "scary" : "Ja",
      "descr" : "",
      "region" : "Bielefeld"
    },
    "geometry" : {
      "type" : "Point",
      "coordinates" : [ 8.53280022, 52.03922765 ]
    }
  }, {
    "type" : "Feature",
    "properties" : {
      "date" : "29/04/2022 08:18:11",
      "bikeType" : "City-/Trekking Bike",
      "child" : "Nein",
      "trailer" : "Nein",
      "pLoc" : "Hosentasche",
      "incident" : "Zu dichtes Überholen",
      "participant" : "PKW",
      "scary" : "Nein",
      "descr" : "",
      "region" : "Bielefeld"
    },
    "geometry" : {
      "type" : "Point",
      "coordinates" : [ 8.53286916, 52.03888652 ]
    }
  }, {
    "type" : "Feature",
    "properties" : {
      "date" : "29/04/2022 18:25:29",
      "bikeType" : "City-/Trekking Bike",
      "child" : "Nein",
      "trailer" : "Nein",
      "pLoc" : "Hosentasche",
      "incident" : "Zu dichtes Überholen",
      "participant" : "PKW",
      "scary" : "Nein",
      "descr" : "",
      "region" : "Bielefeld"
    },
    "geometry" : {
      "type" : "Point",
      "coordinates" : [ 8.52352858, 52.0243052 ]
    }
  }, {
    "type" : "Feature",
    "properties" : {
      "date" : "18/04/2022 10:59:04",
      "bikeType" : "City-/Trekking Bike",
      "child" : "Nein",
      "trailer" : "Nein",
      "pLoc" : "Jackentasche",
      "incident" : "Zu dichtes Überholen",
      "participant" : "PKW",
      "scary" : "Nein",
      "descr" : "Überholen in Engstelle.",
      "region" : "Bielefeld"
    },
    "geometry" : {
      "type" : "Point",
      "coordinates" : [ 8.51018011, 52.0499547 ]
    }
  }, {
    "type" : "Feature",
    "properties" : {
      "date" : "30/04/2022 08:39:27",
      "bikeType" : "City-/Trekking Bike",
      "child" : "Nein",
      "trailer" : "Nein",
      "pLoc" : "Jackentasche",
      "incident" : "Hindernis ausweichen (z.B. Hund)",
      "participant" : "Sonstiges",
      "scary" : "Nein",
      "descr" : "Schlaglöchern auf schmalem Schutzstreifen ausweichen.",
      "region" : "Bielefeld"
    },
    "geometry" : {
      "type" : "Point",
      "coordinates" : [ 8.53204904, 52.04222614 ]
    }
  }, {
    "type" : "Feature",
    "properties" : {
      "date" : "30/04/2022 16:39:37",
      "bikeType" : "City-/Trekking Bike",
      "child" : "Nein",
      "trailer" : "Nein",
      "pLoc" : "Hosentasche",
      "incident" : "Zu dichtes Überholen",
      "participant" : "PKW",
      "scary" : "Ja",
      "descr" : "",
      "region" : "Bielefeld"
    },
    "geometry" : {
      "type" : "Point",
      "coordinates" : [ 8.52274166, 52.02554904 ]
    }
  } ]
}