lat,lon,ts,bike,childCheckBox,trailerCheckBox,pLoc,incident,i1,i2,i3,i4,i5,i6,i7,i8,i9,scary,desc,i10,region
49.00385728,8.40504372,1635416639000,1,0,0,4,7,0,0,0,1,0,0,0,0,0,0,Radweg blockiert ,0,Karlsruhe
49.00402799,8.38791517,1635416167000,1,0,0,4,7,0,0,0,1,0,0,0,0,0,0,Radweg blockiert,0,Karlsruhe
49.00379234,8.40459862,1635416633000,1,0,0,4,7,0,0,0,1,0,0,0,0,0,0,Radweg blockiert,0,Karlsruhe
49.01036773,8.40665461,1620215875000,0,0,0,0,4,0,0,0,0,0,0,0,0,0,1,fährt Mitte der Fahrbahn mit zu hoher Geschwindigkeit,0,Karlsruhe
49.00742539,8.40697673,1620217631000,0,0,0,0,4,0,0,0,0,0,0,0,0,0,1,fährt auf meine Seite, lässt mit kaum Platz,0,Karlsruhe
49.02982207015157,8.39224275201559,1621536653000,0,0,0,0,1,0,0,0,0,0,0,0,0,0,0,,0,Karlsruhe
49.05646947,8.38355947,1620020331000,0,0,0,0,2,0,0,0,0,0,0,0,0,0,0,Fzg. fährt ohne zu schauen aus der Tankstelle heraus. Ausweichen vom kombinierten Fuß-/Radweg auf die Straße unausweichlich.,0,Karlsruhe
49.029875714331865,8.389281928539276,1621526461000,0,0,0,0,1,0,0,0,0,0,0,0,0,0,1,,0,Karlsruhe
49.006603485904634,8.439885824918747,1620300378000,0,0,0,0,3,0,0,0,1,0,0,1,0,0,1,Rechtsabbieger,0,Karlsruhe
49.001443083398044,8.423447655513883,1620300797000,0,0,0,0,7,0,0,1,0,0,0,0,0,0,0,Jogger quert Fuß-Radweg,0,Karlsruhe
49.03010039124638,8.39446110650897,1621756415000,0,0,0,0,1,0,0,0,0,0,0,0,0,0,1,,0,Karlsruhe
49.05376626,8.38031222,1620835023000,0,0,0,0,2,0,0,0,0,0,0,0,0,0,0,Parkt rückwärts aus, sieht mich und hält kurz, zieht dann aber doch heraus und zwingt mich zum halten, da Gegenverkehr.,0,Karlsruhe
48.99915117,8.40947606,1620829031000,0,0,0,0,2,0,0,0,0,0,0,0,0,0,0,,0,Karlsruhe
49.00843736,8.41882067,1620830440000,0,0,0,0,7,0,1,0,0,0,0,0,0,0,0,Radler fährt in falscher Richtung auf Radweg,0,Karlsruhe
49.01089408,8.4236196,1620828313000,0,0,0,0,8,0,0,0,0,0,0,0,0,0,1,Missachtung der Vorfahrt ,0,Karlsruhe
49.00988882,8.42933375,1620719228000,0,0,0,0,4,0,0,0,0,0,0,0,0,0,1,fährt mittig auf der Straße und lässt mir kaum Platz. keine reduzierte Geschwindigkeit.,0,Karlsruhe
49.0090896,8.43458429,1620719310000,0,0,0,0,4,0,0,0,0,0,0,0,0,0,1,entgegen kommender Pkw überholt mit Minimalabstand eine Radlerin mit Kinderanhänger, gefährdet dabei sie und mich. ,0,Karlsruhe
48.468824,7.946500,1620659691000,8,0,0,1,7,0,0,0,0,0,0,0,0,0,0,"Geparkter PKW",0,Karlsruhe
49.00774738,8.41094291,1619688981000,0,0,0,0,1,0,0,0,0,0,0,0,0,0,1,im strömenden Regen mit ca. 0,5 m Abstand,0,Karlsruhe
48.99871688,8.41597635,1620037977000,0,0,0,0,7,0,0,1,0,0,0,0,0,0,1,Fuß/Radweg in einem (für beide Richtungen), 2 Fußgänger in eine Richtung, Fußgänger mit Kinderwag\nen in andere Richtung, überholen während die Fußgänger plötzlich die Seite wechseln, was zum ausweichmanöver führt.,0,Karlsruhe
49.00621648,8.41690896,1622035060000,0,0,0,0,1,0,0,0,0,0,0,0,0,0,1,zunächst dicht Auffahren, dann ohne ausreichend Platz überholen,0,Karlsruhe
48.99827021,8.4060169,1621247693000,0,0,0,0,1,0,0,0,0,0,0,0,0,0,0,,0,Karlsruhe
49.00777567,8.41077982,1622126163000,0,0,0,0,2,0,0,0,0,0,0,0,0,0,1,Ausparken ohne Beachtung des Radverkehrs,0,Karlsruhe
49.00859895,8.41877961,1622125967000,0,0,0,0,8,0,0,0,0,0,0,0,0,0,0,Rotlicht Verstoß an der Fußgänger Ampel,0,Karlsruhe
49.00783478,8.41008341,1622126193000,0,0,0,0,1,0,0,0,0,0,0,0,0,0,1,in Engstelle zunächst dichtes Auffahren und dann hupend überholt,0,Karlsruhe
49.00463518195513,8.355843424579163,1620220406000,0,0,0,0,1,1,0,0,0,0,0,0,0,0,1,Dicht und schnell überholt, nur um an der Haltestelle vor mir stehen zu bleiben. Es war sehr windig und ich hatte hinten ein Kind drauf. ,0,Karlsruhe
49.00776641,8.40086,1620720379000,0,0,0,0,4,0,0,0,0,0,0,0,0,0,0,fährt durch gesperrte Fahrradstraße,0,Karlsruhe
49.00928163275427,8.358667037298652,1619788806000,0,0,0,0,7,0,0,1,0,0,0,0,0,0,0,,0,Karlsruhe
49.00478502122638,8.355867229506657,1619788670000,0,0,0,0,1,0,0,0,0,0,0,0,0,0,0,,0,Karlsruhe
49.00704902,8.43127166,1621502898000,0,0,0,0,7,0,0,0,0,0,0,0,0,0,0,blockiert zum Teil den Radstreifen,0,Karlsruhe
49.00718693,8.42719584,1621502965000,0,0,0,0,1,0,0,0,0,0,0,0,0,0,1,mit überhöhter Geschwindigkeit,0,Karlsruhe
49.00784895,8.41004132,1621503300000,0,0,0,0,3,0,0,0,0,0,0,0,0,0,1,biegt links ab trotz entgegen kommenden geradeaus Verkehr,1,Karlsruhe
49.00369304,8.42411322,1620468890000,0,0,0,0,8,0,0,0,0,0,0,0,0,0,1,Vorfahrt für Radweg missachtet,0,Karlsruhe
48.97949814,8.42789686,1621021743000,0,0,0,0,8,0,1,0,0,0,0,0,0,0,0,Anhalten zum Orientieren,0,Karlsruhe
48.98205182,8.4262981,1621021607000,0,0,0,0,8,0,1,0,0,0,0,0,0,0,0,Anhalten zum Orientieren,0,Karlsruhe
48.97998821,8.42760015,1621021701000,0,0,0,0,8,0,0,0,0,0,0,0,0,1,0,Anhalten zum Orientieren,0,Karlsruhe
48.97954599,8.42783825,1621021713000,0,0,0,0,8,0,1,0,0,0,0,0,0,0,0,Anhalten zum Orientieren,0,Karlsruhe
48.98569273,8.42458897,1621021338000,0,0,0,0,8,0,1,0,0,0,0,0,0,0,0,Anhalten zum Orientieren,0,Karlsruhe
49.00807509,8.43898383,1621934294000,0,0,0,0,5,0,0,0,0,0,0,0,0,0,1,,0,Karlsruhe
49.00774684,8.40919351,1621932506000,0,0,0,0,5,0,0,0,0,0,0,0,0,0,1,,0,Karlsruhe
49.00451552,8.41345787,1635238927000,1,0,0,5,1,0,0,0,0,0,0,1,0,0,0,Gegenüber auf Fahrbahn geparkter PKW, an genau der Stelle wurde ich mit zuwenig Abstand überholt. Etwas weiter wäre mehr Platz gewesen.,0,Karlsruhe
49.02673338074237,8.43968122266233,1633586725000,5,0,0,0,1,0,0,0,0,0,0,1,0,0,1,Elterntaxi auf Schleichweg hatte es eilig. Hat auch Erstklässler überholt mit weniger als 0.5m,0,Karlsruhe
49.02635330334306,8.44687633216381,1633586631000,5,0,0,0,1,0,0,0,0,0,0,1,0,0,0,,0,Karlsruhe
49.00441416,8.41519887,1635252668000,1,0,0,5,1,0,0,0,0,0,0,1,0,0,0,,0,Karlsruhe
49.00543064,8.41572389,1634654104000,1,0,0,5,1,0,0,0,0,0,0,1,0,0,0,,0,Karlsruhe
49.00707976,8.41346331,1634654050000,1,0,0,5,1,0,0,0,0,0,0,1,0,0,1,,0,Karlsruhe
49.007741,8.41009843,1634653996000,1,0,0,5,1,0,0,0,1,0,0,0,0,0,0,Lieferwagen stand an der Ampel schon auf der Fahrradbox und hat dann sehr dicht überholt und beschleunigt um vor den Fahrradfahrenden nach der Kreuzung zu sein.,0,Karlsruhe
49.025236959569156,8.449535239487886,1633501068000,5,0,0,0,1,0,0,0,0,0,0,1,0,0,0,,0,Karlsruhe
49.01613166666666,8.40561,1616948495000,0,0,0,0,8,0,0,0,0,0,0,0,0,0,0,Schienen überquert \n,0,Karlsruhe
48.99298255428932,8.395731819855083,1617206870999,0,0,0,0,8,0,0,0,0,0,0,0,0,0,0,Vorfall lässt sich nicht am tatsächlichen Ort hinzufügen.\nKupplung abgestellter Tram ragt in Radüberweg.,0,Karlsruhe
48.99191140837581,8.397370053886881,1617206783000,0,0,0,0,8,0,0,0,0,0,0,0,0,0,0,Wegbreite halbiert, durch Bauwasserleitung.,0,Karlsruhe
48.990487,8.392241,1617040886994,1,0,0,4,7,0,0,1,0,0,0,0,0,0,0,,0,Karlsruhe
48.990702,8.391946,1617040890994,1,0,0,4,7,0,1,1,0,0,0,0,0,0,0,,0,Karlsruhe
49.010819999999995,8.368156666666666,1617085553000,0,0,0,0,7,0,0,0,0,1,0,0,0,0,0,,0,Karlsruhe
49.01067666666666,8.378681666666667,1617085683000,0,0,0,0,7,0,0,0,0,0,0,0,0,0,0,Auto parkt auf Radweg,0,Karlsruhe
48.993854,8.378161,1617173683998,1,0,0,0,4,0,1,0,0,0,0,0,0,0,0,,0,Karlsruhe
49.00623086,8.38476405,1617094266000,0,0,0,0,1,0,0,0,0,0,0,0,0,0,1,,0,Karlsruhe
48.992490,8.389214,1616952980009,1,0,0,0,2,0,0,0,0,0,0,1,0,0,0,,0,Karlsruhe
48.994080,8.390110,1616953004001,1,0,0,0,4,1,0,0,0,0,0,0,0,0,0,,0,Karlsruhe
49.02981335297227,8.39251583442092,1622893247000,,0,0,,1,0,0,0,0,0,0,1,0,0,0,,0,Karlsruhe
49.02004333333333,8.4319,1623942441000,0,0,0,0,7,0,0,1,0,0,0,0,0,0,0,,0,Karlsruhe
49.01872166666667,8.426041666666666,1623942511000,0,0,0,0,7,0,0,1,0,0,0,0,0,0,0,,0,Karlsruhe
49.014300000000006,8.398268333333334,1623942908000,0,0,0,0,7,0,1,1,0,0,0,0,0,0,0,,0,Karlsruhe
49.015011666666666,8.380065,1623943146000,0,0,0,0,4,0,1,0,0,0,0,0,0,0,0,,0,Karlsruhe
49.01854333333334,8.366155,1624860922000,,0,0,,7,0,0,0,0,1,0,0,0,0,0,,0,Karlsruhe
49.01538833333334,8.372795,1624861028000,,0,0,,7,0,0,0,0,0,0,0,0,1,0,,0,Karlsruhe
49.01432,8.394653333333334,1624861360000,,0,0,,4,0,1,0,0,0,0,0,0,0,0,,0,Karlsruhe
49.014298333333336,8.395283333333333,1624861369000,,0,0,,4,0,1,0,0,0,0,0,0,0,0,,0,Karlsruhe
49.01849166666666,8.424846666666667,1624861803000,,0,0,,7,0,0,0,0,1,0,0,0,0,0,,0,Karlsruhe
49.005542548132254,8.504808503676696,1623255347000,0,0,0,0,4,0,1,0,0,0,0,0,0,0,1,Geisterfahrer\n,0,Karlsruhe
49.005611296883295,8.503322636411552,1623255363153,0,0,0,0,7,0,0,0,0,0,0,0,0,0,0,,0,Karlsruhe
49.005197301249716,8.501581500905964,1623255384883,0,0,0,0,4,0,0,0,1,0,0,0,0,0,0,Wenig Abstand,0,Karlsruhe
49.021885000000005,8.435633333333334,1624430199000,,0,0,,8,0,0,0,0,0,0,0,0,1,0,Stark verschmutzte Fahrbahn durch Baustelle + Nässe,0,Karlsruhe
49.016308333333335,8.370546666666666,1624429270000,,0,0,,7,0,0,0,1,1,0,0,0,0,0,Parkende Fahrzeuge auf Fahrradspur,0,Karlsruhe
49.01843999999999,8.366466666666668,1624429192000,,0,0,,7,0,0,0,0,1,0,0,0,0,0,Baustellenfahrzeuge blockieren rechte Fahrspur. Ausweichen über die Straßenbahngleise notwendig.,0,Karlsruhe
49.014211666666675,8.397428333333332,1624517032000,,0,0,,7,0,0,0,1,0,0,0,0,0,0,Fahrzeug parkt auf dem Radweg,0,Karlsruhe
49.02720100712031,8.44037951901555,1624360103000,,0,0,,4,0,0,0,0,0,0,1,0,0,1,Auto zu schnell auf sehr engem Weg.,0,Karlsruhe
49.0148,8.38518,1625067993000,,0,0,,4,0,0,0,0,0,0,0,0,0,0,,1,Karlsruhe
49.014845,8.384188333333332,1625068009000,,0,0,,4,0,1,0,0,0,0,0,0,0,0,,0,Karlsruhe
49.01512833333333,8.37768,1625068081000,,0,0,,4,0,1,0,0,0,0,0,0,0,0,,0,Karlsruhe
49.017646666666664,8.367631666666666,1625068244000,,0,0,,7,0,0,0,0,0,0,0,0,1,0,Kleiner Ast (Sturmschaden),0,Karlsruhe
49.01950166666667,8.365195,1625068286000,,0,0,,4,0,1,0,0,0,0,0,0,0,0,,0,Karlsruhe
49.02101833333333,8.437756666666667,1625067273000,,0,0,,4,0,0,1,0,0,0,1,0,0,0,,0,Karlsruhe
49.019978333333334,8.431733333333334,1625067397000,,0,0,,4,0,0,0,0,0,0,1,0,0,1,Großer Geländewagen schießt in einer Fahrradstraße um eine schlecht einsehbare Kurve,0,Karlsruhe
49.01477499999999,8.388888333333334,1625067945000,,0,0,,4,0,1,0,0,0,0,0,0,0,0,,0,Karlsruhe
49.01488833333333,8.383986666666667,1624462000000,,0,0,,7,0,0,0,0,0,0,1,0,0,0,Auto aus Seitenstraße steht quer auf dem Radweg,0,Karlsruhe
49.014941666666665,8.383351666666666,1624462009000,,0,0,,8,0,1,0,0,0,0,0,0,0,0,Vorausfahrender Radfahrer am Handy. Ist abgelenkt und schlingert über die Fahrbahn.,0,Karlsruhe
49.021785,8.433781666666667,1624461249000,,0,0,,7,0,0,0,0,0,0,0,0,1,0,Radweg ist zugewuchert,0,Karlsruhe
49.01884166666667,8.42633,1624461358000,,0,0,,7,0,0,1,0,0,0,0,0,0,0,,0,Karlsruhe
49.014264999999995,8.398531666666665,1624461720000,,0,0,,7,0,0,1,0,0,0,0,0,0,0,,0,Karlsruhe
49.014608333333335,8.393966666666667,1624461798000,,0,0,,7,0,1,0,0,0,0,0,0,0,0,,0,Karlsruhe
49.0260669356212,8.447480080649257,1624865638000,,0,0,,1,0,0,0,0,0,0,1,0,0,0,,0,Karlsruhe
49.025263572111726,8.449599696323276,1624865695000,,0,0,,1,0,0,0,0,0,0,1,0,0,1,Überholvorgang von 9-Sitzer bei Gegenverkehr mit weniger als 20cm Abstand.\n,0,Karlsruhe
49.01528166666667,8.37293,1625034852000,,0,0,,7,0,0,0,0,0,0,0,0,1,0,Baustellenabsperrung blockiert Radweg,0,Karlsruhe
49.01698666666666,8.36853,1625034777000,,0,0,,7,0,0,0,0,0,0,1,0,0,0,,0,Karlsruhe
49.01716666666666,8.368146666666666,1625034771000,,0,0,,7,0,0,0,1,0,0,0,0,0,0,,0,Karlsruhe
49.01738333333333,8.367651666666665,1625034765000,,0,0,,7,0,0,0,1,0,0,0,0,0,0,,0,Karlsruhe
49.01787833333333,8.366838333333334,1625034753000,,0,0,,7,0,0,0,0,1,0,0,0,0,0,,0,Karlsruhe
49.01846333333333,8.366123333333332,1625034741000,,0,0,,7,0,0,0,1,0,0,0,0,0,0,,0,Karlsruhe
49.01412666666667,8.404496666666667,1625035314000,,0,0,,4,0,0,1,0,0,0,0,0,0,0,,0,Karlsruhe
49.01466666666667,8.386956666666666,1625035045000,,0,0,,4,0,0,1,0,0,0,0,0,0,0,Im Baustellenbereich,0,Karlsruhe
49.01475333333333,8.384623333333334,1625034985000,,0,0,,7,0,0,0,0,0,0,1,0,0,0,Auto aus Seitenstraße steht quer auf Radweg,0,Karlsruhe
49.01510666666666,8.375831666666667,1625034892000,,0,0,,7,0,0,0,0,0,0,0,0,1,0,Baustellenabsperrung blockiert Radweg,0,Karlsruhe
49.03035333333334,8.373653333333333,1624375470000,,0,0,,1,0,0,0,0,0,0,1,0,0,1,,0,Karlsruhe
49.01797666666666,8.367320000000001,1624376923000,,0,0,,4,0,1,0,0,0,0,0,0,0,0,,0,Karlsruhe
49.03395666666667,8.352826666666665,1624375150000,,0,0,,7,0,0,0,0,0,0,1,0,0,0,,0,Karlsruhe
49.01069826744275,8.401448126060842,1623529401000,0,0,0,0,1,0,0,0,0,0,0,0,0,0,0,,1,Karlsruhe
49.00715335,8.40523442,1624968691000,,0,0,,5,0,0,0,0,0,0,1,0,0,0,,0,Karlsruhe
49.02994800824672,8.387547796592116,1622746684000,,0,0,,1,0,0,0,0,0,0,1,0,0,0,,0,Karlsruhe
49.00776595,8.4104889,1624630075000,,0,0,,1,0,0,0,0,0,0,1,0,0,0,,0,Karlsruhe
49.008127357810736,8.442145334556699,1624956038000,,0,0,,4,0,1,0,0,0,0,0,0,0,0,Geisterradler,0,Karlsruhe
49.01269935071468,8.445513099431992,1624955923000,,0,0,,1,0,0,0,0,0,0,1,0,0,1,,0,Karlsruhe
49.00640331,8.41439773,1624643862000,,0,0,,1,0,1,0,0,0,0,0,0,0,0,,0,Karlsruhe
49.01414333333334,8.404295,1625672368000,,0,0,,4,0,0,1,0,0,0,0,0,0,0,,0,Karlsruhe
49.014019999999995,8.404024999999999,1625672371000,,0,0,,4,0,0,1,0,0,0,0,0,0,0,,0,Karlsruhe
49.014121666666675,8.406293333333334,1625672338000,,0,0,,4,0,1,0,0,0,0,0,0,0,0,,0,Karlsruhe
49.022018333333335,8.433953333333333,1625671970000,,0,0,,7,0,0,0,0,0,0,0,0,1,0,Radweg ist zugewuchert,0,Karlsruhe
49.021613333333335,8.433391666666667,1625671979000,,0,0,,7,0,0,0,0,0,0,0,0,1,0,Radweg ist zugewuchert,0,Karlsruhe
49.02118166666667,8.432831666666667,1625671988000,,0,0,,7,0,0,0,0,0,0,0,0,1,0,Radweg ist zugewuchert,0,Karlsruhe
49.03282833333333,8.348958333333334,1625673407000,,0,0,,4,0,0,0,1,0,0,0,0,0,1,Nimmt mir die Vorfahrt (parkende Autos auf Gegenseite) und fährt in 0.5m mit ca. 30kmh an mir vorbei.,0,Karlsruhe
49.01783166666667,8.367351666666668,1625672925000,,0,0,,7,0,0,0,0,0,0,0,0,1,0,Ast,0,Karlsruhe
49.018681666666666,8.366263333333334,1625672943000,,0,0,,4,0,1,0,0,0,0,0,0,0,0,,0,Karlsruhe
49.01476833333333,8.389825,1625672545000,,0,0,,4,0,0,1,0,0,0,0,0,0,0,,0,Karlsruhe
49.029925796203315,8.38901144452393,1625393212000,,0,0,,1,0,0,0,0,0,0,1,0,0,1,Absichtlich eng unter 0.5m überholt, dazu aus dem Auto beschimpft: "Fahr auf dem Radweg, du Arschloch!". ich hatte auf dem Schutzstreifen hinreichend Abstand zu parkenden Autos gehalten, um nicht in der Dooring-Zone zu fahren.,0,Karlsruhe
49.00735152,8.41319131,1626190827000,,0,0,,1,0,0,0,0,0,0,1,0,0,1,,0,Karlsruhe
49.017165000000006,8.419206666666666,1625726516000,,0,0,,4,0,1,0,0,0,0,0,0,0,1,Radfahrer kommt von rechts aus kleinem Seitenweg (von Parkplatz), schneidet die Kurve und kommt mir auf meiner Spur entgegen,0,Karlsruhe
49.02135666666666,8.433421666666668,1625726727000,,0,0,,7,0,0,0,0,0,0,0,0,1,0,Radweg ist zugewuchert,0,Karlsruhe
49.021969999999996,8.434193333333333,1625726742000,,0,0,,8,0,0,0,0,0,0,0,0,1,0,Fahrbahnverschmutzung,0,Karlsruhe
49.02191333333334,8.435456666666665,1625726773000,,0,0,,8,0,0,0,0,0,0,0,0,1,0,Starke Fahrbahnverschmutzung,0,Karlsruhe
49.02239833333333,8.434666666666667,1625726752000,,0,0,,8,0,0,0,0,0,0,0,0,1,0,Fahrbahnverschmutzung,0,Karlsruhe
49.02184166666666,8.435655,1625726776000,,0,0,,7,0,0,0,0,1,0,0,0,0,0,,0,Karlsruhe
49.02166333333333,8.436058333333333,1625726782000,,0,0,,7,0,0,0,0,1,0,0,0,0,0,,0,Karlsruhe
49.01830666666667,8.366325,1625725807000,,0,0,,7,0,0,1,1,1,0,0,0,0,0,3 Baustellenfahrzeuge + Arbeiter blockieren den Radweg,0,Karlsruhe
49.01468333333334,8.385083333333334,1625726058000,,0,0,,7,0,0,0,1,0,0,0,0,0,0,Handwerker parkt im Kreuzungsbereich auf Radweg,0,Karlsruhe
49.01427833333334,8.39552,1625726175000,,0,0,,7,0,0,0,0,1,0,0,0,0,0,LKW steht mit Auflieger quer auf dem Radweg,0,Karlsruhe
49.016531666666666,8.416951666666668,1625726483000,,0,0,,8,0,0,0,0,0,0,0,0,1,0,Radweg ist zugewuchert,0,Karlsruhe
49.02945166666667,8.347285,1627660196000,,0,0,,1,0,0,0,0,0,0,1,0,0,0,,0,Karlsruhe
49.03030999999999,8.345793333333335,1627660220000,,0,0,,7,0,0,0,0,0,0,0,0,1,0,Glasscherben,0,Karlsruhe
49.017533333333326,8.367991666666667,1627659783000,,0,0,,7,0,0,0,0,0,0,0,0,1,0,Müll,0,Karlsruhe
49.01435333333334,8.3984,1627659358000,,0,0,,4,0,1,0,0,0,0,0,0,0,0,,0,Karlsruhe
49.017725000000006,8.367353333333334,1627020251000,,0,0,,3,0,0,0,0,1,0,0,0,0,1,LKW fährt will rechts abbiegen, bleibt dann aber längere Zeit stehen, so dass die halbe Fahrradspur blockiert ist. Nach kurzem Abwarten (LKW steht) fahre ich im Kreuzungsbereich vorsichtig in mehreren Metern Abstand rechts vorbei. Als ich fast vorbei bin hupt mich der LKW an und der Fahrer beschimpft mich. Absolut unverständlich.,0,Karlsruhe
49.01734499999999,8.368233333333334,1627020273000,,0,0,,7,0,0,0,0,0,0,1,0,0,0,SUV parkt direkt vor mir mit Warnblinker auf der Fahrradspur. 2m weiter ist eine freie Parkbucht, aber das ist wohl zu anstrengend.,0,Karlsruhe
49.016641666666665,8.417546666666668,1627021065000,,0,0,,7,0,0,0,0,0,0,0,0,1,0,Zugewuchert,0,Karlsruhe
49.02231666666667,8.434936666666665,1627021351000,,0,0,,7,0,0,0,0,1,0,0,0,0,0,Betonmischer steht quer auf der Fahrbahn und blockiert alles.,0,Karlsruhe
49.02393833333334,8.357273333333334,1625760536000,,0,0,,7,0,1,0,0,0,0,0,0,0,0,Vordermann an der Ampel fährt nicht los, weil er an Handy spielt.,0,Karlsruhe
49.017534999999995,8.368028333333333,1625760286000,,0,0,,7,0,0,0,0,0,0,0,0,1,0,Ast,0,Karlsruhe
49.021253333333334,8.362381666666666,1625760418000,,0,0,,7,0,0,0,0,0,0,0,0,0,0,,1,Karlsruhe
49.01442999999999,8.398381666666667,1625759857000,,0,0,,7,0,0,1,0,0,0,0,0,0,0,,0,Karlsruhe
48.99845128,8.37223556,1626695126000,,0,0,,7,0,0,1,0,0,0,0,0,0,0,Fußgänger mit Hund in beide Richtungen, waren auf derselben Seite und einer hat dann gewechselt gerade als ich vorbei bin. ,0,Karlsruhe
49.01602166666667,8.41369,1627054683000,,0,0,,7,0,0,0,0,0,0,0,0,1,0,Glasscherben,0,Karlsruhe
49.01734833333333,8.368321666666667,1627055418000,,0,0,,7,0,0,0,0,0,0,0,0,1,0,Müll,0,Karlsruhe
49.01654,8.369653333333334,1625639045000,,0,0,,3,0,0,0,0,0,0,1,0,0,1,Linksabbieger aus der Gegenfahrbahn: Schaut nicht wo sie hinfährt.,0,Karlsruhe
49.015076666666666,8.375236666666666,1625639217000,,0,0,,7,0,0,0,1,0,0,0,0,0,0,,0,Karlsruhe
49.014841666666676,8.381351666666665,1625639296000,,0,0,,7,0,1,0,0,0,0,0,0,0,0,Radfahrer biegt rechts auf Vorfahrtsstraße ein und schaut nicht nach links, von wo ich komme.,0,Karlsruhe
49.018546666666666,8.42511,1625639857000,,0,0,,4,0,0,0,0,1,0,0,0,0,0,LKW nimmt mir in Fahrradstraße die Vorfahrt und fährt mit 0,5m an mir vorbei.,0,Karlsruhe
49.018825,8.42657,1625639881000,,0,0,,7,0,0,0,0,0,0,0,0,1,0,Müll,0,Karlsruhe
49.029286666666664,8.346961666666665,1625638629000,,0,0,,1,0,0,0,0,0,0,1,0,0,0,,0,Karlsruhe
49.01728333333334,8.368071666666667,1625639024000,,0,0,,7,0,0,0,0,1,0,0,0,0,0,3 Baustellenfahrzeuge blockieren den Radweg,0,Karlsruhe
49.01761499999999,8.421605,1627540963000,,0,0,,7,0,0,1,0,0,0,0,0,0,0,,0,Karlsruhe
49.034034999999996,8.392041666666668,1625502967000,,0,0,,1,0,0,0,0,0,0,1,0,0,0,,0,Karlsruhe
49.03089166666667,8.363976666666668,1625503938000,,0,0,,1,0,0,0,0,0,0,1,0,0,0,,0,Karlsruhe
49.02981402352452,8.388623194769025,1625304883000,,0,0,,1,0,0,0,0,0,0,1,0,0,0,,0,Karlsruhe
49.01646000000001,8.415446666666666,1627572547000,,0,0,,7,0,0,1,0,0,0,0,0,0,0,,0,Karlsruhe
49.022344999999994,8.360316666666668,1627573376000,,0,0,,7,0,0,1,0,0,0,0,0,0,0,,0,Karlsruhe
49.01508666666667,8.397618333333332,1618306547000,0,0,0,0,8,0,0,0,0,0,0,0,0,0,0,Constructionsite,0,Karlsruhe
49.017411666666675,8.385381666666666,1618304292000,0,0,0,0,2,0,0,1,0,0,0,0,0,0,0,,0,Karlsruhe
48.984490,8.406016,1619623479999,3,0,0,5,7,0,0,1,0,0,0,0,0,0,0,,0,Karlsruhe
49.00964424,8.43505444,1618576684000,0,0,0,0,1,0,0,0,0,0,0,0,0,0,0,,0,Karlsruhe
48.989092,8.395734,1619018791999,3,0,0,5,4,0,1,1,0,0,0,0,0,0,0,"Weiherfeldbrücke: Fußgänger, Jogger Fahrradfahrer in beide Fahrtrichtungen und noch überholende Fahrradfahrer. Das alles drängelt sich auf einer schmalen Rad und Fußgänger Spur. Ständig kommt es zu riskanten Manövern ",0,Karlsruhe
49.01120844,8.39621903,1617952613000,0,0,0,0,4,0,0,0,0,0,0,0,0,0,1,,0,Karlsruhe
48.99106938549006,8.397924439636608,1617987619999,0,0,0,0,7,0,0,0,0,0,0,0,0,0,0,liegt mitten auf Radweg ,1,Karlsruhe
48.9913568421152,8.400588426808113,1617987652999,0,0,0,0,7,0,0,0,0,0,0,0,0,0,0,quer auf Radweg abgestellt ,1,Karlsruhe
49.04343624,8.36420847,1618414146000,0,0,0,0,4,0,1,0,0,0,0,0,0,0,0,Gegenverkehr mit Radfahrer und Hund an der Leine. ,0,Karlsruhe
49.00620152,8.43166727,1619013441000,0,0,0,0,7,0,1,0,0,0,0,0,0,0,0,unklare Führung für den Rad Verkehr vermutlich wegen vergessener Sperrung für Radstreifen.,0,Karlsruhe
48.97578503,8.3985017,1617983074000,0,0,0,0,7,0,0,0,0,0,0,0,0,0,0,PKW auf Straße in 2. Reihe geparkt.,0,Karlsruhe
49.00987305,8.40981776,1617980031000,0,0,0,0,8,0,0,0,0,0,0,0,0,0,1,Verwirrende Situation, viele Kfz in der Kurve und blockierte Radspur,0,Karlsruhe
49.00148331,8.40616346,1617981853000,0,0,0,0,4,0,0,1,0,0,0,0,0,0,0,spielende Kinder, deswegen Geschwindigkeit verringert,0,Karlsruhe
49.00156419,8.40806305,1617981902000,0,0,0,0,2,0,1,0,0,0,0,0,0,0,0,Schwierige Sicht und deswegen vorfahrtsberechtigte Radfahrerin von rechts spät gesehen,0,Karlsruhe
49.01039036,8.40928136,1617981451000,0,0,0,0,7,0,0,0,0,0,0,0,0,0,1,Kfz eingeparkt und aus Ausfahrt gefahren,0,Karlsruhe
49.00996026,8.40984293,1617981460000,0,0,0,0,1,0,0,0,0,0,0,0,0,0,1,Bestrafungsüberholung eines zuvor unbeteiligten Kfz in Folge von Fahren in der Mitte wegen vorherigem Ausweichen,0,Karlsruhe
49.00924006,8.41752765,1617981242000,0,0,0,0,1,0,0,0,0,0,0,0,0,0,1,Knappe Überholvorgänge wegen Spurwechsel der Kfz nach rechts,0,Karlsruhe
49.00144858,8.40545426,1618490702000,0,0,0,0,8,0,0,0,0,0,0,0,0,0,0,Vorfahrt missachtet,0,Karlsruhe
49.01017963,8.42041734,1618492041000,0,0,0,0,8,0,0,0,1,0,0,1,0,0,0,blockiert den Radstreifen,0,Karlsruhe
49.00706043,8.33629499,1617985519000,0,0,0,0,4,0,1,0,0,0,0,0,0,0,0,1-spurige Verkehrsführung unter der Brücke. Entgegenkommender Verkehr (Fußgänger, Radfahrer, etc.) aufgrund der Bauweise nicht einsehbar. Daher Warnhinweise, mit Spiegel notwendig. ,0,Karlsruhe
49.00857855,8.42391551,1619081597000,0,0,0,0,5,0,0,0,1,0,0,1,0,0,1,fährt zu dicht auf und setzt sogar kurz vor dem Kreisel zum überholen an.,0,Karlsruhe
49.0091973,8.43458922,1618390094000,0,0,0,0,4,0,0,0,0,0,0,0,0,0,1,,0,Karlsruhe
48.99838519070586,8.47133971241928,1619611853000,0,0,0,0,1,0,0,0,0,0,0,0,0,0,1,+ dichtes Auffahren,0,Karlsruhe
48.99905542731765,8.471713355433499,1619611835000,0,0,0,0,2,0,0,0,0,0,1,0,0,0,0,Motorrad fährt vom Marktplatz auf Straße, ich muss stark bremsen,0,Karlsruhe
49.006785055179165,8.43906308709032,1619612425999,0,0,0,0,3,0,0,0,0,0,1,0,0,0,0,,0,Karlsruhe
49.00701693,8.42420528,1617210917851,0,0,0,0,7,0,0,0,0,0,0,0,0,0,0,Parken auf der Fahrradspur um aus benachbartem Geschäft die Einkäufe ins Fahrzeug zu laden. ,0,Karlsruhe
49.02344049,8.35645617,1617205324000,0,0,0,0,6,0,0,0,0,0,0,0,0,0,0,Parken auf der Fahrradspur und Öffnen der Türe ohne sich umzusehen.\n,0,Karlsruhe
49.01009135,8.35901168,1617206206000,0,0,0,0,7,0,0,1,0,0,0,0,0,0,0,Fußgänger mit Hund auf dem Fahrradstreifen, obwohl nebenan der Fußgängerweg frei war. Gefahr für beide da hier eine Unterführung mit Kurve existiert, somit schlecht eingesehen werden kann und reger Gegenverkehr herrscht.,0,Karlsruhe
48.99572489,8.37517588,1617207412000,0,0,0,0,3,0,1,0,0,0,0,0,0,0,0,Stark befahrene Kreuzung für Fußgänger und Radfahrer. Leider ist hier nicht jedem Verkehrsteilnehmer bekannt das auch hier die Rechts-vor-Links-Regel gilt. Tägliche Beinahe-Unfälle sind hier binnen kurzer Zeit mehrfach möglich wenn man nicht für die Anderen mitdenkt.,0,Karlsruhe
49.00972297,8.43086743,1618578225000,0,0,0,0,8,0,0,0,0,0,0,0,0,0,1,Vorfahrt missachtet,0,Karlsruhe
49.00848171,8.41609855,1618560165000,0,0,0,0,8,0,0,0,0,0,0,0,0,0,0,falsch parken auf Radstreifen,0,Karlsruhe
49.00780814,8.41065465,1618561688000,0,0,0,0,1,0,0,0,0,0,1,0,0,0,0,,0,Karlsruhe
49.00849969,8.39858669,1618561492000,0,0,0,0,4,0,0,0,0,0,0,0,0,0,1,SUV in Fahrradstraße fährt nicht rechts,0,Karlsruhe
49.00783026,8.40994782,1618560294000,0,0,0,0,8,0,0,0,0,0,0,0,0,0,1,Autofahrerin blockiert Aufstellflache für Radler an Ampel. nutzt Telefon,0,Karlsruhe
49.00947989,8.42227755,1618560017000,0,0,0,0,1,0,0,0,0,0,1,0,0,0,0,,0,Karlsruhe
49.01999008,8.42125909,1618149779000,0,0,0,0,1,0,0,0,0,0,0,0,0,0,1,,0,Karlsruhe
49.00790632,8.37983818,1619189228000,0,0,0,0,2,0,0,0,0,0,0,0,0,0,0,,0,Karlsruhe
49.01367424,8.43057668,1619014896000,0,0,0,0,7,0,1,0,0,0,0,0,0,0,0,Radfahrer, zuvor auf falscher Seite bzw Gehweg fahrend, quert Straße bei Rot.,0,Karlsruhe
49.004486109053374,8.442214426587059,1619607173000,0,0,0,0,3,0,0,0,0,0,0,0,0,0,0,Verkehrsteilnehmerin hat nur nach links geschaut und kam auf der Furt zum Halten,0,Karlsruhe
48.999334609417986,8.468141443515567,1619607531000,0,0,0,0,7,0,0,1,0,0,0,0,0,0,0,Fußgänger quert Fahrbahn ohne zu gucken,0,Karlsruhe
49.005778032264246,8.44272902628401,1619607148000,0,0,0,0,7,0,0,0,0,0,0,0,0,1,1,beim Abbiegen auf den Pflichtradweg ist hier die Ampel mitten im Weg, knapp mit Beet und Pfosten,0,Karlsruhe
49.007264562724274,8.435406364592373,1619607046000,0,0,0,0,1,0,0,0,0,0,0,0,0,0,1,,0,Karlsruhe
49.00694728,8.40382861,1619079820000,0,0,0,0,1,0,1,0,0,0,0,0,0,0,0,Missachtung der Vorfahrt bei Einfahrt in den Kreisel,0,Karlsruhe
49.01219746,8.42314333,1617891451000,0,0,0,0,1,0,0,0,0,0,0,0,0,0,1,enges überholen mit überhöhter Geschwindigkeit.,0,Karlsruhe
49.01081207,8.42321548,1617891499000,0,0,0,0,1,0,0,0,0,0,0,0,0,0,1,mit zu hoher Geschwindigkeit,0,Karlsruhe
49.0077863,8.41018334,1618843283000,0,0,0,0,7,0,0,0,0,0,1,0,0,0,1,Rollerfahrer bremst mich aus,0,Karlsruhe
49.00727919,8.41422159,1618843355000,0,0,0,0,7,0,0,0,0,0,1,0,0,0,1,rollerfahrer bremst mich erneut aus und bespuckt mich,0,Karlsruhe
49.01431064,8.4320956,1618840721000,0,0,0,0,7,0,0,1,0,0,0,0,0,0,1,Fußgänger quert Fahrbahn,0,Karlsruhe
49.01675864,8.43857917,1618841062000,0,0,0,0,4,0,1,0,0,0,0,0,0,0,1,Geisterfahrer auf Radstreifen,0,Karlsruhe
49.00736914,8.40743758,1618843177000,0,0,0,0,1,0,0,0,0,0,1,0,0,0,0,,0,Karlsruhe
49.00825023,8.41575634,1617954016000,0,0,0,0,8,0,0,0,0,0,0,0,0,0,0,Auto auf Radstreifen,0,Karlsruhe
49.00799338,8.41534798,1617954022000,0,0,0,0,7,0,0,0,0,0,0,0,0,0,0,Auto auf Radweg,0,Karlsruhe
48.999459,8.417776,1618210078992,1,0,0,0,1,0,0,0,0,0,0,1,0,0,0,"+ angehupt ",0,Karlsruhe
49.00801767,8.41546538,1618848618000,0,0,0,0,7,0,0,0,0,0,0,0,0,0,0,Pkw auf Radstreifen,0,Karlsruhe
49.01036073,8.42076731,1617956233000,0,0,0,0,7,0,0,0,0,0,0,0,0,0,0,Auto auf Radweg,0,Karlsruhe
48.99714341,8.43913834,1618378236000,0,0,0,0,3,0,0,0,1,0,0,1,0,0,0,Abbiegung durch Transporter welcher weder nach rechts oder links schaut um den querenden Radweg zu kreuzen.\n,0,Karlsruhe
49.00801759,8.41788578,1619080969000,0,0,0,0,1,0,0,0,0,0,0,0,0,0,1,mit überhöhter Geschwindigkeit, Fahrer pöbelt danach aus dem Auto,0,Karlsruhe
48.99195850649999,8.39734008698545,1618236032999,0,0,0,0,7,0,0,0,0,0,0,0,0,0,0,Zusätzlich zur Bauwasserleitung befinden sich nun auch Baustellenschilder auf dem Fuß-/Radweg.,0,Karlsruhe
48.999956,8.394090,1618475511994,1,0,0,0,7,0,0,0,1,0,0,0,0,0,0,,0,Karlsruhe
49.01012666666667,8.359133333333334,1617783682000,0,0,0,0,4,0,1,0,0,0,0,0,0,0,0,,0,Karlsruhe
49.00637961,8.42435443,1618395717133,0,0,0,0,7,0,0,0,0,0,0,0,0,0,0,,0,Karlsruhe
49.004486109053374,8.442214426587059,1619607173000,0,0,0,0,3,0,0,0,0,0,0,0,0,0,0,Verkehrsteilnehmerin hat nur nach links geschaut und kam auf der Furt zum Halten,0,Karlsruhe
48.999334609417986,8.468141443515567,1619607531000,0,0,0,0,7,0,0,1,0,0,0,0,0,0,0,Fußgänger quert Fahrbahn ohne zu gucken,0,Karlsruhe
49.005778032264246,8.44272902628401,1619607148000,0,0,0,0,7,0,0,0,0,0,0,0,0,1,1,beim Abbiegen auf den Pflichtradweg ist hier die Ampel mitten im Weg, knapp mit Beet und Pfosten,0,Karlsruhe
49.007264562724274,8.435406364592373,1619607046000,0,0,0,0,1,0,0,0,0,0,0,0,0,0,1,,0,Karlsruhe
48.979500,8.423456,1619012712999,3,0,0,5,4,0,1,0,0,0,0,0,0,0,0,"Fahrradfahrer kam auf der Linken Fahrseite mit Handy am Ohr entgegen",0,Karlsruhe
48.967619,8.461893,1619013333999,3,0,0,5,8,0,1,0,0,0,0,0,0,0,0,"Radweg so eng, dass es sehr schwierig ist langsame Radfahrer zu überholen ohne vom Bordstein auf die Straße zu rutschen. Sehr gefährliche Situation",0,Karlsruhe
49.00946138,8.4224501,1618488863000,0,0,0,0,1,0,0,0,0,0,1,0,0,0,0,,0,Karlsruhe
49.0069808,8.4036483,1618489219000,0,0,0,0,8,0,0,0,0,0,0,0,0,0,0,parken im Kreuzungsbereich,0,Karlsruhe
48.980075,8.431455,1619450215000,3,0,0,5,7,0,0,0,0,0,0,0,0,1,0,"Viele Schlaglöcher, durch die Bäume Licht und Schatten. Man sieht die Schlaglöcher dadurch kaum und kracht öfters rein.",0,Karlsruhe
48.989137,8.395704,1619450802998,3,0,0,5,4,0,0,1,0,0,0,0,0,0,0,"Weiherfeldbrücke: Fußgänger kommen auf dem Radweg entgegen und weichen nicht aus. Vollbremsung",0,Karlsruhe
49.01016565,8.42395169,1618145019000,0,0,0,0,8,0,0,0,0,0,0,0,0,0,1,Missachtung der Vorfahrt,0,Karlsruhe
48.99155944,8.38634874,1617982064000,0,0,0,0,4,0,0,1,0,0,0,0,0,0,0,Derzeitige Umleitung für Radfahrer UND Fußgänger. Weg ist lediglich 2 Meter breit und sorgt daher regelmäßig für Konflikte bei Entgegenkommenden (speziell Fußgänger mit Hund oder Kind, Fahrräder mit Kinderanhänger, usw.),0,Karlsruhe
49.00453867,8.41740361,1618660569000,0,0,0,0,1,0,0,0,0,0,0,0,0,0,0,,0,Karlsruhe
49.00779606,8.42399361,1618661058000,0,0,0,0,1,0,0,0,0,0,0,0,0,0,1,,0,Karlsruhe
49.00143967,8.40434622,1617983458000,0,0,0,0,2,0,0,0,0,0,0,0,0,0,0,Abruptes Abbremsen des Vorderfahrzeuges wegen einparkendem Fahrzeug,0,Karlsruhe
49.019436666666664,8.429266666666667,1628839056000,,0,0,,1,0,0,0,0,0,0,1,0,0,0,,0,Karlsruhe
49.02165,8.361066666666666,1629874695000,,0,0,,7,0,0,0,0,0,0,1,0,0,0,,0,Karlsruhe
49.01949,8.429478333333332,1629875640000,,0,0,,7,0,0,1,0,0,0,0,0,0,0,,0,Karlsruhe
49.0146,8.388161666666667,1629875107000,,0,0,,7,0,0,1,0,0,0,0,0,1,0,Baustelle,0,Karlsruhe
49.01466833333334,8.38646,1629875080000,,0,0,,7,0,0,0,0,0,0,0,0,1,0,Baustelle,0,Karlsruhe
49.015125000000005,8.376061666666667,1629874927000,,0,0,,7,0,0,0,0,0,0,0,0,1,0,Baustelle,0,Karlsruhe
49.023581666666665,8.35737,1629269251000,,0,0,,7,0,0,0,0,0,0,1,0,0,0,,0,Karlsruhe
49.01462333333334,8.3875,1629269709000,,0,0,,7,0,0,0,0,0,0,0,0,1,0,Mehrere Äste,0,Karlsruhe
49.014433333333336,8.391475000000002,1629269764000,,0,0,,3,0,0,0,0,0,0,1,0,0,0,Linksabbieger aus Gegenrichtung ignoriert Vorfahrtsregeln und stellt sich mir quer in den Weg.,0,Karlsruhe
49.014660000000006,8.385011666666665,1629269640000,,0,0,,7,0,0,0,0,0,0,1,0,0,0,Parkt auf Radweg,0,Karlsruhe
49.02181833333334,8.435731666666667,1629270366000,,0,0,,7,0,0,0,0,1,0,0,0,0,0,Zwei LKW stehen quer auf der Straße (Baustelle) und blockieren alles,0,Karlsruhe
49.04658146,8.46107312,1629473308000,,0,0,,4,0,1,0,0,0,0,0,0,0,0,,0,Karlsruhe
49.02089333333333,8.438183333333335,1629443883000,,0,0,,7,0,0,0,0,1,0,0,0,0,0,,0,Karlsruhe
49.014943333333335,8.381086666666667,1628092115000,,0,0,,1,0,0,0,0,0,0,1,0,0,0,,0,Karlsruhe
49.01499666666667,8.380021666666666,1628092124000,,0,0,,1,0,0,0,0,0,0,1,0,0,0,,0,Karlsruhe
49.01501666666666,8.379346666666667,1628092130000,,0,0,,1,0,0,0,0,0,0,1,0,0,1,,0,Karlsruhe
49.023244999999996,8.358611666666667,1628092452000,,0,0,,7,0,0,0,0,0,0,0,0,1,0,Müll und Glasscherben,0,Karlsruhe
49.017826666666664,8.421693333333334,1628091543000,,0,0,,7,0,0,1,0,0,0,0,0,0,0,,0,Karlsruhe
49.01406999999999,8.403145,1628091769000,,0,0,,7,0,0,1,0,0,0,0,0,0,0,,0,Karlsruhe
49.01453,8.39467,1628091958000,,0,0,,7,0,0,1,0,0,0,0,0,0,0,,0,Karlsruhe
49.06021491,8.46915676,1629870042000,,0,0,,1,0,0,0,0,0,1,0,0,0,0,,0,Karlsruhe
49.0080331,8.40012545,1628667415000,,0,0,,3,0,1,0,0,0,0,0,0,0,0,,0,Karlsruhe
49.01430333333333,8.39852,1629474993000,,0,0,,4,0,1,0,0,0,0,0,0,0,0,,0,Karlsruhe
49.03395666666667,8.348835000000001,1629823110000,,0,0,,1,0,0,0,0,0,0,1,0,0,0,,0,Karlsruhe
49.01657166666667,8.416471666666666,1629821878000,,0,0,,4,0,0,1,0,0,0,0,0,0,0,,0,Karlsruhe
49.020715,8.438529999999998,1629789018000,,0,0,,1,0,0,0,0,0,0,1,0,0,0,,0,Karlsruhe
49.01459499999999,8.388266666666668,1629788301000,,0,0,,7,0,0,0,0,0,0,0,0,1,0,Baustelle,0,Karlsruhe
49.014426666666665,8.392206666666668,1629701323000,,0,0,,7,0,0,0,0,0,0,0,0,1,0,Müll,0,Karlsruhe
49.014878333333336,8.408845000000001,1629701543000,,0,0,,7,0,0,0,0,0,0,0,0,1,0,Glasscherben,0,Karlsruhe
49.01753999999999,8.421330000000001,1629701709000,,0,0,,7,0,0,0,0,0,0,0,0,0,0,,1,Karlsruhe
49.01461333333334,8.388125,1629701269000,,0,0,,7,0,0,0,0,0,0,0,0,1,0,Baustelle,0,Karlsruhe
49.01459,8.388315,1629701272000,,0,0,,4,0,0,1,0,0,0,0,0,0,0,,0,Karlsruhe
49.015103333333336,8.375828333333335,1629701055000,,0,0,,7,0,0,0,0,1,0,0,0,1,1,Baustelle blockiert Fahrradspur. Starker Verkehr,0,Karlsruhe
49.01481333333333,8.386986666666667,1629390222000,,0,0,,4,0,1,0,0,0,0,0,0,0,0,,0,Karlsruhe
49.014829999999996,8.386741666666667,1629390225000,,0,0,,4,0,1,0,0,0,0,0,0,0,0,,0,Karlsruhe
49.020385000000005,8.364013333333332,1629390556000,,0,0,,7,0,0,0,0,0,0,0,0,0,0,,1,Karlsruhe
49.020855,8.363225,1629390568000,,0,0,,7,0,0,0,0,0,0,0,0,1,0,Müll,0,Karlsruhe
49.01690833333334,8.369705000000002,1629906952000,,0,0,,7,0,0,0,1,0,0,0,0,0,0,,0,Karlsruhe
49.02189166666667,8.435693333333335,1629906036000,,0,0,,4,0,0,1,0,0,0,1,0,0,0,,0,Karlsruhe
49.02198166666667,8.435528333333334,1629906039000,,0,0,,7,0,0,1,0,0,0,1,0,0,0,Mehrere Kleinbusse mit vielen Fußgängern blockieren den größten Teil der Straße (Bauarbeiter nach Feierabend),0,Karlsruhe
49.014896666666665,8.384423333333332,1629906786000,,0,0,,2,0,1,0,0,0,0,0,0,0,1,Alter Mann steht mit Rad auf dem Gehweg und schlingert dann plötzlich vor mir auf den Radweg ohne zu gucken und ohne Vorwarnung.,0,Karlsruhe
49.014905,8.383883333333333,1629906795000,,0,0,,7,0,0,0,0,0,0,1,0,0,0,Auto aus Seitenstraße steht quer auf dem Radweg,0,Karlsruhe
49.015029999999996,8.381188333333334,1629906825000,,0,0,,4,0,1,0,0,0,0,0,0,0,0,,0,Karlsruhe
49.01506166666666,8.380271666666665,1629906834000,,0,0,,4,0,1,0,0,0,0,0,0,0,0,,0,Karlsruhe
49.01760833333333,8.367825,1629906973000,,0,0,,4,0,1,0,0,0,0,0,0,0,1,Geisterfahrer in der Kurve,0,Karlsruhe
49.01486166666667,8.383411666666666,1628177966000,,0,0,,1,0,0,0,0,0,0,1,0,0,0,,0,Karlsruhe
49.014941666666665,8.381756666666666,1628177981000,,0,0,,1,0,0,0,0,0,0,1,0,0,0,,0,Karlsruhe
49.01506166666666,8.378964999999999,1628178008000,,0,0,,1,0,0,0,0,0,0,1,0,0,0,,0,Karlsruhe
49.01432666666666,8.398458333333334,1628177773000,,0,0,,4,0,1,0,0,0,0,0,0,0,0,,0,Karlsruhe
49.01475666666667,8.386366666666667,1628177939000,,0,0,,4,0,1,0,0,0,0,0,0,0,0,,0,Karlsruhe
49.018685000000005,8.425845,1628177394000,,0,0,,7,0,0,1,0,0,0,0,0,0,0,,0,Karlsruhe
49.02240666666667,8.434921666666666,1628177249000,,0,0,,7,0,0,0,0,0,0,0,0,0,0,,1,Karlsruhe
49.02019,8.364188333333335,1628178201000,,0,0,,7,0,0,0,0,0,0,0,0,1,0,Müll,0,Karlsruhe
49.02127666666667,8.362238333333332,1628178228000,,0,0,,7,0,0,0,0,0,0,0,0,1,0,Müll,0,Karlsruhe
49.022998333333334,8.358996666666666,1628178273000,,0,0,,7,0,0,0,0,0,0,0,0,1,0,Müll,0,Karlsruhe
49.01475666666667,8.387073333333332,1629733618000,,0,0,,4,0,0,0,0,0,0,0,0,0,0,,1,Karlsruhe
49.02164166666667,8.436146666666668,1629732835000,,0,0,,7,0,0,0,0,1,0,0,0,0,0,,0,Karlsruhe
49.021793333333335,8.435821666666667,1629732841000,,0,0,,7,0,0,0,0,1,0,0,0,1,0,Baustelle,0,Karlsruhe
49.01409333333333,8.404288333333334,1629357236000,,0,0,,4,0,1,0,0,0,0,0,0,0,0,,0,Karlsruhe
49.014381666666665,8.393464999999999,1629357106000,,0,0,,7,0,0,0,0,0,0,0,0,0,0,,1,Karlsruhe
49.014706666666676,8.384581666666666,1628144756000,,0,0,,3,0,1,0,0,0,0,0,0,0,0,Anderer Radfahrer missachtet Vorfahrtsregeln im Kreuzungsbereich. Ich muss stark bremsen,0,Karlsruhe
49.01513666666666,8.37573,1628144666000,,0,0,,7,0,0,0,0,1,0,0,0,0,0,Hält auf Radweg,0,Karlsruhe
49.018591666666666,8.366105000000001,1628144473000,,0,0,,7,0,0,0,1,0,0,0,0,0,0,Hält auf Radweg,0,Karlsruhe
49.02226333333333,8.43458,1628145424000,,0,0,,7,0,0,0,0,0,0,0,0,0,0,,1,Karlsruhe
49.01625000000001,8.415656666666667,1628145150000,,0,0,,4,0,0,0,0,0,0,1,0,0,0,,0,Karlsruhe
49.014131666666664,8.398263333333334,1628144931000,,0,0,,3,0,1,0,0,0,0,0,0,0,0,Anderer Radfahrer missachtet Vorfahrtsregeln im Kreuzungsbereich.,0,Karlsruhe
49.01433166666667,8.393776666666668,1628144880000,,0,0,,7,0,0,0,1,0,0,0,0,0,0,Hält im Kreuzungsbereich quer auf dem Radweg,0,Karlsruhe
49.023471666666666,8.357468333333333,1628749352000,,0,0,,7,0,0,0,1,0,0,0,0,0,0,,0,Karlsruhe
49.01390833333333,8.406331666666667,1628750023000,,0,0,,7,0,0,0,0,0,0,0,0,1,0,Glasscherben,0,Karlsruhe
49.01559666666667,8.412118333333332,1628750111000,,0,0,,7,0,0,0,0,0,0,0,0,1,0,Glasscherben,0,Karlsruhe
49.015764999999995,8.412971666666666,1628750123000,,0,0,,7,0,0,0,0,0,0,0,0,1,0,Glasscherben,0,Karlsruhe
49.013951666666664,8.405263333333332,1629302148000,,0,0,,3,0,1,0,0,0,0,0,0,0,0,Langsamer vorausfahrender Radfahrer biegt links ab ohne zu gucken und ohne Handzeichen,0,Karlsruhe
49.01398833333333,8.400356666666665,1629302205000,,0,0,,4,0,0,1,0,0,0,0,0,0,0,,0,Karlsruhe
49.02287,8.359338333333334,1629302822000,,0,0,,7,0,0,0,0,0,0,0,0,1,0,Müll,0,Karlsruhe
49.0259576,8.45218569,1629215819000,,0,0,,4,0,0,0,0,0,0,1,0,0,0,,0,Karlsruhe
49.12044447,8.58021542,1629212968496,,0,0,,1,0,0,0,0,0,0,0,0,0,0,,0,Karlsruhe
49.07339911,8.47644325,1629214644191,,0,0,,1,0,0,0,0,0,0,0,0,0,0,,0,Karlsruhe
49.011607,8.43798821,1629216170783,,0,0,,1,0,0,0,0,0,0,0,0,0,0,,0,Karlsruhe
49.01802666666667,8.367081666666667,1628870414000,,0,0,,7,0,0,0,0,0,0,0,0,1,0,Müll,0,Karlsruhe
49.014788333333335,8.384633333333333,1628870170000,,0,0,,7,0,0,0,0,0,0,1,0,0,0,Parkt auf Fahrradspur,0,Karlsruhe
49.03014499999999,8.34605,1628870821000,,0,0,,7,0,0,0,0,0,0,1,0,0,0,Parkt auf Fahrradspur,0,Karlsruhe
49.02485,8.355366666666667,1628870673000,,0,0,,7,0,0,0,0,0,0,0,0,1,0,Müll,0,Karlsruhe
49.01408166666667,8.401791666666666,1630942985000,,0,0,,7,0,0,1,0,0,0,0,0,0,0,,0,Karlsruhe
49.02919833333333,8.34734,1631256399000,,0,0,,1,0,0,0,0,0,0,1,0,0,0,,0,Karlsruhe
49.020516666666666,8.432423333333332,1631257604000,,0,0,,7,0,0,0,0,0,0,1,0,0,0,Auto parkt quer auf Radweg. 5 Meter weiter waren viele freie Parkplätze. Die Ignoranz mancher Leute...,0,Karlsruhe
49.01999666666667,8.431855,1631257583000,,0,0,,4,0,0,0,0,0,0,1,0,0,0,,0,Karlsruhe
49.01465666666666,8.386481666666667,1631256992000,,0,0,,7,0,0,0,0,0,0,0,0,1,0,Baustelle,0,Karlsruhe
49.01463833333334,8.388055000000001,1631257019000,,0,0,,7,0,0,1,0,0,0,0,0,1,0,Baustelle,0,Karlsruhe
49.015134999999994,8.376006666666665,1631256878000,,0,0,,7,0,0,0,0,0,0,0,0,1,0,Baustelle,0,Karlsruhe
49.01509166666666,8.379611666666667,1631719436000,,0,0,,7,0,0,0,0,0,0,1,0,0,0,Auto aus Seitenstraße steht quer auf dem Radweg,0,Karlsruhe
49.03240000000001,8.348376666666667,1631720141000,,0,0,,4,0,0,0,0,0,0,1,0,0,0,Vorfahrt missachtet und mit wenigen cm Abstand an mir vorbei,0,Karlsruhe
49.01410666666667,8.402295,1631719104000,,0,0,,7,0,0,0,0,1,0,0,0,0,0,,0,Karlsruhe
49.014154999999995,8.401923333333334,1631719116000,,0,0,,7,0,0,0,0,1,0,0,0,1,0,LKW + Gabelstapler,0,Karlsruhe
49.01445666666667,8.407058333333334,1630911278000,,0,0,,7,0,0,1,0,1,0,0,0,0,0,Waldarbeiter,0,Karlsruhe
49.01607333333333,8.414371666666666,1630911372000,,0,0,,7,0,0,0,0,0,0,0,0,1,0,Glasscherben,0,Karlsruhe
49.01465666666666,8.386388333333334,1630910974000,,0,0,,7,0,0,0,0,0,0,0,0,1,0,Baustelle,0,Karlsruhe
49.01669666666667,8.369558333333334,1630910754000,,0,0,,7,0,0,0,0,0,0,0,0,0,0,,1,Karlsruhe
49.014195,8.39813,1630478808000,,0,0,,3,0,0,0,0,0,0,1,0,0,0,,0,Karlsruhe
49.01468333333334,8.386341666666668,1630478648000,,0,0,,7,0,0,0,0,0,0,0,0,1,0,Baustelle,0,Karlsruhe
49.014661666666676,8.388173333333333,1630478702000,,0,0,,7,0,0,0,0,0,0,0,0,1,0,Baustelle. Ganze Spur gesperrt. Keine Markierung/Umleitung,0,Karlsruhe
49.022389999999994,8.43482,1631689597000,,0,0,,4,0,0,1,0,0,0,0,0,0,0,,0,Karlsruhe
49.01465499999999,8.386284999999999,1631688838000,,0,0,,7,0,0,0,0,0,0,0,0,1,0,Baustelle,0,Karlsruhe
49.014606666666666,8.388129999999999,1631688859000,,0,0,,7,0,0,1,0,0,0,0,0,0,0,,0,Karlsruhe
49.01833666666666,8.366548333333332,1631688594000,,0,0,,7,0,0,0,0,0,0,1,0,0,0,,0,Karlsruhe
49.0151,8.378795,1631115514000,,0,0,,4,0,1,0,0,0,0,0,0,0,1,,0,Karlsruhe
49.01394666666667,8.405793333333333,1631285184000,,0,0,,7,0,0,1,0,0,0,0,0,0,0,Kinder,0,Karlsruhe
49.00723379,8.41338824,1631100344000,,0,0,,1,0,0,0,0,0,0,1,0,0,1,,0,Karlsruhe
49.01427333333333,8.398796666666668,1630596107000,,0,0,,4,0,0,0,0,0,0,1,0,0,0,,0,Karlsruhe
49.01458833333333,8.388263333333333,1631084430000,,0,0,,4,0,0,0,0,1,0,0,0,0,0,Baustellenfahrzeug fährt rückwärts auf Radweg, aber mit Einweiser und stoppt rechtzeitig.,0,Karlsruhe
49.02837666666666,8.348763333333332,1631083795000,,0,0,,1,0,0,0,1,0,0,0,0,0,0,,0,Karlsruhe
49.02173166666667,8.436056666666667,1631085119000,,0,0,,7,0,0,0,0,1,0,0,0,0,0,Mobiler Kran blockiert komplette Fahrbahn,0,Karlsruhe
49.017128333333325,8.419093333333333,1631084839000,,0,0,,7,0,0,0,0,0,0,0,0,1,0,Glasscherben,0,Karlsruhe
49.014739999999996,8.408326666666666,1631084688000,,0,0,,4,0,0,0,0,0,0,1,0,0,0,Forstamt,0,Karlsruhe
49.014653333333335,8.38648,1631084405000,,0,0,,7,0,0,0,0,0,0,0,0,1,0,Baustelle,0,Karlsruhe
49.01463333333333,8.387663333333334,1631084418000,,0,0,,3,0,0,0,0,1,0,0,0,0,1,LKW fährt im Kreuzungsbereich plötzlich Rückwärts auf die Fahrradspur, weil er die Kurve nicht gekriegt hat.,0,Karlsruhe
49.015755000000006,8.412585,1630564843000,,0,0,,7,0,0,0,0,0,0,0,0,1,0,Glasscherben,0,Karlsruhe
49.015115,8.409633333333334,1630564807000,,0,0,,7,0,0,0,0,0,0,0,0,1,0,Glasscherben,0,Karlsruhe
49.014653333333335,8.386655,1630651315000,,0,0,,7,0,0,0,0,0,0,0,0,1,0,Baustelle,0,Karlsruhe
49.01387833333333,8.406378333333333,1630651532000,,0,0,,8,0,0,0,0,0,0,0,0,1,0,Glasscherben,0,Karlsruhe
49.03326333333333,8.34941,1630650523000,,0,0,,4,0,0,0,0,0,0,1,0,0,1,Vorfahrt genommen und mit 30cm Abstand an mir vorbei gefahren,0,Karlsruhe
49.016645000000004,8.369748333333332,1630651071000,,0,0,,7,0,0,0,0,0,0,1,0,0,0,Auto aus Seitenstraße steht quer auf der Fahrradspur,0,Karlsruhe
49.01514999999999,8.375409999999999,1630651191000,,0,0,,7,0,0,0,1,0,0,0,0,0,0,,0,Karlsruhe
49.015145,8.375940000000002,1630651197000,,0,0,,7,0,0,0,0,0,0,0,0,1,0,Baustelle,0,Karlsruhe
