{
  "type" : "FeatureCollection",
  "features" : [ {
    "type" : "Feature",
    "properties" : {
      "date" : "09/01/2023 13:14:15",
      "bikeType" : "City-/Trekking Bike",
      "child" : "Nein",
      "trailer" : "Nein",
      "pLoc" : "Hosentasche",
      "incident" : "Zu dichtes Überholen",
      "participant" : "PKW",
      "scary" : "Nein",
      "descr" : "",
      "region" : "Kiel"
    },
    "geometry" : {
      "type" : "Point",
      "coordinates" : [ 10.12823035, 54.32818476 ]
    }
  }, {
    "type" : "Feature",
    "properties" : {
      "date" : "26/01/2023 19:47:06",
      "bikeType" : "City-/Trekking Bike",
      "child" : "Nein",
      "trailer" : "Nein",
      "pLoc" : "Jackentasche",
      "incident" : "Hindernis ausweichen (z.B. Hund)",
      "participant" : "Lieferwagen",
      "scary" : "Nein",
      "descr" : "Lieferwagen der auf dem Radweg der baulich Teil des Fußwegs war geparkt hat",
      "region" : "Kiel"
    },
    "geometry" : {
      "type" : "Point",
      "coordinates" : [ 10.131568333333332, 54.329636666666666 ]
    }
  }, {
    "type" : "Feature",
    "properties" : {
      "date" : "25/01/2023 11:41:29",
      "bikeType" : "City-/Trekking Bike",
      "child" : "Nein",
      "trailer" : "Nein",
      "pLoc" : "Jackentasche",
      "incident" : "Zu dichtes Auffahren",
      "participant" : "Lieferwagen, PKW",
      "scary" : "Ja",
      "descr" : "PWK der auf dem Fahrradschutzstreifen gehalten hat. mit ca 4 m Abstand zu einem Lieferwagen der auf der Straße geparkt hat. dadurch keine Möglichkeit beim Pkw überholen sinnvoll den Vorbeifahren Verkehr zu sehen. dann ist Pkw nach hintengesetzt",
      "region" : "Kiel"
    },
    "geometry" : {
      "type" : "Point",
      "coordinates" : [ 10.128026666666667, 54.32652500000001 ]
    }
  }, {
    "type" : "Feature",
    "properties" : {
      "date" : "19/01/2023 16:48:05",
      "bikeType" : "City-/Trekking Bike",
      "child" : "Nein",
      "trailer" : "Nein",
      "pLoc" : "Jackentasche",
      "incident" : "Hindernis ausweichen (z.B. Hund)",
      "participant" : "PKW",
      "scary" : "Nein",
      "descr" : "PKW stand auf Fahrradstreifen ",
      "region" : "Kiel"
    },
    "geometry" : {
      "type" : "Point",
      "coordinates" : [ 10.124778333333333, 54.32070999999999 ]
    }
  }, {
    "type" : "Feature",
    "properties" : {
      "date" : "19/01/2023 16:49:18",
      "bikeType" : "City-/Trekking Bike",
      "child" : "Nein",
      "trailer" : "Nein",
      "pLoc" : "Jackentasche",
      "incident" : "Ein- oder ausparkendes Fahrzeug",
      "participant" : "Lieferwagen",
      "scary" : "Nein",
      "descr" : "",
      "region" : "Kiel"
    },
    "geometry" : {
      "type" : "Point",
      "coordinates" : [ 10.124476666666668, 54.318756666666665 ]
    }
  }, {
    "type" : "Feature",
    "properties" : {
      "date" : "19/01/2023 16:50:15",
      "bikeType" : "City-/Trekking Bike",
      "child" : "Nein",
      "trailer" : "Nein",
      "pLoc" : "Jackentasche",
      "incident" : "Zu dichtes Auffahren",
      "participant" : "PKW",
      "scary" : "Nein",
      "descr" : "enges auffahren beim abbiegen trotz gegebenem Handzeichen ",
      "region" : "Kiel"
    },
    "geometry" : {
      "type" : "Point",
      "coordinates" : [ 10.124103333333332, 54.31782333333334 ]
    }
  }, {
    "type" : "Feature",
    "properties" : {
      "date" : "19/01/2023 13:48:30",
      "bikeType" : "City-/Trekking Bike",
      "child" : "Nein",
      "trailer" : "Nein",
      "pLoc" : "Jackentasche",
      "incident" : "Hindernis ausweichen (z.B. Hund)",
      "participant" : "PKW",
      "scary" : "Ja",
      "descr" : "zwei Auf radspur parkende PKW",
      "region" : "Kiel"
    },
    "geometry" : {
      "type" : "Point",
      "coordinates" : [ 10.128766666666667, 54.33314 ]
    }
  }, {
    "type" : "Feature",
    "properties" : {
      "date" : "18/01/2023 08:10:54",
      "bikeType" : "City-/Trekking Bike",
      "child" : "Nein",
      "trailer" : "Nein",
      "pLoc" : "Jackentasche",
      "incident" : "Entgegenkommender Verkehrsteilnehmer",
      "participant" : "Fahrrad, PKW",
      "scary" : "Nein",
      "descr" : "",
      "region" : "Kiel"
    },
    "geometry" : {
      "type" : "Point",
      "coordinates" : [ 10.138205, 54.326465000000006 ]
    }
  }, {
    "type" : "Feature",
    "properties" : {
      "date" : "18/01/2023 12:19:58",
      "bikeType" : "City-/Trekking Bike",
      "child" : "Nein",
      "trailer" : "Nein",
      "pLoc" : "Jackentasche",
      "incident" : "Hindernis ausweichen (z.B. Hund)",
      "participant" : "Fußgänger",
      "scary" : "Nein",
      "descr" : "",
      "region" : "Kiel"
    },
    "geometry" : {
      "type" : "Point",
      "coordinates" : [ 10.136146666666667, 54.326069999999994 ]
    }
  }, {
    "type" : "Feature",
    "properties" : {
      "date" : "18/01/2023 12:25:45",
      "bikeType" : "City-/Trekking Bike",
      "child" : "Nein",
      "trailer" : "Nein",
      "pLoc" : "Jackentasche",
      "incident" : "Entgegenkommender Verkehrsteilnehmer",
      "participant" : "PKW",
      "scary" : "Nein",
      "descr" : "",
      "region" : "Kiel"
    },
    "geometry" : {
      "type" : "Point",
      "coordinates" : [ 10.125193333333334, 54.32029166666666 ]
    }
  }, {
    "type" : "Feature",
    "properties" : {
      "date" : "18/01/2023 12:24:08",
      "bikeType" : "City-/Trekking Bike",
      "child" : "Nein",
      "trailer" : "Nein",
      "pLoc" : "Jackentasche",
      "incident" : "Ein- oder ausparkendes Fahrzeug",
      "participant" : "PKW",
      "scary" : "Nein",
      "descr" : "",
      "region" : "Kiel"
    },
    "geometry" : {
      "type" : "Point",
      "coordinates" : [ 10.127191666666667, 54.32158166666667 ]
    }
  }, {
    "type" : "Feature",
    "properties" : {
      "date" : "29/11/2022 14:42:37",
      "bikeType" : "City-/Trekking Bike",
      "child" : "Nein",
      "trailer" : "Nein",
      "pLoc" : "Hosentasche",
      "incident" : "Beinahe-Abbiegeunfall",
      "participant" : "Fahrrad",
      "scary" : "Nein",
      "descr" : "",
      "region" : "Kiel"
    },
    "geometry" : {
      "type" : "Point",
      "coordinates" : [ 10.13487033, 54.31775886 ]
    }
  }, {
    "type" : "Feature",
    "properties" : {
      "date" : "29/11/2022 15:08:32",
      "bikeType" : "City-/Trekking Bike",
      "child" : "Nein",
      "trailer" : "Nein",
      "pLoc" : "Hosentasche",
      "incident" : "Hindernis ausweichen (z.B. Hund)",
      "participant" : "Fußgänger",
      "scary" : "Nein",
      "descr" : "",
      "region" : "Kiel"
    },
    "geometry" : {
      "type" : "Point",
      "coordinates" : [ 10.22009114, 54.33798874 ]
    }
  }, {
    "type" : "Feature",
    "properties" : {
      "date" : "05/05/2022 06:25:39",
      "bikeType" : "Sonstiges",
      "child" : "Nein",
      "trailer" : "Nein",
      "pLoc" : "Hosentasche",
      "incident" : "Beinahe-Abbiegeunfall",
      "participant" : "Fahrrad, PKW",
      "scary" : "Ja",
      "descr" : "",
      "region" : "Kiel"
    },
    "geometry" : {
      "type" : "Point",
      "coordinates" : [ 10.13505693, 54.35562236 ]
    }
  }, {
    "type" : "Feature",
    "properties" : {
      "date" : "22/05/2022 20:36:06",
      "bikeType" : "City-/Trekking Bike",
      "child" : "Nein",
      "trailer" : "Nein",
      "pLoc" : "Hosentasche",
      "incident" : "Sonstiges",
      "participant" : "PKW",
      "scary" : "Nein",
      "descr" : "Parken auf dem Radweg",
      "region" : "Kiel"
    },
    "geometry" : {
      "type" : "Point",
      "coordinates" : [ 10.12768104, 54.31160837 ]
    }
  }, {
    "type" : "Feature",
    "properties" : {
      "date" : "06/05/2022 14:16:23",
      "bikeType" : "City-/Trekking Bike",
      "child" : "Nein",
      "trailer" : "Nein",
      "pLoc" : "Hosentasche",
      "incident" : "Beinahe-Abbiegeunfall",
      "participant" : "PKW",
      "scary" : "Nein",
      "descr" : "",
      "region" : "Kiel"
    },
    "geometry" : {
      "type" : "Point",
      "coordinates" : [ 10.12548165, 54.33862978 ]
    }
  }, {
    "type" : "Feature",
    "properties" : {
      "date" : "04/05/2022 16:34:16",
      "bikeType" : "-",
      "child" : "Nein",
      "trailer" : "Nein",
      "pLoc" : "Hosentasche",
      "incident" : "Sonstiges",
      "participant" : "Fahrrad, Fußgänger",
      "scary" : "Nein",
      "descr" : "Fährüberfahrt",
      "region" : "Kiel"
    },
    "geometry" : {
      "type" : "Point",
      "coordinates" : [ 10.13186476, 54.36630526 ]
    }
  }, {
    "type" : "Feature",
    "properties" : {
      "date" : "04/05/2022 15:38:03",
      "bikeType" : "City-/Trekking Bike",
      "child" : "Nein",
      "trailer" : "Nein",
      "pLoc" : "Hosentasche",
      "incident" : "Sonstiges",
      "participant" : "PKW",
      "scary" : "Nein",
      "descr" : "Vorfahrt genommen",
      "region" : "Kiel"
    },
    "geometry" : {
      "type" : "Point",
      "coordinates" : [ 10.12291617, 54.31959086 ]
    }
  }, {
    "type" : "Feature",
    "properties" : {
      "date" : "29/07/2022 12:12:44",
      "bikeType" : "Mountainbik",
      "child" : "Nein",
      "trailer" : "Nein",
      "pLoc" : "Hosentasche",
      "incident" : "Ein- oder ausparkendes Fahrzeug",
      "participant" : "LKW",
      "scary" : "Nein",
      "descr" : "",
      "region" : "Kiel"
    },
    "geometry" : {
      "type" : "Point",
      "coordinates" : [ 10.13408265, 54.33927704 ]
    }
  }, {
    "type" : "Feature",
    "properties" : {
      "date" : "26/08/2022 20:32:45",
      "bikeType" : "Mountainbik",
      "child" : "Nein",
      "trailer" : "Nein",
      "pLoc" : "Hosentasche",
      "incident" : "Zu dichtes Überholen",
      "participant" : "PKW",
      "scary" : "Nein",
      "descr" : "",
      "region" : "Kiel"
    },
    "geometry" : {
      "type" : "Point",
      "coordinates" : [ 10.12254509, 54.31987768 ]
    }
  } ]
}