{
  "type" : "FeatureCollection",
  "features" : [ {
    "type" : "Feature",
    "properties" : {
      "date" : "05/05/2022 06:25:39",
      "bikeType" : "Sonstiges",
      "child" : "Nein",
      "trailer" : "Nein",
      "pLoc" : "Hosentasche",
      "incident" : "Beinahe-Abbiegeunfall",
      "participant" : "Fahrrad, PKW",
      "scary" : "Ja",
      "descr" : "",
      "region" : "Kiel"
    },
    "geometry" : {
      "type" : "Point",
      "coordinates" : [ 10.13505693, 54.35562236 ]
    }
  }, {
    "type" : "Feature",
    "properties" : {
      "date" : "22/05/2022 20:36:06",
      "bikeType" : "City-/Trekking Bike",
      "child" : "Nein",
      "trailer" : "Nein",
      "pLoc" : "Hosentasche",
      "incident" : "Sonstiges",
      "participant" : "PKW",
      "scary" : "Nein",
      "descr" : "Parken auf dem Radweg",
      "region" : "Kiel"
    },
    "geometry" : {
      "type" : "Point",
      "coordinates" : [ 10.12768104, 54.31160837 ]
    }
  }, {
    "type" : "Feature",
    "properties" : {
      "date" : "06/05/2022 14:16:23",
      "bikeType" : "City-/Trekking Bike",
      "child" : "Nein",
      "trailer" : "Nein",
      "pLoc" : "Hosentasche",
      "incident" : "Beinahe-Abbiegeunfall",
      "participant" : "PKW",
      "scary" : "Nein",
      "descr" : "",
      "region" : "Kiel"
    },
    "geometry" : {
      "type" : "Point",
      "coordinates" : [ 10.12548165, 54.33862978 ]
    }
  }, {
    "type" : "Feature",
    "properties" : {
      "date" : "04/05/2022 16:34:16",
      "bikeType" : "-",
      "child" : "Nein",
      "trailer" : "Nein",
      "pLoc" : "Hosentasche",
      "incident" : "Sonstiges",
      "participant" : "Fahrrad, Fußgänger",
      "scary" : "Nein",
      "descr" : "Fährüberfahrt",
      "region" : "Kiel"
    },
    "geometry" : {
      "type" : "Point",
      "coordinates" : [ 10.13186476, 54.36630526 ]
    }
  }, {
    "type" : "Feature",
    "properties" : {
      "date" : "04/05/2022 15:38:03",
      "bikeType" : "City-/Trekking Bike",
      "child" : "Nein",
      "trailer" : "Nein",
      "pLoc" : "Hosentasche",
      "incident" : "Sonstiges",
      "participant" : "PKW",
      "scary" : "Nein",
      "descr" : "Vorfahrt genommen",
      "region" : "Kiel"
    },
    "geometry" : {
      "type" : "Point",
      "coordinates" : [ 10.12291617, 54.31959086 ]
    }
  } ]
}