{
  "type" : "FeatureCollection",
  "features" : [ {
    "type" : "Feature",
    "properties" : {
      "date" : "05/05/2021 17:54:40",
      "bikeType" : "-",
      "child" : "Nein",
      "trailer" : "Nein",
      "pLoc" : "Hosentasche",
      "incident" : "Zu dichtes Überholen",
      "participant" : "",
      "scary" : "Nein",
      "descr" : "",
      "region" : "Konstanz"
    },
    "geometry" : {
      "type" : "Point",
      "coordinates" : [ 9.20261957647096, 47.673529442491834 ]
    }
  }, {
    "type" : "Feature",
    "properties" : {
      "date" : "31/05/2021 17:44:00",
      "bikeType" : "Road Racing Bike",
      "child" : "Nein",
      "trailer" : "Nein",
      "pLoc" : "Hosentasche",
      "incident" : "Zu dichtes Überholen",
      "participant" : "PKW",
      "scary" : "Ja",
      "descr" : "Ca. 50 cm",
      "region" : "Konstanz"
    },
    "geometry" : {
      "type" : "Point",
      "coordinates" : [ 9.061638, 47.737705 ]
    }
  }, {
    "type" : "Feature",
    "properties" : {
      "date" : "31/05/2021 17:44:58",
      "bikeType" : "Road Racing Bike",
      "child" : "Nein",
      "trailer" : "Nein",
      "pLoc" : "Hosentasche",
      "incident" : "Zu dichtes Überholen",
      "participant" : "PKW",
      "scary" : "Nein",
      "descr" : "",
      "region" : "Konstanz"
    },
    "geometry" : {
      "type" : "Point",
      "coordinates" : [ 9.057031, 47.740253 ]
    }
  }, {
    "type" : "Feature",
    "properties" : {
      "date" : "31/05/2021 17:48:58",
      "bikeType" : "Road Racing Bike",
      "child" : "Nein",
      "trailer" : "Nein",
      "pLoc" : "Hosentasche",
      "incident" : "Zu dichtes Überholen",
      "participant" : "Sonstiges",
      "scary" : "Nein",
      "descr" : "Camper",
      "region" : "Konstanz"
    },
    "geometry" : {
      "type" : "Point",
      "coordinates" : [ 9.039842, 47.742439 ]
    }
  }, {
    "type" : "Feature",
    "properties" : {
      "date" : "31/05/2021 17:51:36",
      "bikeType" : "Road Racing Bike",
      "child" : "Nein",
      "trailer" : "Nein",
      "pLoc" : "Hosentasche",
      "incident" : "Zu dichtes Überholen",
      "participant" : "PKW",
      "scary" : "Nein",
      "descr" : "",
      "region" : "Konstanz"
    },
    "geometry" : {
      "type" : "Point",
      "coordinates" : [ 9.028393, 47.740076 ]
    }
  }, {
    "type" : "Feature",
    "properties" : {
      "date" : "31/05/2021 18:00:16",
      "bikeType" : "Road Racing Bike",
      "child" : "Nein",
      "trailer" : "Nein",
      "pLoc" : "Hosentasche",
      "incident" : "Zu dichtes Überholen",
      "participant" : "PKW",
      "scary" : "Ja",
      "descr" : "",
      "region" : "Konstanz"
    },
    "geometry" : {
      "type" : "Point",
      "coordinates" : [ 8.983099, 47.745677 ]
    }
  }, {
    "type" : "Feature",
    "properties" : {
      "date" : "31/05/2021 18:01:04",
      "bikeType" : "Road Racing Bike",
      "child" : "Nein",
      "trailer" : "Nein",
      "pLoc" : "Hosentasche",
      "incident" : "Zu dichtes Überholen",
      "participant" : "PKW",
      "scary" : "Nein",
      "descr" : "",
      "region" : "Konstanz"
    },
    "geometry" : {
      "type" : "Point",
      "coordinates" : [ 8.979653, 47.743353 ]
    }
  }, {
    "type" : "Feature",
    "properties" : {
      "date" : "31/05/2021 18:01:16",
      "bikeType" : "Road Racing Bike",
      "child" : "Nein",
      "trailer" : "Nein",
      "pLoc" : "Hosentasche",
      "incident" : "Sonstiges",
      "participant" : "PKW",
      "scary" : "Nein",
      "descr" : "Durch parken Radfahrer Streifen blockiert ",
      "region" : "Konstanz"
    },
    "geometry" : {
      "type" : "Point",
      "coordinates" : [ 8.97893, 47.742754 ]
    }
  }, {
    "type" : "Feature",
    "properties" : {
      "date" : "21/05/2021 16:03:34",
      "bikeType" : "Road Racing Bike",
      "child" : "Nein",
      "trailer" : "Nein",
      "pLoc" : "Hosentasche",
      "incident" : "Zu dichtes Überholen",
      "participant" : "PKW",
      "scary" : "Ja",
      "descr" : "Ca. 70 cm",
      "region" : "Konstanz"
    },
    "geometry" : {
      "type" : "Point",
      "coordinates" : [ 9.154793, 47.685114 ]
    }
  }, {
    "type" : "Feature",
    "properties" : {
      "date" : "21/05/2021 16:04:38",
      "bikeType" : "Road Racing Bike",
      "child" : "Nein",
      "trailer" : "Nein",
      "pLoc" : "Hosentasche",
      "incident" : "Zu dichtes Überholen",
      "participant" : "PKW",
      "scary" : "Ja",
      "descr" : "Ca. 70 cm",
      "region" : "Konstanz"
    },
    "geometry" : {
      "type" : "Point",
      "coordinates" : [ 9.158161, 47.682846 ]
    }
  }, {
    "type" : "Feature",
    "properties" : {
      "date" : "23/05/2021 09:55:12",
      "bikeType" : "-",
      "child" : "Nein",
      "trailer" : "Nein",
      "pLoc" : "Hosentasche",
      "incident" : "Zu dichtes Überholen",
      "participant" : "",
      "scary" : "Ja",
      "descr" : "",
      "region" : "Konstanz"
    },
    "geometry" : {
      "type" : "Point",
      "coordinates" : [ 9.202932436614853, 47.673711420104596 ]
    }
  }, {
    "type" : "Feature",
    "properties" : {
      "date" : "20/05/2021 16:52:13",
      "bikeType" : "-",
      "child" : "Nein",
      "trailer" : "Nein",
      "pLoc" : "Hosentasche",
      "incident" : "Hindernis ausweichen (z.B. Hund)",
      "participant" : "Sonstiges",
      "scary" : "Nein",
      "descr" : "Verkehrsschild (Baustelle)\\n mitten auf dem Radweg.\\n\\n\\n\\n\\n",
      "region" : "Konstanz"
    },
    "geometry" : {
      "type" : "Point",
      "coordinates" : [ 9.159824587404728, 47.68869312945753 ]
    }
  }, {
    "type" : "Feature",
    "properties" : {
      "date" : "21/05/2021 15:31:37",
      "bikeType" : "Road Racing Bike",
      "child" : "Nein",
      "trailer" : "Nein",
      "pLoc" : "Hosentasche",
      "incident" : "Zu dichtes Überholen",
      "participant" : "PKW",
      "scary" : "Ja",
      "descr" : "Ca. 50 cm seitlicher Abstand ",
      "region" : "Konstanz"
    },
    "geometry" : {
      "type" : "Point",
      "coordinates" : [ 9.158946, 47.676773 ]
    }
  }, {
    "type" : "Feature",
    "properties" : {
      "date" : "21/05/2021 15:31:53",
      "bikeType" : "Road Racing Bike",
      "child" : "Nein",
      "trailer" : "Nein",
      "pLoc" : "Hosentasche",
      "incident" : "Sonstiges",
      "participant" : "PKW",
      "scary" : "Nein",
      "descr" : "Vorfahrt missachtet ",
      "region" : "Konstanz"
    },
    "geometry" : {
      "type" : "Point",
      "coordinates" : [ 9.160161, 47.676273 ]
    }
  }, {
    "type" : "Feature",
    "properties" : {
      "date" : "21/05/2021 15:36:21",
      "bikeType" : "Road Racing Bike",
      "child" : "Nein",
      "trailer" : "Nein",
      "pLoc" : "Hosentasche",
      "incident" : "Beinahe-Dooring",
      "participant" : "PKW",
      "scary" : "Nein",
      "descr" : "",
      "region" : "Konstanz"
    },
    "geometry" : {
      "type" : "Point",
      "coordinates" : [ 9.177607, 47.672863 ]
    }
  }, {
    "type" : "Feature",
    "properties" : {
      "date" : "21/05/2021 15:37:13",
      "bikeType" : "Road Racing Bike",
      "child" : "Nein",
      "trailer" : "Nein",
      "pLoc" : "Hosentasche",
      "incident" : "Zu dichtes Überholen",
      "participant" : "PKW",
      "scary" : "Nein",
      "descr" : "Ca 1m seitlicher Abstand ",
      "region" : "Konstanz"
    },
    "geometry" : {
      "type" : "Point",
      "coordinates" : [ 9.180601, 47.67257 ]
    }
  }, {
    "type" : "Feature",
    "properties" : {
      "date" : "21/12/2021 10:44:48",
      "bikeType" : "City-/Trekking Bike",
      "child" : "Nein",
      "trailer" : "Nein",
      "pLoc" : "Jackentasche",
      "incident" : "Zu dichtes Überholen",
      "participant" : "",
      "scary" : "Nein",
      "descr" : "",
      "region" : "Konstanz"
    },
    "geometry" : {
      "type" : "Point",
      "coordinates" : [ 9.20313797, 47.68280687 ]
    }
  }, {
    "type" : "Feature",
    "properties" : {
      "date" : "23/03/2021 08:20:46",
      "bikeType" : "Road Racing Bike",
      "child" : "Nein",
      "trailer" : "Nein",
      "pLoc" : "Hosentasche",
      "incident" : "Sonstiges",
      "participant" : "Lieferwagen",
      "scary" : "Nein",
      "descr" : "Stehendes Fahrzeug der Stadtwerke blockiert Radweg bis auf 80cm freie Breite ",
      "region" : "Konstanz"
    },
    "geometry" : {
      "type" : "Point",
      "coordinates" : [ 9.170378, 47.674649 ]
    }
  }, {
    "type" : "Feature",
    "properties" : {
      "date" : "18/03/2021 16:32:22",
      "bikeType" : "-",
      "child" : "Nein",
      "trailer" : "Nein",
      "pLoc" : "Hosentasche",
      "incident" : "Ein- oder ausparkendes Fahrzeug",
      "participant" : "",
      "scary" : "Ja",
      "descr" : "",
      "region" : "Konstanz"
    },
    "geometry" : {
      "type" : "Point",
      "coordinates" : [ 9.174423333333333, 47.682513333333326 ]
    }
  }, {
    "type" : "Feature",
    "properties" : {
      "date" : "27/03/2021 13:24:03",
      "bikeType" : "Road Racing Bike",
      "child" : "Nein",
      "trailer" : "Nein",
      "pLoc" : "Hosentasche",
      "incident" : "Zu dichtes Überholen",
      "participant" : "PKW",
      "scary" : "Nein",
      "descr" : "",
      "region" : "Konstanz"
    },
    "geometry" : {
      "type" : "Point",
      "coordinates" : [ 9.168227, 47.673811 ]
    }
  }, {
    "type" : "Feature",
    "properties" : {
      "date" : "27/03/2021 13:24:19",
      "bikeType" : "Road Racing Bike",
      "child" : "Nein",
      "trailer" : "Nein",
      "pLoc" : "Hosentasche",
      "incident" : "Zu dichtes Überholen",
      "participant" : "PKW",
      "scary" : "Nein",
      "descr" : "",
      "region" : "Konstanz"
    },
    "geometry" : {
      "type" : "Point",
      "coordinates" : [ 9.167172, 47.674153 ]
    }
  }, {
    "type" : "Feature",
    "properties" : {
      "date" : "27/03/2021 13:24:51",
      "bikeType" : "Road Racing Bike",
      "child" : "Nein",
      "trailer" : "Nein",
      "pLoc" : "Hosentasche",
      "incident" : "Zu dichtes Überholen",
      "participant" : "PKW",
      "scary" : "Ja",
      "descr" : "",
      "region" : "Konstanz"
    },
    "geometry" : {
      "type" : "Point",
      "coordinates" : [ 9.165014, 47.674783 ]
    }
  }, {
    "type" : "Feature",
    "properties" : {
      "date" : "27/03/2021 13:25:15",
      "bikeType" : "Road Racing Bike",
      "child" : "Nein",
      "trailer" : "Nein",
      "pLoc" : "Hosentasche",
      "incident" : "Zu dichtes Überholen",
      "participant" : "PKW",
      "scary" : "Nein",
      "descr" : "",
      "region" : "Konstanz"
    },
    "geometry" : {
      "type" : "Point",
      "coordinates" : [ 9.163427, 47.675293 ]
    }
  }, {
    "type" : "Feature",
    "properties" : {
      "date" : "27/03/2021 13:30:11",
      "bikeType" : "Road Racing Bike",
      "child" : "Nein",
      "trailer" : "Nein",
      "pLoc" : "Hosentasche",
      "incident" : "Zu dichtes Überholen",
      "participant" : "PKW",
      "scary" : "Nein",
      "descr" : "",
      "region" : "Konstanz"
    },
    "geometry" : {
      "type" : "Point",
      "coordinates" : [ 9.152213, 47.674353 ]
    }
  }, {
    "type" : "Feature",
    "properties" : {
      "date" : "27/03/2021 13:30:26",
      "bikeType" : "Road Racing Bike",
      "child" : "Nein",
      "trailer" : "Nein",
      "pLoc" : "Hosentasche",
      "incident" : "Zu dichtes Überholen",
      "participant" : "PKW",
      "scary" : "Ja",
      "descr" : "",
      "region" : "Konstanz"
    },
    "geometry" : {
      "type" : "Point",
      "coordinates" : [ 9.151169, 47.674409 ]
    }
  }, {
    "type" : "Feature",
    "properties" : {
      "date" : "27/03/2021 13:31:14",
      "bikeType" : "Road Racing Bike",
      "child" : "Nein",
      "trailer" : "Nein",
      "pLoc" : "Hosentasche",
      "incident" : "Zu dichtes Überholen",
      "participant" : "PKW",
      "scary" : "Nein",
      "descr" : "",
      "region" : "Konstanz"
    },
    "geometry" : {
      "type" : "Point",
      "coordinates" : [ 9.1487, 47.676082 ]
    }
  }, {
    "type" : "Feature",
    "properties" : {
      "date" : "25/03/2021 08:45:23",
      "bikeType" : "Road Racing Bike",
      "child" : "Nein",
      "trailer" : "Nein",
      "pLoc" : "Hosentasche",
      "incident" : "Sonstiges",
      "participant" : "LKW",
      "scary" : "Nein",
      "descr" : "Rangierendes Müllfahrzeug blockiert ",
      "region" : "Konstanz"
    },
    "geometry" : {
      "type" : "Point",
      "coordinates" : [ 9.176468, 47.676061 ]
    }
  }, {
    "type" : "Feature",
    "properties" : {
      "date" : "27/03/2021 15:22:03",
      "bikeType" : "Road Racing Bike",
      "child" : "Nein",
      "trailer" : "Nein",
      "pLoc" : "Hosentasche",
      "incident" : "Sonstiges",
      "participant" : "",
      "scary" : "Nein",
      "descr" : "Ärgerlich: Rote Ampel für Radfahrer/Fußgänger und 2 Zyklen Grünphasen für alle anderen Richtungen. Anforderung war gedrückt. ",
      "region" : "Konstanz"
    },
    "geometry" : {
      "type" : "Point",
      "coordinates" : [ 9.18394, 47.673297 ]
    }
  }, {
    "type" : "Feature",
    "properties" : {
      "date" : "30/03/2021 11:01:49",
      "bikeType" : "-",
      "child" : "Nein",
      "trailer" : "Nein",
      "pLoc" : "Hosentasche",
      "incident" : "Hindernis ausweichen (z.B. Hund)",
      "participant" : "Sonstiges",
      "scary" : "Nein",
      "descr" : "Glasscherben halbe Straßenbreite",
      "region" : "Konstanz"
    },
    "geometry" : {
      "type" : "Point",
      "coordinates" : [ 9.175238333333334, 47.67165166666667 ]
    }
  }, {
    "type" : "Feature",
    "properties" : {
      "date" : "24/03/2021 19:01:38",
      "bikeType" : "Road Racing Bike",
      "child" : "Nein",
      "trailer" : "Nein",
      "pLoc" : "Hosentasche",
      "incident" : "Sonstiges",
      "participant" : "Fahrrad",
      "scary" : "Nein",
      "descr" : "Radfahrer Blendet mit falsch eingestellter extrem starker Led-Leuchte ",
      "region" : "Konstanz"
    },
    "geometry" : {
      "type" : "Point",
      "coordinates" : [ 9.157738, 47.679093 ]
    }
  }, {
    "type" : "Feature",
    "properties" : {
      "date" : "24/03/2021 19:05:04",
      "bikeType" : "Road Racing Bike",
      "child" : "Nein",
      "trailer" : "Nein",
      "pLoc" : "Hosentasche",
      "incident" : "Hindernis ausweichen (z.B. Hund)",
      "participant" : "Fußgänger",
      "scary" : "Nein",
      "descr" : "",
      "region" : "Konstanz"
    },
    "geometry" : {
      "type" : "Point",
      "coordinates" : [ 9.172415, 47.675004 ]
    }
  }, {
    "type" : "Feature",
    "properties" : {
      "date" : "24/03/2021 19:06:21",
      "bikeType" : "Road Racing Bike",
      "child" : "Nein",
      "trailer" : "Nein",
      "pLoc" : "Hosentasche",
      "incident" : "Beinahe-Dooring",
      "participant" : "PKW",
      "scary" : "Nein",
      "descr" : "",
      "region" : "Konstanz"
    },
    "geometry" : {
      "type" : "Point",
      "coordinates" : [ 9.177023, 47.673278 ]
    }
  }, {
    "type" : "Feature",
    "properties" : {
      "date" : "24/03/2021 19:09:08",
      "bikeType" : "Road Racing Bike",
      "child" : "Nein",
      "trailer" : "Nein",
      "pLoc" : "Hosentasche",
      "incident" : "Ein- oder ausparkendes Fahrzeug",
      "participant" : "Lieferwagen",
      "scary" : "Nein",
      "descr" : "Ausländischer Van fährt rechts ran und stoppt mitten auf Radweg ",
      "region" : "Konstanz"
    },
    "geometry" : {
      "type" : "Point",
      "coordinates" : [ 9.183025, 47.674385 ]
    }
  }, {
    "type" : "Feature",
    "properties" : {
      "date" : "23/03/2021 08:20:46",
      "bikeType" : "Road Racing Bike",
      "child" : "Nein",
      "trailer" : "Nein",
      "pLoc" : "Hosentasche",
      "incident" : "Sonstiges",
      "participant" : "Lieferwagen",
      "scary" : "Nein",
      "descr" : "Stehendes Fahrzeug der Stadtwerke blockiert Radweg bis auf 80cm freie Breite ",
      "region" : "Konstanz"
    },
    "geometry" : {
      "type" : "Point",
      "coordinates" : [ 9.170378, 47.674649 ]
    }
  }, {
    "type" : "Feature",
    "properties" : {
      "date" : "29/03/2021 16:36:57",
      "bikeType" : "-",
      "child" : "Nein",
      "trailer" : "Nein",
      "pLoc" : "Hosentasche",
      "incident" : "Hindernis ausweichen (z.B. Hund)",
      "participant" : "LKW",
      "scary" : "Nein",
      "descr" : "wartpflichtiger lkw stand auf radweg.\\n\\n",
      "region" : "Konstanz"
    },
    "geometry" : {
      "type" : "Point",
      "coordinates" : [ 9.074073946103454, 47.72416693624109 ]
    }
  }, {
    "type" : "Feature",
    "properties" : {
      "date" : "29/03/2021 16:12:59",
      "bikeType" : "-",
      "child" : "Nein",
      "trailer" : "Nein",
      "pLoc" : "Hosentasche",
      "incident" : "Sonstiges",
      "participant" : "Sonstiges",
      "scary" : "Nein",
      "descr" : "warten am BÜ\\n\\n\\n",
      "region" : "Konstanz"
    },
    "geometry" : {
      "type" : "Point",
      "coordinates" : [ 9.003287851810455, 47.73891393095255 ]
    }
  }, {
    "type" : "Feature",
    "properties" : {
      "date" : "29/03/2021 16:36:39",
      "bikeType" : "-",
      "child" : "Nein",
      "trailer" : "Nein",
      "pLoc" : "Hosentasche",
      "incident" : "Sonstiges",
      "participant" : "",
      "scary" : "Nein",
      "descr" : "wechsel von fahrbahn auf radweg links der straße.\\n\\n",
      "region" : "Konstanz"
    },
    "geometry" : {
      "type" : "Point",
      "coordinates" : [ 9.073761720210314, 47.723271707072854 ]
    }
  }, {
    "type" : "Feature",
    "properties" : {
      "date" : "30/03/2021 19:06:46",
      "bikeType" : "Road Racing Bike",
      "child" : "Nein",
      "trailer" : "Nein",
      "pLoc" : "Hosentasche",
      "incident" : "Zu dichtes Überholen",
      "participant" : "PKW",
      "scary" : "Nein",
      "descr" : "< 1 m seitlicher Abstand ",
      "region" : "Konstanz"
    },
    "geometry" : {
      "type" : "Point",
      "coordinates" : [ 8.98062, 47.743941 ]
    }
  }, {
    "type" : "Feature",
    "properties" : {
      "date" : "30/03/2021 19:24:19",
      "bikeType" : "Road Racing Bike",
      "child" : "Nein",
      "trailer" : "Nein",
      "pLoc" : "Hosentasche",
      "incident" : "Zu dichtes Überholen",
      "participant" : "PKW",
      "scary" : "Ja",
      "descr" : "50-80 cm",
      "region" : "Konstanz"
    },
    "geometry" : {
      "type" : "Point",
      "coordinates" : [ 9.054738, 47.720136 ]
    }
  }, {
    "type" : "Feature",
    "properties" : {
      "date" : "30/03/2021 19:25:03",
      "bikeType" : "Road Racing Bike",
      "child" : "Nein",
      "trailer" : "Nein",
      "pLoc" : "Hosentasche",
      "incident" : "Zu dichtes Überholen",
      "participant" : "PKW",
      "scary" : "Nein",
      "descr" : "Überholt trotz parkendem Fahrzeug gegenüber ",
      "region" : "Konstanz"
    },
    "geometry" : {
      "type" : "Point",
      "coordinates" : [ 9.058735, 47.71901 ]
    }
  }, {
    "type" : "Feature",
    "properties" : {
      "date" : "30/03/2021 19:25:43",
      "bikeType" : "Road Racing Bike",
      "child" : "Nein",
      "trailer" : "Nein",
      "pLoc" : "Hosentasche",
      "incident" : "Zu dichtes Überholen",
      "participant" : "Lieferwagen",
      "scary" : "Ja",
      "descr" : "Ca. 50-80 cm Abstand ",
      "region" : "Konstanz"
    },
    "geometry" : {
      "type" : "Point",
      "coordinates" : [ 9.062025, 47.718083 ]
    }
  }, {
    "type" : "Feature",
    "properties" : {
      "date" : "30/03/2021 11:01:49",
      "bikeType" : "-",
      "child" : "Nein",
      "trailer" : "Nein",
      "pLoc" : "Hosentasche",
      "incident" : "Hindernis ausweichen (z.B. Hund)",
      "participant" : "Sonstiges",
      "scary" : "Nein",
      "descr" : "Glasscherben halbe Straßenbreite",
      "region" : "Konstanz"
    },
    "geometry" : {
      "type" : "Point",
      "coordinates" : [ 9.175238333333334, 47.67165166666667 ]
    }
  }, {
    "type" : "Feature",
    "properties" : {
      "date" : "23/03/2021 07:09:00",
      "bikeType" : "-",
      "child" : "Nein",
      "trailer" : "Nein",
      "pLoc" : "Hosentasche",
      "incident" : "Sonstiges",
      "participant" : "",
      "scary" : "Nein",
      "descr" : "Unsicheres Ende des Fahrradwegs, mündet auf Straße ohne Vorfahrtsregelung und direkt neben Parkplätzen, so dass die Sicht häufig versperrt ist.",
      "region" : "Konstanz"
    },
    "geometry" : {
      "type" : "Point",
      "coordinates" : [ 9.185428957070128, 47.67059123414051 ]
    }
  }, {
    "type" : "Feature",
    "properties" : {
      "date" : "19/03/2021 19:29:37",
      "bikeType" : "Road Racing Bike",
      "child" : "Nein",
      "trailer" : "Nein",
      "pLoc" : "Hosentasche",
      "incident" : "Beinahe-Abbiegeunfall",
      "participant" : "PKW",
      "scary" : "Nein",
      "descr" : "Einbiegen auf Supermarkt Parkplatz ",
      "region" : "Konstanz"
    },
    "geometry" : {
      "type" : "Point",
      "coordinates" : [ 9.148709, 47.680282 ]
    }
  }, {
    "type" : "Feature",
    "properties" : {
      "date" : "19/03/2021 19:31:29",
      "bikeType" : "Road Racing Bike",
      "child" : "Nein",
      "trailer" : "Nein",
      "pLoc" : "Hosentasche",
      "incident" : "Zu dichtes Überholen",
      "participant" : "PKW",
      "scary" : "Nein",
      "descr" : "",
      "region" : "Konstanz"
    },
    "geometry" : {
      "type" : "Point",
      "coordinates" : [ 9.156888, 47.677495 ]
    }
  }, {
    "type" : "Feature",
    "properties" : {
      "date" : "23/03/2021 17:32:52",
      "bikeType" : "-",
      "child" : "Nein",
      "trailer" : "Nein",
      "pLoc" : "Hosentasche",
      "incident" : "Entgegenkommender Verkehrsteilnehmer",
      "participant" : "Fahrrad",
      "scary" : "Ja",
      "descr" : "An dieser Engstelle kam mir ein Gahrradanhänger direkt entgegen. Da is es einfach viel zu schmal.",
      "region" : "Konstanz"
    },
    "geometry" : {
      "type" : "Point",
      "coordinates" : [ 9.147650422079499, 47.6822450577261 ]
    }
  }, {
    "type" : "Feature",
    "properties" : {
      "date" : "18/03/2021 19:05:22",
      "bikeType" : "Road Racing Bike",
      "child" : "Nein",
      "trailer" : "Nein",
      "pLoc" : "Hosentasche",
      "incident" : "Zu dichtes Überholen",
      "participant" : "PKW",
      "scary" : "Ja",
      "descr" : "",
      "region" : "Konstanz"
    },
    "geometry" : {
      "type" : "Point",
      "coordinates" : [ 9.156654, 47.677467 ]
    }
  }, {
    "type" : "Feature",
    "properties" : {
      "date" : "18/03/2021 19:05:40",
      "bikeType" : "Road Racing Bike",
      "child" : "Nein",
      "trailer" : "Nein",
      "pLoc" : "Hosentasche",
      "incident" : "Zu dichtes Überholen",
      "participant" : "PKW",
      "scary" : "Nein",
      "descr" : "",
      "region" : "Konstanz"
    },
    "geometry" : {
      "type" : "Point",
      "coordinates" : [ 9.157961, 47.677007 ]
    }
  }, {
    "type" : "Feature",
    "properties" : {
      "date" : "24/02/2021 14:07:03",
      "bikeType" : "E-Bike",
      "child" : "Nein",
      "trailer" : "Nein",
      "pLoc" : "Jackentasche",
      "incident" : "Sonstiges",
      "participant" : "",
      "scary" : "Nein",
      "descr" : "Sehr schlechter Straßenbelag",
      "region" : "Konstanz"
    },
    "geometry" : {
      "type" : "Point",
      "coordinates" : [ 9.196894, 47.672264 ]
    }
  }, {
    "type" : "Feature",
    "properties" : {
      "date" : "23/06/2021 08:50:30",
      "bikeType" : "-",
      "child" : "Nein",
      "trailer" : "Nein",
      "pLoc" : "Hosentasche",
      "incident" : "Entgegenkommender Verkehrsteilnehmer",
      "participant" : "Fahrrad",
      "scary" : "Ja",
      "descr" : "In der Engstelle Rad mit Satteltaschen auf meiner Seite, Kurve geschnitten",
      "region" : "Konstanz"
    },
    "geometry" : {
      "type" : "Point",
      "coordinates" : [ 9.125373878601684, 47.68938428441647 ]
    }
  }, {
    "type" : "Feature",
    "properties" : {
      "date" : "26/06/2021 17:27:51",
      "bikeType" : "E-Bike",
      "child" : "Nein",
      "trailer" : "Nein",
      "pLoc" : "Lenker",
      "incident" : "Sonstiges",
      "participant" : "Sonstiges",
      "scary" : "Nein",
      "descr" : "Absatz von Brücke zu Festland. Sollte behoben werden durch die Stadt Konstanz. Man muss ab bremsen, damit die Erschütterung nicht zu stark in Arme und Wirbelsäule fährt.",
      "region" : "Konstanz"
    },
    "geometry" : {
      "type" : "Point",
      "coordinates" : [ 9.162965, 47.67106 ]
    }
  }, {
    "type" : "Feature",
    "properties" : {
      "date" : "22/06/2021 16:17:59",
      "bikeType" : "-",
      "child" : "Nein",
      "trailer" : "Nein",
      "pLoc" : "Hosentasche",
      "incident" : "Sonstiges",
      "participant" : "",
      "scary" : "Nein",
      "descr" : "fahrbahnbelag",
      "region" : "Konstanz"
    },
    "geometry" : {
      "type" : "Point",
      "coordinates" : [ 9.013457112014294, 47.74154869839549 ]
    }
  }, {
    "type" : "Feature",
    "properties" : {
      "date" : "04/06/2021 17:23:19",
      "bikeType" : "-",
      "child" : "Nein",
      "trailer" : "Nein",
      "pLoc" : "Hosentasche",
      "incident" : "Zu dichtes Überholen",
      "participant" : "",
      "scary" : "Nein",
      "descr" : "",
      "region" : "Konstanz"
    },
    "geometry" : {
      "type" : "Point",
      "coordinates" : [ 9.14882339, 47.67931599 ]
    }
  }, {
    "type" : "Feature",
    "properties" : {
      "date" : "02/06/2021 14:24:37",
      "bikeType" : "Road Racing Bike",
      "child" : "Nein",
      "trailer" : "Nein",
      "pLoc" : "Hosentasche",
      "incident" : "Zu dichtes Überholen",
      "participant" : "Lieferwagen",
      "scary" : "Ja",
      "descr" : "",
      "region" : "Konstanz"
    },
    "geometry" : {
      "type" : "Point",
      "coordinates" : [ 9.063655, 47.73675 ]
    }
  }, {
    "type" : "Feature",
    "properties" : {
      "date" : "02/06/2021 14:25:10",
      "bikeType" : "Road Racing Bike",
      "child" : "Nein",
      "trailer" : "Nein",
      "pLoc" : "Hosentasche",
      "incident" : "Zu dichtes Überholen",
      "participant" : "PKW",
      "scary" : "Nein",
      "descr" : "",
      "region" : "Konstanz"
    },
    "geometry" : {
      "type" : "Point",
      "coordinates" : [ 9.060702, 47.738375 ]
    }
  }, {
    "type" : "Feature",
    "properties" : {
      "date" : "02/06/2021 14:25:40",
      "bikeType" : "Road Racing Bike",
      "child" : "Nein",
      "trailer" : "Nein",
      "pLoc" : "Hosentasche",
      "incident" : "Zu dichtes Überholen",
      "participant" : "PKW",
      "scary" : "Nein",
      "descr" : "",
      "region" : "Konstanz"
    },
    "geometry" : {
      "type" : "Point",
      "coordinates" : [ 9.058261, 47.739705 ]
    }
  }, {
    "type" : "Feature",
    "properties" : {
      "date" : "02/06/2021 14:32:46",
      "bikeType" : "Road Racing Bike",
      "child" : "Nein",
      "trailer" : "Nein",
      "pLoc" : "Hosentasche",
      "incident" : "Zu dichtes Überholen",
      "participant" : "PKW",
      "scary" : "Nein",
      "descr" : "",
      "region" : "Konstanz"
    },
    "geometry" : {
      "type" : "Point",
      "coordinates" : [ 9.026199, 47.740651 ]
    }
  }, {
    "type" : "Feature",
    "properties" : {
      "date" : "27/07/2021 17:48:50",
      "bikeType" : "-",
      "child" : "Nein",
      "trailer" : "Nein",
      "pLoc" : "Hosentasche",
      "incident" : "Sonstiges",
      "participant" : "Fahrrad",
      "scary" : "Nein",
      "descr" : "Radfahrer querte die Strasse ohne mal zu schauen, ob was kommt. zum Bsp ich als Radfahrer auf der Strasse",
      "region" : "Konstanz"
    },
    "geometry" : {
      "type" : "Point",
      "coordinates" : [ 9.171032423261504, 47.674492814288804 ]
    }
  }, {
    "type" : "Feature",
    "properties" : {
      "date" : "21/06/2021 18:14:12",
      "bikeType" : "-",
      "child" : "Nein",
      "trailer" : "Nein",
      "pLoc" : "Hosentasche",
      "incident" : "Zu dichtes Überholen",
      "participant" : "PKW",
      "scary" : "Nein",
      "descr" : "",
      "region" : "Konstanz"
    },
    "geometry" : {
      "type" : "Point",
      "coordinates" : [ 9.20284145527113, 47.6736620614904 ]
    }
  }, {
    "type" : "Feature",
    "properties" : {
      "date" : "11/07/2021 17:36:54",
      "bikeType" : "-",
      "child" : "Nein",
      "trailer" : "Nein",
      "pLoc" : "Hosentasche",
      "incident" : "Zu dichtes Überholen",
      "participant" : "PKW",
      "scary" : "Ja",
      "descr" : "",
      "region" : "Konstanz"
    },
    "geometry" : {
      "type" : "Point",
      "coordinates" : [ 9.202376358414991, 47.67350201781037 ]
    }
  }, {
    "type" : "Feature",
    "properties" : {
      "date" : "06/07/2021 08:58:12",
      "bikeType" : "-",
      "child" : "Nein",
      "trailer" : "Nein",
      "pLoc" : "Hosentasche",
      "incident" : "Beinahe-Abbiegeunfall",
      "participant" : "Fahrrad, PKW",
      "scary" : "Ja",
      "descr" : "3 Autos sind bei Rot über den Bahnübergang gefahren. Eine Mutter mit Anhänger querte da schon die Straße von Ost nach West auf dem Radweg. Purer Zufall, dass sie die nicht umgefahren haben.",
      "region" : "Konstanz"
    },
    "geometry" : {
      "type" : "Point",
      "coordinates" : [ 9.171001743645004, 47.67465183630541 ]
    }
  }, {
    "type" : "Feature",
    "properties" : {
      "date" : "06/07/2021 12:03:49",
      "bikeType" : "-",
      "child" : "Nein",
      "trailer" : "Nein",
      "pLoc" : "Hosentasche",
      "incident" : "Sonstiges",
      "participant" : "Fußgänger",
      "scary" : "Nein",
      "descr" : "vorbeifahrt schulklasse",
      "region" : "Konstanz"
    },
    "geometry" : {
      "type" : "Point",
      "coordinates" : [ 9.1557074803859, 47.6936769252643 ]
    }
  }, {
    "type" : "Feature",
    "properties" : {
      "date" : "20/06/2021 11:32:59",
      "bikeType" : "-",
      "child" : "Nein",
      "trailer" : "Nein",
      "pLoc" : "Hosentasche",
      "incident" : "Zu dichtes Überholen",
      "participant" : "PKW",
      "scary" : "Nein",
      "descr" : "",
      "region" : "Konstanz"
    },
    "geometry" : {
      "type" : "Point",
      "coordinates" : [ 9.202657565728332, 47.673547580725746 ]
    }
  }, {
    "type" : "Feature",
    "properties" : {
      "date" : "25/02/2021 18:02:52",
      "bikeType" : "-",
      "child" : "Nein",
      "trailer" : "Nein",
      "pLoc" : "Hosentasche",
      "incident" : "Zu dichtes Überholen",
      "participant" : "Lieferwagen, PKW",
      "scary" : "Ja",
      "descr" : "Trotz Parkender Autos auf beiden Seiten!",
      "region" : "Konstanz"
    },
    "geometry" : {
      "type" : "Point",
      "coordinates" : [ 9.192898333333334, 47.67085 ]
    }
  }, {
    "type" : "Feature",
    "properties" : {
      "date" : "18/02/2021 13:45:16",
      "bikeType" : "-",
      "child" : "Nein",
      "trailer" : "Nein",
      "pLoc" : "Hosentasche",
      "incident" : "Sonstiges",
      "participant" : "Sonstiges",
      "scary" : "Nein",
      "descr" : "Eisplatten. Der Pferdehof putzt offenbar die Ställe mit viel Wasser, das den Weg hinunterläuft und für dicke Eisplatten sorgt, die trotz Tauwetter tagelang bleiben.",
      "region" : "Konstanz"
    },
    "geometry" : {
      "type" : "Point",
      "coordinates" : [ 9.158363333333334, 47.699016666666665 ]
    }
  }, {
    "type" : "Feature",
    "properties" : {
      "date" : "18/02/2021 13:27:24",
      "bikeType" : "-",
      "child" : "Nein",
      "trailer" : "Nein",
      "pLoc" : "Hosentasche",
      "incident" : "Sonstiges",
      "participant" : "Sonstiges",
      "scary" : "Ja",
      "descr" : "Gefährliche Eisplatte in der Unterführung Hockgrabengenau in der Kurve.",
      "region" : "Konstanz"
    },
    "geometry" : {
      "type" : "Point",
      "coordinates" : [ 9.19383, 47.68709666666667 ]
    }
  }, {
    "type" : "Feature",
    "properties" : {
      "date" : "24/02/2021 14:07:03",
      "bikeType" : "E-Bike",
      "child" : "Nein",
      "trailer" : "Nein",
      "pLoc" : "Jackentasche",
      "incident" : "Sonstiges",
      "participant" : "",
      "scary" : "Nein",
      "descr" : "Sehr schlechter Straßenbelag",
      "region" : "Konstanz"
    },
    "geometry" : {
      "type" : "Point",
      "coordinates" : [ 9.196894, 47.672264 ]
    }
  }, {
    "type" : "Feature",
    "properties" : {
      "date" : "24/02/2021 14:07:03",
      "bikeType" : "E-Bike",
      "child" : "Nein",
      "trailer" : "Nein",
      "pLoc" : "Jackentasche",
      "incident" : "Sonstiges",
      "participant" : "",
      "scary" : "Nein",
      "descr" : "Sehr schlechter Straßenbelag",
      "region" : "Konstanz"
    },
    "geometry" : {
      "type" : "Point",
      "coordinates" : [ 9.196894, 47.672264 ]
    }
  }, {
    "type" : "Feature",
    "properties" : {
      "date" : "22/02/2021 18:02:23",
      "bikeType" : "-",
      "child" : "Nein",
      "trailer" : "Nein",
      "pLoc" : "Hosentasche",
      "incident" : "Beinahe-Abbiegeunfall",
      "participant" : "Fahrrad",
      "scary" : "Nein",
      "descr" : "E-Bike von rechts kommend hat die Vorfahrt missachtet ..... ohne zu schauen.",
      "region" : "Konstanz"
    },
    "geometry" : {
      "type" : "Point",
      "coordinates" : [ 9.171051029354523, 47.67456689149324 ]
    }
  }, {
    "type" : "Feature",
    "properties" : {
      "date" : "17/02/2021 11:00:57",
      "bikeType" : "City-/Trekking Bike",
      "child" : "Nein",
      "trailer" : "Nein",
      "pLoc" : "Jackentasche",
      "incident" : "Beinahe-Abbiegeunfall",
      "participant" : "Fußgänger",
      "scary" : "Nein",
      "descr" : "Fußgänger auf Radweg, starkes abbremsen nötig ",
      "region" : "Konstanz"
    },
    "geometry" : {
      "type" : "Point",
      "coordinates" : [ 9.173642, 47.667511 ]
    }
  }, {
    "type" : "Feature",
    "properties" : {
      "date" : "18/02/2021 13:45:16",
      "bikeType" : "-",
      "child" : "Nein",
      "trailer" : "Nein",
      "pLoc" : "Hosentasche",
      "incident" : "Sonstiges",
      "participant" : "Sonstiges",
      "scary" : "Nein",
      "descr" : "Eisplatten. Der Pferdehof putzt offenbar die Ställe mit viel Wasser, das den Weg hinunterläuft und für dicke Eisplatten sorgt, die trotz Tauwetter tagelang bleiben.",
      "region" : "Konstanz"
    },
    "geometry" : {
      "type" : "Point",
      "coordinates" : [ 9.158363333333334, 47.699016666666665 ]
    }
  }, {
    "type" : "Feature",
    "properties" : {
      "date" : "18/02/2021 13:27:24",
      "bikeType" : "-",
      "child" : "Nein",
      "trailer" : "Nein",
      "pLoc" : "Hosentasche",
      "incident" : "Sonstiges",
      "participant" : "Sonstiges",
      "scary" : "Ja",
      "descr" : "Gefährliche Eisplatte in der Unterführung Hockgrabengenau in der Kurve.",
      "region" : "Konstanz"
    },
    "geometry" : {
      "type" : "Point",
      "coordinates" : [ 9.19383, 47.68709666666667 ]
    }
  }, {
    "type" : "Feature",
    "properties" : {
      "date" : "19/02/2021 15:02:32",
      "bikeType" : "City-/Trekking Bike",
      "child" : "Nein",
      "trailer" : "Nein",
      "pLoc" : "Jackentasche",
      "incident" : "Hindernis ausweichen (z.B. Hund)",
      "participant" : "",
      "scary" : "Nein",
      "descr" : "Freilaufender Hund, starkes abbremsen, Hundehalterin zeigt kein Interesse!",
      "region" : "Konstanz"
    },
    "geometry" : {
      "type" : "Point",
      "coordinates" : [ 9.175801, 47.663626 ]
    }
  }, {
    "type" : "Feature",
    "properties" : {
      "date" : "19/04/2021 17:41:51",
      "bikeType" : "Road Racing Bike",
      "child" : "Nein",
      "trailer" : "Nein",
      "pLoc" : "Hosentasche",
      "incident" : "Zu dichtes Überholen",
      "participant" : "PKW",
      "scary" : "Ja",
      "descr" : "Ca. 70 cm seitlicher Abstand ",
      "region" : "Konstanz"
    },
    "geometry" : {
      "type" : "Point",
      "coordinates" : [ 9.152485, 47.678828 ]
    }
  }, {
    "type" : "Feature",
    "properties" : {
      "date" : "19/04/2021 17:42:31",
      "bikeType" : "Road Racing Bike",
      "child" : "Nein",
      "trailer" : "Nein",
      "pLoc" : "Hosentasche",
      "incident" : "Zu dichtes Überholen",
      "participant" : "PKW",
      "scary" : "Nein",
      "descr" : "Ca. 1 m seitlicher Abstand",
      "region" : "Konstanz"
    },
    "geometry" : {
      "type" : "Point",
      "coordinates" : [ 9.155316, 47.677908 ]
    }
  }, {
    "type" : "Feature",
    "properties" : {
      "date" : "19/04/2021 17:42:47",
      "bikeType" : "Road Racing Bike",
      "child" : "Nein",
      "trailer" : "Nein",
      "pLoc" : "Hosentasche",
      "incident" : "Zu dichtes Überholen",
      "participant" : "Lieferwagen",
      "scary" : "Ja",
      "descr" : "Ca. 80 cm seitlicher Abstand",
      "region" : "Konstanz"
    },
    "geometry" : {
      "type" : "Point",
      "coordinates" : [ 9.156741, 47.677453 ]
    }
  }, {
    "type" : "Feature",
    "properties" : {
      "date" : "19/04/2021 17:42:59",
      "bikeType" : "Road Racing Bike",
      "child" : "Nein",
      "trailer" : "Nein",
      "pLoc" : "Hosentasche",
      "incident" : "Zu dichtes Überholen",
      "participant" : "PKW",
      "scary" : "Nein",
      "descr" : "Ca. 1 m seitlicher Abstand",
      "region" : "Konstanz"
    },
    "geometry" : {
      "type" : "Point",
      "coordinates" : [ 9.157744, 47.67716 ]
    }
  }, {
    "type" : "Feature",
    "properties" : {
      "date" : "26/04/2021 17:53:18",
      "bikeType" : "-",
      "child" : "Nein",
      "trailer" : "Nein",
      "pLoc" : "Hosentasche",
      "incident" : "Zu dichtes Überholen",
      "participant" : "",
      "scary" : "Ja",
      "descr" : "",
      "region" : "Konstanz"
    },
    "geometry" : {
      "type" : "Point",
      "coordinates" : [ 9.20260999342926, 47.67353757288857 ]
    }
  }, {
    "type" : "Feature",
    "properties" : {
      "date" : "20/04/2021 17:21:37",
      "bikeType" : "-",
      "child" : "Nein",
      "trailer" : "Nein",
      "pLoc" : "Hosentasche",
      "incident" : "Zu dichtes Überholen",
      "participant" : "Fahrrad",
      "scary" : "Nein",
      "descr" : "",
      "region" : "Konstanz"
    },
    "geometry" : {
      "type" : "Point",
      "coordinates" : [ 9.201430217040826, 47.67348019410399 ]
    }
  }, {
    "type" : "Feature",
    "properties" : {
      "date" : "18/04/2021 10:28:49",
      "bikeType" : "-",
      "child" : "Nein",
      "trailer" : "Nein",
      "pLoc" : "Hosentasche",
      "incident" : "Entgegenkommender Verkehrsteilnehmer",
      "participant" : "",
      "scary" : "Nein",
      "descr" : "Zu eng mit parkenden Autos\\n",
      "region" : "Konstanz"
    },
    "geometry" : {
      "type" : "Point",
      "coordinates" : [ 9.185383633603124, 47.675329967651294 ]
    }
  }, {
    "type" : "Feature",
    "properties" : {
      "date" : "17/04/2021 10:33:19",
      "bikeType" : "-",
      "child" : "Nein",
      "trailer" : "Nein",
      "pLoc" : "Hosentasche",
      "incident" : "Entgegenkommender Verkehrsteilnehmer",
      "participant" : "",
      "scary" : "Nein",
      "descr" : "",
      "region" : "Konstanz"
    },
    "geometry" : {
      "type" : "Point",
      "coordinates" : [ 9.184966183671756, 47.675337698239396 ]
    }
  }, {
    "type" : "Feature",
    "properties" : {
      "date" : "17/04/2021 10:38:36",
      "bikeType" : "-",
      "child" : "Nein",
      "trailer" : "Nein",
      "pLoc" : "Hosentasche",
      "incident" : "Zu dichtes Überholen",
      "participant" : "",
      "scary" : "Nein",
      "descr" : "",
      "region" : "Konstanz"
    },
    "geometry" : {
      "type" : "Point",
      "coordinates" : [ 9.202901414536107, 47.67364825650355 ]
    }
  }, {
    "type" : "Feature",
    "properties" : {
      "date" : "18/03/2021 18:29:14",
      "bikeType" : "-",
      "child" : "Nein",
      "trailer" : "Nein",
      "pLoc" : "Hosentasche",
      "incident" : "Zu dichtes Überholen",
      "participant" : "",
      "scary" : "Nein",
      "descr" : "Unbersichtliche Stelle mit Gegenverkehr ",
      "region" : "Konstanz"
    },
    "geometry" : {
      "type" : "Point",
      "coordinates" : [ 9.202702022550804, 47.67349564304178 ]
    }
  }, {
    "type" : "Feature",
    "properties" : {
      "date" : "27/04/2021 19:13:52",
      "bikeType" : "-",
      "child" : "Nein",
      "trailer" : "Nein",
      "pLoc" : "Hosentasche",
      "incident" : "Entgegenkommender Verkehrsteilnehmer",
      "participant" : "Motorrad",
      "scary" : "Nein",
      "descr" : "Motorroller auf Radweg",
      "region" : "Konstanz"
    },
    "geometry" : {
      "type" : "Point",
      "coordinates" : [ 9.158500890696642, 47.700600916366135 ]
    }
  }, {
    "type" : "Feature",
    "properties" : {
      "date" : "09/04/2021 15:58:26",
      "bikeType" : "-",
      "child" : "Nein",
      "trailer" : "Nein",
      "pLoc" : "Hosentasche",
      "incident" : "Hindernis ausweichen (z.B. Hund)",
      "participant" : "Fahrrad",
      "scary" : "Nein",
      "descr" : "",
      "region" : "Konstanz"
    },
    "geometry" : {
      "type" : "Point",
      "coordinates" : [ 9.183878462783754, 47.67553566206589 ]
    }
  }, {
    "type" : "Feature",
    "properties" : {
      "date" : "01/04/2021 17:55:12",
      "bikeType" : "-",
      "child" : "Nein",
      "trailer" : "Nein",
      "pLoc" : "Hosentasche",
      "incident" : "Zu dichtes Überholen",
      "participant" : "",
      "scary" : "Nein",
      "descr" : "",
      "region" : "Konstanz"
    },
    "geometry" : {
      "type" : "Point",
      "coordinates" : [ 9.201687867731106, 47.673415013656 ]
    }
  }, {
    "type" : "Feature",
    "properties" : {
      "date" : "01/04/2021 17:43:31",
      "bikeType" : "-",
      "child" : "Nein",
      "trailer" : "Nein",
      "pLoc" : "Hosentasche",
      "incident" : "Entgegenkommender Verkehrsteilnehmer",
      "participant" : "",
      "scary" : "Nein",
      "descr" : "",
      "region" : "Konstanz"
    },
    "geometry" : {
      "type" : "Point",
      "coordinates" : [ 9.207131145738739, 47.67280812403968 ]
    }
  }, {
    "type" : "Feature",
    "properties" : {
      "date" : "01/04/2021 10:59:40",
      "bikeType" : "-",
      "child" : "Nein",
      "trailer" : "Nein",
      "pLoc" : "Hosentasche",
      "incident" : "Hindernis ausweichen (z.B. Hund)",
      "participant" : "Fußgänger",
      "scary" : "Nein",
      "descr" : "",
      "region" : "Konstanz"
    },
    "geometry" : {
      "type" : "Point",
      "coordinates" : [ 9.176318184619396, 47.672520757640754 ]
    }
  }, {
    "type" : "Feature",
    "properties" : {
      "date" : "01/04/2021 10:55:27",
      "bikeType" : "-",
      "child" : "Nein",
      "trailer" : "Nein",
      "pLoc" : "Hosentasche",
      "incident" : "Hindernis ausweichen (z.B. Hund)",
      "participant" : "LKW",
      "scary" : "Nein",
      "descr" : "",
      "region" : "Konstanz"
    },
    "geometry" : {
      "type" : "Point",
      "coordinates" : [ 9.170074062260927, 47.68133103801278 ]
    }
  }, {
    "type" : "Feature",
    "properties" : {
      "date" : "11/04/2021 14:27:27",
      "bikeType" : "-",
      "child" : "Nein",
      "trailer" : "Nein",
      "pLoc" : "Hosentasche",
      "incident" : "Zu dichtes Überholen",
      "participant" : "",
      "scary" : "Ja",
      "descr" : "",
      "region" : "Konstanz"
    },
    "geometry" : {
      "type" : "Point",
      "coordinates" : [ 9.20300049310172, 47.673781162230355 ]
    }
  }, {
    "type" : "Feature",
    "properties" : {
      "date" : "10/04/2021 11:21:39",
      "bikeType" : "-",
      "child" : "Nein",
      "trailer" : "Nein",
      "pLoc" : "Hosentasche",
      "incident" : "Zu dichtes Überholen",
      "participant" : "",
      "scary" : "Ja",
      "descr" : "",
      "region" : "Konstanz"
    },
    "geometry" : {
      "type" : "Point",
      "coordinates" : [ 9.171876666666666, 47.67258166666667 ]
    }
  }, {
    "type" : "Feature",
    "properties" : {
      "date" : "24/04/2021 15:51:31",
      "bikeType" : "-",
      "child" : "Nein",
      "trailer" : "Nein",
      "pLoc" : "Hosentasche",
      "incident" : "Zu dichtes Überholen",
      "participant" : "",
      "scary" : "Ja",
      "descr" : "",
      "region" : "Konstanz"
    },
    "geometry" : {
      "type" : "Point",
      "coordinates" : [ 9.20268404313852, 47.67351398174516 ]
    }
  }, {
    "type" : "Feature",
    "properties" : {
      "date" : "24/04/2021 14:29:04",
      "bikeType" : "-",
      "child" : "Nein",
      "trailer" : "Nein",
      "pLoc" : "Hosentasche",
      "incident" : "Entgegenkommender Verkehrsteilnehmer",
      "participant" : "",
      "scary" : "Nein",
      "descr" : "",
      "region" : "Konstanz"
    },
    "geometry" : {
      "type" : "Point",
      "coordinates" : [ 9.207315412259685, 47.67265232961218 ]
    }
  }, {
    "type" : "Feature",
    "properties" : {
      "date" : "18/04/2021 10:35:02",
      "bikeType" : "-",
      "child" : "Nein",
      "trailer" : "Nein",
      "pLoc" : "Hosentasche",
      "incident" : "Zu dichtes Überholen",
      "participant" : "",
      "scary" : "Ja",
      "descr" : "",
      "region" : "Konstanz"
    },
    "geometry" : {
      "type" : "Point",
      "coordinates" : [ 9.202565924051713, 47.673477455512035 ]
    }
  }, {
    "type" : "Feature",
    "properties" : {
      "date" : "17/04/2021 07:35:22",
      "bikeType" : "-",
      "child" : "Nein",
      "trailer" : "Nein",
      "pLoc" : "Hosentasche",
      "incident" : "Zu dichtes Überholen",
      "participant" : "",
      "scary" : "Nein",
      "descr" : "",
      "region" : "Konstanz"
    },
    "geometry" : {
      "type" : "Point",
      "coordinates" : [ 9.202521690619509, 47.67348504506532 ]
    }
  }, {
    "type" : "Feature",
    "properties" : {
      "date" : "09/04/2021 09:58:14",
      "bikeType" : "-",
      "child" : "Nein",
      "trailer" : "Nein",
      "pLoc" : "Hosentasche",
      "incident" : "Entgegenkommender Verkehrsteilnehmer",
      "participant" : "",
      "scary" : "Nein",
      "descr" : "",
      "region" : "Konstanz"
    },
    "geometry" : {
      "type" : "Point",
      "coordinates" : [ 9.170228445486348, 47.70907942763826 ]
    }
  }, {
    "type" : "Feature",
    "properties" : {
      "date" : "20/04/2021 18:21:31",
      "bikeType" : "-",
      "child" : "Nein",
      "trailer" : "Nein",
      "pLoc" : "Hosentasche",
      "incident" : "Entgegenkommender Verkehrsteilnehmer",
      "participant" : "Fahrrad",
      "scary" : "Ja",
      "descr" : "Vater mit Kind radeln parallel durch die Engstelle .... das war richtig knapp.\\n",
      "region" : "Konstanz"
    },
    "geometry" : {
      "type" : "Point",
      "coordinates" : [ 9.147453439327705, 47.68234155058861 ]
    }
  }, {
    "type" : "Feature",
    "properties" : {
      "date" : "20/04/2021 18:19:30",
      "bikeType" : "-",
      "child" : "Nein",
      "trailer" : "Nein",
      "pLoc" : "Hosentasche",
      "incident" : "Entgegenkommender Verkehrsteilnehmer",
      "participant" : "Fahrrad",
      "scary" : "Nein",
      "descr" : "ist zwar rechts vor links, aber aus der Unterführung kommend hat das Rad meine Seite geschnitten. \\n",
      "region" : "Konstanz"
    },
    "geometry" : {
      "type" : "Point",
      "coordinates" : [ 9.156048390165848, 47.679583047138564 ]
    }
  }, {
    "type" : "Feature",
    "properties" : {
      "date" : "09/04/2021 17:48:23",
      "bikeType" : "-",
      "child" : "Nein",
      "trailer" : "Nein",
      "pLoc" : "Hosentasche",
      "incident" : "Entgegenkommender Verkehrsteilnehmer",
      "participant" : "",
      "scary" : "Ja",
      "descr" : "An der Stelle schneiden die Pkw oft die Mittellinie .... hier steht man als Linksabbieger zum Radweg will",
      "region" : "Konstanz"
    },
    "geometry" : {
      "type" : "Point",
      "coordinates" : [ 9.17105309095429, 47.6745713837958 ]
    }
  }, {
    "type" : "Feature",
    "properties" : {
      "date" : "09/04/2021 17:53:10",
      "bikeType" : "-",
      "child" : "Nein",
      "trailer" : "Nein",
      "pLoc" : "Hosentasche",
      "incident" : "Entgegenkommender Verkehrsteilnehmer",
      "participant" : "Fahrrad",
      "scary" : "Ja",
      "descr" : "Mutter mit Anhänger mitten auf dem Weg. Diese Stelle ist viel zu eng ....",
      "region" : "Konstanz"
    },
    "geometry" : {
      "type" : "Point",
      "coordinates" : [ 9.147708004186695, 47.68222327878151 ]
    }
  }, {
    "type" : "Feature",
    "properties" : {
      "date" : "01/04/2021 11:18:14",
      "bikeType" : "-",
      "child" : "Nein",
      "trailer" : "Nein",
      "pLoc" : "Hosentasche",
      "incident" : "Entgegenkommender Verkehrsteilnehmer",
      "participant" : "",
      "scary" : "Nein",
      "descr" : "",
      "region" : "Konstanz"
    },
    "geometry" : {
      "type" : "Point",
      "coordinates" : [ 9.16496288850808, 47.68498267770577 ]
    }
  }, {
    "type" : "Feature",
    "properties" : {
      "date" : "04/04/2021 17:16:27",
      "bikeType" : "-",
      "child" : "Nein",
      "trailer" : "Nein",
      "pLoc" : "Hosentasche",
      "incident" : "Zu dichtes Überholen",
      "participant" : "",
      "scary" : "Ja",
      "descr" : "",
      "region" : "Konstanz"
    },
    "geometry" : {
      "type" : "Point",
      "coordinates" : [ 9.198657984697196, 47.67514042244947 ]
    }
  }, {
    "type" : "Feature",
    "properties" : {
      "date" : "04/04/2021 17:17:01",
      "bikeType" : "-",
      "child" : "Nein",
      "trailer" : "Nein",
      "pLoc" : "Hosentasche",
      "incident" : "Entgegenkommender Verkehrsteilnehmer",
      "participant" : "",
      "scary" : "Ja",
      "descr" : "",
      "region" : "Konstanz"
    },
    "geometry" : {
      "type" : "Point",
      "coordinates" : [ 9.200002150142547, 47.67378035145953 ]
    }
  }, {
    "type" : "Feature",
    "properties" : {
      "date" : "02/04/2021 11:46:09",
      "bikeType" : "-",
      "child" : "Nein",
      "trailer" : "Nein",
      "pLoc" : "Hosentasche",
      "incident" : "Zu dichtes Überholen",
      "participant" : "Fahrrad",
      "scary" : "Nein",
      "descr" : "",
      "region" : "Konstanz"
    },
    "geometry" : {
      "type" : "Point",
      "coordinates" : [ 9.199710226520153, 47.67403257518514 ]
    }
  }, {
    "type" : "Feature",
    "properties" : {
      "date" : "02/04/2021 10:47:02",
      "bikeType" : "-",
      "child" : "Nein",
      "trailer" : "Nein",
      "pLoc" : "Hosentasche",
      "incident" : "Entgegenkommender Verkehrsteilnehmer",
      "participant" : "",
      "scary" : "Nein",
      "descr" : "",
      "region" : "Konstanz"
    },
    "geometry" : {
      "type" : "Point",
      "coordinates" : [ 9.209877980594777, 47.66977939283891 ]
    }
  }, {
    "type" : "Feature",
    "properties" : {
      "date" : "19/04/2021 08:21:09",
      "bikeType" : "-",
      "child" : "Nein",
      "trailer" : "Nein",
      "pLoc" : "Hosentasche",
      "incident" : "Entgegenkommender Verkehrsteilnehmer",
      "participant" : "Fußgänger",
      "scary" : "Nein",
      "descr" : "Joggerin mit Kinderwagen kommt mir direkt entgegen. ",
      "region" : "Konstanz"
    },
    "geometry" : {
      "type" : "Point",
      "coordinates" : [ 9.147484247216212, 47.68230172496351 ]
    }
  }, {
    "type" : "Feature",
    "properties" : {
      "date" : "19/04/2021 16:13:15",
      "bikeType" : "-",
      "child" : "Nein",
      "trailer" : "Nein",
      "pLoc" : "Hosentasche",
      "incident" : "Zu dichtes Überholen",
      "participant" : "",
      "scary" : "Nein",
      "descr" : "",
      "region" : "Konstanz"
    },
    "geometry" : {
      "type" : "Point",
      "coordinates" : [ 9.202920670368107, 47.674539708560324 ]
    }
  }, {
    "type" : "Feature",
    "properties" : {
      "date" : "21/04/2021 15:23:44",
      "bikeType" : "-",
      "child" : "Nein",
      "trailer" : "Nein",
      "pLoc" : "Hosentasche",
      "incident" : "Zu dichtes Überholen",
      "participant" : "",
      "scary" : "Nein",
      "descr" : "",
      "region" : "Konstanz"
    },
    "geometry" : {
      "type" : "Point",
      "coordinates" : [ 9.130506848284746, 47.73435434917509 ]
    }
  }, {
    "type" : "Feature",
    "properties" : {
      "date" : "21/04/2021 16:00:34",
      "bikeType" : "-",
      "child" : "Nein",
      "trailer" : "Nein",
      "pLoc" : "Hosentasche",
      "incident" : "Zu dichtes Überholen",
      "participant" : "",
      "scary" : "Nein",
      "descr" : "",
      "region" : "Konstanz"
    },
    "geometry" : {
      "type" : "Point",
      "coordinates" : [ 9.202547581440724, 47.6734527709227 ]
    }
  }, {
    "type" : "Feature",
    "properties" : {
      "date" : "18/04/2021 15:10:39",
      "bikeType" : "-",
      "child" : "Nein",
      "trailer" : "Nein",
      "pLoc" : "Hosentasche",
      "incident" : "Zu dichtes Überholen",
      "participant" : "",
      "scary" : "Nein",
      "descr" : "",
      "region" : "Konstanz"
    },
    "geometry" : {
      "type" : "Point",
      "coordinates" : [ 9.1993647632534, 47.6742463539541 ]
    }
  }, {
    "type" : "Feature",
    "properties" : {
      "date" : "04/04/2021 17:17:15",
      "bikeType" : "-",
      "child" : "Nein",
      "trailer" : "Nein",
      "pLoc" : "Hosentasche",
      "incident" : "Zu dichtes Überholen",
      "participant" : "",
      "scary" : "Nein",
      "descr" : "",
      "region" : "Konstanz"
    },
    "geometry" : {
      "type" : "Point",
      "coordinates" : [ 9.200611796757128, 47.673593149185734 ]
    }
  }, {
    "type" : "Feature",
    "properties" : {
      "date" : "09/04/2021 18:12:21",
      "bikeType" : "-",
      "child" : "Nein",
      "trailer" : "Nein",
      "pLoc" : "Hosentasche",
      "incident" : "Entgegenkommender Verkehrsteilnehmer",
      "participant" : "",
      "scary" : "Nein",
      "descr" : "",
      "region" : "Konstanz"
    },
    "geometry" : {
      "type" : "Point",
      "coordinates" : [ 9.170743398045621, 47.71582951695794 ]
    }
  }, {
    "type" : "Feature",
    "properties" : {
      "date" : "05/04/2021 15:35:06",
      "bikeType" : "-",
      "child" : "Nein",
      "trailer" : "Nein",
      "pLoc" : "Hosentasche",
      "incident" : "Zu dichtes Überholen",
      "participant" : "",
      "scary" : "Nein",
      "descr" : "",
      "region" : "Konstanz"
    },
    "geometry" : {
      "type" : "Point",
      "coordinates" : [ 9.202821589624447, 47.67363046843687 ]
    }
  }, {
    "type" : "Feature",
    "properties" : {
      "date" : "19/04/2021 10:50:10",
      "bikeType" : "-",
      "child" : "Nein",
      "trailer" : "Nein",
      "pLoc" : "Hosentasche",
      "incident" : "Entgegenkommender Verkehrsteilnehmer",
      "participant" : "",
      "scary" : "Nein",
      "descr" : "Durch die Baustelle sehr eng mit Gegenverkehr und Bauzaun! ",
      "region" : "Konstanz"
    },
    "geometry" : {
      "type" : "Point",
      "coordinates" : [ 9.172738394655678, 47.665995332724236 ]
    }
  }, {
    "type" : "Feature",
    "properties" : {
      "date" : "28/03/2021 11:57:39",
      "bikeType" : "-",
      "child" : "Nein",
      "trailer" : "Nein",
      "pLoc" : "Hosentasche",
      "incident" : "Zu dichtes Überholen",
      "participant" : "",
      "scary" : "Nein",
      "descr" : "",
      "region" : "Konstanz"
    },
    "geometry" : {
      "type" : "Point",
      "coordinates" : [ 9.20216626914292, 47.67342213635101 ]
    }
  }, {
    "type" : "Feature",
    "properties" : {
      "date" : "07/04/2021 15:48:49",
      "bikeType" : "-",
      "child" : "Nein",
      "trailer" : "Nein",
      "pLoc" : "Hosentasche",
      "incident" : "Entgegenkommender Verkehrsteilnehmer",
      "participant" : "",
      "scary" : "Nein",
      "descr" : "",
      "region" : "Konstanz"
    },
    "geometry" : {
      "type" : "Point",
      "coordinates" : [ 9.181691825172152, 47.68071499983376 ]
    }
  }, {
    "type" : "Feature",
    "properties" : {
      "date" : "07/04/2021 15:50:29",
      "bikeType" : "-",
      "child" : "Nein",
      "trailer" : "Nein",
      "pLoc" : "Hosentasche",
      "incident" : "Entgegenkommender Verkehrsteilnehmer",
      "participant" : "Bus",
      "scary" : "Ja",
      "descr" : "",
      "region" : "Konstanz"
    },
    "geometry" : {
      "type" : "Point",
      "coordinates" : [ 9.174792028580429, 47.682481416070985 ]
    }
  }, {
    "type" : "Feature",
    "properties" : {
      "date" : "20/04/2021 17:21:52",
      "bikeType" : "-",
      "child" : "Nein",
      "trailer" : "Nein",
      "pLoc" : "Hosentasche",
      "incident" : "Entgegenkommender Verkehrsteilnehmer",
      "participant" : "Fahrrad",
      "scary" : "Nein",
      "descr" : "",
      "region" : "Konstanz"
    },
    "geometry" : {
      "type" : "Point",
      "coordinates" : [ 9.20268694721829, 47.67354476254234 ]
    }
  }, {
    "type" : "Feature",
    "properties" : {
      "date" : "10/04/2021 15:59:09",
      "bikeType" : "-",
      "child" : "Nein",
      "trailer" : "Nein",
      "pLoc" : "Hosentasche",
      "incident" : "Hindernis ausweichen (z.B. Hund)",
      "participant" : "Fußgänger",
      "scary" : "Nein",
      "descr" : "",
      "region" : "Konstanz"
    },
    "geometry" : {
      "type" : "Point",
      "coordinates" : [ 9.161981430342209, 47.69554642296777 ]
    }
  }, {
    "type" : "Feature",
    "properties" : {
      "date" : "10/04/2021 16:03:04",
      "bikeType" : "-",
      "child" : "Nein",
      "trailer" : "Nein",
      "pLoc" : "Hosentasche",
      "incident" : "Hindernis ausweichen (z.B. Hund)",
      "participant" : "Fußgänger",
      "scary" : "Nein",
      "descr" : "",
      "region" : "Konstanz"
    },
    "geometry" : {
      "type" : "Point",
      "coordinates" : [ 9.173066060463935, 47.683403879739586 ]
    }
  }, {
    "type" : "Feature",
    "properties" : {
      "date" : "10/04/2021 16:04:26",
      "bikeType" : "-",
      "child" : "Nein",
      "trailer" : "Nein",
      "pLoc" : "Hosentasche",
      "incident" : "Entgegenkommender Verkehrsteilnehmer",
      "participant" : "",
      "scary" : "Ja",
      "descr" : "PKW fährt trotz anhaltepflicht\\n weiter und drängt mich an den Gehweg, fährt mit hoher Geschwindigkeit und nur ca 30 cm seitlichem Abstand an mir vorbei",
      "region" : "Konstanz"
    },
    "geometry" : {
      "type" : "Point",
      "coordinates" : [ 9.17880396646772, 47.68188894841772 ]
    }
  }, {
    "type" : "Feature",
    "properties" : {
      "date" : "16/04/2021 17:24:50",
      "bikeType" : "Road Racing Bike",
      "child" : "Nein",
      "trailer" : "Nein",
      "pLoc" : "Hosentasche",
      "incident" : "Beinahe-Abbiegeunfall",
      "participant" : "PKW",
      "scary" : "Ja",
      "descr" : "",
      "region" : "Konstanz"
    },
    "geometry" : {
      "type" : "Point",
      "coordinates" : [ 9.148567, 47.679964 ]
    }
  }, {
    "type" : "Feature",
    "properties" : {
      "date" : "16/04/2021 17:25:23",
      "bikeType" : "Road Racing Bike",
      "child" : "Nein",
      "trailer" : "Nein",
      "pLoc" : "Hosentasche",
      "incident" : "Zu dichtes Überholen",
      "participant" : "PKW",
      "scary" : "Nein",
      "descr" : "",
      "region" : "Konstanz"
    },
    "geometry" : {
      "type" : "Point",
      "coordinates" : [ 9.15079, 47.679251 ]
    }
  }, {
    "type" : "Feature",
    "properties" : {
      "date" : "16/04/2021 17:26:17",
      "bikeType" : "Road Racing Bike",
      "child" : "Nein",
      "trailer" : "Nein",
      "pLoc" : "Hosentasche",
      "incident" : "Zu dichtes Überholen",
      "participant" : "PKW",
      "scary" : "Ja",
      "descr" : "",
      "region" : "Konstanz"
    },
    "geometry" : {
      "type" : "Point",
      "coordinates" : [ 9.154582, 47.678044 ]
    }
  }, {
    "type" : "Feature",
    "properties" : {
      "date" : "16/04/2021 17:27:15",
      "bikeType" : "Road Racing Bike",
      "child" : "Nein",
      "trailer" : "Nein",
      "pLoc" : "Hosentasche",
      "incident" : "Beinahe-Dooring",
      "participant" : "PKW",
      "scary" : "Ja",
      "descr" : "",
      "region" : "Konstanz"
    },
    "geometry" : {
      "type" : "Point",
      "coordinates" : [ 9.158709, 47.676772 ]
    }
  }, {
    "type" : "Feature",
    "properties" : {
      "date" : "09/09/2021 16:24:59",
      "bikeType" : "-",
      "child" : "Nein",
      "trailer" : "Nein",
      "pLoc" : "Hosentasche",
      "incident" : "Entgegenkommender Verkehrsteilnehmer",
      "participant" : "Fahrrad",
      "scary" : "Nein",
      "descr" : "radweg eng, wenn unbedarfte touristen engegenkommen",
      "region" : "Konstanz"
    },
    "geometry" : {
      "type" : "Point",
      "coordinates" : [ 9.147524647414684, 47.68236801959574 ]
    }
  }, {
    "type" : "Feature",
    "properties" : {
      "date" : "03/09/2021 11:19:59",
      "bikeType" : "-",
      "child" : "Nein",
      "trailer" : "Nein",
      "pLoc" : "Hosentasche",
      "incident" : "Sonstiges",
      "participant" : "PKW",
      "scary" : "Nein",
      "descr" : "vorfahrt missachtet",
      "region" : "Konstanz"
    },
    "geometry" : {
      "type" : "Point",
      "coordinates" : [ 9.159982586279511, 47.67646125052124 ]
    }
  }, {
    "type" : "Feature",
    "properties" : {
      "date" : "25/03/2022 12:43:26",
      "bikeType" : "City-/Trekking Bike",
      "child" : "Nein",
      "trailer" : "Nein",
      "pLoc" : "Jackentasche",
      "incident" : "Entgegenkommender Verkehrsteilnehmer",
      "participant" : "PKW",
      "scary" : "Nein",
      "descr" : "PKW auf Fahrradbrücke",
      "region" : "Konstanz"
    },
    "geometry" : {
      "type" : "Point",
      "coordinates" : [ 9.1743754, 47.66882935 ]
    }
  }, {
    "type" : "Feature",
    "properties" : {
      "date" : "31/03/2022 19:05:52",
      "bikeType" : "City-/Trekking Bike",
      "child" : "Nein",
      "trailer" : "Nein",
      "pLoc" : "Jackentasche",
      "incident" : "Zu dichtes Überholen",
      "participant" : "PKW",
      "scary" : "Ja",
      "descr" : "",
      "region" : "Konstanz"
    },
    "geometry" : {
      "type" : "Point",
      "coordinates" : [ 9.18044259, 47.67574255 ]
    }
  }, {
    "type" : "Feature",
    "properties" : {
      "date" : "26/03/2022 14:20:13",
      "bikeType" : "City-/Trekking Bike",
      "child" : "Nein",
      "trailer" : "Nein",
      "pLoc" : "Jackentasche",
      "incident" : "Zu dichtes Überholen",
      "participant" : "PKW",
      "scary" : "Nein",
      "descr" : "",
      "region" : "Konstanz"
    },
    "geometry" : {
      "type" : "Point",
      "coordinates" : [ 9.16266287, 47.67556132 ]
    }
  }, {
    "type" : "Feature",
    "properties" : {
      "date" : "26/03/2022 14:16:20",
      "bikeType" : "City-/Trekking Bike",
      "child" : "Nein",
      "trailer" : "Nein",
      "pLoc" : "Jackentasche",
      "incident" : "Sonstiges",
      "participant" : "PKW",
      "scary" : "Nein",
      "descr" : "Schnell in 30er Zone",
      "region" : "Konstanz"
    },
    "geometry" : {
      "type" : "Point",
      "coordinates" : [ 9.17117547, 47.67295365 ]
    }
  }, {
    "type" : "Feature",
    "properties" : {
      "date" : "26/03/2022 14:17:27",
      "bikeType" : "City-/Trekking Bike",
      "child" : "Nein",
      "trailer" : "Nein",
      "pLoc" : "Jackentasche",
      "incident" : "Zu dichtes Auffahren",
      "participant" : "Bus",
      "scary" : "Nein",
      "descr" : "",
      "region" : "Konstanz"
    },
    "geometry" : {
      "type" : "Point",
      "coordinates" : [ 9.16945176, 47.6735212 ]
    }
  }, {
    "type" : "Feature",
    "properties" : {
      "date" : "25/03/2022 13:52:53",
      "bikeType" : "City-/Trekking Bike",
      "child" : "Nein",
      "trailer" : "Nein",
      "pLoc" : "Jackentasche",
      "incident" : "Hindernis ausweichen (z.B. Hund)",
      "participant" : "PKW",
      "scary" : "Nein",
      "descr" : "PKW blockieren vor Kita",
      "region" : "Konstanz"
    },
    "geometry" : {
      "type" : "Point",
      "coordinates" : [ 9.16346442, 47.67941023 ]
    }
  }, {
    "type" : "Feature",
    "properties" : {
      "date" : "25/03/2022 14:14:24",
      "bikeType" : "City-/Trekking Bike",
      "child" : "Nein",
      "trailer" : "Nein",
      "pLoc" : "Jackentasche",
      "incident" : "Entgegenkommender Verkehrsteilnehmer",
      "participant" : "LKW",
      "scary" : "Nein",
      "descr" : "",
      "region" : "Konstanz"
    },
    "geometry" : {
      "type" : "Point",
      "coordinates" : [ 9.16395949, 47.67921279 ]
    }
  }, {
    "type" : "Feature",
    "properties" : {
      "date" : "22/04/2022 06:31:51",
      "bikeType" : "City-/Trekking Bike",
      "child" : "Nein",
      "trailer" : "Nein",
      "pLoc" : "Fahrradkorb",
      "incident" : "Sonstiges",
      "participant" : "PKW",
      "scary" : "Nein",
      "descr" : "Auto parkt auf Radweg\\n",
      "region" : "Konstanz"
    },
    "geometry" : {
      "type" : "Point",
      "coordinates" : [ 8.7793074, 47.7386494 ]
    }
  }, {
    "type" : "Feature",
    "properties" : {
      "date" : "01/04/2022 12:20:28",
      "bikeType" : "City-/Trekking Bike",
      "child" : "Nein",
      "trailer" : "Nein",
      "pLoc" : "Jackentasche",
      "incident" : "Entgegenkommender Verkehrsteilnehmer",
      "participant" : "PKW",
      "scary" : "Nein",
      "descr" : "",
      "region" : "Konstanz"
    },
    "geometry" : {
      "type" : "Point",
      "coordinates" : [ 9.17053707, 47.66165294 ]
    }
  }, {
    "type" : "Feature",
    "properties" : {
      "date" : "22/04/2022 12:14:28",
      "bikeType" : "City-/Trekking Bike",
      "child" : "Nein",
      "trailer" : "Nein",
      "pLoc" : "Fahrradkorb",
      "incident" : "Hindernis ausweichen (z.B. Hund)",
      "participant" : "",
      "scary" : "Nein",
      "descr" : "Schilder und parkende Autos auf Radweg\\n",
      "region" : "Konstanz"
    },
    "geometry" : {
      "type" : "Point",
      "coordinates" : [ 8.7814375, 47.73969928 ]
    }
  }, {
    "type" : "Feature",
    "properties" : {
      "date" : "01/04/2022 08:44:26",
      "bikeType" : "City-/Trekking Bike",
      "child" : "Nein",
      "trailer" : "Nein",
      "pLoc" : "Jackentasche",
      "incident" : "Ein- oder ausparkendes Fahrzeug",
      "participant" : "PKW",
      "scary" : "Nein",
      "descr" : "rückwärts ",
      "region" : "Konstanz"
    },
    "geometry" : {
      "type" : "Point",
      "coordinates" : [ 9.16907663, 47.67923651 ]
    }
  }, {
    "type" : "Feature",
    "properties" : {
      "date" : "08/04/2022 13:51:10",
      "bikeType" : "City-/Trekking Bike",
      "child" : "Nein",
      "trailer" : "Nein",
      "pLoc" : "Jackentasche",
      "incident" : "Beinahe-Dooring",
      "participant" : "PKW",
      "scary" : "Nein",
      "descr" : "",
      "region" : "Konstanz"
    },
    "geometry" : {
      "type" : "Point",
      "coordinates" : [ 9.17680474, 47.6769123 ]
    }
  }, {
    "type" : "Feature",
    "properties" : {
      "date" : "08/04/2022 13:53:11",
      "bikeType" : "City-/Trekking Bike",
      "child" : "Nein",
      "trailer" : "Nein",
      "pLoc" : "Jackentasche",
      "incident" : "Hindernis ausweichen (z.B. Hund)",
      "participant" : "PKW",
      "scary" : "Nein",
      "descr" : "",
      "region" : "Konstanz"
    },
    "geometry" : {
      "type" : "Point",
      "coordinates" : [ 9.17024206, 47.67928589 ]
    }
  }, {
    "type" : "Feature",
    "properties" : {
      "date" : "08/04/2022 13:56:31",
      "bikeType" : "City-/Trekking Bike",
      "child" : "Nein",
      "trailer" : "Nein",
      "pLoc" : "Jackentasche",
      "incident" : "Hindernis ausweichen (z.B. Hund)",
      "participant" : "PKW",
      "scary" : "Nein",
      "descr" : "",
      "region" : "Konstanz"
    },
    "geometry" : {
      "type" : "Point",
      "coordinates" : [ 9.16337438, 47.67938653 ]
    }
  } ]
}