{
  "type" : "FeatureCollection",
  "features" : [ {
    "type" : "Feature",
    "properties" : {
      "date" : "22/04/2021 11:24:25",
      "bikeType" : "-",
      "child" : "Nein",
      "trailer" : "Nein",
      "pLoc" : "Hosentasche",
      "incident" : "Sonstiges",
      "participant" : "",
      "scary" : "Nein",
      "descr" : "Querstraße zweigt unübersichtlich ",
      "region" : "Odenwald"
    },
    "geometry" : {
      "type" : "Point",
      "coordinates" : [ 8.301581546280868, 50.00318234923743 ]
    }
  }, {
    "type" : "Feature",
    "properties" : {
      "date" : "19/04/2021 15:16:13",
      "bikeType" : "Road Racing Bike",
      "child" : "Nein",
      "trailer" : "Nein",
      "pLoc" : "Hosentasche",
      "incident" : "Hindernis ausweichen (z.B. Hund)",
      "participant" : "Fußgänger",
      "scary" : "Nein",
      "descr" : "",
      "region" : "Odenwald"
    },
    "geometry" : {
      "type" : "Point",
      "coordinates" : [ 8.262301, 50.068481 ]
    }
  }, {
    "type" : "Feature",
    "properties" : {
      "date" : "19/04/2021 15:51:42",
      "bikeType" : "Road Racing Bike",
      "child" : "Nein",
      "trailer" : "Nein",
      "pLoc" : "Hosentasche",
      "incident" : "Zu dichtes Überholen",
      "participant" : "Lieferwagen",
      "scary" : "Nein",
      "descr" : "",
      "region" : "Odenwald"
    },
    "geometry" : {
      "type" : "Point",
      "coordinates" : [ 8.255533, 50.002226 ]
    }
  }, {
    "type" : "Feature",
    "properties" : {
      "date" : "21/04/2021 19:59:03",
      "bikeType" : "Road Racing Bike",
      "child" : "Nein",
      "trailer" : "Nein",
      "pLoc" : "Hosentasche",
      "incident" : "Zu dichtes Überholen",
      "participant" : "PKW",
      "scary" : "Nein",
      "descr" : "",
      "region" : "Odenwald"
    },
    "geometry" : {
      "type" : "Point",
      "coordinates" : [ 8.252541, 50.004793 ]
    }
  }, {
    "type" : "Feature",
    "properties" : {
      "date" : "21/04/2021 20:00:35",
      "bikeType" : "Road Racing Bike",
      "child" : "Nein",
      "trailer" : "Nein",
      "pLoc" : "Hosentasche",
      "incident" : "Zu dichtes Überholen",
      "participant" : "PKW",
      "scary" : "Nein",
      "descr" : "",
      "region" : "Odenwald"
    },
    "geometry" : {
      "type" : "Point",
      "coordinates" : [ 8.251758, 50.003895 ]
    }
  }, {
    "type" : "Feature",
    "properties" : {
      "date" : "20/04/2021 12:02:57",
      "bikeType" : "-",
      "child" : "Nein",
      "trailer" : "Nein",
      "pLoc" : "Hosentasche",
      "incident" : "Zu dichtes Überholen",
      "participant" : "LKW",
      "scary" : "Nein",
      "descr" : "",
      "region" : "Odenwald"
    },
    "geometry" : {
      "type" : "Point",
      "coordinates" : [ 8.31672005785617, 49.997348404780816 ]
    }
  }, {
    "type" : "Feature",
    "properties" : {
      "date" : "22/04/2021 19:45:44",
      "bikeType" : "Road Racing Bike",
      "child" : "Nein",
      "trailer" : "Nein",
      "pLoc" : "Hosentasche",
      "incident" : "Zu dichtes Überholen",
      "participant" : "Lieferwagen",
      "scary" : "Ja",
      "descr" : "",
      "region" : "Odenwald"
    },
    "geometry" : {
      "type" : "Point",
      "coordinates" : [ 8.279052, 50.025619 ]
    }
  }, {
    "type" : "Feature",
    "properties" : {
      "date" : "22/04/2021 19:52:05",
      "bikeType" : "Road Racing Bike",
      "child" : "Nein",
      "trailer" : "Nein",
      "pLoc" : "Hosentasche",
      "incident" : "Hindernis ausweichen (z.B. Hund)",
      "participant" : "Fußgänger",
      "scary" : "Nein",
      "descr" : "",
      "region" : "Odenwald"
    },
    "geometry" : {
      "type" : "Point",
      "coordinates" : [ 8.278637, 50.007505 ]
    }
  }, {
    "type" : "Feature",
    "properties" : {
      "date" : "22/04/2021 19:57:34",
      "bikeType" : "Road Racing Bike",
      "child" : "Nein",
      "trailer" : "Nein",
      "pLoc" : "Hosentasche",
      "incident" : "Ein- oder ausparkendes Fahrzeug",
      "participant" : "PKW",
      "scary" : "Nein",
      "descr" : "",
      "region" : "Odenwald"
    },
    "geometry" : {
      "type" : "Point",
      "coordinates" : [ 8.262912, 50.001102 ]
    }
  }, {
    "type" : "Feature",
    "properties" : {
      "date" : "21/04/2021 13:55:00",
      "bikeType" : "Road Racing Bike",
      "child" : "Nein",
      "trailer" : "Nein",
      "pLoc" : "Hosentasche",
      "incident" : "Zu dichtes Überholen",
      "participant" : "Lieferwagen, PKW",
      "scary" : "Ja",
      "descr" : "Auf halber Strecke zwischen Ampel und großer Kreuzung geht die Schnellstraße über in einen Fahrradweg. Bis dahin muss man auf der Straße fahren. Das passt einigen Autofahrer nicht die mit schneller Geschwindigkeit die Stadt verlassen wollen. Man wird also regelmäßig mit Geschwindigkeiten zwischen 60 und 80 KMH in 20-50 cm Abstand überholt.",
      "region" : "Odenwald"
    },
    "geometry" : {
      "type" : "Point",
      "coordinates" : [ 8.255976, 50.072769 ]
    }
  }, {
    "type" : "Feature",
    "properties" : {
      "date" : "21/04/2021 13:59:24",
      "bikeType" : "Road Racing Bike",
      "child" : "Nein",
      "trailer" : "Nein",
      "pLoc" : "Hosentasche",
      "incident" : "Zu dichtes Überholen",
      "participant" : "Lieferwagen",
      "scary" : "Nein",
      "descr" : "",
      "region" : "Odenwald"
    },
    "geometry" : {
      "type" : "Point",
      "coordinates" : [ 8.268679, 50.066689 ]
    }
  }, {
    "type" : "Feature",
    "properties" : {
      "date" : "21/04/2021 14:06:46",
      "bikeType" : "Road Racing Bike",
      "child" : "Nein",
      "trailer" : "Nein",
      "pLoc" : "Hosentasche",
      "incident" : "Zu dichtes Überholen",
      "participant" : "PKW",
      "scary" : "Ja",
      "descr" : "Kein Fahrradweg! Straße zu eng wegen geparkten Autos",
      "region" : "Odenwald"
    },
    "geometry" : {
      "type" : "Point",
      "coordinates" : [ 8.29521, 50.056457 ]
    }
  }, {
    "type" : "Feature",
    "properties" : {
      "date" : "21/04/2021 15:07:48",
      "bikeType" : "Road Racing Bike",
      "child" : "Nein",
      "trailer" : "Nein",
      "pLoc" : "Hosentasche",
      "incident" : "Zu dichtes Überholen",
      "participant" : "Lieferwagen",
      "scary" : "Ja",
      "descr" : "Kein Fahrradweg! Enge Straße auch durch parkende Autos. Steile Steigung von 11 % erschwert den Verkehrsfluss. Von unten kommende Autos überholen häufig auf Haaresbreite",
      "region" : "Odenwald"
    },
    "geometry" : {
      "type" : "Point",
      "coordinates" : [ 8.252885, 50.003761 ]
    }
  }, {
    "type" : "Feature",
    "properties" : {
      "date" : "20/04/2021 12:50:57",
      "bikeType" : "-",
      "child" : "Nein",
      "trailer" : "Nein",
      "pLoc" : "Hosentasche",
      "incident" : "Entgegenkommender Verkehrsteilnehmer",
      "participant" : "Fußgänger",
      "scary" : "Nein",
      "descr" : "",
      "region" : "Odenwald"
    },
    "geometry" : {
      "type" : "Point",
      "coordinates" : [ 8.31020800674613, 49.99955094593269 ]
    }
  }, {
    "type" : "Feature",
    "properties" : {
      "date" : "20/04/2021 12:49:32",
      "bikeType" : "-",
      "child" : "Nein",
      "trailer" : "Nein",
      "pLoc" : "Hosentasche",
      "incident" : "Hindernis ausweichen (z.B. Hund)",
      "participant" : "",
      "scary" : "Nein",
      "descr" : "Poller ",
      "region" : "Odenwald"
    },
    "geometry" : {
      "type" : "Point",
      "coordinates" : [ 8.313566501520906, 49.998115494184695 ]
    }
  }, {
    "type" : "Feature",
    "properties" : {
      "date" : "23/04/2021 18:06:01",
      "bikeType" : "Road Racing Bike",
      "child" : "Nein",
      "trailer" : "Nein",
      "pLoc" : "Hosentasche",
      "incident" : "Zu dichtes Überholen",
      "participant" : "PKW",
      "scary" : "Nein",
      "descr" : "",
      "region" : "Odenwald"
    },
    "geometry" : {
      "type" : "Point",
      "coordinates" : [ 8.317792, 50.041537 ]
    }
  }, {
    "type" : "Feature",
    "properties" : {
      "date" : "23/04/2021 20:05:50",
      "bikeType" : "Road Racing Bike",
      "child" : "Nein",
      "trailer" : "Nein",
      "pLoc" : "Hosentasche",
      "incident" : "Hindernis ausweichen (z.B. Hund)",
      "participant" : "PKW",
      "scary" : "Nein",
      "descr" : "",
      "region" : "Odenwald"
    },
    "geometry" : {
      "type" : "Point",
      "coordinates" : [ 8.279942, 50.008153 ]
    }
  }, {
    "type" : "Feature",
    "properties" : {
      "date" : "23/04/2021 20:05:54",
      "bikeType" : "Road Racing Bike",
      "child" : "Nein",
      "trailer" : "Nein",
      "pLoc" : "Hosentasche",
      "incident" : "Hindernis ausweichen (z.B. Hund)",
      "participant" : "Fußgänger",
      "scary" : "Nein",
      "descr" : "",
      "region" : "Odenwald"
    },
    "geometry" : {
      "type" : "Point",
      "coordinates" : [ 8.279936, 50.008156 ]
    }
  }, {
    "type" : "Feature",
    "properties" : {
      "date" : "23/04/2021 20:06:30",
      "bikeType" : "Road Racing Bike",
      "child" : "Nein",
      "trailer" : "Nein",
      "pLoc" : "Hosentasche",
      "incident" : "Hindernis ausweichen (z.B. Hund)",
      "participant" : "Fußgänger",
      "scary" : "Nein",
      "descr" : "",
      "region" : "Odenwald"
    },
    "geometry" : {
      "type" : "Point",
      "coordinates" : [ 8.278746, 50.007512 ]
    }
  }, {
    "type" : "Feature",
    "properties" : {
      "date" : "22/04/2021 11:54:22",
      "bikeType" : "Road Racing Bike",
      "child" : "Nein",
      "trailer" : "Nein",
      "pLoc" : "Hosentasche",
      "incident" : "Zu dichtes Überholen",
      "participant" : "PKW",
      "scary" : "Nein",
      "descr" : "",
      "region" : "Odenwald"
    },
    "geometry" : {
      "type" : "Point",
      "coordinates" : [ 8.26473, 50.003101 ]
    }
  }, {
    "type" : "Feature",
    "properties" : {
      "date" : "20/04/2021 15:37:59",
      "bikeType" : "Road Racing Bike",
      "child" : "Nein",
      "trailer" : "Nein",
      "pLoc" : "Hosentasche",
      "incident" : "Zu dichtes Überholen",
      "participant" : "PKW",
      "scary" : "Ja",
      "descr" : "",
      "region" : "Odenwald"
    },
    "geometry" : {
      "type" : "Point",
      "coordinates" : [ 8.280115, 50.008774 ]
    }
  }, {
    "type" : "Feature",
    "properties" : {
      "date" : "20/04/2021 15:46:55",
      "bikeType" : "Road Racing Bike",
      "child" : "Nein",
      "trailer" : "Nein",
      "pLoc" : "Hosentasche",
      "incident" : "Zu dichtes Überholen",
      "participant" : "PKW",
      "scary" : "Nein",
      "descr" : "",
      "region" : "Odenwald"
    },
    "geometry" : {
      "type" : "Point",
      "coordinates" : [ 8.264031, 50.002223 ]
    }
  }, {
    "type" : "Feature",
    "properties" : {
      "date" : "20/04/2021 15:49:27",
      "bikeType" : "Road Racing Bike",
      "child" : "Nein",
      "trailer" : "Nein",
      "pLoc" : "Hosentasche",
      "incident" : "Hindernis ausweichen (z.B. Hund)",
      "participant" : "Fußgänger",
      "scary" : "Nein",
      "descr" : "",
      "region" : "Odenwald"
    },
    "geometry" : {
      "type" : "Point",
      "coordinates" : [ 8.258341, 49.999954 ]
    }
  }, {
    "type" : "Feature",
    "properties" : {
      "date" : "22/04/2021 11:58:00",
      "bikeType" : "-",
      "child" : "Nein",
      "trailer" : "Nein",
      "pLoc" : "Hosentasche",
      "incident" : "Entgegenkommender Verkehrsteilnehmer",
      "participant" : "",
      "scary" : "Nein",
      "descr" : "",
      "region" : "Odenwald"
    },
    "geometry" : {
      "type" : "Point",
      "coordinates" : [ 8.30174552682936, 50.00082890143962 ]
    }
  }, {
    "type" : "Feature",
    "properties" : {
      "date" : "22/04/2021 11:56:02",
      "bikeType" : "-",
      "child" : "Nein",
      "trailer" : "Nein",
      "pLoc" : "Hosentasche",
      "incident" : "Entgegenkommender Verkehrsteilnehmer",
      "participant" : "",
      "scary" : "Nein",
      "descr" : "",
      "region" : "Odenwald"
    },
    "geometry" : {
      "type" : "Point",
      "coordinates" : [ 8.301362356385297, 50.00565881757162 ]
    }
  }, {
    "type" : "Feature",
    "properties" : {
      "date" : "22/04/2021 11:58:30",
      "bikeType" : "-",
      "child" : "Nein",
      "trailer" : "Nein",
      "pLoc" : "Hosentasche",
      "incident" : "Ein- oder ausparkendes Fahrzeug",
      "participant" : "Lieferwagen, PKW",
      "scary" : "Nein",
      "descr" : "",
      "region" : "Odenwald"
    },
    "geometry" : {
      "type" : "Point",
      "coordinates" : [ 8.303778252009527, 50.00012564238932 ]
    }
  }, {
    "type" : "Feature",
    "properties" : {
      "date" : "22/04/2021 11:57:48",
      "bikeType" : "-",
      "child" : "Nein",
      "trailer" : "Nein",
      "pLoc" : "Hosentasche",
      "incident" : "Entgegenkommender Verkehrsteilnehmer",
      "participant" : "",
      "scary" : "Nein",
      "descr" : "",
      "region" : "Odenwald"
    },
    "geometry" : {
      "type" : "Point",
      "coordinates" : [ 8.3017247436271, 50.0012101357216 ]
    }
  } ]
}