lat,lon,ts,bike,childCheckBox,trailerCheckBox,pLoc,incident,i1,i2,i3,i4,i5,i6,i7,i8,i9,scary,desc,i10,region
51.23898166666666,7.19353,1606396905870,0,0,0,0,8,0,0,0,0,0,0,0,0,1,0,Wieder mal katastrophale Beschilderung für Umleitungen in der Großbaustelle für Radfahrer,0,Wuppertal
51.25624500000001,7.195361666666668,1605505351345,0,0,0,0,1,0,0,0,0,0,0,0,0,0,0,,0,Wuppertal
51.221185,7.191556666666666,1606201474321,0,0,0,0,2,0,0,0,0,0,0,0,0,0,0,Rückwärts quer über 2 Fahrbahnen\n,0,Wuppertal
51.19767333333333,7.1921316666666675,1604558944450,0,0,0,0,1,0,0,0,1,0,0,1,0,0,0,konnte nicht richtig positioniert werden. Ereignis im Kreuzungsbereich beim Abbiegen\n,0,Wuppertal
51.19744666666667,7.191396666666666,1604559008834,0,0,0,0,1,0,0,0,0,1,0,0,0,0,1,als Linksabbieger wartend wurde ich von einem LKW mit Anhänger rechts überholt. Abstand unter 50 cm,0,Wuppertal
51.19745666666666,7.19143,1604650619208,0,0,0,0,1,0,0,0,0,0,0,0,0,0,0,Beim Linksabbiegen rechts überholt worden.,0,Wuppertal
51.27319414,7.17632183,1588742100031,1,0,0,2,1,0,0,0,0,0,0,1,0,0,0,,0,Wuppertal
51.27313705,7.17558154,1588742115214,1,0,0,2,1,0,0,0,0,0,0,1,0,0,0,,0,Wuppertal
51.26914070230082,7.173278271851118,1589953784713,3,0,0,2,7,0,0,1,0,0,0,0,0,0,0,,0,Wuppertal
51.26638173,7.18773859,1590923905242,3,0,0,2,1,0,0,0,0,0,0,1,0,0,0,,0,Wuppertal
51.26694464,7.18121769,1590923749272,3,0,0,2,1,0,0,0,0,0,0,1,0,0,0,,0,Wuppertal
51.26184507,7.18251173,1590508880642,1,0,0,2,1,0,0,0,0,0,0,1,0,0,0,,0,Wuppertal
51.24889801,7.13077751,1589119338015,1,0,0,0,8,0,0,0,0,0,0,1,0,0,0,rechts vor links zu spät gesehen,0,Wuppertal
51.25753316,7.15804024,1590561583196,1,0,0,0,7,0,0,0,1,0,0,0,0,0,0,,0,Wuppertal
51.26732748,7.16166543,1590420486140,3,0,0,2,5,0,0,0,1,0,0,0,0,0,0,,0,Wuppertal
51.258093,7.146407,1590768185999,7,0,0,1,5,0,0,0,1,0,0,0,0,0,1,"Apotheken-Lieferwagen fährt dicht auf, lässt mehrmals den Motor aufheulen und als ich mich nach hinten umdrehe wird die Licht- und Hupe betätigt. Es war mehr als gefährlich! Hätte ich das Nummernschild erkennen können, wäre ich zur Polizei gegangen!",0,Wuppertal
51.258946,7.146593,1590768210000,7,0,0,1,1,0,0,0,1,0,0,0,0,0,1,"Der Apotheken-Lieferwagen überholt mich kurz nach dem ich auf die linke Spur fuhr und hätte mich fast erwischt!",0,Wuppertal
51.256280,7.197788,1589808569999,7,0,0,1,3,0,0,0,0,0,0,1,0,0,1,"Vorfahrt genommen worden von PKW (rechts vor links)",0,Wuppertal
51.291297,7.185219,1589810342999,7,0,0,1,1,0,0,0,0,0,0,1,0,0,1,"ca. 0,5m",0,Wuppertal
51.219116666666665,7.221221666666666,1607956341118,0,0,0,0,1,0,0,0,0,0,0,0,0,0,0,,0,Wuppertal
51.24791666666667,7.1925566666666665,1608617909771,0,0,0,0,1,0,0,0,1,0,0,1,0,0,0,direkt zum Beginn des Parkstreifens (Engstelle),0,Wuppertal
51.263662,7.233645,1602858041995,1,0,0,0,8,0,0,0,0,0,0,1,0,0,1,"Auto fahren bis zu 100 km/h. Wir mit Kindern daneben auf dem Radweg ",0,Wuppertal
51.263926,7.233732,1602858049995,1,0,0,0,8,0,0,0,0,0,0,1,0,0,1,"Auto fahren bis zu 100 km/h. Wir mit Kindern daneben auf dem Radweg ",0,Wuppertal
51.264661,7.234138,1602858129992,1,0,0,0,8,0,0,0,0,0,0,1,0,0,1,"Auto fahren bis zu 100 km/h. Wir mit Kindern daneben auf dem Radweg ",0,Wuppertal
51.272886666666665,7.231843333333334,1603779552333,7,0,0,2,8,0,0,0,0,0,0,1,0,0,0,Vorfahrt missachtet ,0,Wuppertal
51.19345166666667,7.190816666666666,1602175939001,3,0,0,2,2,0,0,0,0,0,0,1,0,0,0,,0,Wuppertal
51.27152666666666,7.213046666666666,1602047650868,7,0,0,2,7,0,0,0,0,0,0,0,0,1,0,Täglich parkende Krankentransporte an medizinischer Einrichtung.\nAuf Rechtsabbieger-Spur,0,Wuppertal
51.25613666666666,7.196161666666666,1603700218036,3,0,0,2,1,0,0,0,0,0,0,1,0,0,0,nicht im Wald, sondern auf der Hauptstraße 😉,0,Wuppertal
51.24874666666666,7.192435000000001,1603082678389,3,0,0,2,1,0,0,0,0,0,0,1,0,0,0,,0,Wuppertal
51.26352185917093,7.144317681978365,1583220036273,3,0,0,2,8,0,0,0,0,0,0,0,0,0,0,Schlechte Wegstrecke ,0,Wuppertal
51.27106206,7.17852667,1585118769517,1,0,0,2,1,0,0,0,0,0,0,1,0,0,0,,0,Wuppertal
51.147755,7.013343,1583059155993,3,0,0,5,2,0,0,0,0,0,0,1,0,0,0,"Mercedes (Fahrer Senior) parkt direkt im bzw. beim Ausfahren aus dem Kreisverkehr, bremst unvermittelt ohne Lichtzeichen.",0,Wuppertal
51.26851069,7.17921004,1584686692906,1,0,0,2,1,0,0,0,0,0,0,1,0,0,0,,0,Wuppertal
51.257016,7.346858,1584028989997,7,0,0,2,8,0,0,0,0,0,0,0,0,0,1,"Radweg hört auf. Man muss mit auf kurvige Landstraße wo mindesten 70 gefahren wird ",0,Wuppertal
51.252312,7.365250,1584029600976,7,0,0,2,7,0,0,0,0,0,0,0,0,1,1,"Scharfer Hund nicht an der Leine hat angegriffen musste vom Rad springen um was zum Schutz zu haben",0,Wuppertal
51.147698,7.013273,1583426741988,3,0,0,4,8,0,0,0,0,0,0,1,0,0,0,"Autofahrerin nimmt im Kreisverkehr die Vorfahrt!",0,Wuppertal
51.25711955,7.13918214,1583478101857,1,0,0,2,7,0,0,1,0,0,0,0,0,0,0,,0,Wuppertal
51.20212230104816,7.198881271402858,1584510721922,3,0,0,2,7,0,0,0,0,1,0,0,0,0,0,beim Umfahren eines wendenden LKW im nassen Rinnstein weggerutscht. Kein Schaden. Keine Verletzung,0,Wuppertal
51.26787789165974,7.162839928641915,1584337487623,1,0,0,2,8,1,0,0,1,1,1,1,1,0,1,stark ausgefahrene Spurrillen ->\nFahren am Straßenrand schwierig ,0,Wuppertal
51.2648958619684,7.1575013268738985,1584337380733,1,0,0,2,8,1,0,0,1,1,0,1,1,0,1,(Diesel-)Rußgestank regelmäßig hier wegen Beschleunigung am Berg ,0,Wuppertal
51.26744945067912,7.162006348371506,1584337463288,1,0,0,2,8,1,0,0,1,1,0,1,1,0,1,(Diesel-)Rußgestank regelmäßig hier wegen Beschleunigung am Berg ,0,Wuppertal
51.27371186390519,7.196021620184183,1584545943826,1,0,0,2,8,0,0,0,0,0,0,0,0,0,0,sehr schlechter Fahrbahnzustand ,0,Wuppertal
51.26158949453384,7.124483166262507,1584546792416,1,0,0,2,8,0,0,0,0,0,0,0,0,0,0,sehr schlechter Fahrbahnzustand,0,Wuppertal
51.2682988,7.17910468,1585065346797,1,0,0,2,5,0,0,0,0,0,0,1,0,0,1,,0,Wuppertal
51.27371186390519,7.196021620184183,1584545943826,1,0,0,2,8,0,0,0,0,0,0,0,0,0,0,sehr schlechter Fahrbahnzustand ,0,Wuppertal
51.26158949453384,7.124483166262507,1584546792416,1,0,0,2,8,0,0,0,0,0,0,0,0,0,0,sehr schlechter Fahrbahnzustand,0,Wuppertal
51.25806967,7.14988741,1583506027261,1,0,0,0,3,0,0,1,0,0,0,0,0,0,0,,0,Wuppertal
51.25012163414468,7.192309828741119,1585326574707,3,0,0,2,1,0,0,0,0,0,0,1,0,0,0,,0,Wuppertal
51.30804135540628,7.208462485257466,1584287881183,3,0,0,2,4,0,0,0,0,0,0,1,0,0,0,,0,Wuppertal
51.25597202836361,7.196330963800992,1584437293469,3,0,0,2,1,0,0,0,0,0,0,1,0,0,0,,0,Wuppertal
51.26619156,7.18821043,1584206849180,6,1,0,2,1,0,0,0,0,0,0,1,0,0,0,,0,Wuppertal
51.25400249,7.13635038,1583078146386,1,0,0,0,8,0,0,0,0,0,0,0,0,0,0,Wechsel auf Bürgersteig,0,Wuppertal
51.27371186390519,7.196021620184183,1584545943826,1,0,0,2,8,0,0,0,0,0,0,0,0,0,0,sehr schlechter Fahrbahnzustand ,0,Wuppertal
51.26158949453384,7.124483166262507,1584546792416,1,0,0,2,8,0,0,0,0,0,0,0,0,0,0,sehr schlechter Fahrbahnzustand,0,Wuppertal
51.26654975,7.18953939,1585151697389,3,0,0,2,1,0,0,0,0,0,0,1,0,0,0,,0,Wuppertal
51.27371186390519,7.196021620184183,1584545943826,1,0,0,2,8,0,0,0,0,0,0,0,0,0,0,sehr schlechter Fahrbahnzustand ,0,Wuppertal
51.26158949453384,7.124483166262507,1584546792416,1,0,0,2,8,0,0,0,0,0,0,0,0,0,0,sehr schlechter Fahrbahnzustand,0,Wuppertal
51.20008465940879,7.074636490463281,1583761108358,3,0,0,2,8,0,0,0,0,0,0,0,0,0,0,Starke Steigung. Schalten vergessen. ,0,Wuppertal
51.19695506119237,7.071506866511279,1583760818480,3,0,0,2,8,0,0,0,0,0,0,0,0,0,0,Aktuell schlechte Wegfulindung wegen Baustelle / Umleitung,0,Wuppertal
51.2897818768502,7.233300359831694,1583477695115,3,0,0,2,4,0,0,0,0,0,0,1,0,0,0,,0,Wuppertal
51.27371186390519,7.196021620184183,1584545943826,1,0,0,2,8,0,0,0,0,0,0,0,0,0,0,sehr schlechter Fahrbahnzustand ,0,Wuppertal
51.26158949453384,7.124483166262507,1584546792416,1,0,0,2,8,0,0,0,0,0,0,0,0,0,0,sehr schlechter Fahrbahnzustand,0,Wuppertal
51.264717830345035,7.157498896121979,1583298552210,1,0,0,2,8,1,0,0,1,1,0,1,1,0,1,(Diesel-)Rußgestank - regelmäßig hier wegen Beschleunigung am Berg,0,Wuppertal
51.26773644704372,7.1630048006772995,1583298658980,1,0,0,2,8,1,0,0,1,1,0,1,1,0,1,(Diesel-)Rußgestank - regelmäßig hier wegen Beschleunigung am Berg,0,Wuppertal
51.26784587278962,7.163474019616842,1583298668160,1,0,0,2,8,1,0,0,1,1,0,1,1,0,1,stark ausgefahrene Spurrillen. --> Fahren am Straßenrand schwierig,0,Wuppertal
51.264717830345035,7.157498896121979,1583298552210,1,0,0,2,8,1,0,0,1,1,0,1,1,0,1,(Diesel-)Rußgestank - regelmäßig hier wegen Beschleunigung am Berg,0,Wuppertal
51.26773644704372,7.1630048006772995,1583298658980,1,0,0,2,8,1,0,0,1,1,0,1,1,0,1,(Diesel-)Rußgestank - regelmäßig hier wegen Beschleunigung am Berg,0,Wuppertal
51.26784587278962,7.163474019616842,1583298668160,1,0,0,2,8,1,0,0,1,1,0,1,1,0,1,stark ausgefahrene Spurrillen. --> Fahren am Straßenrand schwierig,0,Wuppertal
51.26098353981178,7.196927624001395,1584984687114,3,0,0,2,8,0,0,0,0,0,0,0,0,0,0,Schlechtes GPS auf den nächsten 400 Metern :-),0,Wuppertal
51.26199085,7.16887819,1583251478368,3,0,0,2,1,0,0,0,0,0,0,1,0,0,0,,0,Wuppertal
51.26449232,7.17927218,1585633440582,1,0,0,2,5,0,0,0,0,0,0,1,0,0,1,,0,Wuppertal
51.27371186390519,7.196021620184183,1584545943826,1,0,0,2,8,0,0,0,0,0,0,0,0,0,0,sehr schlechter Fahrbahnzustand ,0,Wuppertal
51.26158949453384,7.124483166262507,1584546792416,1,0,0,2,8,0,0,0,0,0,0,0,0,0,0,sehr schlechter Fahrbahnzustand,0,Wuppertal
51.25502266,7.14640783,1583589660760,3,1,0,2,3,0,0,0,0,0,0,1,0,0,0,,0,Wuppertal
51.26781055463234,7.20813442281309,1584260058991,3,0,0,2,2,0,0,0,0,0,0,1,0,0,0,ließ Auto vorbei und scherte vor mir aus der Parklücke, um wieder einzuparken,0,Wuppertal
51.27371186390519,7.196021620184183,1584545943826,1,0,0,2,8,0,0,0,0,0,0,0,0,0,0,sehr schlechter Fahrbahnzustand ,0,Wuppertal
51.26158949453384,7.124483166262507,1584546792416,1,0,0,2,8,0,0,0,0,0,0,0,0,0,0,sehr schlechter Fahrbahnzustand,0,Wuppertal
51.27522566,7.22285035,1583919542317,3,0,0,2,8,0,0,0,0,0,0,1,0,0,0,Pkw Fahrer pöbelt,0,Wuppertal
51.2678952421993,7.163271177560091,1584507735801,1,0,0,2,8,1,0,0,1,1,0,1,1,0,1,stark ausgefahrene Spurrillen.  -> Fahren am Straßenrand schwierig ,0,Wuppertal
51.267779362387955,7.163053415715694,1584507729642,1,0,0,2,8,1,0,0,1,1,0,1,1,0,1,(Diesel-) Rußgestank - regelmäßig hier wegen Beschleunigung am Berg,0,Wuppertal
51.26465173903853,7.157631330192089,1584507622261,1,0,0,2,8,1,0,0,1,1,0,1,1,0,1,(Diesel-) Rußgestank -  regelmäßig hier wegen Beschleunigung am Berg,0,Wuppertal
51.20075410303989,7.2511839866727374,1584799184785,3,0,0,2,8,0,0,0,0,0,0,0,0,0,0,Gefährliches Schlagloch,0,Wuppertal
51.27371186390519,7.196021620184183,1584545943826,1,0,0,2,8,0,0,0,0,0,0,0,0,0,0,sehr schlechter Fahrbahnzustand ,0,Wuppertal
51.26158949453384,7.124483166262507,1584546792416,1,0,0,2,8,0,0,0,0,0,0,0,0,0,0,sehr schlechter Fahrbahnzustand,0,Wuppertal
51.26162636898623,7.197342100967365,1585405221469,3,0,0,2,8,0,0,0,0,0,0,0,0,0,0,Info: "Biobiker"-begleitete Fahrt,0,Wuppertal
51.213847168344486,7.226591130127238,1585246097448,3,0,0,2,7,0,0,0,0,0,0,1,0,0,0,... haltender Pkw blockiert den Fahrradschutzstreifen.,0,Wuppertal
51.250071438683264,7.192293658820186,1585247024968,3,0,0,2,1,0,0,0,0,0,0,1,0,0,0,2. ... und noch einer. Und hupt noch, weil man nicht im "Rinnstein" fährt.,0,Wuppertal
51.24981799598685,7.1923361073400605,1585247021958,3,0,0,2,1,0,0,0,0,0,0,1,0,0,0,1. ... wie so oft an dieser Stelle,0,Wuppertal
51.26472868490964,7.157498812302947,1584593950711,1,0,0,2,8,1,0,0,1,1,0,1,1,0,1,(Diesel-)Rußgestank -> regelmäßig hier wegen Beschleunigung am Berg ,0,Wuppertal
51.26777408178896,7.162828361615539,1584594069951,1,0,0,2,8,1,0,0,1,1,0,1,1,0,1,(Diesel-)Rußgestank -> regelmäßig hier wegen Beschleunigung am Berg ,0,Wuppertal
51.26805349253118,7.163329431787133,1584594085371,1,0,0,2,8,1,0,0,1,1,0,1,1,0,1,stark ausgefahrene Spurrillen. -> Fahren am Straßenrand schwierig ,0,Wuppertal
51.25862070824951,7.146830325946212,1584593663371,1,0,0,2,8,1,0,0,0,0,0,0,0,0,1,(Diesel-)Rußgestank -> regelmäßig hier wegen starkem Haltestellen-Busverkehr ,0,Wuppertal
51.24790909700096,7.104203151538968,1584713853547,1,0,0,1,7,0,0,1,0,0,0,0,0,0,0,Fußgänger springt unvermittelt auf den Radweg.,0,Wuppertal
51.2574819,7.15956581,1583833641412,1,0,0,2,8,0,0,0,0,0,0,0,0,0,0,Fahrzeug parkt auf Schutzstreifen,0,Wuppertal
51.27371186390519,7.196021620184183,1584545943826,1,0,0,2,8,0,0,0,0,0,0,0,0,0,0,sehr schlechter Fahrbahnzustand ,0,Wuppertal
51.26158949453384,7.124483166262507,1584546792416,1,0,0,2,8,0,0,0,0,0,0,0,0,0,0,sehr schlechter Fahrbahnzustand,0,Wuppertal
51.185131286386614,7.180226928643213,1591633261014,3,0,0,1,7,0,0,0,0,0,0,1,0,0,0,Pkw blockiert den Fahrradschutzstreifen,0,Wuppertal
51.251192,7.155073,1592648624998,1,0,0,0,8,0,0,0,0,0,0,0,0,1,0,"Vollkommen fehlerhafte Radverkehrsführung, wenn man weiter Richtung Westen will. ",0,Wuppertal
51.27041222,7.1781619,1591335461281,1,0,0,2,1,0,0,0,0,0,0,1,0,0,0,,0,Wuppertal
51.27127978,7.17832078,1591335473552,1,0,0,2,1,0,0,0,0,0,0,1,0,0,0,,0,Wuppertal
51.26139889050331,7.1972393049493775,1591595032620,3,0,0,1,1,0,0,0,0,0,0,1,0,0,0,,0,Wuppertal
51.256012,7.150857,1593344542987,1,0,0,0,8,0,0,0,0,0,0,0,0,1,0,"Katastrophale Verkehrswegeführung. ",0,Wuppertal
51.267113,7.184913,1591516451987,1,0,0,0,8,0,0,0,0,0,0,0,0,1,0,"Sehr uneindeutige Wegeführung. ",0,Wuppertal
51.267561,7.193931,1591516666993,1,0,0,0,8,0,0,0,0,0,0,0,0,1,0,"Keine erkennbare Fahrrad-Parkmöglichkeit direkt an Barmer Bahnhof. ",0,Wuppertal
51.252370,7.158603,1592384404991,1,0,0,0,8,0,0,0,0,0,0,0,0,1,0,"Fehlende Radwegeführung",0,Wuppertal
51.2360279940946,7.192354740979296,1591713564032,3,0,0,1,2,0,0,0,0,0,0,1,0,0,0,,0,Wuppertal
51.243881,7.178391,1593358867995,1,0,0,0,8,0,0,0,0,0,0,0,0,1,1,"Katastrophaler Fahrbahnzustand. ",0,Wuppertal
51.259218,7.148324,1593359337996,1,0,0,0,3,0,0,1,0,0,0,0,0,0,0,"Schlechte Ampelschaltung bzw. unklare Lichtzeichen für abbiegenden Fahrradverkehr. ",0,Wuppertal
51.26051802799974,7.197133981446367,1591533186158,3,0,0,1,1,0,0,0,0,0,0,1,0,0,0,,0,Wuppertal
51.25809552094431,7.192919001605793,1591533453682,3,0,0,1,1,0,0,0,0,0,0,1,0,0,0,,0,Wuppertal
51.26784619,7.19519507,1591720395364,1,0,0,2,5,0,0,0,0,0,0,1,0,0,1,,0,Wuppertal
51.18620390626566,7.19136444620902,1591165008808,3,0,0,1,1,0,0,0,0,0,0,1,0,0,0,,0,Wuppertal
51.25575388444844,7.196608107823391,1591163151891,3,0,0,1,1,0,0,0,0,0,0,1,0,0,0,,0,Wuppertal
51.25783447,7.15577728,1591982292005,3,0,0,2,1,0,0,0,0,0,0,1,0,0,0,,0,Wuppertal
51.27034335,7.17841814,1591765214179,1,0,0,2,1,0,0,0,0,0,0,1,0,0,0,,0,Wuppertal
51.269043333333336,7.1973650000000005,1594500779734,3,0,0,2,1,0,0,0,0,0,0,1,0,0,0,...und dann geschnitten, um rechts abzubiegen,0,Wuppertal
51.209005,7.197943333333334,1594054266292,3,0,0,5,8,0,0,0,0,0,0,0,0,0,0,Starkregenpause 😀,0,Wuppertal
51.199464024759266,6.883359165130282,1595874280844,1,0,0,0,7,0,0,1,0,0,0,0,0,1,1,nicht angeleinter Hund rennt mir beinahe unters Rad ,0,Wuppertal
51.168108576138664,7.008081060526071,1595856022187,1,0,0,0,7,0,0,0,1,0,0,0,0,0,1,Hermes Lieferwagen auf Radweg, musste daher in fließenden Verkehr ausweichen ,0,Wuppertal
51.253060000000005,7.19418,1593752195726,3,0,0,2,1,0,0,0,0,0,0,1,0,0,0,,0,Wuppertal
51.25281333333334,7.193949999999999,1593665526749,3,0,0,2,1,0,0,0,0,0,0,1,0,0,0,,0,Wuppertal
51.258631666666666,7.194491666666666,1594011392956,3,0,0,2,1,0,0,0,1,0,0,0,0,0,0,,0,Wuppertal
51.25852166666667,7.1939183333333325,1594011399114,3,0,0,2,1,0,0,0,1,0,0,0,0,0,0,,0,Wuppertal
51.26510833333334,7.177063333333333,1595349784075,3,0,0,5,7,0,0,0,1,0,0,0,0,0,0,Versperrt Fahrradweg,0,Wuppertal
51.25040166666666,7.192321666666667,1594913680925,3,0,0,2,1,0,0,0,0,0,0,1,0,0,1,,0,Wuppertal
51.276305,7.217803,1592225197000,7,0,0,1,1,0,0,0,1,0,0,0,0,0,0,,0,Wuppertal
51.265753333333336,7.20398,1595660154134,3,0,0,4,1,0,0,0,0,0,0,1,0,0,0,,0,Wuppertal
51.197766666666666,7.076255,1595433965808,3,0,0,5,1,0,0,0,1,0,0,0,0,0,0,,0,Wuppertal
51.260728333333326,7.196986666666667,1595480756952,3,0,0,5,1,0,0,0,1,0,0,0,0,0,0,,0,Wuppertal
51.26211,7.201338333333333,1596092426140,3,0,0,4,1,0,0,0,0,0,0,0,0,1,0,Rettungswagen, nicht im Einsatz,0,Wuppertal
51.26470234,7.14712487,1582875344894,1,0,0,2,1,0,0,0,0,0,0,1,0,0,0,,0,Wuppertal
51.27056288,7.14839774,1582875624337,1,0,0,2,7,0,0,0,0,1,0,0,0,0,0,,0,Wuppertal
51.25836119573507,7.135120850395193,1582040507433,1,0,0,2,4,0,0,0,0,0,0,1,0,0,0,,0,Wuppertal
51.238423,7.235645,1582135159999,1,0,0,0,8,0,0,0,0,0,0,0,0,1,0,"Das Linksabbiegen Richtung Lichtscheid  ist unkomfortabel geregelt",0,Wuppertal
51.239675,7.193374,1582135986999,1,0,0,0,8,0,0,0,0,0,0,0,0,0,0,"Der Radweg ist ab dort nicht mehr benutzungspflichtig.\nDer Bürgersteig ist nicht für Radler freigegeben.\nEine Bordsteinabsenkung zum Wechseln auf die an dieser Stelle eher gefährlichen Fahrbahn fehlt. Wo sollen die   Radler hin?",0,Wuppertal
51.242896,7.191029,1582136062999,1,0,0,0,8,0,0,0,0,0,0,0,0,0,0,"An der Stelle können Ortskundige nach Rechts abbiegen, die große Kreuzung unterqueren, auf der anderen Seite legal auf dem für Radler freigegebenen Bürgersteig gegen die Einbahnstraße fahren und landen dann auf dem Radweg Richtung Küllenhahn/Cronenberg/Sambatrasse.\nFür nicht so Ortskundige fehlt eine deutliche Ausschilderung- das verführt zu einem viel gefährlicheren Weg!",0,Wuppertal
51.2587003,7.15257833,1582873695986,1,0,0,2,3,0,0,0,0,0,0,1,0,0,0,,0,Wuppertal
51.257296,7.176203,1581498307993,1,0,0,0,8,0,0,0,0,0,0,1,0,0,0,"Abbiegen nach links in Einfahrt am Ziel bei Berganfahrt ist für Autofahrer selbst bei Handzeichen offensichtlich ein überraschendes Ansinnen.",0,Wuppertal
51.294868093451036,7.200892521624062,1582574564634,3,0,0,2,7,0,0,1,0,0,0,0,0,0,0,,0,Wuppertal
51.26939457395834,7.179684782802471,1582643210312,3,0,0,2,8,0,0,0,0,0,0,0,0,0,0,, Kopfsteinpflaster,0,Wuppertal
51.27241554185434,7.190120924104837,1582826165491,3,0,0,0,7,0,0,1,0,0,0,0,0,0,0,Jogger auf dem Fahrradweg,0,Wuppertal
51.259985439447945,7.141505412320226,1581607835993,1,0,0,2,4,0,0,0,0,0,0,1,0,0,0,Entgegenkommenden Fahrzeuge bei gleichzeitigem Einparken eines weiteren Kfz. ,0,Wuppertal
51.259751378054126,7.140648069476764,1581607860605,1,0,0,2,4,0,0,0,0,0,0,0,0,0,0,,0,Wuppertal
51.26610345,7.18057563,1582201771624,3,0,0,2,7,0,0,0,0,0,0,0,0,0,0,Nagel auf der Straße,0,Wuppertal
51.26753998,7.18079783,1582201933324,3,0,0,2,1,0,0,0,0,0,0,1,0,0,0,,0,Wuppertal
51.25659079,7.14597707,1582699029847,1,0,0,0,8,0,0,0,0,0,0,0,0,0,0,rutschiger Untergrund wegen Schnee,0,Wuppertal
51.25796899,7.15483444,1581665218473,1,0,0,2,7,0,0,0,0,0,0,1,0,0,0,PKW von rechts hielt auf Radweg,0,Wuppertal
51.26436318,7.17368382,1582895002036,1,0,0,2,1,0,0,0,0,0,0,1,0,0,0,,0,Wuppertal
51.26394057,7.17191813,1582895085207,1,0,0,2,7,0,0,1,0,0,0,0,0,0,0,,0,Wuppertal
51.25728649,7.16034077,1582096039128,1,0,0,2,7,0,0,0,0,0,0,1,0,0,0,zugeparkter Radwegbeginn,0,Wuppertal
51.24902154318988,7.102908985689282,1582041415640,1,0,0,1,1,0,0,0,0,0,0,1,0,0,0,mit sehr hoher Geschwindigkeit von 2 3er BMW's im Rennmodus.,0,Wuppertal
51.25576561,7.14655486,1582279796555,1,0,0,2,4,0,0,0,1,0,0,0,0,0,0,,0,Wuppertal
51.25881821,7.1532552,1581609650758,1,0,0,2,7,0,0,1,0,0,0,0,0,0,0,,0,Wuppertal
51.245273,7.152522,1582290869864,3,0,0,0,3,0,0,0,0,0,0,0,1,0,0,,0,Wuppertal
51.250369,7.142247,1582291007865,3,0,0,0,1,0,0,0,0,0,0,1,0,0,0,,0,Wuppertal
51.258841,7.152584,1581617031991,1,0,0,0,8,0,0,0,0,0,0,1,0,0,0,"Autofahrer:innen, die aus dem Kipdorf in den Kreisverkehr einbiegen, ignorieren in schöner Regelmäßigkeit den Fahrradweg. ",0,Wuppertal
51.259037,7.150774,1581670024237,1,0,0,0,3,0,0,0,0,0,0,1,0,0,0,"Ein- und Ausfahrt",0,Wuppertal
51.258994,7.151145,1581670028237,1,0,0,0,8,0,0,1,0,0,0,0,0,0,0,"Fußgänger übersieht Radweg",0,Wuppertal
51.258440,7.174394,1581670740996,1,0,0,0,1,0,0,0,0,0,0,1,0,0,0,,0,Wuppertal
51.295113448406916,7.201488878864141,1582833800741,3,0,0,2,8,0,0,0,0,0,0,0,0,0,0,Schnee wurde nicht weggeräumt ,0,Wuppertal
51.258984,7.152778,1581516690779,1,0,0,0,8,0,0,1,0,0,0,0,0,0,0,"Zebrastreifen gilt auch für Fahrradweg. Ist aber schlecht gekennzeichnet und verunsichert Fußgänger.",0,Wuppertal
51.262410,7.147701,1581516885997,1,0,0,0,8,1,0,0,0,1,0,0,0,0,0,"Busspur ist zwar (noch) nicht für Fahrradverkehr freigegeben, habe sie aber dennoch genutzt. Mußte dann aber, um nicht hinter den Bus an der Haltestelle zu versauern, in den fließenden Verkehr einbiegen. ",0,Wuppertal
51.265161,7.147242,1581516941996,1,0,0,0,8,1,0,0,0,0,0,0,0,0,0,"Ab hier mußte nun der Bus bis zur nächsten Haltestelle hinter mir 'herzockeln'. Vermutlich aufgrund der Enge dort kaum vernünftig lösbar, dennoch irgendwie eine unbefriedigende Infrastruktur. ",0,Wuppertal
51.25526667,7.14647613,1582272433979,1,0,0,2,4,0,0,0,1,0,0,0,0,0,0,,0,Wuppertal
51.257660,7.156857,1581691409279,1,0,0,0,8,0,0,0,0,0,0,1,0,0,0,"Autofahrer an Ausfahrt nicht auf Radweg eingestellt. ",0,Wuppertal
51.257835,7.155626,1581691425279,1,0,0,0,8,0,0,1,0,0,0,0,0,0,0,"Grundsätzlich an diesem Steckenstück zu wenig Raum für Radweg und Fußgänger. ",0,Wuppertal
51.25678762,7.13802258,1582786658315,1,0,0,0,7,0,0,0,0,1,0,0,0,0,0,Müllabfuhr,0,Wuppertal
51.2876258863938,7.181118737246922,1582607824607,3,0,0,2,8,0,0,0,0,0,0,0,0,0,0,Straßen Unebenheit,0,Wuppertal
51.231722,7.209597,1586442919000,7,0,0,1,1,0,0,0,0,0,0,1,0,0,1,"Ich bin mit ca. 45 kmh die Straße heruntergefahren und wurde dann kurz vor einer Verkehrsinsel überholt - aufgrund dessen konnte der Mindestabstand nicht eingehalten werden und es wurde eng. Meines Erachtens nach war das Überholen sowieso nicht nötig, der Autofahrer war eigentlich nicht schneller als ich, aber gut.",0,Wuppertal
51.236979,7.158362,1586189446132,7,0,0,1,4,0,1,0,0,0,0,0,0,0,0,"Enge Stelle, aber nichts gefährliches.",0,Wuppertal
51.20011526781495,7.19779279506024,1587478035553,3,0,0,2,1,0,0,0,0,0,0,1,0,0,0,musste wg. abladenden Lkw auf Gegenspur ausweichen und wurde dabei noch zu knapp überholt,0,Wuppertal
51.2667886,7.1900649,1587835045551,5,1,0,2,1,0,0,0,0,0,0,1,0,0,0,,0,Wuppertal
51.2667886,7.1900649,1587835045551,5,1,0,2,1,0,0,0,0,0,0,1,0,0,0,,0,Wuppertal
51.184825621062416,7.18082094105849,1586880474215,3,0,0,2,7,0,0,0,1,0,0,0,0,0,0,blockiert den Fahrradschutzstreifen,0,Wuppertal
51.24260266514555,7.179998548663222,1585849093818,3,0,0,2,2,0,0,0,0,0,0,1,0,0,1,Pkw rückwärts aus Einfahrt gefahren ohne Verkehr auf Radweg zu beachten,0,Wuppertal
51.2667574,7.19225344,1586357143699,1,0,0,2,1,0,0,0,0,0,0,1,0,0,1,Polizeiliche Anzeige erstattet,0,Wuppertal
51.25281767,7.13174129,1586014011845,6,1,0,2,2,0,0,0,0,0,0,1,0,0,0,,0,Wuppertal
51.185889818795374,7.0207246112403014,1587991224910,3,0,0,1,1,0,0,0,0,0,0,1,0,0,0,,0,Wuppertal
51.19314976644088,7.190934828029327,1587098898003,3,0,0,2,7,0,0,0,1,0,0,0,0,0,0,entgegenkommender Wagen blockiert meine Fahrspur,0,Wuppertal
51.25015613605667,7.192248320143869,1585754331493,3,0,0,2,1,0,0,0,0,0,0,1,0,0,1,geschnitten und zum bremsen gezwungen,0,Wuppertal
51.249194883458856,7.192438308778093,1585754319293,3,0,0,2,1,0,0,0,0,0,0,1,0,0,1,im Kreuzungsbereich, mit Gegenverkehr und Verkehr auf der Rechtsabbiegerspur,0,Wuppertal
51.268426374504834,7.1980858961807614,1588065829796,3,0,0,1,1,0,0,0,0,0,0,1,0,0,0,,0,Wuppertal
51.25793065174794,7.155016628067186,1587060915548,3,0,0,1,7,0,0,0,0,0,0,0,0,1,0,Baustelle auf dem Fahrradweg,0,Wuppertal
51.26387453859273,7.174523211192442,1587060675778,3,0,0,1,7,0,0,0,0,0,0,1,0,0,0,,0,Wuppertal
51.2632047053452,7.17308149098544,1587060700392,3,0,0,1,7,0,0,0,0,0,0,1,0,0,0,blockiert den Fahrradweg in der Kreuzung,0,Wuppertal
51.26671572,7.18969706,1587813703218,5,1,0,2,1,0,0,0,0,0,0,1,0,0,0,,0,Wuppertal
51.2684612,7.17886627,1585892963686,1,0,0,2,1,0,0,0,0,0,0,1,0,0,0,,0,Wuppertal
51.25619495,7.15787127,1586324990974,1,0,0,2,1,0,0,0,0,0,0,1,0,0,0,,0,Wuppertal
51.26601663,7.19117809,1586271294297,1,0,0,2,1,0,0,0,0,0,0,1,0,0,0,,0,Wuppertal
51.276812988258634,7.2027525572577495,1588179708898,3,0,0,2,7,0,0,0,0,0,0,1,0,0,0,,0,Wuppertal
51.26606191,7.19133957,1587481173011,1,0,0,2,1,0,0,0,0,0,0,1,0,0,0,,0,Wuppertal
51.25764117,7.17003341,1585719777571,1,0,0,2,1,0,0,0,1,0,0,0,0,0,0,,0,Wuppertal
51.24262266869389,7.181029345503448,1585849104960,3,0,0,2,2,0,0,0,0,0,0,1,0,0,0,,0,Wuppertal
51.19714980724412,7.19096402611884,1586961948479,3,0,0,2,7,0,0,0,1,0,0,0,0,0,0,,0,Wuppertal
51.26968114,7.18054068,1587197644754,1,0,0,2,1,0,0,0,0,0,0,1,0,0,0,,0,Wuppertal
51.27077292,7.17841946,1587448297403,1,0,0,2,1,0,0,0,0,0,0,1,0,0,0,,0,Wuppertal
51.26663012,7.18978581,1586084805714,3,0,0,2,1,0,0,0,0,0,0,1,0,0,0,,0,Wuppertal
51.247480530291796,7.107755821198225,1585838881641,1,0,0,1,8,0,1,0,0,0,0,0,0,0,0,Radfahrer vor mir verliert Handschuhe.,0,Wuppertal
51.2347539215612,7.327786041390568,1586541333511,3,0,0,2,1,0,0,0,0,0,0,1,0,0,0,,0,Wuppertal
51.235572346207995,7.321470454833296,1586541376495,3,0,0,2,1,0,0,0,0,0,0,1,0,0,0,,0,Wuppertal
51.26657756,7.18978852,1587566570218,1,0,0,2,1,0,0,0,0,0,0,1,0,0,0,,0,Wuppertal
51.26606649,7.18765887,1587566545704,1,0,0,2,1,0,0,0,0,0,0,1,0,0,0,,0,Wuppertal
51.26657756,7.18978852,1587566570218,1,0,0,2,1,0,0,0,0,0,0,1,0,0,0,,0,Wuppertal
51.26606649,7.18765887,1587566545704,1,0,0,2,1,0,0,0,0,0,0,1,0,0,0,,0,Wuppertal
51.23600692022592,7.208759766072035,1587393388545,7,0,0,1,8,0,0,0,0,0,0,0,0,0,0,schlechte wegstrecke,0,Wuppertal
51.2517534330833,7.192982268857128,1585715588696,3,0,0,2,1,0,0,0,0,0,0,1,0,0,0,,0,Wuppertal
51.2661441,7.19159646,1587205561480,1,0,0,2,1,0,0,0,0,0,0,1,0,0,0,,0,Wuppertal
51.26585897,7.19064615,1587654035684,5,0,0,2,1,0,0,0,0,0,0,1,0,0,0,,0,Wuppertal
51.24893411094182,7.192558567297461,1587387875136,3,0,0,4,1,0,0,0,0,0,0,1,0,0,0,,0,Wuppertal
51.25290485,7.13185455,1586530874119,6,1,0,2,7,0,0,0,0,0,0,1,0,0,0,,0,Wuppertal
51.2470417,7.10727831,1586531950007,6,1,0,2,1,0,0,0,0,0,0,1,0,0,0,,0,Wuppertal
51.27412202,7.19479839,1587484851621,6,1,0,2,1,0,0,0,0,0,0,1,0,0,0,,0,Wuppertal
51.26608365,7.19141479,1588085588062,1,0,0,2,1,0,0,0,0,0,0,1,0,0,0,,0,Wuppertal
51.248354752689224,7.192636384511272,1586842954708,3,0,0,2,1,0,0,0,0,0,0,1,0,0,0,,0,Wuppertal
51.254407,7.143603,1587798128000,2,0,0,1,7,0,0,1,0,0,0,0,0,0,0,"FG hat die Straße überquert ohne zu gucken ",0,Wuppertal
51.255147,7.139781,1587798695998,2,0,0,1,6,0,0,0,0,0,0,0,1,0,0,,0,Wuppertal
51.25641833333334,7.194631666666667,1598334930306,3,0,0,5,1,0,0,0,1,0,0,0,0,0,0,,0,Wuppertal
51.253744999999995,7.195245,1598334982672,3,0,0,5,1,0,0,0,0,0,0,1,0,0,0,,0,Wuppertal
51.200255,7.197993333333333,1597812963922,3,0,0,4,1,0,0,0,0,0,0,1,0,0,0,,0,Wuppertal
51.200115000000004,7.197693333333333,1597812966945,3,0,0,4,1,0,0,0,0,0,0,1,0,0,0,,0,Wuppertal
51.25171333333333,7.193085,1600785650326,3,0,0,4,1,0,0,0,0,0,0,1,0,0,0,...mit überhöhter Geschwindigkeit bei Gegenverkehr. Zu knapp wieder eingeschert,0,Wuppertal
51.252825,7.194041666666667,1599838207825,3,0,0,4,6,0,0,0,0,0,0,1,0,0,0,,0,Wuppertal
51.255943333333335,7.196273333333333,1600404684577,3,0,0,2,1,0,0,0,0,0,0,1,0,0,0,,0,Wuppertal
51.18386666666667,7.186776666666666,1601015075906,3,0,0,2,1,0,0,0,1,0,0,0,0,0,0,,0,Wuppertal
51.26270261127502,7.136253789067268,1636209400000,1,0,0,0,3,0,0,0,0,0,0,1,0,0,0,,0,Wuppertal
51.25769484322518,7.161031868308783,1636441018000,1,0,0,1,2,0,0,0,0,0,0,1,0,0,0,,0,Wuppertal
51.230274,7.207713,1620822926001,7,0,0,1,1,0,0,0,0,0,0,1,0,0,0,,0,Wuppertal
51.1540964,7.02210916,1620730561000,0,0,0,0,2,0,0,0,0,0,0,0,0,0,0,Ausfahrt Supermarkt, KfZ warten aufgrund schlechter Sicht quer auf Radweg.,0,Wuppertal
51.25844256,7.15378159,1620662466000,0,0,0,0,3,0,0,0,0,0,0,0,0,0,1,,0,Wuppertal
51.257002,7.146315,1622625653998,7,0,0,1,7,0,0,1,0,0,0,0,0,0,0,"Frau hat nicht geschaut - hab sie ganz schön erschreckt!",0,Wuppertal
51.256378,7.140453,1623211503001,3,0,0,1,8,0,0,0,0,0,0,0,0,1,0,"Rechts vor links, Vorfahrt geachtet ",0,Wuppertal
51.255576,7.138199,1623211527000,3,0,0,1,8,0,0,0,0,0,0,0,0,1,0,"Vorfahrt geachtet ",0,Wuppertal
51.249426,7.116704,1623211823000,3,0,0,1,8,0,0,0,0,0,0,1,0,0,0,"PKW blockiert Fahrradspur ",0,Wuppertal
51.2474337592721,7.10469382815063,1623309850000,0,0,0,0,8,0,0,0,0,0,0,0,0,0,0,Vollsperrung für alle außer Zufussgehende.,0,Wuppertal
51.161887,7.01348193,1624952462000,,0,0,,1,0,0,0,0,0,0,1,0,0,0,,0,Wuppertal
51.16456858,7.02277004,1624956683000,,0,0,,1,0,0,0,0,0,0,1,0,0,1,,0,Wuppertal
51.15188001,7.02047282,1624956331000,,0,0,,2,0,0,0,0,0,0,1,0,0,0,,0,Wuppertal
51.15260122,7.02118425,1624956349000,,0,0,,2,0,0,0,0,0,0,1,0,0,0,,0,Wuppertal
51.198388393968344,6.838862942531705,1627214855000,,0,0,,3,0,0,0,0,0,0,1,0,0,1,Autofahrer fährt mich beim rechtsabbiegen fast über den Haufen, trotz markiertem Radweg,0,Wuppertal
51.196730243973434,6.847706018015742,1627214958000,,0,0,,3,0,0,0,0,0,0,1,0,0,1,PKW überholt kurz vor der Kreuzung und fährt mich beim Rechtsabbiegen fast über den Haufen,0,Wuppertal
51.21108266059309,6.789309214800596,1625832771000,,0,0,,7,0,0,0,0,0,0,1,0,0,1,PKW wendet auf der Straße in einem Zug und nutzt dabei den Radweg, wodurch es fast zum Zusammenstoß kommt,0,Wuppertal
51.16807042155415,6.9627319648861885,1626059939000,,0,0,,8,0,0,0,0,0,0,0,0,0,0,schlechte Ampelschaltung, dadurch scharfes Abbremsen nötig,0,Wuppertal
51.21287995018065,6.790752159431577,1626149322000,,0,0,,7,0,0,0,0,0,0,0,0,0,0,E-Scooter liegt umgekippt quer auf dem Radweg im Tunnel unter den Bahngleisen hindurch und ist auf Grund der Lichtverhältnisse trotz eingeschaltetem Licht am Fahrrad kaum zu erkennen ,1,Wuppertal
51.15798087,6.9885318,1626110713000,,0,0,,5,0,0,0,0,0,0,0,0,1,0,Notarztwagen ohne Eilauftrag drängelt,0,Wuppertal
51.11814364,6.96530647,1626111538000,,0,0,,1,0,0,0,0,0,0,1,0,0,0,,0,Wuppertal
51.167949638329446,6.956724571064115,1626355834000,,0,0,,7,0,0,0,0,0,0,0,0,1,1,offener Gullideckel mitten auf dem Radweg ,0,Wuppertal
51.17011535447091,6.932570692151785,1626448559000,,0,0,,4,0,1,0,0,0,0,0,0,0,1,Fahrrad kommt von rechts aus einem kleinen Weg und dann entgegen der Fahrtrichtung auf dem Fuß/Radweg, es kommt fast zum Zusammenstoß ,0,Wuppertal
51.167738288640976,6.9813416339457035,1626449220000,,0,0,,7,0,0,1,0,0,0,0,0,0,1,Fußgänger rennt ohne zu gucken auf den Radweg und es kommt fast zum Zusammenstoß ,0,Wuppertal
51.17779891937971,6.881324741989374,1627590022000,,0,0,,7,0,0,0,0,0,0,0,0,0,1,unbeleuchteter umgekippter E-Scooter liegt quer auf dem Radweg unter einem Baum und damit auch nicht von der Straßenlaterne beleuchtet, es kommt beinahe zum Sturz ,1,Wuppertal
51.19424354285002,6.98248484171927,1627041294000,,0,0,,1,0,0,0,1,0,0,0,0,0,0,Ich fahre im Kreisverkehr und will diesen verlassen, in dem Moment überholt mich viel zu dicht ein Lieferwagen an der Engstelle auf Höhe der Fußgänger-Querungshilfe,0,Wuppertal
51.21075086295605,6.7771650943905115,1626092544000,,0,0,,7,0,0,0,0,0,0,1,0,0,1,PKW parkt auf Radweg, dadurch ausweichen in den fließenden Verkehr notwendig ,0,Wuppertal
51.15886543,7.00574659,1626114246000,,0,0,,5,0,0,0,0,0,0,1,0,0,0,,0,Wuppertal
51.191551107913256,7.008094908669591,1625905948000,,0,0,,1,0,0,0,0,0,0,1,0,0,1,,0,Wuppertal
51.235717,7.210200,1614200247000,7,0,0,1,4,0,1,0,0,0,0,0,0,0,0,,0,Wuppertal
51.248543984256685,7.127133691683412,1618211911000,0,0,0,0,8,0,0,0,0,1,0,0,0,0,0,Autotransporter beim Abladen.,0,Wuppertal
51.248035,7.146999,1619276195000,7,0,0,1,4,0,0,0,0,0,0,1,0,0,1,"Ein PKW biegt sehr schnell nach rechts in die Pfalzgrafenstraße ein, nimmt mich dabei fast mit. Das ist auf das Unwissen des PKW-Fahrers und auf eine sehr enge Parksituation im Kreuzungsbereich zurückzuführen. Bodenmarkierungen oder auffälligere Hinweisschilder würden Abhilfe schaffen!",0,Wuppertal
51.25793967,7.16191276,1604675295207,0,0,0,0,6,0,0,0,0,0,0,0,0,0,0,,0,Wuppertal
51.18132252,7.04001583,1630407077000,,0,0,,7,0,0,0,0,1,0,0,0,0,0,Parken auf Bordsteinradweg, Sichtbehinderung nachfolgende Kreuzung.,0,Wuppertal
51.19256624020636,6.8922532349824905,1629203594000,,0,0,,8,0,0,0,0,0,0,0,0,0,0,Bis hier hin stimmen die GPS Daten nicht...,0,Wuppertal
51.258326126262546,7.16330680064857,1632723248000,1,0,0,0,7,0,0,0,0,0,0,0,0,1,0,Glasscherben,0,Wuppertal
51.16523746,7.0253046,1646742272000,3,0,0,4,8,0,0,0,0,1,0,0,0,0,1,LKW setzt in zugeparktem engem Straßenraum mit Gegenverkehr zum Überholen an. Muss bremsen um mich nicht zu überfahren.,0,Wuppertal
51.16389609,7.02097358,1646742311000,3,0,0,4,1,0,0,0,0,0,0,1,0,0,1,überholen trotz zu nahem Gegenverkehr,0,Wuppertal
51.17515441,7.05504392,1646741938000,3,0,0,4,5,0,0,0,0,0,0,1,0,0,1,Überholversuche ohne Rücksicht auf Verluste,0,Wuppertal
51.17333785,7.04567577,1646742038000,3,0,0,4,1,0,0,0,0,0,0,1,0,0,0,,0,Wuppertal
51.17641357,7.06097695,1646741884000,3,0,0,4,7,0,0,0,1,0,0,0,0,0,0,Parken auf Schutzstreifen, gleichzeitig drängelnder Verkehr von hinten,0,Wuppertal
51.15669668,6.99748589,1650796565000,3,0,0,4,5,0,0,0,0,0,0,1,0,0,0,,0,Wuppertal
51.15722153,7.00060976,1650796629000,3,0,0,4,5,0,0,0,0,0,0,1,0,0,1,,0,Wuppertal
51.15830205,7.00400626,1650796729000,3,0,0,4,1,0,0,0,0,0,0,1,0,0,0,,0,Wuppertal
51.15862258,7.00521003,1650796750000,3,0,0,4,1,0,0,0,1,0,0,1,0,0,0,,0,Wuppertal
51.15963289,7.00589884,1650796786000,3,0,0,4,7,0,0,0,0,0,0,1,0,0,0,Zwei entladende Fahrzeuge in der Fahrspur plus Gehweg statt in freien Plätzen am anderen Straßenrand,0,Wuppertal
51.12741091,6.99407945,1650795278000,3,0,0,4,3,0,0,0,0,0,0,0,0,1,0,Abbiegen vom Radweg nach links ins Wohngebiet im Konflikt mit PKW, die eigentlich eh an der Ampel warten mussten,0,Wuppertal
51.1475382,6.97853066,1650796099000,3,0,0,4,4,0,0,0,0,0,0,1,0,0,1,Entgegenkommen mit breitem Fahrzeug konfrontativ in hohem Tempo,0,Wuppertal
51.13481879,7.00285162,1650788612000,3,0,0,4,7,0,0,0,0,0,0,0,0,0,1,Baustelle ohne Vorwarnung mitten auf Radstreifen.,0,Wuppertal
51.13603086,7.0076993,1650788557000,3,0,0,4,7,0,0,0,0,0,0,1,0,0,0,Radweg beparkt, wenig Platz,0,Wuppertal
51.14049024,7.01358444,1650788457000,3,0,0,4,7,0,0,0,1,0,0,0,0,0,0,Schmaler Radweg beparkt (Rettungswagen,nicht im Dienst), Ausweichen nur in Lücke zwischen Fahrzeug und Kiosk möglich,0,Wuppertal
51.13160374,6.99706867,1650788736000,3,0,0,4,8,0,0,1,0,0,0,0,0,0,0,Radweg führt mit wenig Platz über Wartebereich einer Bushaltestelle. Unangenehm und gefährdend für die Fußgänger. ,0,Wuppertal
