{
  "type" : "FeatureCollection",
  "features" : [ {
    "type" : "Feature",
    "properties" : {
      "date" : "31/05/2022 12:41:43",
      "bikeType" : "City-/Trekking Bike",
      "child" : "Nein",
      "trailer" : "Nein",
      "pLoc" : "Hosentasche",
      "incident" : "Hindernis ausweichen (z.B. Hund)",
      "participant" : "PKW",
      "scary" : "Nein",
      "descr" : "",
      "region" : "Magdeburg"
    },
    "geometry" : {
      "type" : "Point",
      "coordinates" : [ 11.62459367, 52.1091638 ]
    }
  }, {
    "type" : "Feature",
    "properties" : {
      "date" : "18/05/2022 16:45:14",
      "bikeType" : "City-/Trekking Bike",
      "child" : "Nein",
      "trailer" : "Nein",
      "pLoc" : "Hosentasche",
      "incident" : "Hindernis ausweichen (z.B. Hund)",
      "participant" : "Fußgänger",
      "scary" : "Nein",
      "descr" : "",
      "region" : "Magdeburg"
    },
    "geometry" : {
      "type" : "Point",
      "coordinates" : [ 11.61974472, 52.12410206 ]
    }
  }, {
    "type" : "Feature",
    "properties" : {
      "date" : "20/05/2022 08:00:35",
      "bikeType" : "City-/Trekking Bike",
      "child" : "Nein",
      "trailer" : "Nein",
      "pLoc" : "Hosentasche",
      "incident" : "Hindernis ausweichen (z.B. Hund)",
      "participant" : "PKW",
      "scary" : "Nein",
      "descr" : "",
      "region" : "Magdeburg"
    },
    "geometry" : {
      "type" : "Point",
      "coordinates" : [ 11.62507743, 52.10911571 ]
    }
  }, {
    "type" : "Feature",
    "properties" : {
      "date" : "31/05/2022 16:04:53",
      "bikeType" : "City-/Trekking Bike",
      "child" : "Nein",
      "trailer" : "Nein",
      "pLoc" : "Hosentasche",
      "incident" : "Hindernis ausweichen (z.B. Hund)",
      "participant" : "Fußgänger",
      "scary" : "Nein",
      "descr" : "",
      "region" : "Magdeburg"
    },
    "geometry" : {
      "type" : "Point",
      "coordinates" : [ 11.6031007, 52.11128188 ]
    }
  }, {
    "type" : "Feature",
    "properties" : {
      "date" : "19/05/2022 07:45:03",
      "bikeType" : "City-/Trekking Bike",
      "child" : "Nein",
      "trailer" : "Nein",
      "pLoc" : "Hosentasche",
      "incident" : "Hindernis ausweichen (z.B. Hund)",
      "participant" : "PKW",
      "scary" : "Nein",
      "descr" : "",
      "region" : "Magdeburg"
    },
    "geometry" : {
      "type" : "Point",
      "coordinates" : [ 11.6279695, 52.10850095 ]
    }
  }, {
    "type" : "Feature",
    "properties" : {
      "date" : "23/05/2022 15:32:37",
      "bikeType" : "City-/Trekking Bike",
      "child" : "Nein",
      "trailer" : "Nein",
      "pLoc" : "Hosentasche",
      "incident" : "Beinahe-Abbiegeunfall",
      "participant" : "PKW",
      "scary" : "Nein",
      "descr" : "",
      "region" : "Magdeburg"
    },
    "geometry" : {
      "type" : "Point",
      "coordinates" : [ 11.63557453, 52.12478475 ]
    }
  }, {
    "type" : "Feature",
    "properties" : {
      "date" : "20/05/2022 18:27:27",
      "bikeType" : "City-/Trekking Bike",
      "child" : "Nein",
      "trailer" : "Nein",
      "pLoc" : "Hosentasche",
      "incident" : "Beinahe-Abbiegeunfall",
      "participant" : "PKW",
      "scary" : "Nein",
      "descr" : "",
      "region" : "Magdeburg"
    },
    "geometry" : {
      "type" : "Point",
      "coordinates" : [ 11.62759339, 52.1207333 ]
    }
  }, {
    "type" : "Feature",
    "properties" : {
      "date" : "30/05/2022 07:49:43",
      "bikeType" : "City-/Trekking Bike",
      "child" : "Nein",
      "trailer" : "Nein",
      "pLoc" : "Hosentasche",
      "incident" : "Hindernis ausweichen (z.B. Hund)",
      "participant" : "Lieferwagen",
      "scary" : "Nein",
      "descr" : "",
      "region" : "Magdeburg"
    },
    "geometry" : {
      "type" : "Point",
      "coordinates" : [ 11.62692791, 52.10872955 ]
    }
  }, {
    "type" : "Feature",
    "properties" : {
      "date" : "30/05/2022 17:28:56",
      "bikeType" : "City-/Trekking Bike",
      "child" : "Nein",
      "trailer" : "Nein",
      "pLoc" : "Hosentasche",
      "incident" : "Zu dichtes Überholen",
      "participant" : "PKW",
      "scary" : "Nein",
      "descr" : "",
      "region" : "Magdeburg"
    },
    "geometry" : {
      "type" : "Point",
      "coordinates" : [ 11.63669985, 52.13411219 ]
    }
  }, {
    "type" : "Feature",
    "properties" : {
      "date" : "03/06/2022 07:08:53",
      "bikeType" : "City-/Trekking Bike",
      "child" : "Nein",
      "trailer" : "Nein",
      "pLoc" : "Hosentasche",
      "incident" : "Hindernis ausweichen (z.B. Hund)",
      "participant" : "PKW",
      "scary" : "Nein",
      "descr" : "",
      "region" : "Magdeburg"
    },
    "geometry" : {
      "type" : "Point",
      "coordinates" : [ 11.6229459, 52.1093831 ]
    }
  }, {
    "type" : "Feature",
    "properties" : {
      "date" : "10/06/2022 08:40:54",
      "bikeType" : "City-/Trekking Bike",
      "child" : "Nein",
      "trailer" : "Nein",
      "pLoc" : "Hosentasche",
      "incident" : "Hindernis ausweichen (z.B. Hund)",
      "participant" : "Fußgänger",
      "scary" : "Nein",
      "descr" : "",
      "region" : "Magdeburg"
    },
    "geometry" : {
      "type" : "Point",
      "coordinates" : [ 11.62921541, 52.12625468 ]
    }
  }, {
    "type" : "Feature",
    "properties" : {
      "date" : "10/06/2022 08:39:30",
      "bikeType" : "City-/Trekking Bike",
      "child" : "Nein",
      "trailer" : "Nein",
      "pLoc" : "Hosentasche",
      "incident" : "Hindernis ausweichen (z.B. Hund)",
      "participant" : "Fußgänger",
      "scary" : "Nein",
      "descr" : "",
      "region" : "Magdeburg"
    },
    "geometry" : {
      "type" : "Point",
      "coordinates" : [ 11.63058136, 52.12893396 ]
    }
  }, {
    "type" : "Feature",
    "properties" : {
      "date" : "16/06/2022 07:02:54",
      "bikeType" : "City-/Trekking Bike",
      "child" : "Nein",
      "trailer" : "Nein",
      "pLoc" : "Hosentasche",
      "incident" : "Beinahe-Abbiegeunfall",
      "participant" : "PKW",
      "scary" : "Nein",
      "descr" : "",
      "region" : "Magdeburg"
    },
    "geometry" : {
      "type" : "Point",
      "coordinates" : [ 11.61216848, 52.12666172 ]
    }
  }, {
    "type" : "Feature",
    "properties" : {
      "date" : "09/06/2022 14:50:08",
      "bikeType" : "City-/Trekking Bike",
      "child" : "Nein",
      "trailer" : "Nein",
      "pLoc" : "Hosentasche",
      "incident" : "Hindernis ausweichen (z.B. Hund)",
      "participant" : "Fußgänger",
      "scary" : "Nein",
      "descr" : "",
      "region" : "Magdeburg"
    },
    "geometry" : {
      "type" : "Point",
      "coordinates" : [ 11.58718278, 52.12378112 ]
    }
  }, {
    "type" : "Feature",
    "properties" : {
      "date" : "08/06/2022 15:57:56",
      "bikeType" : "City-/Trekking Bike",
      "child" : "Nein",
      "trailer" : "Nein",
      "pLoc" : "Hosentasche",
      "incident" : "Hindernis ausweichen (z.B. Hund)",
      "participant" : "PKW",
      "scary" : "Nein",
      "descr" : "",
      "region" : "Magdeburg"
    },
    "geometry" : {
      "type" : "Point",
      "coordinates" : [ 11.62324248, 52.1092804 ]
    }
  }, {
    "type" : "Feature",
    "properties" : {
      "date" : "07/06/2022 10:54:13",
      "bikeType" : "City-/Trekking Bike",
      "child" : "Nein",
      "trailer" : "Nein",
      "pLoc" : "Hosentasche",
      "incident" : "Beinahe-Abbiegeunfall",
      "participant" : "PKW",
      "scary" : "Ja",
      "descr" : "",
      "region" : "Magdeburg"
    },
    "geometry" : {
      "type" : "Point",
      "coordinates" : [ 11.57735646, 52.09930744 ]
    }
  }, {
    "type" : "Feature",
    "properties" : {
      "date" : "02/06/2022 11:58:43",
      "bikeType" : "City-/Trekking Bike",
      "child" : "Nein",
      "trailer" : "Nein",
      "pLoc" : "Hosentasche",
      "incident" : "Hindernis ausweichen (z.B. Hund)",
      "participant" : "Fahrrad",
      "scary" : "Nein",
      "descr" : "",
      "region" : "Magdeburg"
    },
    "geometry" : {
      "type" : "Point",
      "coordinates" : [ 11.62063539, 52.10977831 ]
    }
  }, {
    "type" : "Feature",
    "properties" : {
      "date" : "07/06/2022 09:53:16",
      "bikeType" : "City-/Trekking Bike",
      "child" : "Nein",
      "trailer" : "Nein",
      "pLoc" : "Hosentasche",
      "incident" : "Hindernis ausweichen (z.B. Hund)",
      "participant" : "PKW",
      "scary" : "Nein",
      "descr" : "",
      "region" : "Magdeburg"
    },
    "geometry" : {
      "type" : "Point",
      "coordinates" : [ 11.62232028, 52.10959086 ]
    }
  }, {
    "type" : "Feature",
    "properties" : {
      "date" : "05/06/2022 16:04:11",
      "bikeType" : "City-/Trekking Bike",
      "child" : "Nein",
      "trailer" : "Nein",
      "pLoc" : "Hosentasche",
      "incident" : "Zu dichtes Überholen",
      "participant" : "PKW",
      "scary" : "Nein",
      "descr" : "",
      "region" : "Magdeburg"
    },
    "geometry" : {
      "type" : "Point",
      "coordinates" : [ 11.62399864, 52.19049841 ]
    }
  }, {
    "type" : "Feature",
    "properties" : {
      "date" : "15/06/2022 11:13:05",
      "bikeType" : "City-/Trekking Bike",
      "child" : "Nein",
      "trailer" : "Nein",
      "pLoc" : "Hosentasche",
      "incident" : "Hindernis ausweichen (z.B. Hund)",
      "participant" : "PKW",
      "scary" : "Nein",
      "descr" : "",
      "region" : "Magdeburg"
    },
    "geometry" : {
      "type" : "Point",
      "coordinates" : [ 11.62290034, 52.10942506 ]
    }
  }, {
    "type" : "Feature",
    "properties" : {
      "date" : "15/06/2022 14:29:57",
      "bikeType" : "City-/Trekking Bike",
      "child" : "Nein",
      "trailer" : "Nein",
      "pLoc" : "Hosentasche",
      "incident" : "Beinahe-Abbiegeunfall",
      "participant" : "PKW",
      "scary" : "Nein",
      "descr" : "",
      "region" : "Magdeburg"
    },
    "geometry" : {
      "type" : "Point",
      "coordinates" : [ 11.63045488, 52.13999874 ]
    }
  }, {
    "type" : "Feature",
    "properties" : {
      "date" : "13/06/2022 17:42:38",
      "bikeType" : "City-/Trekking Bike",
      "child" : "Nein",
      "trailer" : "Nein",
      "pLoc" : "Hosentasche",
      "incident" : "Hindernis ausweichen (z.B. Hund)",
      "participant" : "Fußgänger",
      "scary" : "Nein",
      "descr" : "",
      "region" : "Magdeburg"
    },
    "geometry" : {
      "type" : "Point",
      "coordinates" : [ 11.6288389, 52.1213469 ]
    }
  }, {
    "type" : "Feature",
    "properties" : {
      "date" : "09/06/2022 07:46:41",
      "bikeType" : "City-/Trekking Bike",
      "child" : "Nein",
      "trailer" : "Nein",
      "pLoc" : "Hosentasche",
      "incident" : "Hindernis ausweichen (z.B. Hund)",
      "participant" : "PKW",
      "scary" : "Nein",
      "descr" : "",
      "region" : "Magdeburg"
    },
    "geometry" : {
      "type" : "Point",
      "coordinates" : [ 11.62631578, 52.10883444 ]
    }
  }, {
    "type" : "Feature",
    "properties" : {
      "date" : "08/06/2022 08:41:49",
      "bikeType" : "City-/Trekking Bike",
      "child" : "Nein",
      "trailer" : "Nein",
      "pLoc" : "Hosentasche",
      "incident" : "Hindernis ausweichen (z.B. Hund)",
      "participant" : "PKW",
      "scary" : "Nein",
      "descr" : "",
      "region" : "Magdeburg"
    },
    "geometry" : {
      "type" : "Point",
      "coordinates" : [ 11.60136279, 52.10020676 ]
    }
  }, {
    "type" : "Feature",
    "properties" : {
      "date" : "07/06/2022 07:47:36",
      "bikeType" : "City-/Trekking Bike",
      "child" : "Nein",
      "trailer" : "Nein",
      "pLoc" : "Hosentasche",
      "incident" : "Hindernis ausweichen (z.B. Hund)",
      "participant" : "PKW",
      "scary" : "Nein",
      "descr" : "",
      "region" : "Magdeburg"
    },
    "geometry" : {
      "type" : "Point",
      "coordinates" : [ 11.62289929, 52.10945361 ]
    }
  }, {
    "type" : "Feature",
    "properties" : {
      "date" : "16/10/2002 09:38:52",
      "bikeType" : "City-/Trekking Bike",
      "child" : "Nein",
      "trailer" : "Nein",
      "pLoc" : "Hosentasche",
      "incident" : "Beinahe-Abbiegeunfall",
      "participant" : "PKW",
      "scary" : "Nein",
      "descr" : "",
      "region" : "Magdeburg"
    },
    "geometry" : {
      "type" : "Point",
      "coordinates" : [ 11.61407268, 52.13905959 ]
    }
  }, {
    "type" : "Feature",
    "properties" : {
      "date" : "07/06/2022 13:38:53",
      "bikeType" : "City-/Trekking Bike",
      "child" : "Nein",
      "trailer" : "Nein",
      "pLoc" : "Hosentasche",
      "incident" : "Hindernis ausweichen (z.B. Hund)",
      "participant" : "Fahrrad",
      "scary" : "Nein",
      "descr" : "",
      "region" : "Magdeburg"
    },
    "geometry" : {
      "type" : "Point",
      "coordinates" : [ 11.63589847, 52.12236434 ]
    }
  }, {
    "type" : "Feature",
    "properties" : {
      "date" : "18/06/2022 11:25:24",
      "bikeType" : "City-/Trekking Bike",
      "child" : "Nein",
      "trailer" : "Nein",
      "pLoc" : "Hosentasche",
      "incident" : "Zu dichtes Überholen",
      "participant" : "PKW",
      "scary" : "Nein",
      "descr" : "deutlich zu schnell",
      "region" : "Magdeburg"
    },
    "geometry" : {
      "type" : "Point",
      "coordinates" : [ 11.60672241, 52.11261054 ]
    }
  } ]
}