{
  "type" : "FeatureCollection",
  "features" : [ {
    "type" : "Feature",
    "properties" : {
      "date" : "02/03/2024 15:15:12",
      "bikeType" : "City-/Trekking Bike",
      "child" : "Nein",
      "trailer" : "Nein",
      "pLoc" : "Jackentasche",
      "incident" : "Zu dichtes Überholen",
      "participant" : "PKW",
      "scary" : "Ja",
      "descr" : "\"Wurde fast von der Straße gedrängt. Der Fahrer war ein Rentner.\"",
      "region" : "Freiburg"
    },
    "geometry" : {
      "type" : "Point",
      "coordinates" : [ 7.78532736, 48.02532566 ]
    }
  }, {
    "type" : "Feature",
    "properties" : {
      "date" : "02/03/2024 15:24:12",
      "bikeType" : "City-/Trekking Bike",
      "child" : "Nein",
      "trailer" : "Nein",
      "pLoc" : "Jackentasche",
      "incident" : "Entgegenkommender Verkehrsteilnehmer",
      "participant" : "PKW",
      "scary" : "Nein",
      "descr" : "\"Rentner kam mit ca. 50-60 km/h entgegen. Das ist eine Fahrradstraße wir fuhren nebeneinander.\"",
      "region" : "Freiburg"
    },
    "geometry" : {
      "type" : "Point",
      "coordinates" : [ 7.79426485, 48.02165972 ]
    }
  }, {
    "type" : "Feature",
    "properties" : {
      "date" : "09/07/2024 12:54:21",
      "bikeType" : "City-/Trekking Bike",
      "child" : "Nein",
      "trailer" : "Nein",
      "pLoc" : "Hosentasche",
      "incident" : "Beinahe-Dooring",
      "participant" : "PKW",
      "scary" : "Nein",
      "descr" : "\"\"",
      "region" : "Freiburg"
    },
    "geometry" : {
      "type" : "Point",
      "coordinates" : [ 7.857387383490647, 47.99584388867818 ]
    }
  }, {
    "type" : "Feature",
    "properties" : {
      "date" : "08/07/2024 17:42:14",
      "bikeType" : "City-/Trekking Bike",
      "child" : "Nein",
      "trailer" : "Nein",
      "pLoc" : "Hosentasche",
      "incident" : "Entgegenkommender Verkehrsteilnehmer",
      "participant" : "Fahrrad",
      "scary" : "Nein",
      "descr" : "\"auf Radweg in falscher Richtung bei Engstelle wg Baustelle\"",
      "region" : "Freiburg"
    },
    "geometry" : {
      "type" : "Point",
      "coordinates" : [ 7.856865464658263, 47.995404343258684 ]
    }
  }, {
    "type" : "Feature",
    "properties" : {
      "date" : "14/07/2024 19:26:10",
      "bikeType" : "City-/Trekking Bike",
      "child" : "Nein",
      "trailer" : "Nein",
      "pLoc" : "Hosentasche",
      "incident" : "Entgegenkommender Verkehrsteilnehmer",
      "participant" : "Fahrrad",
      "scary" : "Nein",
      "descr" : "\"Gegenverkehr fuhr Schlangenlinien\"",
      "region" : "Freiburg"
    },
    "geometry" : {
      "type" : "Point",
      "coordinates" : [ 7.8548332074136535, 47.99225163305214 ]
    }
  }, {
    "type" : "Feature",
    "properties" : {
      "date" : "21/02/2024 15:44:07",
      "bikeType" : "City-/Trekking Bike",
      "child" : "Nein",
      "trailer" : "Nein",
      "pLoc" : "Jackentasche",
      "incident" : "Beinahe-Abbiegeunfall",
      "participant" : "PKW",
      "scary" : "Nein",
      "descr" : "\"\"",
      "region" : "Freiburg"
    },
    "geometry" : {
      "type" : "Point",
      "coordinates" : [ 7.81543411, 48.02033837 ]
    }
  }, {
    "type" : "Feature",
    "properties" : {
      "date" : "29/02/2024 15:50:33",
      "bikeType" : "City-/Trekking Bike",
      "child" : "Nein",
      "trailer" : "Nein",
      "pLoc" : "Jackentasche",
      "incident" : "Zu dichtes Überholen",
      "participant" : "PKW",
      "scary" : "Nein",
      "descr" : "\"\"",
      "region" : "Freiburg"
    },
    "geometry" : {
      "type" : "Point",
      "coordinates" : [ 7.81046304, 48.02299341 ]
    }
  }, {
    "type" : "Feature",
    "properties" : {
      "date" : "20/05/2021 07:10:57",
      "bikeType" : "E-Bike",
      "child" : "Nein",
      "trailer" : "Nein",
      "pLoc" : "Hosentasche",
      "incident" : "Beinahe-Abbiegeunfall",
      "participant" : "Fahrrad",
      "scary" : "Nein",
      "descr" : "\"Kam aus dem Wald. Musste ausweichen\"",
      "region" : "Freiburg"
    },
    "geometry" : {
      "type" : "Point",
      "coordinates" : [ 7.828143, 48.035508 ]
    }
  }, {
    "type" : "Feature",
    "properties" : {
      "date" : "30/04/2021 17:09:17",
      "bikeType" : "-",
      "child" : "Nein",
      "trailer" : "Nein",
      "pLoc" : "Hosentasche",
      "incident" : "Sonstiges",
      "participant" : "",
      "scary" : "Nein",
      "descr" : "\"gefährdung durch umständliche Querungsmöglichkeit der Lörracher Straße in Verbindung mit hohem Verkehrsaufkommen.\"",
      "region" : "Freiburg"
    },
    "geometry" : {
      "type" : "Point",
      "coordinates" : [ 7.82576712, 47.98155393 ]
    }
  }, {
    "type" : "Feature",
    "properties" : {
      "date" : "16/05/2021 18:01:23",
      "bikeType" : "-",
      "child" : "Nein",
      "trailer" : "Nein",
      "pLoc" : "Hosentasche",
      "incident" : "Sonstiges",
      "participant" : "",
      "scary" : "Nein",
      "descr" : "\"rote Ampel\\n\"",
      "region" : "Freiburg"
    },
    "geometry" : {
      "type" : "Point",
      "coordinates" : [ 7.853471666666667, 47.99212000000001 ]
    }
  }, {
    "type" : "Feature",
    "properties" : {
      "date" : "07/05/2021 17:43:17",
      "bikeType" : "-",
      "child" : "Nein",
      "trailer" : "Nein",
      "pLoc" : "Hosentasche",
      "incident" : "Ein- oder ausparkendes Fahrzeug",
      "participant" : "",
      "scary" : "Nein",
      "descr" : "\"Regelmäßige Gefährdung durch Parkplatzsucher.\"",
      "region" : "Freiburg"
    },
    "geometry" : {
      "type" : "Point",
      "coordinates" : [ 7.83602326, 47.98440445 ]
    }
  }, {
    "type" : "Feature",
    "properties" : {
      "date" : "01/03/2021 07:42:01",
      "bikeType" : "-",
      "child" : "Nein",
      "trailer" : "Nein",
      "pLoc" : "Hosentasche",
      "incident" : "Zu dichtes Überholen",
      "participant" : "",
      "scary" : "Nein",
      "descr" : "\"\"",
      "region" : "Freiburg"
    },
    "geometry" : {
      "type" : "Point",
      "coordinates" : [ 7.83167797, 47.99224049 ]
    }
  }, {
    "type" : "Feature",
    "properties" : {
      "date" : "16/03/2021 16:02:43",
      "bikeType" : "-",
      "child" : "Nein",
      "trailer" : "Nein",
      "pLoc" : "Hosentasche",
      "incident" : "Hindernis ausweichen (z.B. Hund)",
      "participant" : "Fußgänger",
      "scary" : "Nein",
      "descr" : "\"Fußgänger überquert Straße ohne zu schauen\"",
      "region" : "Freiburg"
    },
    "geometry" : {
      "type" : "Point",
      "coordinates" : [ 7.847780808806419, 47.997723296284676 ]
    }
  }, {
    "type" : "Feature",
    "properties" : {
      "date" : "27/03/2021 15:41:36",
      "bikeType" : "-",
      "child" : "Nein",
      "trailer" : "Nein",
      "pLoc" : "Hosentasche",
      "incident" : "Hindernis ausweichen (z.B. Hund)",
      "participant" : "",
      "scary" : "Nein",
      "descr" : "\"\"",
      "region" : "Freiburg"
    },
    "geometry" : {
      "type" : "Point",
      "coordinates" : [ 7.85424052, 47.98897869 ]
    }
  }, {
    "type" : "Feature",
    "properties" : {
      "date" : "29/03/2021 17:23:14",
      "bikeType" : "-",
      "child" : "Nein",
      "trailer" : "Nein",
      "pLoc" : "Hosentasche",
      "incident" : "Zu dichtes Auffahren",
      "participant" : "Motorrad",
      "scary" : "Nein",
      "descr" : "\"\"",
      "region" : "Freiburg"
    },
    "geometry" : {
      "type" : "Point",
      "coordinates" : [ 7.82868217, 47.98073184 ]
    }
  }, {
    "type" : "Feature",
    "properties" : {
      "date" : "29/03/2021 17:24:18",
      "bikeType" : "-",
      "child" : "Nein",
      "trailer" : "Nein",
      "pLoc" : "Hosentasche",
      "incident" : "Entgegenkommender Verkehrsteilnehmer",
      "participant" : "",
      "scary" : "Ja",
      "descr" : "\"\"",
      "region" : "Freiburg"
    },
    "geometry" : {
      "type" : "Point",
      "coordinates" : [ 7.83144979, 47.98189378 ]
    }
  }, {
    "type" : "Feature",
    "properties" : {
      "date" : "27/03/2021 16:39:12",
      "bikeType" : "-",
      "child" : "Nein",
      "trailer" : "Nein",
      "pLoc" : "Hosentasche",
      "incident" : "Sonstiges",
      "participant" : "",
      "scary" : "Nein",
      "descr" : "\"Nicht geräumt. Ca 30cm Schnee.\"",
      "region" : "Freiburg"
    },
    "geometry" : {
      "type" : "Point",
      "coordinates" : [ 8.0247237, 47.88566095 ]
    }
  }, {
    "type" : "Feature",
    "properties" : {
      "date" : "30/03/2021 09:13:51",
      "bikeType" : "-",
      "child" : "Nein",
      "trailer" : "Nein",
      "pLoc" : "Hosentasche",
      "incident" : "Hindernis ausweichen (z.B. Hund)",
      "participant" : "Fahrrad",
      "scary" : "Nein",
      "descr" : "\"\"",
      "region" : "Freiburg"
    },
    "geometry" : {
      "type" : "Point",
      "coordinates" : [ 7.80000927, 47.98574404 ]
    }
  }, {
    "type" : "Feature",
    "properties" : {
      "date" : "30/03/2021 09:08:13",
      "bikeType" : "-",
      "child" : "Nein",
      "trailer" : "Nein",
      "pLoc" : "Hosentasche",
      "incident" : "Entgegenkommender Verkehrsteilnehmer",
      "participant" : "Fahrrad",
      "scary" : "Nein",
      "descr" : "\"\"",
      "region" : "Freiburg"
    },
    "geometry" : {
      "type" : "Point",
      "coordinates" : [ 7.82302018, 47.99720998 ]
    }
  }, {
    "type" : "Feature",
    "properties" : {
      "date" : "30/03/2021 09:08:37",
      "bikeType" : "-",
      "child" : "Nein",
      "trailer" : "Nein",
      "pLoc" : "Hosentasche",
      "incident" : "Sonstiges",
      "participant" : "",
      "scary" : "Nein",
      "descr" : "\"Enger Abbiegeradius\"",
      "region" : "Freiburg"
    },
    "geometry" : {
      "type" : "Point",
      "coordinates" : [ 7.82082036, 47.99808764 ]
    }
  }, {
    "type" : "Feature",
    "properties" : {
      "date" : "16/03/2021 11:43:06",
      "bikeType" : "-",
      "child" : "Nein",
      "trailer" : "Nein",
      "pLoc" : "Hosentasche",
      "incident" : "Ein- oder ausparkendes Fahrzeug",
      "participant" : "",
      "scary" : "Nein",
      "descr" : "\"Auto parkt rückwärts aus und fährt ein klein wenig auf die Fahrbahn\"",
      "region" : "Freiburg"
    },
    "geometry" : {
      "type" : "Point",
      "coordinates" : [ 7.853321079164743, 48.00770656205714 ]
    }
  }, {
    "type" : "Feature",
    "properties" : {
      "date" : "29/03/2021 17:28:25",
      "bikeType" : "-",
      "child" : "Nein",
      "trailer" : "Nein",
      "pLoc" : "Hosentasche",
      "incident" : "Ein- oder ausparkendes Fahrzeug",
      "participant" : "",
      "scary" : "Nein",
      "descr" : "\"Auto macht u-turn von gegenseite kommend und übersieht mich dabei. musste stark bremsen\"",
      "region" : "Freiburg"
    },
    "geometry" : {
      "type" : "Point",
      "coordinates" : [ 7.846843125298619, 47.996684652753174 ]
    }
  }, {
    "type" : "Feature",
    "properties" : {
      "date" : "29/03/2021 17:29:25",
      "bikeType" : "-",
      "child" : "Nein",
      "trailer" : "Nein",
      "pLoc" : "Hosentasche",
      "incident" : "Ein- oder ausparkendes Fahrzeug",
      "participant" : "",
      "scary" : "Nein",
      "descr" : "\"Auto fährt von Friedrichsring leicht auf Radweg. bedrohliche Situation\"",
      "region" : "Freiburg"
    },
    "geometry" : {
      "type" : "Point",
      "coordinates" : [ 7.848405679687858, 47.99803770147264 ]
    }
  }, {
    "type" : "Feature",
    "properties" : {
      "date" : "15/03/2021 17:14:43",
      "bikeType" : "-",
      "child" : "Nein",
      "trailer" : "Nein",
      "pLoc" : "Hosentasche",
      "incident" : "Beinahe-Abbiegeunfall",
      "participant" : "Bus",
      "scary" : "Ja",
      "descr" : "\"\"",
      "region" : "Freiburg"
    },
    "geometry" : {
      "type" : "Point",
      "coordinates" : [ 7.83196981, 47.99289183 ]
    }
  }, {
    "type" : "Feature",
    "properties" : {
      "date" : "29/03/2021 08:47:02",
      "bikeType" : "-",
      "child" : "Nein",
      "trailer" : "Nein",
      "pLoc" : "Hosentasche",
      "incident" : "Ein- oder ausparkendes Fahrzeug",
      "participant" : "",
      "scary" : "Nein",
      "descr" : "\"rückwärts ausparkendes Auto fährt weit auf die Straße bis er mich bemerkt\"",
      "region" : "Freiburg"
    },
    "geometry" : {
      "type" : "Point",
      "coordinates" : [ 7.852879771962762, 48.00541939213872 ]
    }
  }, {
    "type" : "Feature",
    "properties" : {
      "date" : "29/03/2021 08:48:08",
      "bikeType" : "-",
      "child" : "Nein",
      "trailer" : "Nein",
      "pLoc" : "Hosentasche",
      "incident" : "Sonstiges",
      "participant" : "",
      "scary" : "Nein",
      "descr" : "\"links abbiegen sehr unangenehm. von hinten kommen die Autos vorbei gerast während man auf dem Fahrradstreifen fest hängt. niemand lässt einen auf die abbirgesupur rüber\"",
      "region" : "Freiburg"
    },
    "geometry" : {
      "type" : "Point",
      "coordinates" : [ 7.854961836710572, 48.007742310874164 ]
    }
  }, {
    "type" : "Feature",
    "properties" : {
      "date" : "29/03/2021 17:39:24",
      "bikeType" : "-",
      "child" : "Nein",
      "trailer" : "Nein",
      "pLoc" : "Hosentasche",
      "incident" : "Sonstiges",
      "participant" : "",
      "scary" : "Nein",
      "descr" : "\"Straßenseite wechseln offiziell nicht möglich\"",
      "region" : "Freiburg"
    },
    "geometry" : {
      "type" : "Point",
      "coordinates" : [ 7.853311691433191, 47.999306679703295 ]
    }
  }, {
    "type" : "Feature",
    "properties" : {
      "date" : "29/03/2021 17:46:06",
      "bikeType" : "-",
      "child" : "Nein",
      "trailer" : "Nein",
      "pLoc" : "Hosentasche",
      "incident" : "Zu dichtes Überholen",
      "participant" : "Motorrad",
      "scary" : "Nein",
      "descr" : "\"Motorrad quetscht sich rechts an Fahrradspur vorbei um an rechts abbirgesupur ganz nach vorne zu gelangen/ stauende Autos zu umgehen\"",
      "region" : "Freiburg"
    },
    "geometry" : {
      "type" : "Point",
      "coordinates" : [ 7.848349353298545, 47.990774447098374 ]
    }
  }, {
    "type" : "Feature",
    "properties" : {
      "date" : "17/03/2021 08:46:15",
      "bikeType" : "-",
      "child" : "Nein",
      "trailer" : "Nein",
      "pLoc" : "Hosentasche",
      "incident" : "Hindernis ausweichen (z.B. Hund)",
      "participant" : "LKW",
      "scary" : "Nein",
      "descr" : "\"LKW parkt auf Fahrradstreifen\"",
      "region" : "Freiburg"
    },
    "geometry" : {
      "type" : "Point",
      "coordinates" : [ 7.855271548032761, 48.00664440728724 ]
    }
  }, {
    "type" : "Feature",
    "properties" : {
      "date" : "17/03/2021 08:42:56",
      "bikeType" : "-",
      "child" : "Nein",
      "trailer" : "Nein",
      "pLoc" : "Hosentasche",
      "incident" : "Ein- oder ausparkendes Fahrzeug",
      "participant" : "",
      "scary" : "Nein",
      "descr" : "\"rückwärts ausparkender Autofahrer übersieht mich\"",
      "region" : "Freiburg"
    },
    "geometry" : {
      "type" : "Point",
      "coordinates" : [ 7.851284025236964, 48.00102207809687 ]
    }
  }, {
    "type" : "Feature",
    "properties" : {
      "date" : "16/03/2021 09:04:47",
      "bikeType" : "-",
      "child" : "Nein",
      "trailer" : "Nein",
      "pLoc" : "Hosentasche",
      "incident" : "Zu dichtes Überholen",
      "participant" : "",
      "scary" : "Ja",
      "descr" : "\"sehr knappes Überholmanöver ca 40 cm Abstand\"",
      "region" : "Freiburg"
    },
    "geometry" : {
      "type" : "Point",
      "coordinates" : [ 7.851666742935777, 48.007725211791694 ]
    }
  }, {
    "type" : "Feature",
    "properties" : {
      "date" : "17/03/2021 21:39:32",
      "bikeType" : "-",
      "child" : "Nein",
      "trailer" : "Nein",
      "pLoc" : "Hosentasche",
      "incident" : "Hindernis ausweichen (z.B. Hund)",
      "participant" : "",
      "scary" : "Nein",
      "descr" : "\"Auto auf Gehweg/ Radweg geparkt\"",
      "region" : "Freiburg"
    },
    "geometry" : {
      "type" : "Point",
      "coordinates" : [ 7.852136883884668, 48.00895228050649 ]
    }
  }, {
    "type" : "Feature",
    "properties" : {
      "date" : "29/03/2021 12:56:00",
      "bikeType" : "-",
      "child" : "Nein",
      "trailer" : "Nein",
      "pLoc" : "Hosentasche",
      "incident" : "Ein- oder ausparkendes Fahrzeug",
      "participant" : "",
      "scary" : "Nein",
      "descr" : "\"Auto fährt schwungvoll von links auf meine Fahrspur. ich muss sicherheitshalber stehen bleiben\"",
      "region" : "Freiburg"
    },
    "geometry" : {
      "type" : "Point",
      "coordinates" : [ 7.847590036690235, 47.9869799176231 ]
    }
  }, {
    "type" : "Feature",
    "properties" : {
      "date" : "17/03/2021 14:38:37",
      "bikeType" : "-",
      "child" : "Nein",
      "trailer" : "Nein",
      "pLoc" : "Hosentasche",
      "incident" : "Entgegenkommender Verkehrsteilnehmer",
      "participant" : "Lieferwagen, PKW",
      "scary" : "Nein",
      "descr" : "\"Paketzusteller nimmt Vorfahrt an Engstelle\"",
      "region" : "Freiburg"
    },
    "geometry" : {
      "type" : "Point",
      "coordinates" : [ 7.854638714343309, 48.00621089525521 ]
    }
  }, {
    "type" : "Feature",
    "properties" : {
      "date" : "17/03/2021 14:35:57",
      "bikeType" : "-",
      "child" : "Nein",
      "trailer" : "Nein",
      "pLoc" : "Hosentasche",
      "incident" : "Entgegenkommender Verkehrsteilnehmer",
      "participant" : "",
      "scary" : "Nein",
      "descr" : "\"Auto überholt anderen Fahrradfahrer, kommt auf mich zu\"",
      "region" : "Freiburg"
    },
    "geometry" : {
      "type" : "Point",
      "coordinates" : [ 7.849925654008985, 48.000838975422084 ]
    }
  }, {
    "type" : "Feature",
    "properties" : {
      "date" : "17/03/2021 14:35:24",
      "bikeType" : "-",
      "child" : "Nein",
      "trailer" : "Nein",
      "pLoc" : "Hosentasche",
      "incident" : "Ein- oder ausparkendes Fahrzeug",
      "participant" : "Motorrad",
      "scary" : "Nein",
      "descr" : "\"schätzt meine Geschwindigkeit fallsch ein, nimmt mir Vorfahrt\"",
      "region" : "Freiburg"
    },
    "geometry" : {
      "type" : "Point",
      "coordinates" : [ 7.848671302199364, 47.998922537080944 ]
    }
  }, {
    "type" : "Feature",
    "properties" : {
      "date" : "29/03/2021 18:07:33",
      "bikeType" : "-",
      "child" : "Nein",
      "trailer" : "Nein",
      "pLoc" : "Hosentasche",
      "incident" : "Hindernis ausweichen (z.B. Hund)",
      "participant" : "Fußgänger",
      "scary" : "Nein",
      "descr" : "\"\"",
      "region" : "Freiburg"
    },
    "geometry" : {
      "type" : "Point",
      "coordinates" : [ 7.83465257, 47.99291128 ]
    }
  }, {
    "type" : "Feature",
    "properties" : {
      "date" : "29/03/2021 18:11:01",
      "bikeType" : "-",
      "child" : "Nein",
      "trailer" : "Nein",
      "pLoc" : "Hosentasche",
      "incident" : "Entgegenkommender Verkehrsteilnehmer",
      "participant" : "Fahrrad",
      "scary" : "Nein",
      "descr" : "\"\"",
      "region" : "Freiburg"
    },
    "geometry" : {
      "type" : "Point",
      "coordinates" : [ 7.85369167, 47.99068702 ]
    }
  }, {
    "type" : "Feature",
    "properties" : {
      "date" : "10/06/2021 12:07:42",
      "bikeType" : "-",
      "child" : "Nein",
      "trailer" : "Nein",
      "pLoc" : "Hosentasche",
      "incident" : "Beinahe-Dooring",
      "participant" : "Lieferwagen",
      "scary" : "Ja",
      "descr" : "\"\"",
      "region" : "Freiburg"
    },
    "geometry" : {
      "type" : "Point",
      "coordinates" : [ 7.855048279155908, 48.004933800308855 ]
    }
  }, {
    "type" : "Feature",
    "properties" : {
      "date" : "16/06/2021 07:10:19",
      "bikeType" : "E-Bike",
      "child" : "Nein",
      "trailer" : "Nein",
      "pLoc" : "Hosentasche",
      "incident" : "Beinahe-Abbiegeunfall",
      "participant" : "PKW",
      "scary" : "Nein",
      "descr" : "\"Abbieger hat nicht geschaut\"",
      "region" : "Freiburg"
    },
    "geometry" : {
      "type" : "Point",
      "coordinates" : [ 7.83919, 48.023418 ]
    }
  }, {
    "type" : "Feature",
    "properties" : {
      "date" : "17/06/2021 17:15:47",
      "bikeType" : "-",
      "child" : "Nein",
      "trailer" : "Nein",
      "pLoc" : "Hosentasche",
      "incident" : "Hindernis ausweichen (z.B. Hund)",
      "participant" : "PKW",
      "scary" : "Nein",
      "descr" : "\"Radweg zugeparkt\"",
      "region" : "Freiburg"
    },
    "geometry" : {
      "type" : "Point",
      "coordinates" : [ 7.83953124, 48.00264995 ]
    }
  }, {
    "type" : "Feature",
    "properties" : {
      "date" : "15/06/2021 12:37:16",
      "bikeType" : "E-Bike",
      "child" : "Nein",
      "trailer" : "Nein",
      "pLoc" : "Hosentasche",
      "incident" : "Beinahe-Abbiegeunfall",
      "participant" : "PKW",
      "scary" : "Ja",
      "descr" : "\"\"",
      "region" : "Freiburg"
    },
    "geometry" : {
      "type" : "Point",
      "coordinates" : [ 7.847401, 48.00607 ]
    }
  }, {
    "type" : "Feature",
    "properties" : {
      "date" : "19/06/2021 20:52:46",
      "bikeType" : "-",
      "child" : "Nein",
      "trailer" : "Nein",
      "pLoc" : "Hosentasche",
      "incident" : "Beinahe-Abbiegeunfall",
      "participant" : "PKW",
      "scary" : "Nein",
      "descr" : "\"\"",
      "region" : "Freiburg"
    },
    "geometry" : {
      "type" : "Point",
      "coordinates" : [ 7.84471821, 48.00062891 ]
    }
  }, {
    "type" : "Feature",
    "properties" : {
      "date" : "13/06/2021 09:13:47",
      "bikeType" : "-",
      "child" : "Nein",
      "trailer" : "Nein",
      "pLoc" : "Hosentasche",
      "incident" : "Hindernis ausweichen (z.B. Hund)",
      "participant" : "PKW",
      "scary" : "Nein",
      "descr" : "\"Radstreifen zugeparkt\"",
      "region" : "Freiburg"
    },
    "geometry" : {
      "type" : "Point",
      "coordinates" : [ 7.76299687, 47.95824464 ]
    }
  }, {
    "type" : "Feature",
    "properties" : {
      "date" : "16/06/2021 19:44:33",
      "bikeType" : "-",
      "child" : "Nein",
      "trailer" : "Nein",
      "pLoc" : "Hosentasche",
      "incident" : "Sonstiges",
      "participant" : "",
      "scary" : "Nein",
      "descr" : "\"schon wieder Glas auf dem Weg durch schlecht platzierte Container.\\n\"",
      "region" : "Freiburg"
    },
    "geometry" : {
      "type" : "Point",
      "coordinates" : [ 7.82539647, 47.9817138 ]
    }
  }, {
    "type" : "Feature",
    "properties" : {
      "date" : "19/06/2021 16:08:16",
      "bikeType" : "-",
      "child" : "Nein",
      "trailer" : "Nein",
      "pLoc" : "Hosentasche",
      "incident" : "Hindernis ausweichen (z.B. Hund)",
      "participant" : "Fußgänger",
      "scary" : "Nein",
      "descr" : "\"\"",
      "region" : "Freiburg"
    },
    "geometry" : {
      "type" : "Point",
      "coordinates" : [ 7.83728323, 47.99789502 ]
    }
  }, {
    "type" : "Feature",
    "properties" : {
      "date" : "31/05/2021 08:24:41",
      "bikeType" : "-",
      "child" : "Nein",
      "trailer" : "Nein",
      "pLoc" : "Hosentasche",
      "incident" : "Beinahe-Abbiegeunfall",
      "participant" : "",
      "scary" : "Nein",
      "descr" : "\"\"",
      "region" : "Freiburg"
    },
    "geometry" : {
      "type" : "Point",
      "coordinates" : [ 7.84747846, 48.00903333 ]
    }
  }, {
    "type" : "Feature",
    "properties" : {
      "date" : "31/05/2021 08:31:28",
      "bikeType" : "-",
      "child" : "Nein",
      "trailer" : "Nein",
      "pLoc" : "Hosentasche",
      "incident" : "Zu dichtes Auffahren",
      "participant" : "Lieferwagen, PKW",
      "scary" : "Ja",
      "descr" : "\"Fährt trotz VFahrt achten (Kreisverkehr) über die Haltelinie während ich die Einfahrt gerade passiere.\"",
      "region" : "Freiburg"
    },
    "geometry" : {
      "type" : "Point",
      "coordinates" : [ 7.82721495, 48.02154137 ]
    }
  }, {
    "type" : "Feature",
    "properties" : {
      "date" : "19/06/2021 17:16:26",
      "bikeType" : "-",
      "child" : "Nein",
      "trailer" : "Nein",
      "pLoc" : "Hosentasche",
      "incident" : "Zu dichtes Überholen",
      "participant" : "PKW",
      "scary" : "Ja",
      "descr" : "\"\"",
      "region" : "Freiburg"
    },
    "geometry" : {
      "type" : "Point",
      "coordinates" : [ 7.87120075, 47.98805515 ]
    }
  }, {
    "type" : "Feature",
    "properties" : {
      "date" : "13/04/2021 17:57:13",
      "bikeType" : "-",
      "child" : "Nein",
      "trailer" : "Nein",
      "pLoc" : "Hosentasche",
      "incident" : "Entgegenkommender Verkehrsteilnehmer",
      "participant" : "",
      "scary" : "Nein",
      "descr" : "\"Auto fährt wie hier leider viel zu oft illegal in Fußgängerzone. Mit ordentlichem tempo\"",
      "region" : "Freiburg"
    },
    "geometry" : {
      "type" : "Point",
      "coordinates" : [ 7.845564968883991, 47.99467961769551 ]
    }
  }, {
    "type" : "Feature",
    "properties" : {
      "date" : "07/04/2021 13:44:09",
      "bikeType" : "-",
      "child" : "Nein",
      "trailer" : "Nein",
      "pLoc" : "Hosentasche",
      "incident" : "Hindernis ausweichen (z.B. Hund)",
      "participant" : "Fahrrad",
      "scary" : "Nein",
      "descr" : "\"\"",
      "region" : "Freiburg"
    },
    "geometry" : {
      "type" : "Point",
      "coordinates" : [ 7.84411515109241, 47.994887991808355 ]
    }
  }, {
    "type" : "Feature",
    "properties" : {
      "date" : "16/04/2021 13:49:30",
      "bikeType" : "-",
      "child" : "Nein",
      "trailer" : "Nein",
      "pLoc" : "Hosentasche",
      "incident" : "Sonstiges",
      "participant" : "",
      "scary" : "Nein",
      "descr" : "\"unangenehm hier links abzubiegen, da man den geradeaus schnell fahrenden  Verkehr durchqueren muss\"",
      "region" : "Freiburg"
    },
    "geometry" : {
      "type" : "Point",
      "coordinates" : [ 7.855341117829084, 48.007611595094204 ]
    }
  }, {
    "type" : "Feature",
    "properties" : {
      "date" : "19/04/2021 09:09:10",
      "bikeType" : "-",
      "child" : "Nein",
      "trailer" : "Nein",
      "pLoc" : "Hosentasche",
      "incident" : "Ein- oder ausparkendes Fahrzeug",
      "participant" : "",
      "scary" : "Nein",
      "descr" : "\"Auto missachtet meine Vorfahrt\"",
      "region" : "Freiburg"
    },
    "geometry" : {
      "type" : "Point",
      "coordinates" : [ 7.8438985627144575, 47.99488065764308 ]
    }
  }, {
    "type" : "Feature",
    "properties" : {
      "date" : "07/04/2021 16:28:42",
      "bikeType" : "-",
      "child" : "Nein",
      "trailer" : "Nein",
      "pLoc" : "Hosentasche",
      "incident" : "Ein- oder ausparkendes Fahrzeug",
      "participant" : "",
      "scary" : "Ja",
      "descr" : "\"Autofahrerin nimmt mir knapp die Vorfahrt obwohl sie mich sieht. als ich sie an der nächsten Kreuzung ansprechen fährt sie mit qittdchenden reifen davon.\"",
      "region" : "Freiburg"
    },
    "geometry" : {
      "type" : "Point",
      "coordinates" : [ 7.849410166963935, 48.00081936176866 ]
    }
  }, {
    "type" : "Feature",
    "properties" : {
      "date" : "16/04/2021 16:30:07",
      "bikeType" : "-",
      "child" : "Nein",
      "trailer" : "Nein",
      "pLoc" : "Hosentasche",
      "incident" : "Sonstiges",
      "participant" : "Fahrrad",
      "scary" : "Nein",
      "descr" : "\"Zuerst quer stehender PKW, dann Konflikt mit abbiegendem Radfahrer. Beides wegen murksiger Querungsmöglichkeit.\"",
      "region" : "Freiburg"
    },
    "geometry" : {
      "type" : "Point",
      "coordinates" : [ 7.82578826, 47.98154635 ]
    }
  }, {
    "type" : "Feature",
    "properties" : {
      "date" : "18/04/2021 17:53:19",
      "bikeType" : "-",
      "child" : "Nein",
      "trailer" : "Nein",
      "pLoc" : "Hosentasche",
      "incident" : "Hindernis ausweichen (z.B. Hund)",
      "participant" : "Fußgänger",
      "scary" : "Nein",
      "descr" : "\"Kind hat sich von Eltern gelöst und rennt vor Rad\"",
      "region" : "Freiburg"
    },
    "geometry" : {
      "type" : "Point",
      "coordinates" : [ 7.594351666666667, 47.94067499999999 ]
    }
  }, {
    "type" : "Feature",
    "properties" : {
      "date" : "12/04/2021 13:10:59",
      "bikeType" : "-",
      "child" : "Nein",
      "trailer" : "Nein",
      "pLoc" : "Hosentasche",
      "incident" : "Entgegenkommender Verkehrsteilnehmer",
      "participant" : "LKW",
      "scary" : "Nein",
      "descr" : "\"\"",
      "region" : "Freiburg"
    },
    "geometry" : {
      "type" : "Point",
      "coordinates" : [ 7.8512907307595015, 48.00101822242141 ]
    }
  }, {
    "type" : "Feature",
    "properties" : {
      "date" : "16/04/2021 10:51:02",
      "bikeType" : "-",
      "child" : "Nein",
      "trailer" : "Nein",
      "pLoc" : "Hosentasche",
      "incident" : "Entgegenkommender Verkehrsteilnehmer",
      "participant" : "",
      "scary" : "Nein",
      "descr" : "\"Auto wendet und fährt dabei direkt frontal auf mich zu\"",
      "region" : "Freiburg"
    },
    "geometry" : {
      "type" : "Point",
      "coordinates" : [ 7.847246713936329, 47.99272747244686 ]
    }
  }, {
    "type" : "Feature",
    "properties" : {
      "date" : "16/04/2021 10:53:12",
      "bikeType" : "-",
      "child" : "Nein",
      "trailer" : "Nein",
      "pLoc" : "Hosentasche",
      "incident" : "Zu dichtes Überholen",
      "participant" : "",
      "scary" : "Nein",
      "descr" : "\"\"",
      "region" : "Freiburg"
    },
    "geometry" : {
      "type" : "Point",
      "coordinates" : [ 7.847571345046163, 47.98661174252629 ]
    }
  }, {
    "type" : "Feature",
    "properties" : {
      "date" : "12/04/2021 15:18:52",
      "bikeType" : "-",
      "child" : "Nein",
      "trailer" : "Nein",
      "pLoc" : "Hosentasche",
      "incident" : "Hindernis ausweichen (z.B. Hund)",
      "participant" : "Fußgänger",
      "scary" : "Nein",
      "descr" : "\"\"",
      "region" : "Freiburg"
    },
    "geometry" : {
      "type" : "Point",
      "coordinates" : [ 7.845824137330055, 47.995519023388624 ]
    }
  }, {
    "type" : "Feature",
    "properties" : {
      "date" : "12/04/2021 15:20:23",
      "bikeType" : "-",
      "child" : "Nein",
      "trailer" : "Nein",
      "pLoc" : "Hosentasche",
      "incident" : "Beinahe-Abbiegeunfall",
      "participant" : "",
      "scary" : "Nein",
      "descr" : "\"Auto biegt nach rechts ab und schneidet mich (ebenfalls rechtsabbieger)\"",
      "region" : "Freiburg"
    },
    "geometry" : {
      "type" : "Point",
      "coordinates" : [ 7.848493605852127, 47.99249944277108 ]
    }
  }, {
    "type" : "Feature",
    "properties" : {
      "date" : "13/04/2021 15:07:59",
      "bikeType" : "-",
      "child" : "Nein",
      "trailer" : "Nein",
      "pLoc" : "Hosentasche",
      "incident" : "Ein- oder ausparkendes Fahrzeug",
      "participant" : "",
      "scary" : "Nein",
      "descr" : "\"Auto nimmt mir die Vorfahrt.\"",
      "region" : "Freiburg"
    },
    "geometry" : {
      "type" : "Point",
      "coordinates" : [ 7.845294317230582, 47.99373183399439 ]
    }
  }, {
    "type" : "Feature",
    "properties" : {
      "date" : "13/04/2021 15:11:19",
      "bikeType" : "-",
      "child" : "Nein",
      "trailer" : "Nein",
      "pLoc" : "Hosentasche",
      "incident" : "Zu dichtes Überholen",
      "participant" : "",
      "scary" : "Nein",
      "descr" : "\"Mindestabstand nicht eingehalten, sehr enges Überholmanöver\"",
      "region" : "Freiburg"
    },
    "geometry" : {
      "type" : "Point",
      "coordinates" : [ 7.8475384041666985, 47.98628547694534 ]
    }
  }, {
    "type" : "Feature",
    "properties" : {
      "date" : "23/04/2021 12:35:38",
      "bikeType" : "Lastenrad",
      "child" : "Nein",
      "trailer" : "Nein",
      "pLoc" : "Fahrradkorb",
      "incident" : "Sonstiges",
      "participant" : "PKW",
      "scary" : "Ja",
      "descr" : "\"Schwierige Straßenquerung, da einfädeln in fließenden Verkehr. Macht mir jeden Tag Stress\"",
      "region" : "Freiburg"
    },
    "geometry" : {
      "type" : "Point",
      "coordinates" : [ 7.825622, 47.97781 ]
    }
  }, {
    "type" : "Feature",
    "properties" : {
      "date" : "09/04/2021 16:16:06",
      "bikeType" : "-",
      "child" : "Nein",
      "trailer" : "Nein",
      "pLoc" : "Hosentasche",
      "incident" : "Entgegenkommender Verkehrsteilnehmer",
      "participant" : "LKW",
      "scary" : "Nein",
      "descr" : "\"\"",
      "region" : "Freiburg"
    },
    "geometry" : {
      "type" : "Point",
      "coordinates" : [ 7.82016395, 47.9823818 ]
    }
  }, {
    "type" : "Feature",
    "properties" : {
      "date" : "08/04/2021 13:10:57",
      "bikeType" : "-",
      "child" : "Nein",
      "trailer" : "Nein",
      "pLoc" : "Hosentasche",
      "incident" : "Hindernis ausweichen (z.B. Hund)",
      "participant" : "LKW",
      "scary" : "Nein",
      "descr" : "\"Lkw auf Fahrbahn geparkt. ausweichen auf Tram Gleise = gefährliches überfahren der Gleise\"",
      "region" : "Freiburg"
    },
    "geometry" : {
      "type" : "Point",
      "coordinates" : [ 7.84852696582675, 47.99136905930936 ]
    }
  }, {
    "type" : "Feature",
    "properties" : {
      "date" : "09/04/2021 08:34:07",
      "bikeType" : "-",
      "child" : "Nein",
      "trailer" : "Nein",
      "pLoc" : "Hosentasche",
      "incident" : "Entgegenkommender Verkehrsteilnehmer",
      "participant" : "",
      "scary" : "Ja",
      "descr" : "\"entgegen kommender Linksabbieger übersieht mich. beinahe Kollision.\"",
      "region" : "Freiburg"
    },
    "geometry" : {
      "type" : "Point",
      "coordinates" : [ 7.855223435908556, 48.00727237947285 ]
    }
  }, {
    "type" : "Feature",
    "properties" : {
      "date" : "23/04/2021 12:35:38",
      "bikeType" : "Lastenrad",
      "child" : "Nein",
      "trailer" : "Nein",
      "pLoc" : "Fahrradkorb",
      "incident" : "Sonstiges",
      "participant" : "PKW",
      "scary" : "Ja",
      "descr" : "\"Schwierige Straßenquerung, da einfädeln in fließenden Verkehr. Macht mir jeden Tag Stress\"",
      "region" : "Freiburg"
    },
    "geometry" : {
      "type" : "Point",
      "coordinates" : [ 7.825622, 47.97781 ]
    }
  }, {
    "type" : "Feature",
    "properties" : {
      "date" : "11/04/2021 12:48:23",
      "bikeType" : "-",
      "child" : "Nein",
      "trailer" : "Nein",
      "pLoc" : "Hosentasche",
      "incident" : "Entgegenkommender Verkehrsteilnehmer",
      "participant" : "",
      "scary" : "Nein",
      "descr" : "\"Die zugeparkte Straße ist zu eng für Begegnungsverkehr\"",
      "region" : "Freiburg"
    },
    "geometry" : {
      "type" : "Point",
      "coordinates" : [ 7.83207963, 47.98241268 ]
    }
  }, {
    "type" : "Feature",
    "properties" : {
      "date" : "08/08/2021 18:12:59",
      "bikeType" : "-",
      "child" : "Nein",
      "trailer" : "Nein",
      "pLoc" : "Hosentasche",
      "incident" : "Ein- oder ausparkendes Fahrzeug",
      "participant" : "PKW",
      "scary" : "Nein",
      "descr" : "\"gefährliche Führung auf Gehweg mit unübersichtlichen Hofeinfahrten.\"",
      "region" : "Freiburg"
    },
    "geometry" : {
      "type" : "Point",
      "coordinates" : [ 7.76396989, 47.958812 ]
    }
  }, {
    "type" : "Feature",
    "properties" : {
      "date" : "08/08/2021 18:27:11",
      "bikeType" : "-",
      "child" : "Nein",
      "trailer" : "Nein",
      "pLoc" : "Hosentasche",
      "incident" : "Beinahe-Abbiegeunfall",
      "participant" : "PKW",
      "scary" : "Nein",
      "descr" : "\"unübersichtliche, Enge Kreuzung mit viel PKW Verkehr zum Sportplatz. Regelmäßig Vorfahtsverletzungen und knappe Manöver...\"",
      "region" : "Freiburg"
    },
    "geometry" : {
      "type" : "Point",
      "coordinates" : [ 7.81523283, 47.98250282 ]
    }
  }, {
    "type" : "Feature",
    "properties" : {
      "date" : "01/09/2021 07:44:41",
      "bikeType" : "-",
      "child" : "Nein",
      "trailer" : "Nein",
      "pLoc" : "Hosentasche",
      "incident" : "Entgegenkommender Verkehrsteilnehmer",
      "participant" : "PKW",
      "scary" : "Nein",
      "descr" : "\"Hier immer wieder PKW, die trotz viel zu enger Restfahrbahn (wegen Längsparkern) nicht abwarten können und sich vorbeiquetschen wollen.\"",
      "region" : "Freiburg"
    },
    "geometry" : {
      "type" : "Point",
      "coordinates" : [ 7.83445111, 47.98371899 ]
    }
  }, {
    "type" : "Feature",
    "properties" : {
      "date" : "16/03/2022 09:32:10",
      "bikeType" : "City-/Trekking Bike",
      "child" : "Nein",
      "trailer" : "Nein",
      "pLoc" : "Hosentasche",
      "incident" : "Ein- oder ausparkendes Fahrzeug",
      "participant" : "Lieferwagen",
      "scary" : "Nein",
      "descr" : "\"\"",
      "region" : "Freiburg"
    },
    "geometry" : {
      "type" : "Point",
      "coordinates" : [ 7.83535445, 48.00801154 ]
    }
  }, {
    "type" : "Feature",
    "properties" : {
      "date" : "21/07/2022 18:07:32",
      "bikeType" : "Road Racing Bike",
      "child" : "Nein",
      "trailer" : "Nein",
      "pLoc" : "Jackentasche",
      "incident" : "Zu dichtes Überholen",
      "participant" : "Fahrrad, PKW",
      "scary" : "Nein",
      "descr" : "\"\"",
      "region" : "Freiburg"
    },
    "geometry" : {
      "type" : "Point",
      "coordinates" : [ 7.71741487, 47.96707214 ]
    }
  }, {
    "type" : "Feature",
    "properties" : {
      "date" : "21/07/2022 18:01:24",
      "bikeType" : "Road Racing Bike",
      "child" : "Nein",
      "trailer" : "Nein",
      "pLoc" : "Jackentasche",
      "incident" : "Zu dichtes Überholen",
      "participant" : "Fahrrad, PKW",
      "scary" : "Nein",
      "descr" : "\"In einer Dreiergruppe auf einer Landstraße kam es zu etlichen dichten Überholmanövern.\"",
      "region" : "Freiburg"
    },
    "geometry" : {
      "type" : "Point",
      "coordinates" : [ 7.74047997, 47.95548402 ]
    }
  }, {
    "type" : "Feature",
    "properties" : {
      "date" : "05/02/2022 16:38:08",
      "bikeType" : "-",
      "child" : "Nein",
      "trailer" : "Nein",
      "pLoc" : "Hosentasche",
      "incident" : "Sonstiges",
      "participant" : "PKW",
      "scary" : "Nein",
      "descr" : "\"PKW vor mir abgebogen ohne zu blinken.\"",
      "region" : "Freiburg"
    },
    "geometry" : {
      "type" : "Point",
      "coordinates" : [ 7.74277514, 47.9255282 ]
    }
  } ]
}