{
  "type" : "FeatureCollection",
  "features" : [ {
    "type" : "Feature",
    "properties" : {
      "date" : "17/04/2021 19:44:30",
      "bikeType" : "-",
      "child" : "Nein",
      "trailer" : "Nein",
      "pLoc" : "Hosentasche",
      "incident" : "Entgegenkommender Verkehrsteilnehmer",
      "participant" : "",
      "scary" : "Ja",
      "descr" : "Pkw fuhr am geparkten Fahrzeug vorbei, obwohl ich Vorfahrt hatte. Dabei fuhr der PKW fast komplett auf meiner Spur und ich konnte nicht einschätzen, ob die Fahrerin mich wahrgenommen hatte. ",
      "region" : "Saarlouis"
    },
    "geometry" : {
      "type" : "Point",
      "coordinates" : [ 6.903304439038038, 49.40755513496697 ]
    }
  }, {
    "type" : "Feature",
    "properties" : {
      "date" : "23/04/2021 17:01:25",
      "bikeType" : "-",
      "child" : "Nein",
      "trailer" : "Nein",
      "pLoc" : "Hosentasche",
      "incident" : "Sonstiges",
      "participant" : "",
      "scary" : "Nein",
      "descr" : "PKW parkt aus Radweg",
      "region" : "Saarlouis"
    },
    "geometry" : {
      "type" : "Point",
      "coordinates" : [ 6.798516483977437, 49.363536103628576 ]
    }
  }, {
    "type" : "Feature",
    "properties" : {
      "date" : "23/04/2021 17:01:43",
      "bikeType" : "-",
      "child" : "Nein",
      "trailer" : "Nein",
      "pLoc" : "Hosentasche",
      "incident" : "Sonstiges",
      "participant" : "",
      "scary" : "Nein",
      "descr" : "pkw parkt auf Radweg",
      "region" : "Saarlouis"
    },
    "geometry" : {
      "type" : "Point",
      "coordinates" : [ 6.799130626022816, 49.36267649754882 ]
    }
  }, {
    "type" : "Feature",
    "properties" : {
      "date" : "23/04/2021 16:57:10",
      "bikeType" : "-",
      "child" : "Nein",
      "trailer" : "Nein",
      "pLoc" : "Hosentasche",
      "incident" : "Sonstiges",
      "participant" : "",
      "scary" : "Nein",
      "descr" : "PKW parkt auf Radweg und blockiert diesen auf ganzer Breite. ",
      "region" : "Saarlouis"
    },
    "geometry" : {
      "type" : "Point",
      "coordinates" : [ 6.799065750092268, 49.37305706553161 ]
    }
  }, {
    "type" : "Feature",
    "properties" : {
      "date" : "30/04/2021 14:25:09",
      "bikeType" : "-",
      "child" : "Nein",
      "trailer" : "Nein",
      "pLoc" : "Hosentasche",
      "incident" : "Zu dichtes Überholen",
      "participant" : "",
      "scary" : "Nein",
      "descr" : "",
      "region" : "Saarlouis"
    },
    "geometry" : {
      "type" : "Point",
      "coordinates" : [ 6.912452531978488, 49.40719936508685 ]
    }
  }, {
    "type" : "Feature",
    "properties" : {
      "date" : "30/04/2021 14:41:56",
      "bikeType" : "-",
      "child" : "Nein",
      "trailer" : "Nein",
      "pLoc" : "Hosentasche",
      "incident" : "Zu dichtes Überholen",
      "participant" : "",
      "scary" : "Nein",
      "descr" : "",
      "region" : "Saarlouis"
    },
    "geometry" : {
      "type" : "Point",
      "coordinates" : [ 6.951176589354873, 49.375787219032645 ]
    }
  }, {
    "type" : "Feature",
    "properties" : {
      "date" : "30/04/2021 16:33:27",
      "bikeType" : "-",
      "child" : "Nein",
      "trailer" : "Nein",
      "pLoc" : "Hosentasche",
      "incident" : "Ein- oder ausparkendes Fahrzeug",
      "participant" : "",
      "scary" : "Ja",
      "descr" : "",
      "region" : "Saarlouis"
    },
    "geometry" : {
      "type" : "Point",
      "coordinates" : [ 6.800228152424097, 49.36140944715589 ]
    }
  }, {
    "type" : "Feature",
    "properties" : {
      "date" : "24/05/2021 14:48:06",
      "bikeType" : "-",
      "child" : "Nein",
      "trailer" : "Nein",
      "pLoc" : "Hosentasche",
      "incident" : "Sonstiges",
      "participant" : "",
      "scary" : "Nein",
      "descr" : "unklare Infrastruktur; Radwege vorhanden, aber nicht klar, welche zu nutzen sind",
      "region" : "Saarlouis"
    },
    "geometry" : {
      "type" : "Point",
      "coordinates" : [ 6.754569159820676, 49.32005753740668 ]
    }
  }, {
    "type" : "Feature",
    "properties" : {
      "date" : "24/05/2021 14:51:14",
      "bikeType" : "-",
      "child" : "Nein",
      "trailer" : "Nein",
      "pLoc" : "Hosentasche",
      "incident" : "Sonstiges",
      "participant" : "",
      "scary" : "Nein",
      "descr" : "benutzungspflichtiger Radweg endet unmittelbar an Ampel und zwingt unmittelbar und ohne Vorwarnung auf die Fahrbahn",
      "region" : "Saarlouis"
    },
    "geometry" : {
      "type" : "Point",
      "coordinates" : [ 6.764291832223535, 49.32513382751495 ]
    }
  }, {
    "type" : "Feature",
    "properties" : {
      "date" : "24/05/2021 15:10:27",
      "bikeType" : "-",
      "child" : "Nein",
      "trailer" : "Nein",
      "pLoc" : "Hosentasche",
      "incident" : "Zu dichtes Überholen",
      "participant" : "",
      "scary" : "Nein",
      "descr" : "",
      "region" : "Saarlouis"
    },
    "geometry" : {
      "type" : "Point",
      "coordinates" : [ 6.797451563179493, 49.34616322629154 ]
    }
  }, {
    "type" : "Feature",
    "properties" : {
      "date" : "24/05/2021 15:08:47",
      "bikeType" : "-",
      "child" : "Nein",
      "trailer" : "Nein",
      "pLoc" : "Hosentasche",
      "incident" : "Sonstiges",
      "participant" : "",
      "scary" : "Ja",
      "descr" : "benutzungspflichtiger Radweg endet unvermittelt im Straßengraben",
      "region" : "Saarlouis"
    },
    "geometry" : {
      "type" : "Point",
      "coordinates" : [ 6.79090621881187, 49.34151349123567 ]
    }
  }, {
    "type" : "Feature",
    "properties" : {
      "date" : "05/05/2021 14:01:50",
      "bikeType" : "-",
      "child" : "Nein",
      "trailer" : "Nein",
      "pLoc" : "Hosentasche",
      "incident" : "Hindernis ausweichen (z.B. Hund)",
      "participant" : "",
      "scary" : "Nein",
      "descr" : "PKW blockiert kompletten Radweg, um Navigationsgerät einzustellen",
      "region" : "Saarlouis"
    },
    "geometry" : {
      "type" : "Point",
      "coordinates" : [ 6.961812637746334, 49.25288421101868 ]
    }
  }, {
    "type" : "Feature",
    "properties" : {
      "date" : "10/05/2021 15:59:32",
      "bikeType" : "-",
      "child" : "Nein",
      "trailer" : "Nein",
      "pLoc" : "Hosentasche",
      "incident" : "Zu dichtes Überholen",
      "participant" : "",
      "scary" : "Nein",
      "descr" : "kfz mit polnischem Kennzeichen wäre fast durch uns durch gefahren",
      "region" : "Saarlouis"
    },
    "geometry" : {
      "type" : "Point",
      "coordinates" : [ 6.911949198693037, 49.40808818209916 ]
    }
  }, {
    "type" : "Feature",
    "properties" : {
      "date" : "07/05/2021 16:32:21",
      "bikeType" : "-",
      "child" : "Nein",
      "trailer" : "Nein",
      "pLoc" : "Hosentasche",
      "incident" : "Hindernis ausweichen (z.B. Hund)",
      "participant" : "Fußgänger",
      "scary" : "Nein",
      "descr" : "",
      "region" : "Saarlouis"
    },
    "geometry" : {
      "type" : "Point",
      "coordinates" : [ 6.835517892614007, 49.39146271906793 ]
    }
  }, {
    "type" : "Feature",
    "properties" : {
      "date" : "07/05/2021 17:01:41",
      "bikeType" : "-",
      "child" : "Nein",
      "trailer" : "Nein",
      "pLoc" : "Hosentasche",
      "incident" : "Hindernis ausweichen (z.B. Hund)",
      "participant" : "LKW",
      "scary" : "Nein",
      "descr" : "",
      "region" : "Saarlouis"
    },
    "geometry" : {
      "type" : "Point",
      "coordinates" : [ 6.796179190278053, 49.36641247943044 ]
    }
  }, {
    "type" : "Feature",
    "properties" : {
      "date" : "07/05/2021 17:02:57",
      "bikeType" : "-",
      "child" : "Nein",
      "trailer" : "Nein",
      "pLoc" : "Hosentasche",
      "incident" : "Hindernis ausweichen (z.B. Hund)",
      "participant" : "",
      "scary" : "Nein",
      "descr" : "",
      "region" : "Saarlouis"
    },
    "geometry" : {
      "type" : "Point",
      "coordinates" : [ 6.79700774140656, 49.365403382107615 ]
    }
  }, {
    "type" : "Feature",
    "properties" : {
      "date" : "07/05/2021 16:31:53",
      "bikeType" : "-",
      "child" : "Nein",
      "trailer" : "Nein",
      "pLoc" : "Hosentasche",
      "incident" : "Hindernis ausweichen (z.B. Hund)",
      "participant" : "Fußgänger",
      "scary" : "Nein",
      "descr" : "",
      "region" : "Saarlouis"
    },
    "geometry" : {
      "type" : "Point",
      "coordinates" : [ 6.837476408109069, 49.39093411434442 ]
    }
  }, {
    "type" : "Feature",
    "properties" : {
      "date" : "01/06/2021 17:38:46",
      "bikeType" : "-",
      "child" : "Nein",
      "trailer" : "Nein",
      "pLoc" : "Hosentasche",
      "incident" : "Sonstiges",
      "participant" : "LKW",
      "scary" : "Nein",
      "descr" : "Waldarbeiten ohne Absperrung auf ausgewiesenem Radwanderweg; Maschinen standen so, dass man nicht vorbei kommen konnte. ",
      "region" : "Saarlouis"
    },
    "geometry" : {
      "type" : "Point",
      "coordinates" : [ 6.882080538198352, 49.422951894812286 ]
    }
  }, {
    "type" : "Feature",
    "properties" : {
      "date" : "25/06/2021 14:28:59",
      "bikeType" : "-",
      "child" : "Nein",
      "trailer" : "Nein",
      "pLoc" : "Hosentasche",
      "incident" : "Zu dichtes Überholen",
      "participant" : "PKW",
      "scary" : "Ja",
      "descr" : "Überholen trotz Gegenverkehr mit weniger als 1m Abstand",
      "region" : "Saarlouis"
    },
    "geometry" : {
      "type" : "Point",
      "coordinates" : [ 6.9110623095184565, 49.40649038180709 ]
    }
  }, {
    "type" : "Feature",
    "properties" : {
      "date" : "25/06/2021 14:21:58",
      "bikeType" : "-",
      "child" : "Nein",
      "trailer" : "Nein",
      "pLoc" : "Hosentasche",
      "incident" : "Sonstiges",
      "participant" : "PKW",
      "scary" : "Ja",
      "descr" : "unübersichtliches Ende des Radwegs, keine Einfädelhilfe",
      "region" : "Saarlouis"
    },
    "geometry" : {
      "type" : "Point",
      "coordinates" : [ 6.927316915243864, 49.38480183016509 ]
    }
  }, {
    "type" : "Feature",
    "properties" : {
      "date" : "15/06/2021 08:52:22",
      "bikeType" : "-",
      "child" : "Nein",
      "trailer" : "Nein",
      "pLoc" : "Hosentasche",
      "incident" : "Zu dichtes Überholen",
      "participant" : "PKW",
      "scary" : "Ja",
      "descr" : "",
      "region" : "Saarlouis"
    },
    "geometry" : {
      "type" : "Point",
      "coordinates" : [ 6.909072361886501, 49.40663677174598 ]
    }
  }, {
    "type" : "Feature",
    "properties" : {
      "date" : "15/06/2021 16:34:35",
      "bikeType" : "-",
      "child" : "Nein",
      "trailer" : "Nein",
      "pLoc" : "Hosentasche",
      "incident" : "Ein- oder ausparkendes Fahrzeug",
      "participant" : "PKW",
      "scary" : "Ja",
      "descr" : "",
      "region" : "Saarlouis"
    },
    "geometry" : {
      "type" : "Point",
      "coordinates" : [ 6.908887540921569, 49.409215338528156 ]
    }
  }, {
    "type" : "Feature",
    "properties" : {
      "date" : "14/06/2021 15:05:37",
      "bikeType" : "-",
      "child" : "Nein",
      "trailer" : "Nein",
      "pLoc" : "Hosentasche",
      "incident" : "Entgegenkommender Verkehrsteilnehmer",
      "participant" : "PKW",
      "scary" : "Nein",
      "descr" : "Wäre ich nicht rechts abgebogen, wäre ich in voller Fahrt in den SUV hinein gefahren. Ich hatte Vorfahrt. ",
      "region" : "Saarlouis"
    },
    "geometry" : {
      "type" : "Point",
      "coordinates" : [ 6.90809017047286, 49.40859591588378 ]
    }
  }, {
    "type" : "Feature",
    "properties" : {
      "date" : "24/06/2021 18:36:38",
      "bikeType" : "-",
      "child" : "Nein",
      "trailer" : "Nein",
      "pLoc" : "Hosentasche",
      "incident" : "Hindernis ausweichen (z.B. Hund)",
      "participant" : "PKW",
      "scary" : "Nein",
      "descr" : "",
      "region" : "Saarlouis"
    },
    "geometry" : {
      "type" : "Point",
      "coordinates" : [ 6.800402412191033, 49.36140890233219 ]
    }
  }, {
    "type" : "Feature",
    "properties" : {
      "date" : "09/08/2021 11:19:17",
      "bikeType" : "-",
      "child" : "Nein",
      "trailer" : "Nein",
      "pLoc" : "Hosentasche",
      "incident" : "Hindernis ausweichen (z.B. Hund)",
      "participant" : "PKW, Sonstiges",
      "scary" : "Ja",
      "descr" : "Auf dem Bürgersteig Dixie-Klo und Bauzäune abgestellt, sodass ich mit dem Kleinen in einer unübersichtlichen Kurve die Straßenseite wechseln musste. Als er die Straße mit dem Laufrad überqueren wollte, kamen dann auch Autos um die Ecke. ",
      "region" : "Saarlouis"
    },
    "geometry" : {
      "type" : "Point",
      "coordinates" : [ 6.897366028279066, 49.40835514571518 ]
    }
  }, {
    "type" : "Feature",
    "properties" : {
      "date" : "21/08/2021 20:56:36",
      "bikeType" : "-",
      "child" : "Nein",
      "trailer" : "Nein",
      "pLoc" : "Hosentasche",
      "incident" : "Zu dichtes Überholen",
      "participant" : "PKW",
      "scary" : "Ja",
      "descr" : "Poser überholt eng und mit deutlich überhöhter Geschwindigkeit und gefährdet dann auch noch mehrere Fußgänger.",
      "region" : "Saarlouis"
    },
    "geometry" : {
      "type" : "Point",
      "coordinates" : [ 6.906027132645249, 49.40944931935519 ]
    }
  }, {
    "type" : "Feature",
    "properties" : {
      "date" : "29/09/2021 08:59:25",
      "bikeType" : "Lastenrad",
      "child" : "Nein",
      "trailer" : "Nein",
      "pLoc" : "Hosentasche",
      "incident" : "Zu dichtes Überholen",
      "participant" : "PKW",
      "scary" : "Ja",
      "descr" : "",
      "region" : "Saarlouis"
    },
    "geometry" : {
      "type" : "Point",
      "coordinates" : [ 6.912137623876333, 49.4079326139763 ]
    }
  }, {
    "type" : "Feature",
    "properties" : {
      "date" : "29/09/2021 09:00:16",
      "bikeType" : "Lastenrad",
      "child" : "Nein",
      "trailer" : "Nein",
      "pLoc" : "Hosentasche",
      "incident" : "Zu dichtes Überholen",
      "participant" : "LKW",
      "scary" : "Ja",
      "descr" : "",
      "region" : "Saarlouis"
    },
    "geometry" : {
      "type" : "Point",
      "coordinates" : [ 6.908777486532927, 49.406668287701905 ]
    }
  }, {
    "type" : "Feature",
    "properties" : {
      "date" : "23/10/2021 12:40:54",
      "bikeType" : "Lastenrad",
      "child" : "Nein",
      "trailer" : "Nein",
      "pLoc" : "Hosentasche",
      "incident" : "Hindernis ausweichen (z.B. Hund)",
      "participant" : "",
      "scary" : "Nein",
      "descr" : "Baum quer über den Weg",
      "region" : "Saarlouis"
    },
    "geometry" : {
      "type" : "Point",
      "coordinates" : [ 6.973292659968138, 49.29976813495159 ]
    }
  }, {
    "type" : "Feature",
    "properties" : {
      "date" : "23/10/2021 12:59:06",
      "bikeType" : "Lastenrad",
      "child" : "Nein",
      "trailer" : "Nein",
      "pLoc" : "Hosentasche",
      "incident" : "Hindernis ausweichen (z.B. Hund)",
      "participant" : "",
      "scary" : "Nein",
      "descr" : "Baum quer über den Weg",
      "region" : "Saarlouis"
    },
    "geometry" : {
      "type" : "Point",
      "coordinates" : [ 6.967529430985451, 49.25948290619999 ]
    }
  }, {
    "type" : "Feature",
    "properties" : {
      "date" : "23/10/2021 13:03:08",
      "bikeType" : "Lastenrad",
      "child" : "Nein",
      "trailer" : "Nein",
      "pLoc" : "Hosentasche",
      "incident" : "Zu dichtes Überholen",
      "participant" : "PKW",
      "scary" : "Ja",
      "descr" : "",
      "region" : "Saarlouis"
    },
    "geometry" : {
      "type" : "Point",
      "coordinates" : [ 6.978811472654343, 49.25114915706217 ]
    }
  }, {
    "type" : "Feature",
    "properties" : {
      "date" : "23/10/2021 13:07:25",
      "bikeType" : "Lastenrad",
      "child" : "Nein",
      "trailer" : "Nein",
      "pLoc" : "Hosentasche",
      "incident" : "Sonstiges",
      "participant" : "Fußgänger",
      "scary" : "Ja",
      "descr" : "Sehr viele Fußballfans auf dem Weg zum Spiel, deshalb sehr unübersichtlich und eng",
      "region" : "Saarlouis"
    },
    "geometry" : {
      "type" : "Point",
      "coordinates" : [ 6.9824677426368, 49.242334831506014 ]
    }
  }, {
    "type" : "Feature",
    "properties" : {
      "date" : "13/10/2021 16:43:42",
      "bikeType" : "Lastenrad",
      "child" : "Nein",
      "trailer" : "Nein",
      "pLoc" : "Lenker",
      "incident" : "Entgegenkommender Verkehrsteilnehmer",
      "participant" : "PKW",
      "scary" : "Ja",
      "descr" : "",
      "region" : "Saarlouis"
    },
    "geometry" : {
      "type" : "Point",
      "coordinates" : [ 7.138431239873171, 49.467317182570696 ]
    }
  }, {
    "type" : "Feature",
    "properties" : {
      "date" : "13/10/2021 17:46:45",
      "bikeType" : "Lastenrad",
      "child" : "Ja",
      "trailer" : "Nein",
      "pLoc" : "Lenker",
      "incident" : "Zu dichtes Überholen",
      "participant" : "PKW",
      "scary" : "Ja",
      "descr" : "",
      "region" : "Saarlouis"
    },
    "geometry" : {
      "type" : "Point",
      "coordinates" : [ 6.907307133078575, 49.40685239620507 ]
    }
  }, {
    "type" : "Feature",
    "properties" : {
      "date" : "20/10/2021 15:54:05",
      "bikeType" : "Lastenrad",
      "child" : "Nein",
      "trailer" : "Nein",
      "pLoc" : "Hosentasche",
      "incident" : "Zu dichtes Überholen",
      "participant" : "PKW",
      "scary" : "Nein",
      "descr" : "",
      "region" : "Saarlouis"
    },
    "geometry" : {
      "type" : "Point",
      "coordinates" : [ 6.912466026842594, 49.407246387563646 ]
    }
  }, {
    "type" : "Feature",
    "properties" : {
      "date" : "20/10/2021 15:54:20",
      "bikeType" : "Lastenrad",
      "child" : "Nein",
      "trailer" : "Nein",
      "pLoc" : "Hosentasche",
      "incident" : "Zu dichtes Überholen",
      "participant" : "PKW",
      "scary" : "Nein",
      "descr" : "",
      "region" : "Saarlouis"
    },
    "geometry" : {
      "type" : "Point",
      "coordinates" : [ 6.912135696038604, 49.40813323482871 ]
    }
  }, {
    "type" : "Feature",
    "properties" : {
      "date" : "27/10/2021 17:48:50",
      "bikeType" : "City-/Trekking Bike",
      "child" : "Nein",
      "trailer" : "Nein",
      "pLoc" : "Hosentasche",
      "incident" : "Sonstiges",
      "participant" : "PKW",
      "scary" : "Nein",
      "descr" : "Überholen mit deutlich überhöhter Geschwindigkeit",
      "region" : "Saarlouis"
    },
    "geometry" : {
      "type" : "Point",
      "coordinates" : [ 6.90393584780395, 49.409313700161874 ]
    }
  }, {
    "type" : "Feature",
    "properties" : {
      "date" : "05/10/2021 09:01:15",
      "bikeType" : "Lastenrad",
      "child" : "Nein",
      "trailer" : "Nein",
      "pLoc" : "Hosentasche",
      "incident" : "Zu dichtes Überholen",
      "participant" : "LKW",
      "scary" : "Ja",
      "descr" : "",
      "region" : "Saarlouis"
    },
    "geometry" : {
      "type" : "Point",
      "coordinates" : [ 6.909175207838416, 49.40662004984915 ]
    }
  }, {
    "type" : "Feature",
    "properties" : {
      "date" : "05/10/2021 09:00:24",
      "bikeType" : "Lastenrad",
      "child" : "Nein",
      "trailer" : "Nein",
      "pLoc" : "Hosentasche",
      "incident" : "Zu dichtes Überholen",
      "participant" : "PKW",
      "scary" : "Nein",
      "descr" : "",
      "region" : "Saarlouis"
    },
    "geometry" : {
      "type" : "Point",
      "coordinates" : [ 6.911962442100048, 49.408148783259094 ]
    }
  } ]
}