lat,lon,ts,bike,childCheckBox,trailerCheckBox,pLoc,incident,i1,i2,i3,i4,i5,i6,i7,i8,i9,scary,desc,i10,region
51.75917204003781,14.338740622624755,1716646642000,3,0,0,1,8,0,0,0,0,0,0,0,0,0,0,"Kopfsteinpflaster",0,Cottbus
51.7481431318447,14.341448228806257,1716646939000,3,0,0,1,8,0,0,0,0,0,0,0,0,0,0,"Einfahrt mit Kopfsteinpflaster",0,Cottbus
51.733801611699164,14.354774532839656,1716647283000,3,0,0,1,8,0,0,0,0,0,0,0,0,0,0,"Wasserrinne an der Brücke",0,Cottbus
51.7487087007612,14.341059224680066,1716646927000,3,0,0,1,8,0,0,0,0,0,0,0,0,0,0,"Einfahrt mit Kopfsteinpflaster",0,Cottbus
51.77098394371569,14.344015689566731,1716642622140,3,0,0,1,8,0,0,0,0,0,0,0,0,0,0,"Ampel",0,Cottbus
51.762379333376884,14.3630784843117,1716777872000,3,0,0,1,8,0,0,0,0,0,0,0,0,0,0,"Sehr unebener Radweg",0,Cottbus
51.76234798505902,14.361334377899766,1716777854000,3,0,0,1,8,0,0,0,0,0,0,0,0,0,0,"sehr unebener Radweg",0,Cottbus
51.72682449120286,14.351041301695814,1685248089000,1,0,0,0,8,0,0,0,0,0,0,0,0,0,0,"Viele Wurzeln haben den Rad weg auf dem Spreedamm angehoben, er ist sehr schlecht befahrbar",0,Cottbus
51.80822906096349,14.41116282992441,1685245979000,1,0,0,0,8,0,0,0,0,0,0,0,0,0,0,"Der Radweg hat viele Wellen, einige sind abgeschliffen, haben sich aber wieder hochgeschoben",0,Cottbus
51.72233549260712,14.345099817779909,1685273670000,1,0,0,0,8,0,0,0,0,0,0,0,0,0,0,"Die abgesenkten Bordsteine entlang der Madlower Hauptstraße sind immer noch zu hoch, man wird beim Überfahren kräftig durchgeschüttelt",0,Cottbus
51.7647443109256,14.332405462746713,1678968609790,1,0,0,2,7,0,1,0,0,0,0,0,0,0,0,"Verkehrsschild mitten auf dem Radweg montiert",0,Cottbus
51.757997579635955,14.337177155015883,1678969103448,1,0,0,2,1,0,1,0,0,0,0,0,0,0,0,"Fahrradweg nicht erkennbar. Am BIOladen geht es leider nicht weiter mit dem Radweg",0,Cottbus
51.74944910797793,14.339521477008443,1678969390720,1,0,0,2,1,0,1,0,0,0,0,1,0,0,1,"Sehr enge Kurve, ohne Linienführung, Autos kreuzen scharf und fahren oft Abkürzung über Parkplatz. Hohes Aufkommen bei Fußballspielen.",0,Cottbus
51.74954068692607,14.33925480822436,1678969394065,1,0,0,2,7,0,0,0,0,0,0,0,0,0,0,"",0,Cottbus
51.76136614548005,14.330792209076593,1679048942646,1,0,0,2,7,0,0,0,0,0,0,0,0,0,0,"Bitte durchgehend einen Radweg von Nord nach Süd einrichten",0,Cottbus
51.763563498272255,14.327557673182813,1679043826041,1,0,0,2,7,0,0,0,0,0,0,0,0,1,0,"Person mit Rollator auf dem Radweg, weil Fußweg noch schlechter ist",0,Cottbus
51.737715754548994,14.336033268720717,1678194000000,1,0,0,2,7,0,0,0,0,0,0,0,0,1,0,"Da steht ein Papierkorb mitten auf dem Radweg.",0,Cottbus
51.73389618735299,14.325978436342716,1679647795277,1,0,0,2,7,0,0,0,0,0,0,0,0,1,0,"Baumscheiben schränken Radweg ein\n",0,Cottbus
51.74438563643117,14.326419448084716,1678785699485,1,0,0,2,1,0,0,0,0,0,0,0,0,0,0,"",0,Cottbus
51.738976641880285,14.341518562633768,1678180150215,1,0,0,2,7,0,0,0,0,0,0,0,0,0,0,"",0,Cottbus
51.738976641880285,14.341518562633768,1678180156360,1,0,0,2,1,0,0,0,0,0,0,0,0,0,0,"",0,Cottbus
51.73852535367355,14.338531261031402,1678180218000,1,0,0,2,8,0,1,0,0,0,0,0,0,0,1,"Hier gibt es gar keinen Radweg, doch diese Strecke ist durchgehend von Kindern und Jugendlichen frequentiert, weil hier das Sportzentrum und die Sportschule ist.",0,Cottbus
51.73173804328845,14.33922703752782,1678180463000,1,0,0,2,8,0,1,0,0,0,0,0,0,0,0,"Zw. Feuerwehr und Richarda Huch Straße ist der Radweg sehr schlecht.",0,Cottbus
51.74114749803028,14.342749517749354,1678180056000,1,0,0,2,8,0,1,0,0,0,0,0,0,0,0,"Auf dem Radweg wächst das Gras in den Weg hinein.",0,Cottbus
51.72772112050691,14.322744098968458,1679658429656,1,0,0,2,7,0,0,0,0,0,0,0,0,1,0,"Die Straße ist total huckelig",0,Cottbus
51.74451315085956,14.331821952087283,1679658804432,1,0,0,2,7,0,0,0,0,0,0,0,0,1,0,"Radwegführung unklar, wenn man aus der Drebkauer Str kommt",0,Cottbus
51.58186777013087,14.465019983410102,1687621191000,1,0,0,1,8,0,0,0,0,0,0,0,0,0,0,"Loch im Asphalt",0,Cottbus
51.559305837120746,14.457129079506014,1687621654000,1,0,0,1,8,0,0,0,0,0,0,0,0,0,0,"Fürchterlich zerfahren er Waldweg",0,Cottbus
51.722555253682664,14.34486955114968,1687096840000,1,0,0,0,8,0,0,0,0,0,0,0,0,0,0,"Abgesenkter Bordstein zu hoch",0,Cottbus
51.834995033037465,14.447221373273873,1687231827000,1,0,0,1,8,0,0,0,0,0,0,0,0,0,0,"Nur wenig abgesenkter Bordstein",0,Cottbus
51.83665223401417,14.447228501178694,1687231858000,1,0,0,1,8,0,0,0,0,0,0,0,0,0,0,"Schlechte Plattenfuge",0,Cottbus
51.75640776890433,14.3578447844646,1687234367001,1,0,0,1,8,0,0,0,0,0,0,0,0,0,0,"Schlechte Plattenfuge",0,Cottbus
51.75595540049182,14.357308955898885,1687234376001,1,0,0,1,8,0,0,0,0,0,0,0,0,0,0,"Schlechte Plattenfuge",0,Cottbus
51.75551968006631,14.356626976015407,1687234386001,1,0,0,1,8,0,0,0,0,0,0,0,0,0,0,"Schlechte Plattenfuge",0,Cottbus
51.75491426304238,14.355631705728827,1687234398001,1,0,0,1,8,0,0,0,0,0,0,0,0,0,0,"Schlechte Plattenfuge",0,Cottbus
51.75391136744849,14.353946649237024,1687234417001,1,0,0,1,8,0,0,0,0,0,0,0,0,0,0,"Nur wenig abgesenkter Bordstein",0,Cottbus
51.7216294453749,14.352279057317094,1687199416000,1,0,0,1,8,0,0,0,0,0,0,0,0,0,0,"Wurzeln unter dem Asfalt",0,Cottbus
51.7324961351712,14.354799610590254,1687199648000,1,0,0,1,8,0,0,0,0,0,0,0,0,0,0,"Breites Baugerüst an der Bahnbrücke\n",0,Cottbus
51.75608417077469,14.357960215896743,1687200188000,1,0,0,1,8,0,0,0,0,0,0,0,0,0,0,"Absätze zwischen den Betonplatte auf der Brücke",0,Cottbus
51.76228184448668,14.35917453684511,1687200278000,1,0,0,1,8,0,0,0,0,0,0,0,0,0,0,"Rote Ampel",0,Cottbus
51.77152517075759,14.374650063050906,1687200627000,1,0,0,1,4,0,0,1,0,0,0,0,0,0,0,"",0,Cottbus
51.81335221340083,14.42490775606861,1687201698001,1,0,0,1,8,0,0,0,0,0,0,0,0,0,0,"Absatz beim Anfang des Radweges",0,Cottbus
51.73755636475569,14.33221517988174,1680698057000,1,0,0,0,8,0,0,0,0,0,0,0,0,0,0,"Sehr lange Wartezeit an völlig unnötiger Ampel.",0,Cottbus
51.76410990901866,14.33218809394748,1669134592116,1,0,0,1,7,0,0,0,0,0,0,1,0,0,0,"",0,Cottbus
51.76363053320858,14.331937465683898,1669134607399,1,0,0,1,7,0,0,0,0,0,0,1,0,0,0,"",0,Cottbus
51.761676437801995,14.327882825016651,1669134829276,1,0,0,1,7,0,0,0,0,0,0,0,0,1,0,"Aufsteller \n\n\n\n\n",0,Cottbus
51.7623760760132,14.327752400844014,1669134862796,1,0,0,1,7,0,0,1,0,0,0,0,0,0,0,"mehrere Personen auf der Radspur\n\n\n\n",0,Cottbus
51.7628578627676,14.331349444020741,1669134951097,1,0,0,1,7,0,0,0,0,0,0,1,0,0,0,"",0,Cottbus
51.764420240974786,14.332301490880202,1669134996767,1,0,0,1,7,0,0,0,0,0,0,0,0,1,0,"Aufsteller\n\n\n\n\n\n\n\n\n",0,Cottbus
51.765930749148644,14.333493025723078,1669135078891,1,0,0,1,7,0,0,0,0,0,0,0,0,1,0,"Aufstellen\n\n\n\n",0,Cottbus
51.78291177594903,14.353754542709032,1669136021679,1,0,0,1,7,0,0,0,0,0,0,1,0,0,0,"",0,Cottbus
51.788072432050086,14.355764192098128,1669136204373,1,0,0,1,7,0,0,0,0,0,0,1,0,0,0,"",0,Cottbus
51.78816944938638,14.355754769528449,1669136207424,1,0,0,1,7,0,0,0,0,0,0,1,0,0,0,"",0,Cottbus
51.7633559291405,14.331733838992797,1667320642065,1,0,0,1,7,0,0,0,0,0,0,1,0,0,0,"PKW parkt auf der Straße außerhalb der gekennzeichneten Flächen \n\n\n",0,Cottbus
51.76246851741385,14.32611632556183,1667468624062,1,0,0,1,7,0,0,0,0,0,0,1,0,0,0,"großer PKW parkt fast mitten auf der Straße \n\n\n",0,Cottbus
51.765971444171264,14.326049943518079,1667468739416,1,0,0,1,1,0,0,0,0,0,0,1,0,0,0,"",0,Cottbus
51.7853172449709,14.354040541427732,1669224111637,1,0,0,1,7,0,0,0,0,0,0,0,0,1,0,"Baustelle ragt weit in die Straße \n\n\n\n",0,Cottbus
51.77219741100691,14.3448462751269,1669224533903,1,0,0,1,7,0,0,0,0,0,0,0,0,1,0,"Oberleitungsmast mitten auf dem Weg \n\n\n",0,Cottbus
51.764399243668024,14.332227830235015,1669224895239,1,0,0,1,7,0,0,0,0,0,0,1,0,0,0,"",0,Cottbus
51.76400187168331,14.332154214432485,1669224907481,1,0,0,1,7,0,0,0,0,0,0,1,0,0,0,"",0,Cottbus
51.76353476814014,14.331791528605022,1669224922693,1,0,0,1,7,0,0,0,0,0,0,0,0,1,0,"Werbesufsteller \n\n\n\n",0,Cottbus
51.76299507466474,14.331364675997206,1669224940974,1,0,0,1,7,0,0,0,0,0,0,1,0,0,0,"",0,Cottbus
51.76426406208943,14.332135271284674,1668694640458,1,0,0,1,7,0,0,0,0,0,0,1,0,0,0,"PKW parkt außerhalb der gekennzeichneten Flächen \n\n",0,Cottbus
51.764147433121906,14.332105120582968,1668694643621,1,0,0,1,7,0,0,0,0,0,0,1,0,0,0,"PKW parkt außerhalb der gekennzeichneten Flächen \n\n\n",0,Cottbus
51.76402714932927,14.332070039235486,1668694646863,1,0,0,1,7,0,0,0,0,0,0,1,0,0,0,"PKW parkt außerhalb der gekennzeichneten Flächen \n\n\n",0,Cottbus
51.763916745714525,14.332036845626199,1668694649882,1,0,0,1,7,0,0,0,0,0,0,1,0,0,0,"PKW parkt außerhalb der GEK. Flächen\n\n\n",0,Cottbus
51.78169666115126,14.335602302912443,1668077074295,1,0,0,1,1,0,0,0,0,0,0,0,0,0,0,"",0,Cottbus
51.79046224984035,14.348709370226068,1668077502349,1,0,0,1,1,0,0,0,0,0,0,1,0,0,0,"",0,Cottbus
51.79244109826548,14.350923994331415,1668077575317,1,0,0,1,1,0,0,0,0,0,0,1,0,0,1,"PKW mit Hänger sehr dicht und schnell\n\n\n",0,Cottbus
51.7573238876987,14.332650593004791,1669651941889,1,0,0,1,7,0,0,0,0,0,0,1,0,0,0,"PKW  auf Geh/Radweg\n\n\n\n",0,Cottbus
51.758571887854366,14.328033486535748,1669652054232,1,0,0,1,7,0,0,1,0,0,0,0,0,0,0,"Person auf dem Radweg \n\n\n\n\n",0,Cottbus
51.758724585631676,14.340350328531745,1669651729000,1,0,0,1,7,0,0,1,0,0,0,0,0,0,0,"Person auf dem Radweg\n\n\n",0,Cottbus
51.78310231520981,14.353706168865646,1667925304407,1,0,0,1,7,0,0,0,0,0,0,1,0,0,0,"PKW parkt auf der Straße \n\n\n",0,Cottbus
51.78332824181414,14.353735739415729,1667925310478,1,0,0,1,7,0,0,0,0,0,0,1,0,0,0,"PKW parkt auf der Straße \n\n\n",0,Cottbus
51.76252837062565,14.331139218217576,1668006634594,1,0,0,1,7,0,0,1,0,0,0,0,0,1,0,"Baustelle und mehrere Personen zu Fuß\n\n\n",0,Cottbus
51.76497524191948,14.332598158842403,1669060059177,1,0,0,1,7,0,0,0,0,0,0,1,0,0,0,"",0,Cottbus
51.78290371610081,14.353724163981248,1669060810388,1,0,0,1,7,0,0,0,0,0,0,1,0,0,0,"",0,Cottbus
51.78305629625412,14.353733767453644,1669060813560,1,0,0,1,7,0,0,0,0,0,0,1,0,0,0,"",0,Cottbus
51.78327889370504,14.353756274826775,1669060819728,1,0,0,1,7,0,0,0,0,0,0,1,0,0,0,"",0,Cottbus
51.78811075984042,14.355737390456786,1669060975814,1,0,0,1,7,0,0,0,0,0,0,1,0,0,0,"",0,Cottbus
51.788217138920956,14.355728526033069,1669060978954,1,0,0,1,7,0,0,0,0,0,0,1,0,0,0,"",0,Cottbus
51.75857006159941,14.326361893241405,1668583968833,1,0,0,1,7,0,0,0,0,0,0,0,0,1,0,"",0,Cottbus
51.848208437344304,14.331660608520695,1668349779034,1,0,0,1,1,0,0,0,0,0,0,1,0,0,0,"",0,Cottbus
51.83607553770647,14.351506899179412,1668350221335,1,0,0,1,1,0,0,0,0,0,0,1,0,0,0,"",0,Cottbus
51.83182954357155,14.353583740045565,1668350328729,1,0,0,1,1,0,0,0,0,0,0,1,0,0,0,"",0,Cottbus
51.805211207550364,14.352305922889277,1668351187167,1,0,0,1,1,0,0,0,0,0,0,1,0,0,0,"",0,Cottbus
51.76640417241385,14.32287289475635,1669201714922,1,0,0,1,1,0,0,0,0,0,0,1,0,0,0,"",0,Cottbus
51.766368561786656,14.32323688661383,1669201721093,1,0,0,1,1,0,0,0,0,0,0,1,0,0,0,"",0,Cottbus
51.766085057590054,14.32557262983355,1669201763780,1,0,0,1,1,0,0,0,0,0,0,1,0,0,0,"",0,Cottbus
51.76601267499196,14.326155686797295,1669201773030,1,0,0,1,1,0,0,0,0,0,0,1,0,0,1,"",0,Cottbus
51.76590416109742,14.326993609310936,1669201788297,1,0,0,1,1,0,0,0,0,0,0,1,0,0,0,"",0,Cottbus
51.76574596496823,14.328008586436782,1669201885577,1,0,0,1,1,0,0,0,0,0,0,1,0,0,1,"",0,Cottbus
51.76567031045858,14.328766791248738,1669201897737,1,0,0,1,1,0,0,0,0,0,0,1,0,0,0,"",0,Cottbus
51.76560316938763,14.3293139169674,1669201906832,1,0,0,1,1,0,0,0,0,0,0,1,0,0,0,"",0,Cottbus
51.76526498309132,14.3320503231488,1669201952435,1,0,0,1,1,0,0,0,0,0,0,1,0,0,1,"",0,Cottbus
51.760929223864714,14.331903080344924,1669202122506,1,0,0,1,7,0,0,0,1,0,0,1,0,0,0,"8 parkende KFZ\n\n\n",0,Cottbus
51.76091689862927,14.332035038348003,1669202125588,1,0,0,1,7,0,0,0,0,0,0,1,0,0,0,"",0,Cottbus
51.76320806589357,14.331515913002765,1668704965906,1,0,0,1,6,0,0,0,0,0,0,1,0,0,1,"",0,Cottbus
51.764120668808616,14.332141394609236,1668704987371,1,0,0,1,7,0,0,0,0,0,0,1,0,0,0,"PKW parkt auf der Straße außerhalb der gekennzeichneten Flächen. \n\n",0,Cottbus
51.76424457165911,14.33217678135566,1668704990558,1,0,0,1,7,0,0,0,0,0,0,1,0,0,0,"PKW parkt auf der Straße außerhalb der gekennzeichneten Flächen \n\n\n",0,Cottbus
51.76459523242207,14.332293113132032,1668704999741,1,0,0,1,7,0,0,0,0,0,0,0,0,1,0,"Werbeständer\n\n\n\n",0,Cottbus
51.76592019424205,14.333366582776325,1668705082122,1,0,0,1,7,0,0,0,0,0,0,0,0,1,0,"Mülltonnen\n\n\n",0,Cottbus
51.766033107099105,14.333474344688234,1668705085215,1,0,0,1,7,0,0,0,0,0,0,0,0,1,0,"Mülltonnen \n\n\n",0,Cottbus
51.76747130728972,14.334539041452052,1668705121797,1,0,0,1,7,0,0,0,0,0,0,1,0,0,0,"PKW parkt auf Geh/ Radweg\n\n\n\n",0,Cottbus
51.76767126362135,14.334653477712886,1668705127919,1,0,0,1,7,0,0,0,0,0,0,0,0,0,0,"",0,Cottbus
51.77138905458633,14.338768944654236,1668705240587,1,0,0,1,7,0,0,0,0,0,0,1,0,0,0,"",0,Cottbus
51.771340003308154,14.339166623910197,1668705246678,1,0,0,1,7,0,0,0,0,0,0,1,0,0,0,"",0,Cottbus
51.78300104636088,14.353695419536164,1668705776812,1,0,0,1,7,0,0,0,0,0,0,1,0,0,0,"",0,Cottbus
51.79033466612756,14.357678657361772,1668705986877,1,0,0,1,1,0,0,0,0,0,0,1,0,0,1,"",0,Cottbus
51.76742570739863,14.334290045775864,1669049244373,1,0,0,1,7,0,0,0,0,0,0,1,0,0,0,"PKW parkt quer auf Geh\n\n\n\n/Radweg\n\n\n",0,Cottbus
51.76635432126985,14.333617559262537,1669049277837,1,0,0,1,7,0,0,0,0,0,0,1,0,0,0,"Müllcontainer\n\n\n\n\n\n\n",0,Cottbus
51.76522240154382,14.332524719309664,1669049320589,1,0,0,1,3,0,0,0,0,0,0,1,0,0,0,"rechtsabb. PKW missachtet Vorfahrt \n\n\n",0,Cottbus
51.764248148253415,14.332174399145941,1669049350993,1,0,0,1,7,0,0,0,0,0,0,1,0,0,0,"",0,Cottbus
51.764173887038815,14.332144497157968,1669049354098,1,0,0,1,7,0,0,0,0,0,0,1,0,0,0,"",0,Cottbus
51.764090520746954,14.33211391148408,1669049357214,1,0,0,1,7,0,0,0,0,0,0,1,0,0,0,"",0,Cottbus
51.77129767331081,14.33794356187966,1668410930753,1,0,0,1,7,0,0,0,0,0,0,1,0,0,0,"PKW parkt direkt vor den Pollern.\n\n",0,Cottbus
51.7686151242563,14.330603547669533,1668411123823,1,0,0,1,7,0,0,0,0,0,0,0,0,1,0,"Temporäres Verkehrsschild\n\n\n\n mitten auf dem Weg.",0,Cottbus
51.79358476187014,14.356672998341208,1667384998872,1,0,0,1,1,0,0,0,0,0,0,1,0,0,0,"",0,Cottbus
51.79617407137035,14.357224768754891,1667385076988,1,0,0,1,1,0,0,0,1,0,0,0,0,0,0,"",0,Cottbus
51.80041421731257,14.35537530972948,1667385179940,1,0,0,1,1,0,0,0,0,0,0,1,0,0,1,"",0,Cottbus
51.80173379551456,14.343333161665948,1667385477818,1,0,0,1,1,0,0,0,0,0,0,1,0,0,0,"",0,Cottbus
51.800824069324435,14.34203336465606,1667385505936,1,0,0,1,1,0,0,0,0,0,0,1,0,0,0,"",0,Cottbus
51.79284606831015,14.337673943176931,1667385717797,1,0,0,1,1,0,0,0,0,0,0,1,0,0,0,"",0,Cottbus
51.78967718025041,14.336291661536796,1667385799241,1,0,0,1,1,0,0,0,0,0,0,1,0,0,0,"",0,Cottbus
51.787528559817595,14.354851247028659,1667491593686,1,0,0,1,1,0,0,0,0,0,1,0,0,0,0,"",0,Cottbus
51.78760479016524,14.355214579963082,1667491600000,1,0,0,1,1,0,0,0,0,0,0,1,0,0,0,"",0,Cottbus
51.78844667171629,14.355714696730475,1668795349304,1,0,0,1,7,0,0,0,0,0,0,1,0,0,0,"",0,Cottbus
51.78828953535611,14.355721242651208,1668795352454,1,0,0,1,7,0,0,0,0,0,0,1,0,0,0,"",0,Cottbus
51.78531055910672,14.353977982624718,1668795455702,1,0,0,1,7,0,0,0,0,0,0,0,0,1,0,"Baustelle\n\n\n",0,Cottbus
51.76927828366774,14.339475331913746,1668795975510,1,0,0,1,1,0,0,0,0,0,0,1,0,0,0,"",0,Cottbus
51.76769672949465,14.336198095823137,1668796042284,1,0,0,1,7,0,0,0,0,0,0,0,0,1,0,"Baustelle \n\n\n\n",0,Cottbus
51.76587775407484,14.335552310977096,1668796087970,1,0,0,1,1,0,0,0,0,0,0,1,0,0,0,"",0,Cottbus
51.76197051412705,14.336410829074458,1668796252031,1,0,0,1,7,0,0,0,0,0,0,1,0,0,0,"",0,Cottbus
51.76654759695379,14.333660262033423,1668497556480,1,0,0,1,7,0,0,0,1,0,0,0,0,1,0,"Kleintransporter und Dixi-Klo versperren schon länger die Durchfährt.\n\n",0,Cottbus
51.78280827400224,14.363605897058108,1669100922474,1,0,0,1,7,0,0,0,0,0,0,0,0,0,0,"",0,Cottbus
51.782694741106745,14.363023057777498,1669100937692,1,0,0,1,7,0,0,0,0,0,0,0,0,1,0,"überfrorener Schnee\n\n\n",0,Cottbus
51.77456276645649,14.356373136017172,1669101205533,1,0,0,1,7,0,0,0,0,0,0,0,0,1,0,"überfrorener Schnee \n\n\n",0,Cottbus
51.77446361402468,14.356291274067981,1669101208595,1,0,0,1,7,0,0,0,0,0,0,0,0,1,0,"überfrorener Schnee \n\n\n",0,Cottbus
51.77419506909837,14.355961979730578,1669101217783,1,0,0,1,7,0,0,0,0,0,0,0,0,1,0,"überfrorener Schnee \n\n\n",0,Cottbus
51.77134648842134,14.354982699341514,1669101312136,1,0,0,1,7,0,0,0,0,0,0,0,0,1,0,"überfrorener Schnee\n\n\n\n\n\n\n\n\n",0,Cottbus
51.76769947859446,14.348428159037361,1669101506809,1,0,0,1,7,0,0,0,0,0,0,0,0,1,0,"längere Strecke mit festgefahrenen Schnee\n\n\n\n",0,Cottbus
51.76706010243198,14.339259929400656,1669101679956,1,0,0,1,7,0,0,0,0,0,0,0,0,1,0,"großes Stück festgefahrenen Schnees\n\n\n\n",0,Cottbus
51.76655672593867,14.333712644640793,1669101822924,1,0,0,1,7,0,0,0,1,0,0,0,0,1,0,"Dixi-Klo und Kleintransporter\n\n\n\n\n",0,Cottbus
51.76630894991414,14.333535876516521,1669101832114,1,0,0,1,7,0,0,0,0,0,0,0,0,1,0,"Müllcontainer\n\n\n\n",0,Cottbus
51.76585099068841,14.327498141655346,1667805931160,1,0,0,1,1,0,0,0,0,0,0,1,0,0,0,"",0,Cottbus
51.77799403583461,14.350015033072019,1667805340999,1,0,0,1,8,0,0,0,0,0,0,0,0,0,1,"Baustelle, nicht gekennzeichnet\n\n\n",0,Cottbus
51.78570232764474,14.353972170903022,1667805102721,1,0,0,1,1,0,0,0,0,0,0,1,0,0,0,"",0,Cottbus
51.78546364161617,14.353973661758044,1667805109047,1,0,0,1,7,0,0,0,0,0,0,0,0,1,0,"Baustelle \n\n\n",0,Cottbus
51.76763374955163,14.336096452287691,1667805736863,1,0,0,1,1,0,0,0,0,0,0,1,0,0,0,"",0,Cottbus
51.76609005294692,14.335578617568945,1667805777252,1,0,0,1,1,0,0,0,0,0,0,1,0,0,0,"",0,Cottbus
51.76532864326379,14.334870403949159,1667805808613,1,0,0,1,1,0,0,0,0,0,0,1,0,0,0,"",0,Cottbus
51.76530221794273,14.333741397472005,1667805827546,1,0,0,1,7,0,0,0,0,0,0,1,0,0,0,"PKW parkt auf Radschutzstreifen\n\n\n",0,Cottbus
51.76536279154917,14.33155537461013,1667805862386,1,0,0,1,1,0,0,0,0,0,0,1,0,0,0,"",0,Cottbus
51.76547864731009,14.330539904798709,1667805878010,1,0,0,1,1,0,0,0,0,0,0,1,0,0,0,"",0,Cottbus
51.768074029891984,14.335013157745731,1667832640115,1,0,0,1,7,0,0,0,0,0,0,1,0,0,0,"von hinten gekommener \n\n\n\n\n\n\n\n\nrechts abbiegenden Kleintransporter bleibt auf der Radfurt stehen.",0,Cottbus
51.76452946886197,14.332283942382604,1668930246754,1,0,0,1,7,0,0,0,0,0,0,0,0,1,0,"Werbeaufsteller\n\n\n\n\n",0,Cottbus
51.76513188063261,14.332688779134974,1668930265160,1,0,0,1,7,0,1,0,0,0,0,0,0,0,0,"defekter Gaul liegt \n\n\n\n\n\nauf dem Weg\n\n\n",0,Cottbus
51.76596479548674,14.333424882078907,1668930293073,1,0,0,1,7,0,0,0,0,0,0,0,0,1,0,"Mülltonnen\n\n\n\n",0,Cottbus
51.77135489476904,14.339863595793096,1668930477508,1,0,0,1,7,0,0,0,0,0,0,1,0,0,0,"",0,Cottbus
51.78292969369064,14.353678621457446,1668930898609,1,0,0,1,7,0,0,0,0,0,0,1,0,0,0,"",0,Cottbus
51.783057706878424,14.353678471891227,1668930901746,1,0,0,1,7,0,0,0,0,0,0,1,0,0,0,"",0,Cottbus
51.7663686692694,14.323551310133785,1667300028234,1,0,0,1,1,0,0,0,0,0,0,1,0,0,1,"",0,Cottbus
51.78988496778953,14.356900565337632,1668342085227,1,0,0,1,1,0,0,0,0,0,0,1,0,0,0,"",0,Cottbus
51.78533238115576,14.320766959006333,1668342686721,1,0,0,1,1,0,0,0,0,0,0,1,0,0,0,"",0,Cottbus
51.79120930126186,14.311959952713183,1668342955083,1,0,0,1,1,0,0,0,0,0,0,1,0,0,0,"",0,Cottbus
51.774522828020096,14.33517974861077,1668076680730,1,0,0,1,1,0,0,0,0,0,0,1,0,0,0,"",0,Cottbus
51.77391094774957,14.335217267328984,1668076750671,1,0,0,1,1,0,0,0,0,0,0,1,0,0,0,"",0,Cottbus
51.787111099563454,14.346660801256403,1668076166411,1,0,0,1,1,0,0,0,0,0,0,1,0,0,0,"",0,Cottbus
51.785974945541646,14.339440940703291,1668076291106,1,0,0,1,1,0,0,0,1,0,0,0,0,0,1,"",0,Cottbus
51.78584627170002,14.338574004681687,1668076306389,1,0,0,1,1,0,0,0,0,0,0,1,0,0,0,"",0,Cottbus
51.781341047690645,14.335514106819675,1668076473720,1,0,0,1,7,0,0,0,0,0,0,1,0,0,0,"2 PKW parken auf der Straße \n\n\n\n",0,Cottbus
51.7809799481533,14.33547343356239,1668076510207,1,0,0,1,1,0,0,0,0,0,0,1,0,0,1,"PKW überholt dicht bei Gegenverkehr.\n\n\n",0,Cottbus
51.77823539029578,14.335359468538144,1668076583266,1,0,0,1,1,0,0,0,0,0,0,1,0,0,0,"",0,Cottbus
51.77812189047854,14.335352317863304,1668076586357,1,0,0,1,1,0,0,0,0,0,0,1,0,0,0,"",0,Cottbus
51.77649294424496,14.335261343691757,1668076629056,1,0,0,1,1,0,0,0,0,0,0,1,0,0,0,"",0,Cottbus
51.78847787972816,14.355696963873678,1667323097857,1,0,0,1,7,0,0,0,0,0,0,1,0,0,0,"PKW parkt auf der Straße \n\n\n",0,Cottbus
51.763565908898244,14.331865132143541,1667322238828,1,0,0,1,7,0,0,0,0,0,0,1,0,0,0,"PKW parkt auf der Straße außerhalb der gekennzeichneten Flächen\n\n\n",0,Cottbus
51.76452494563797,14.332321445686334,1667322266292,1,0,0,1,4,0,1,0,0,0,0,0,0,0,1,"zwei entgegenkommende Fahrräder (Geisterfahrer)\n\n\n\n\n\n",0,Cottbus
51.767158557395035,14.33440708799851,1667322357589,1,0,0,1,7,0,0,0,0,0,0,0,0,0,0,"",0,Cottbus
51.7830146884746,14.353702036733907,1667322942298,1,0,0,1,7,0,0,0,0,0,0,1,0,0,0,"parkt auf der Straße \n\n\n",0,Cottbus
51.78610956793863,14.354053096081875,1667323018575,1,0,0,1,1,0,0,0,0,0,0,1,0,0,0,"PKW parkt auf der Straße \n\n\n",0,Cottbus
51.788232586185316,14.355713401287543,1667323091738,1,0,0,1,7,0,0,0,0,0,0,1,0,0,0,"PKW parkt auf der Straße \n\n\n",0,Cottbus
51.79053288465788,14.357847360344097,1668582035274,1,0,0,1,1,0,0,0,0,0,0,1,0,0,0,"",0,Cottbus
51.78510443759107,14.353845008673323,1668582220796,1,0,0,1,7,0,0,0,0,0,0,0,0,1,0,"Baustelle ragt weit in die Straße \n\n\n",0,Cottbus
51.76826612981683,14.33640194742966,1668582868041,1,0,0,1,1,0,0,0,0,0,0,1,0,0,0,"",0,Cottbus
51.75700226800869,14.324548478641926,1668583348421,1,0,0,1,7,0,0,0,0,0,0,0,0,0,0,"",1,Cottbus
51.76250585748044,14.336380458165875,1668809136191,1,0,0,1,1,0,0,0,0,0,0,1,0,0,0,"",0,Cottbus
51.783027986197276,14.353710383755395,1668809799234,1,0,0,1,7,0,0,0,0,0,0,1,0,0,0,"",0,Cottbus
51.787444678082174,14.3544344049654,1668809917769,1,0,0,1,7,0,0,0,0,0,0,1,0,0,0,"",0,Cottbus
51.788041468891485,14.35571669072017,1668809948191,1,0,0,1,7,0,0,0,0,0,0,1,0,0,0,"",0,Cottbus
51.78815428665629,14.355710802038347,1668809951276,1,0,0,1,7,0,0,0,0,0,0,1,0,0,0,"",0,Cottbus
51.788266244874265,14.35571012724283,1668809954347,1,0,0,1,7,0,0,0,0,0,0,1,0,0,0,"",0,Cottbus
51.76600374735688,14.326389723764562,1668171183247,1,0,0,1,1,0,0,0,0,0,0,1,0,0,1,"",0,Cottbus
51.77772257655193,14.349676577394735,1667834319316,1,0,0,1,7,0,0,0,0,0,0,1,0,0,0,"PKW parkt auf dem Fuß/ Radweg\n\n",0,Cottbus
51.78319752199516,14.353774369203016,1667834500261,1,0,0,1,7,0,0,0,0,0,0,1,0,0,0,"parkt auf der Straße \n\n\n",0,Cottbus
51.765893336576646,14.32677502492478,1668528915318,1,0,0,1,1,0,0,0,0,0,0,1,0,0,1,"",0,Cottbus
51.76565793443033,14.328917412735112,1668529000442,1,0,0,1,1,0,0,0,0,0,0,1,0,0,1,"",0,Cottbus
51.76562666594,14.329245200770504,1668529006571,1,0,0,1,1,0,0,0,0,0,0,1,0,0,0,"",0,Cottbus
51.76538781556663,14.331137474093001,1668529040061,1,0,0,1,1,0,0,0,0,0,0,1,0,0,0,"",0,Cottbus
51.765186602541945,14.333113748532345,1668529073571,1,0,0,1,1,0,0,0,0,0,0,1,0,0,0,"",0,Cottbus
51.76877890302085,14.337421012996197,1668529252812,1,0,0,1,1,0,0,0,0,0,0,1,0,0,1,"",0,Cottbus
51.769730103953584,14.342561040401627,1668529341100,1,0,0,1,1,0,0,0,0,0,0,1,0,0,0,"",0,Cottbus
51.78309472749162,14.353738909043507,1668529830504,1,0,0,1,7,0,0,0,0,0,0,1,0,0,0,"",0,Cottbus
51.783310954808506,14.353738166492418,1668529836592,1,0,0,1,7,0,0,0,0,0,0,1,0,0,0,"",0,Cottbus
51.770997776421474,14.344010633969665,1668529433999,1,0,0,1,3,0,0,0,0,0,0,1,0,0,1,"",0,Cottbus
51.76319975836691,14.331522551123975,1669666233178,1,0,0,1,7,0,0,0,0,0,0,1,0,0,0,"",0,Cottbus
51.78288956409527,14.353674728715024,1669667091576,1,0,0,1,7,0,0,0,0,0,0,1,0,0,0,"",0,Cottbus
51.782995802442215,14.353670770610972,1669667094735,1,0,0,1,7,0,0,0,0,0,0,1,0,0,0,"",0,Cottbus
51.78816011896656,14.355722222529037,1669667272750,1,0,0,1,7,0,0,0,0,0,0,1,0,0,0,"",0,Cottbus
51.78944817519726,14.355960098005761,1669667312506,1,0,0,1,7,0,0,0,0,0,0,1,0,0,0,"",0,Cottbus
51.763244951781125,14.33155357156862,1669237340093,1,0,0,1,7,0,0,0,0,0,0,1,0,0,0,"",0,Cottbus
51.763775796002925,14.331980745020054,1669237355385,1,0,0,1,7,0,0,0,0,0,0,1,0,0,0,"",0,Cottbus
51.771402194237275,14.339823290931111,1669237622521,1,0,0,1,6,0,0,0,0,0,0,1,0,0,0,"",0,Cottbus
51.77134017669821,14.340357358787383,1669237631763,1,0,0,1,7,0,0,0,0,0,0,1,0,0,0,"",0,Cottbus
51.783045708672546,14.353756357868152,1669238108776,1,0,0,1,7,0,0,0,0,0,0,1,0,0,0,"",0,Cottbus
51.78316528742563,14.353756205312479,1669238111903,1,0,0,1,7,0,0,0,0,0,0,1,0,0,0,"",0,Cottbus
51.783283025166085,14.35376428462249,1669238114992,1,0,0,1,7,0,0,0,0,0,0,1,0,0,0,"",0,Cottbus
51.78817950630322,14.3557366508503,1669238270028,1,0,0,1,7,0,0,0,0,0,0,1,0,0,0,"",0,Cottbus
51.78828232401501,14.355735749911162,1669238273267,1,0,0,1,7,0,0,0,0,0,0,1,0,0,0,"",0,Cottbus
51.788764605515176,14.355719543846657,1669238285488,1,0,0,1,7,0,0,0,0,0,0,0,0,1,0,"Mülltonne\n\n\n\n",0,Cottbus
51.79405145047176,14.360589773714254,1668771001724,1,0,0,1,2,0,0,0,1,0,0,0,0,0,0,"",0,Cottbus
51.79369730414805,14.357567389775248,1668771053551,1,0,0,1,1,0,0,0,0,0,0,1,0,0,0,"",0,Cottbus
51.79494903764637,14.356916212215056,1668771117431,1,0,0,1,1,0,0,0,0,0,0,1,0,0,0,"",0,Cottbus
51.79898581061464,14.356004947716018,1668771220822,1,0,0,1,1,0,0,0,0,0,0,1,0,0,0,"",0,Cottbus
51.80171918171728,14.355213296437089,1668771290816,1,0,0,1,1,0,0,0,0,0,0,1,0,0,1,"",0,Cottbus
51.80301153784032,14.35202869150095,1668771412611,1,0,0,1,7,0,0,0,0,0,0,1,0,0,0,"PKW parkt auf der Straße \n\n\n",0,Cottbus
51.80313657087904,14.348858872915976,1668771461323,1,0,0,1,7,0,0,0,0,0,0,1,0,0,0,"PKW parkt auf der Straße \n\n\n",0,Cottbus
51.8010374087602,14.342408083495897,1668771576917,1,0,0,1,1,0,0,0,0,0,0,1,0,0,0,"",0,Cottbus
51.80017254482336,14.341209462027942,1668771604354,1,0,0,1,1,0,0,0,0,1,0,0,0,0,1,"",0,Cottbus
51.79660181694053,14.338076645039662,1668771707812,1,0,0,1,1,0,0,0,0,0,0,1,0,0,0,"",0,Cottbus
51.7898372997142,14.336484004865165,1668771881207,1,0,0,1,1,0,0,0,0,0,0,1,0,0,0,"",0,Cottbus
51.78914517107387,14.335938489673365,1668771899589,1,0,0,1,1,0,0,0,0,0,0,1,0,0,0,"",0,Cottbus
51.78859165819698,14.335517392200286,1668771914802,1,0,0,1,1,0,0,0,1,0,0,0,0,0,1,"",0,Cottbus
51.786190168876104,14.326075417530344,1668772076329,1,0,0,1,7,0,0,0,0,0,0,1,0,0,0,"PKW parkt auf der Straße \n\n\n",0,Cottbus
51.78597302520838,14.324656091087832,1668772097676,1,0,0,1,1,0,0,0,1,0,0,0,0,0,0,"",0,Cottbus
51.78571780497398,14.323170059240322,1668772122105,1,0,0,1,1,0,0,0,0,0,0,1,0,0,0,"",0,Cottbus
51.785450473799465,14.321558940028916,1668772146379,1,0,0,1,1,0,0,0,0,0,0,1,0,0,0,"",0,Cottbus
51.785310937242066,14.320783172526856,1668772158645,1,0,0,1,1,0,0,0,0,0,0,1,0,0,0,"",0,Cottbus
51.785062535941414,14.319416685379965,1668772179938,1,0,0,1,1,0,0,0,0,0,0,0,0,0,0,"",0,Cottbus
51.78516768561908,14.320150917836973,1668772298418,1,0,0,1,1,0,0,0,0,0,0,1,0,0,1,"",0,Cottbus
51.785347323569276,14.321183247948644,1668772316665,1,0,0,1,1,0,0,0,0,0,0,1,0,0,0,"",0,Cottbus
51.78547097372134,14.32190136921525,1668772328882,1,0,0,1,1,0,0,0,0,0,0,1,0,0,0,"",0,Cottbus
51.7857618839322,14.323510495368511,1668772356357,1,0,0,1,7,0,0,0,1,0,0,0,0,0,0,"",0,Cottbus
51.785940037301685,14.324550611198005,1668772377723,1,0,0,1,7,0,0,0,0,0,0,1,0,0,0,"PKW parkt auf der Straße mit großem Abstand zum Vordermann.\n\n\n",0,Cottbus
51.785966109125255,14.324871725187984,1668772383926,1,0,0,1,1,1,0,0,0,0,0,0,0,0,1,"",0,Cottbus
51.785998398663146,14.325039688787609,1668772387009,1,0,0,1,1,0,0,0,0,0,0,1,0,0,0,"",0,Cottbus
51.7856075339616,14.337120183461398,1668772645643,1,0,0,1,1,0,0,0,0,0,0,1,0,0,0,"",0,Cottbus
51.78587766060017,14.339145656790983,1668772682171,1,0,0,1,1,0,0,0,0,0,0,1,0,0,0,"",0,Cottbus
51.78698140161154,14.346104292710832,1668772800693,1,0,0,1,1,0,0,0,0,0,0,1,0,0,0,"",0,Cottbus
51.787205440180074,14.347366376965942,1668772822104,1,0,0,1,7,0,0,0,0,1,0,0,0,0,1,"",0,Cottbus
51.787250986902976,14.348114686408637,1668772834308,1,0,0,1,1,0,0,0,0,0,0,1,0,0,0,"",0,Cottbus
51.787243613629805,14.348542248178015,1668772840448,1,0,0,1,1,0,0,0,1,0,0,1,0,0,1,"Das war sehr eng!\n\n\n\n",0,Cottbus
51.787239880910015,14.348721041237406,1668772843477,1,0,0,1,1,0,0,0,0,0,0,1,0,0,0,"",0,Cottbus
51.78768915208971,14.355666285198025,1668772971358,1,0,0,1,7,0,0,0,0,0,0,1,0,0,0,"PKW parkt auf der Straße \n\n\n\n",0,Cottbus
51.78827278519236,14.35572540189004,1668772986572,1,0,0,1,7,0,0,0,0,0,0,1,0,0,0,"PKW parkt auf der Straße \n\n\n",0,Cottbus
51.79082763307986,14.358278761316942,1668773071824,1,0,0,1,1,0,0,0,0,0,0,1,0,0,0,"",0,Cottbus
51.78513792600008,14.353900429135722,1668928760659,1,0,0,1,7,0,0,0,0,0,0,0,0,1,0,"Baustelle \n\n\n",0,Cottbus
51.76526413673602,14.332730053629366,1668929456928,1,0,0,1,1,0,0,0,0,0,0,1,0,0,0,"",0,Cottbus
51.76406882818139,14.332147775015002,1668929491276,1,0,0,1,7,0,0,0,0,0,0,1,0,0,0,"",0,Cottbus
51.76396590385925,14.33213229779202,1668929494392,1,0,0,1,7,0,0,0,0,0,0,1,0,0,0,"",0,Cottbus
51.76375057335988,14.332021276350241,1668929500581,1,0,0,1,7,0,0,0,0,0,0,1,0,0,0,"",0,Cottbus
51.779050286418,14.35142889634982,1669215234309,1,0,0,1,7,0,0,0,0,0,0,0,0,1,0,"Schmutzhaufen\n\n\n\n",0,Cottbus
51.78110200736844,14.353021440647437,1669215313318,1,0,0,1,1,0,0,0,0,0,0,1,0,0,0,"",0,Cottbus
51.78800547550818,14.355733198532512,1669215550435,1,0,0,1,7,0,0,0,1,0,0,1,0,0,0,"4 KFZ parken auf der Straße, obwohl die Leute riesige Grundstücke haben.\n\n\n\n",0,Cottbus
51.768859154740944,14.332155413950751,1667887893199,1,0,0,1,7,0,0,0,0,0,0,1,0,0,0,"PKW parkt auf der Straße \n\n\n",0,Cottbus
51.768615436714285,14.330578575482193,1667887935897,1,0,0,1,7,0,0,0,0,0,0,0,0,1,0,"temporäres Verkehrsschild\n\n\n\n steht auf dem sehr schmalen Fuß/Radweg",0,Cottbus
51.76143256793037,14.333017430209528,1669202834524,1,0,0,1,7,0,0,0,0,0,0,0,0,0,0,"",0,Cottbus
51.76138081697294,14.332065089412255,1669202855830,1,0,0,1,7,0,0,0,0,0,0,1,0,0,0,"im Halteverbot\n\n\n",0,Cottbus
51.761391009912344,14.331720533094863,1669202861944,1,0,0,1,7,0,0,0,1,0,0,0,0,0,0,"",0,Cottbus
51.76138860354077,14.331573251544022,1669202865056,1,0,0,1,7,0,0,0,0,0,0,1,0,0,0,"",0,Cottbus
51.7614266834257,14.331417924321016,1669202868094,1,0,0,1,7,0,0,0,0,0,0,1,0,0,0,"",0,Cottbus
51.762985665381294,14.331455172265235,1669202922852,1,0,0,1,7,0,0,0,0,0,0,1,0,0,0,"",0,Cottbus
51.76532515195873,14.332083065302921,1669202995947,1,0,0,1,3,0,0,0,1,0,0,0,0,0,1,"aus Westen kommender Kleintransporter Box links ab und nahm mir die Vorfahrt.\n\n\n",0,Cottbus
51.76655252088574,14.333745782027325,1667978450666,1,0,0,1,7,0,0,1,1,0,0,0,0,1,0,"Kleintransporter und Dixi-Klo stehen auf dem Fuß/Radweg. Wenn noch Fußgänger kommen, wird es ganz eng.",0,Cottbus
51.762524949207574,14.326003333725835,1668172362993,1,0,0,1,6,0,0,0,0,0,0,1,0,0,0,"",0,Cottbus
51.766103661154894,14.325999144362044,1667466812174,1,0,0,1,1,0,0,0,0,0,0,1,0,0,0,"",0,Cottbus
51.76508324971989,14.324772177942812,1667466852991,1,0,0,1,2,0,0,0,0,0,0,1,0,0,0,"\n\n\n\n\n\n",0,Cottbus
51.76409253224849,14.324483502740044,1667466877890,1,0,0,1,7,0,0,0,0,0,0,1,0,0,0,"PKW parkt in 2. Reihe\n\n\n",0,Cottbus
51.756373142202335,14.32448136072452,1667467157618,1,0,0,1,1,0,0,0,0,0,0,1,0,0,0,"",0,Cottbus
51.77776836956304,14.34977970713533,1667284615466,1,0,0,1,7,0,0,0,0,0,0,0,0,0,0,"",1,Cottbus
51.78299715500483,14.353685750778109,1668614204205,1,0,0,1,7,0,0,0,0,0,0,1,0,0,0,"parken auf der Straße \n\n\n",0,Cottbus
51.78987149445195,14.35688112187692,1668614449000,1,0,0,1,1,0,0,0,0,0,0,1,0,0,0,"",0,Cottbus
51.782606964636884,14.36316470582021,1669187749946,1,0,0,1,7,0,0,0,0,0,0,0,0,1,0,"vereister Weg (großflächig)\n\n\n",0,Cottbus
51.767769653247555,14.348000779948586,1669188302180,1,0,0,1,7,0,0,0,0,0,0,0,0,1,0,"festgefahrener Schnee auf längerem Stück\n\n\n\n",0,Cottbus
51.767262033951525,14.340083309091284,1669188439038,1,0,0,1,7,0,0,0,0,0,0,0,0,1,0,"festgefahrener Schnee auf längerem Stück \n\n\n\n",0,Cottbus
51.767066506959225,14.33936544463203,1669188454369,1,0,0,1,7,0,0,0,0,0,0,0,0,1,0,"stark vereist \n\n\n\n",0,Cottbus
51.767912726564695,14.335468633718873,1669188530207,1,0,0,1,7,0,0,0,0,0,0,0,0,1,0,"Mülltonnen \n\n\n\n",0,Cottbus
51.76667852553623,14.333867991445963,1669188600101,1,0,0,1,7,0,0,0,0,1,0,0,0,0,0,"LKW steht auf dem Weg\n\n\n\n",0,Cottbus
51.76658588275796,14.333809429014005,1669188603189,1,0,0,1,7,0,0,0,1,0,0,0,0,1,0,"2 Kleintransporter und ein Klo: es wird hier immer enger!\n\n\n\n",0,Cottbus
51.78701573106077,14.346307086508995,1667386693368,1,0,0,1,1,0,0,0,0,0,0,1,0,0,0,"",0,Cottbus
51.75711144415403,14.327936744590177,1669363010000,1,0,0,1,7,0,0,0,0,0,0,0,0,0,0,"Mülltonnen\n",0,Cottbus
51.76878509728238,14.335853933903211,1670595117685,1,0,0,1,7,0,0,0,1,0,0,0,0,0,0,"Kleintransporter fährt auf dem Geh/Radweg\n\n\n",0,Cottbus
51.77112993286788,14.340138548390351,1670595233094,1,0,0,1,7,0,0,0,0,0,0,1,0,0,0,"",0,Cottbus
51.78145433406975,14.35372832167946,1670595658470,1,0,0,1,1,0,0,0,0,0,0,1,0,0,0,"",0,Cottbus
51.78296874736766,14.353771238120412,1670595695009,1,0,0,1,7,0,0,0,0,0,0,1,0,0,0,"",0,Cottbus
51.78320658695924,14.353801573492294,1670595701117,1,0,0,1,7,0,0,0,0,0,0,1,0,0,0,"",0,Cottbus
51.749177569621175,14.328995797184636,1671696547000,1,0,0,0,3,0,0,0,0,0,0,1,0,0,0,"Hier übersehen oft abbiegende Fahrzeuge die von rechts kommenden Radfahrer.",0,Cottbus
51.76730241018196,14.334313000237488,1670571199840,1,0,0,1,7,0,0,0,0,0,0,1,0,0,0,"",0,Cottbus
51.7665239957923,14.333736233694323,1670571221156,1,0,0,1,7,0,0,0,1,0,0,0,0,1,0,"Dixi-Klo und Kleintransporter\n\n\n\n",0,Cottbus
51.74007040779125,14.329594431995648,1671538364410,1,0,0,1,1,0,0,0,0,0,0,1,0,0,1,"",0,Cottbus
51.74167083937379,14.330131621135134,1671538411038,1,0,0,1,1,0,0,0,1,0,0,0,0,0,0,"",0,Cottbus
51.74286633210963,14.33055050899473,1671538438872,1,0,0,1,7,0,0,0,0,0,0,1,0,0,0,"",0,Cottbus
51.74376919292287,14.330896176791772,1671538457906,1,0,0,1,1,0,0,0,0,0,0,1,0,0,0,"",0,Cottbus
51.74537083137831,14.329475137544717,1671538510679,1,0,0,1,7,0,0,0,0,0,0,0,0,0,0,"",1,Cottbus
51.747579789564625,14.328520223609699,1671538563917,1,0,0,1,7,0,0,0,0,0,0,0,0,1,0,"Verkehrsschildvauf dem Radweg\n\n\n\n",0,Cottbus
51.7643368008829,14.332200587609426,1671539010239,1,0,0,1,7,0,0,0,0,0,0,0,0,1,0,"Werbesufsteller \n\n\n",0,Cottbus
51.76302591697491,14.33134352625354,1670425459562,1,0,0,1,7,0,0,0,0,0,0,1,0,0,0,"",0,Cottbus
51.763236155946714,14.331520448849,1670425465720,1,0,0,1,7,0,0,0,0,0,0,1,0,0,0,"",0,Cottbus
51.7645946394222,14.33229953711788,1670425499382,1,0,0,1,7,0,0,0,0,0,0,0,0,1,0,"Werbeständer \n\n\n\n",0,Cottbus
51.76541959519242,14.33300866398252,1670425554242,1,0,0,1,7,0,0,0,0,0,0,0,0,1,0,"Mülltonne \n\n\n\n",0,Cottbus
51.768060686709454,14.334925775283628,1670425627459,1,0,0,1,7,0,0,0,0,0,0,0,0,1,0,"ganz großer Müllhaufen\n\n\n",0,Cottbus
51.77107653195156,14.342544778416604,1670425789356,1,0,0,1,7,0,0,0,0,0,0,1,0,0,0,"",0,Cottbus
51.78293738827443,14.353676828837086,1670426164293,1,0,0,1,7,0,0,0,0,0,0,0,0,1,0,"Mülltonne \n\n\n",0,Cottbus
51.78304155378952,14.353705112749232,1670426173506,1,0,0,1,7,0,0,0,0,0,0,1,0,0,0,"",0,Cottbus
51.78313481244475,14.353727596930622,1670426176609,1,0,0,1,7,0,0,0,0,0,0,1,0,0,0,"",0,Cottbus
51.78797856476664,14.355746620574259,1670426320169,1,0,0,1,7,0,0,0,0,0,0,1,0,0,0,"\n\n\n\n\n\n\n\n",0,Cottbus
51.788215811165244,14.35570096340902,1670426326373,1,0,0,1,7,0,0,0,0,0,0,1,0,0,0,"",0,Cottbus
51.78833193449283,14.35568714103488,1670426329479,1,0,0,1,7,0,0,0,0,0,0,1,0,0,0,"",0,Cottbus
51.788698414810675,14.355675191375644,1670426338641,1,0,0,1,7,0,0,0,0,0,0,0,0,1,0,"Mülltonnen\n\n\n",0,Cottbus
51.763765757547795,14.331991205569238,1669656997000,1,0,0,1,7,0,0,0,0,0,0,1,0,0,0,"PKW km Halteverbot auf der Fahrbahn",0,Cottbus
51.769757018801606,14.35508223678127,1670486204298,1,0,0,1,7,0,0,0,0,1,0,0,0,0,0,"Baumschnittarbeiten auf dem Weg\n\n\n\n",0,Cottbus
51.76706416463757,14.334118110532168,1670486641470,1,0,0,1,7,0,0,0,0,0,0,1,0,0,0,"PKW mit Hänger  parkt auf dem Geh/Radweg\n\n\n\n",0,Cottbus
51.766173382321085,14.33154194762252,1670486708317,1,0,0,1,7,0,0,0,1,0,0,0,0,0,0,"Kleintransporter parkt auf PKW-Parkplatz und ragt weit in die Straße \n\n\n\n",0,Cottbus
51.76412368911761,14.332062023525278,1670424543207,1,0,0,1,7,0,0,0,0,0,0,1,0,0,0,"",0,Cottbus
51.76358529290379,14.331772174498123,1670424558458,1,0,0,1,7,0,0,0,0,0,0,1,0,0,0,"",0,Cottbus
51.76647144016953,14.322125738454423,1670499111205,1,0,0,1,1,0,0,0,0,0,0,1,0,0,0,"",0,Cottbus
51.76643625394712,14.322670608364746,1670499120322,1,0,0,1,1,0,0,0,0,0,0,1,0,0,0,"",0,Cottbus
51.76619308076725,14.324535343522669,1670499150757,1,0,0,1,1,0,0,0,0,0,0,1,0,0,1,"",0,Cottbus
51.761619973647406,14.326544142316859,1670499393842,1,0,0,1,7,0,0,0,0,1,0,0,0,0,0,"parkt rechtwinklig zur Straße und ragt weit auf die Straße \n\n\n",0,Cottbus
51.769539157930545,14.32993640344813,1670321795903,1,0,0,1,7,0,0,0,0,0,0,1,0,0,0,"",0,Cottbus
51.78800838200498,14.355712855485173,1666976297333,1,0,0,1,7,0,0,0,0,0,0,1,0,0,0,"PKW parkt auf der Straße \n\n\n",0,Cottbus
51.772049323206005,14.344635549235118,1666976817000,1,0,0,1,7,0,0,0,0,0,0,0,0,0,1,"vermutlich stark betrunkener Rafahrer (es war zu riechen) mit schwer kalkulierbarer Fahrtrichtung",0,Cottbus
51.79102223176768,14.354387290252197,1666767820131,1,0,0,1,2,0,0,0,0,0,0,1,0,0,0,"PKW verlässt Grundstück und achtet nicht auf fließenden Radverkehr\n",0,Cottbus
51.79140652212493,14.354619378170199,1666767832325,1,0,0,1,7,0,0,0,0,0,0,1,0,0,0,"PKW parkt auf der Straße \n\n\n\n",0,Cottbus
51.79170542305188,14.3547906622852,1666767841450,1,0,0,1,7,0,0,0,0,0,0,1,0,0,0,"PKW parkt auf der Straße \n\n\n",0,Cottbus
51.79224272502887,14.355138265767033,1666767856734,1,0,0,1,7,0,0,0,0,0,0,1,0,0,0,"PKW parkt auf der Straße \n\n\n",0,Cottbus
51.783397299363486,14.353815191723475,1666017655934,1,0,0,1,7,0,0,0,0,0,0,0,0,0,0,"",0,Cottbus
51.76461332011968,14.309286028146744,1665727299000,3,0,0,0,3,0,0,0,0,0,0,1,0,0,0,"",0,Cottbus
51.76444346085191,14.308234434574842,1665727287000,3,0,0,0,1,0,0,0,0,0,0,1,0,0,0,"",0,Cottbus
51.72045202537855,14.365275627935075,1667142074793,1,0,0,1,1,1,0,0,0,0,0,0,0,0,1,"",0,Cottbus
51.72589704355739,14.361570014742378,1667142202907,1,0,0,1,1,0,0,0,0,0,0,1,0,0,0,"",0,Cottbus
51.728607387680846,14.360817582579585,1667142260782,1,0,0,1,7,0,0,0,0,0,0,1,0,0,0,"PKW parkt auf der Straße \n\n\n",0,Cottbus
51.74024929150372,14.356851374834891,1667142547031,1,0,0,1,7,0,0,0,0,0,0,1,0,0,0,"",0,Cottbus
51.74068090320119,14.356568193937186,1667142556210,1,0,0,1,7,0,0,0,0,0,0,1,0,0,0,"",0,Cottbus
51.764414852969445,14.3486872331167,1667143295526,1,0,0,1,7,0,1,1,0,0,0,0,0,0,0,"5 Fußgänger nebeneinander +Fahrrad von rechts\n\n\n",0,Cottbus
51.765019950825874,14.348661939445469,1667143310844,1,0,0,1,7,0,0,1,0,0,0,0,0,0,0,"viele Fußgänger und Hunde\n\n\n\n",0,Cottbus
51.76794476961013,14.35303311239546,1667143450974,1,0,0,1,7,0,0,1,0,0,0,0,0,0,0,"4 Personen und 3 Hunde nebeneinander \n\n\n\n",0,Cottbus
51.777985940824315,14.350056314038795,1666417992999,1,0,0,1,4,0,1,0,0,0,0,0,0,0,0,"Radler nutzen gern die neue Pflasterung nach Glasphasetkabelverlegung, weil die nicht so holprig ist. Das ist bei Gegenverkehr problematisch.",0,Cottbus
51.78187821631856,14.353554619129945,1666417849910,1,0,0,1,1,0,0,0,0,0,0,1,0,0,0,"",0,Cottbus
51.76960750541042,14.342090541430045,1666418286660,1,0,0,1,1,0,0,0,0,0,0,1,0,0,0,"",0,Cottbus
51.76920447214205,14.335893420657799,1666444809000,1,0,0,1,7,0,0,1,0,0,0,0,0,0,0,"mehrere Personen änderten plötzlich Bewegungsrichtung\n\n",0,Cottbus
51.766555325346125,14.333763172528647,1666444885000,1,0,0,1,7,0,0,0,1,0,0,0,0,0,0,"Radwegparker \n\n\n\n\n",0,Cottbus
51.79032737035371,14.357574327719696,1666443991533,1,0,0,1,2,0,0,0,0,0,0,1,0,0,0,"",0,Cottbus
51.78869375652218,14.355692639884925,1666444054100,1,0,0,1,7,0,0,0,0,1,0,0,0,0,0,"",0,Cottbus
51.78794764656867,14.355759014948893,1666444075665,1,0,0,1,7,0,0,0,0,0,0,1,0,0,0,"",0,Cottbus
51.78579731096746,14.353984156973443,1666444166263,1,0,0,1,7,0,0,0,0,0,0,1,0,0,0,"",0,Cottbus
51.785337962998426,14.353978525542683,1666444178728,1,0,0,1,7,0,0,0,0,0,0,1,0,0,0,"",0,Cottbus
51.782282874899224,14.353668815255494,1666444265902,1,0,0,1,7,0,0,0,0,0,0,0,0,1,0,"Baustelle\n\n\n",0,Cottbus
51.771324787895615,14.337937926293407,1666444746109,1,0,0,1,7,0,0,0,0,0,0,0,0,1,0,"Poller\n\n\n\n\n\n\n",0,Cottbus
51.77049873831777,14.337136451086597,1666444771160,1,0,0,1,7,0,0,0,0,0,0,1,0,0,0,"Radwegparker \n\n\n\n",0,Cottbus
51.766465806292196,14.333682799389662,1666444887036,1,0,0,1,7,0,0,0,0,0,0,1,0,0,0,"Radwegparker \n\n\n\n\n\n",0,Cottbus
51.760392714232545,14.33070597768389,1666445063627,1,0,0,1,7,0,0,1,0,0,0,0,0,0,0,"mehrere Personen änderten\n plötzlich ihre Bewegungsrichtung.\n\n\n\n\n",0,Cottbus
51.75862152357935,14.327702740651992,1666445148694,1,0,0,1,7,0,0,1,0,0,0,0,0,0,0,"auf dem Radweg\n\n\n",0,Cottbus
51.75848679683773,14.32769899971297,1666445151778,1,0,0,1,7,0,0,1,0,0,0,0,0,0,0,"plötzlich auf dem Radweg\n\n\n\n",0,Cottbus
51.755630673128316,14.328010490161907,1666445258250,1,0,0,1,7,0,0,1,0,0,0,0,0,0,0,"auf Geh- und Radweg\n\n\n",0,Cottbus
51.755588990954564,14.328001001523146,1666445261319,1,0,0,1,7,0,0,1,0,0,0,1,0,0,0,"Radwegparker und Fußgänger auf dem Radweg \n\n\n",0,Cottbus
51.76894985385678,14.331610944512077,1666854210362,1,0,0,1,7,0,0,0,0,0,0,1,0,0,0,"PKW parkt auf der Straße, weiterer PKW kommt im Gegenverkehr \n\n",0,Cottbus
51.768892636270984,14.332391803826102,1666854225601,1,0,0,1,1,0,0,0,0,0,0,1,0,0,0,"",0,Cottbus
51.787948021240496,14.35569980613994,1667131802402,1,0,0,1,7,0,0,0,0,0,0,1,0,0,0,"",0,Cottbus
51.785430052091584,14.353924769554618,1667131881610,1,0,0,1,7,0,0,0,0,0,0,1,0,0,0,"",0,Cottbus
51.7662978509017,14.33382518659228,1666418851144,1,0,0,1,7,0,0,0,0,0,0,1,0,0,0,"Gehwegparker",0,Cottbus
51.76639682023733,14.333886932198196,1666418854252,1,0,0,1,7,0,0,0,0,1,0,0,0,0,0,"über das Wochenende auf Geh-Radweg geparktes Baufahrzeug",0,Cottbus
51.766495736685165,14.333935734437267,1666418857317,1,0,0,1,7,0,0,0,0,0,0,1,0,0,0,"Gehwegparker",0,Cottbus
51.76752210731021,14.334635328260413,1666418888214,1,0,0,1,7,0,0,0,0,0,0,0,0,0,0,"",1,Cottbus
51.76926398772855,14.339880225558883,1666418999912,1,0,0,1,7,0,0,0,0,0,0,0,0,1,0,"zahlreiche große Tiefe Pfützen",0,Cottbus
51.77684868888501,14.348459556791264,1666419319450,1,0,0,1,7,0,0,0,0,0,0,0,0,1,0,"Sperrung wegen Bauarbeiten",0,Cottbus
51.782946764297165,14.353679695893995,1666419538356,1,0,0,1,7,0,0,0,0,0,0,1,0,0,0,"mehrere parkende PKW",0,Cottbus
51.788148595486554,14.355674616491829,1666419703550,1,0,0,1,7,0,0,0,0,0,0,1,0,0,0,"mehrere parkende PKW",0,Cottbus
51.783036290552324,14.353685648854675,1666712474163,1,0,0,1,7,0,0,0,0,0,0,1,0,0,0,"PKW parkt auf der Straße \n\n\n",0,Cottbus
51.7862048329731,14.35405228894529,1666712559101,1,0,0,1,7,0,0,0,0,0,0,1,0,0,0,"PKW parkt auf der Straße \n\n\n\n",0,Cottbus
51.78808245087465,14.355714817424868,1666712631972,1,0,0,1,2,0,0,0,0,0,0,1,0,0,0,"PKW fährt aus Grundstück und missachtet Vorfahrt des Fahrrades \n\n",0,Cottbus
51.78842034887754,14.355682190235042,1666712641143,1,0,0,1,7,0,0,0,0,0,0,1,0,0,0,"PKW parkt auf der Straße \n\n\n",0,Cottbus
51.76858902716414,14.33062301122388,1666586183978,1,0,0,1,7,0,0,0,0,0,0,0,0,1,0,"Im Dunkeln ist der kleine Weg vorbei an den parkenden Pkw zum IKMZ schwer zu finden.\n\n",0,Cottbus
51.77397443278454,14.355981207206334,1666622267999,1,0,0,1,4,0,1,0,0,0,0,0,0,0,1,"",0,Cottbus
51.766651504939176,14.334017272953593,1666621696333,1,0,0,1,7,0,0,1,0,0,0,0,0,0,0,"mehrere Personen\n\n\n",0,Cottbus
51.76737165169202,14.334457014310653,1666621720723,1,0,0,1,7,0,0,0,0,0,0,0,0,1,0,"Baustelle über gesamten Fuß/Radweg ohne Ausschilderung.\n\n",0,Cottbus
51.76787749588846,14.335511528383034,1666621757378,1,0,0,1,7,0,0,0,0,0,0,0,0,1,0,"Baustelle: gesamte Straße & rechter Weg\n\n\n",0,Cottbus
51.767833111849264,14.352390729473033,1666622062022,1,0,0,1,7,0,0,1,0,0,0,0,0,0,0,"mehrere Personen \n\n\n\n\n\n\n\n",0,Cottbus
51.768288052083584,14.353802412380182,1666622092613,1,0,0,1,7,0,0,1,0,0,0,0,0,0,0,"\n\n\n\n\n\n\n\n",0,Cottbus
51.78309629262331,14.366309632944427,1666622571051,1,0,0,1,7,0,0,1,0,0,0,0,0,1,0,"Hund\n\n",0,Cottbus
51.7932326303081,14.360074573257908,1666622955226,1,0,0,1,7,0,0,0,0,1,0,0,0,0,0,"",0,Cottbus
51.7849189011742,14.35390021707435,1665989165143,1,0,0,1,7,0,0,0,0,1,0,0,0,0,0,"",0,Cottbus
51.78263049914315,14.353623597125525,1665989221150,1,0,0,1,1,0,0,0,0,0,0,1,0,0,0,"",0,Cottbus
51.787181978604124,14.34944053173068,1666948732000,1,0,0,1,3,0,0,0,0,0,0,1,0,0,1,"PKW überholt sehr dicht und biegt dann genau vor mir rechts ab.\n\n\n\n\n\n\n\n\n biegt dann genau vor mir rechts sb: Vollbremsung notwendig.",0,Cottbus
51.786354185782066,14.34290470934866,1666948609017,1,0,0,1,7,0,0,0,0,0,0,0,0,0,0,"",0,Cottbus
51.78766689276298,14.355427234754874,1666948829053,1,0,0,1,7,0,0,0,0,0,0,1,0,0,0,"PKW parkt auf der Straße \n\n\n",0,Cottbus
51.78826182573391,14.355736102311477,1666948847514,1,0,0,1,7,0,0,0,0,0,0,1,0,0,0,"PKW parkt auf der Straße \n\n\n",0,Cottbus
51.790330872529644,14.357542393112235,1666948911579,1,0,0,1,7,0,0,0,0,0,0,0,0,0,0,"",0,Cottbus
51.76121523513522,14.327419186318235,1666592180415,1,0,0,1,1,0,0,0,0,0,0,1,0,0,0,"",0,Cottbus
51.74655589662048,14.328022167822612,1666592669216,1,0,0,1,1,0,0,0,0,0,0,1,0,0,0,"",0,Cottbus
51.74610672779016,14.32782235609406,1666592681380,1,0,0,1,1,0,0,0,0,0,0,1,0,0,0,"",0,Cottbus
51.745562707113166,14.32752020724029,1666592696566,1,0,0,1,1,0,0,0,0,0,0,1,0,0,0,"",0,Cottbus
51.74508338252502,14.32722994351294,1666592708689,1,0,0,1,1,0,0,0,0,0,0,1,0,0,1,"",0,Cottbus
51.744747748796655,14.327032123352208,1666592717851,1,0,0,1,1,0,0,0,0,0,0,1,0,0,0,"",0,Cottbus
51.76188382487778,14.327233348227988,1666592142999,1,0,0,1,7,0,0,1,0,0,0,0,0,0,0,"Fußgänger auf Wegesmitte\n\n\n",0,Cottbus
51.787000199856166,14.345850091417436,1666948245876,1,0,0,1,1,0,0,0,0,0,0,1,0,0,1,"",0,Cottbus
51.786759534604805,14.34432587707765,1666948271057,1,0,0,1,1,0,0,0,0,0,0,1,0,0,0,"",0,Cottbus
51.7660211679419,14.32564333935303,1666089625013,1,0,0,1,1,0,0,0,0,0,0,0,0,0,0,"",0,Cottbus
51.77821562539698,14.350347310754268,1666977830073,1,0,0,1,7,0,0,1,0,0,0,0,0,0,1,"stark torkelnde Person\n\n\n",0,Cottbus
51.782460267765956,14.353688429730266,1666977972592,1,0,0,1,7,0,0,0,0,0,0,1,0,0,0,"4 PKW parken auf der Straße \n\n\n",0,Cottbus
51.78293591660542,14.353726276556873,1666977984743,1,0,0,1,7,0,0,0,0,0,0,0,0,0,0,"",0,Cottbus
51.788150871481655,14.35573135511538,1666978136531,1,0,0,1,7,0,0,0,0,0,0,1,0,0,0,"3 PKW parken auf der Straße \n\n\n\n\n\n",0,Cottbus
51.7714541250189,14.338359938811216,1667203959000,1,0,0,1,4,0,0,0,1,0,0,0,0,0,1,"Kinderwagen mit unangepasst hoher Geschwindigkeit nimmt komplette Breite der Webschulallee ein und kommt mir entgegen.",0,Cottbus
51.771376814090004,14.338262652330593,1667203962000,1,0,0,1,7,0,0,0,0,0,0,1,0,0,0,"Parkt auf der Webschulallee.\n\n\n",0,Cottbus
51.75523229261173,14.328336743254667,1666534272192,1,0,0,1,7,0,0,1,0,0,0,0,0,0,0,"4 Kinder spielen Fußball auf dem Duß- und Radweg \n\n",0,Cottbus
51.7574568846709,14.328124602573894,1666534320702,1,0,0,1,7,0,0,1,0,0,0,0,0,0,0,"2 Personen mit wechselnder Bewegungsrichtung auf Radweg\n\n",0,Cottbus
51.76587608347806,14.333389571078603,1666534572641,1,0,0,1,7,0,0,1,0,0,0,0,0,0,0,"mehrere Personen brauchen viel Platz \n\n",0,Cottbus
51.76658846791387,14.333971755313351,1666534593844,1,0,0,1,7,0,0,0,0,1,0,0,0,0,0,"Baufahrzeug parkt übers Wochenende auf dem Weg\n\n",0,Cottbus
51.767446347784286,14.334541935478134,1666534621154,1,0,0,1,7,0,0,1,0,0,0,0,0,0,0,"mehrere Personen brauchen viel Platz \n\n",0,Cottbus
51.77145317670254,14.338328409328344,1666534748472,1,0,0,1,7,0,0,0,0,0,0,0,0,0,0,"",0,Cottbus
51.77692715891687,14.348571075669241,1666535009241,1,0,0,1,7,0,0,0,0,0,0,0,0,1,0,"Baustelle\n\n\n",0,Cottbus
51.783046968620916,14.353722193489475,1666535191160,1,0,0,1,7,0,0,1,0,0,0,0,0,0,0,"mehrere Fußgänger\n\n\n",0,Cottbus
51.786050532656674,14.354050055131154,1666535263899,1,0,0,1,1,0,0,1,0,0,0,0,0,0,0,"",0,Cottbus
51.787440110063294,14.354577474557503,1666535306309,1,0,0,1,7,0,0,0,0,0,0,0,0,0,0,"",0,Cottbus
51.78804643926868,14.355734356686929,1666535333631,1,0,0,1,7,0,0,0,0,0,0,1,0,0,0,"parkt auf der Straße\n\n\n\n",0,Cottbus
51.788302921800714,14.35569770117033,1666535339756,1,0,0,1,7,0,0,0,0,0,0,1,0,0,0,"2PKW parken auf der Straße \n\n\n",0,Cottbus
51.78970146915009,14.356557281814432,1666535379204,1,0,0,1,7,0,0,1,0,0,0,1,0,0,0,"PKW und mehrere Fußgänger \n\n\n\n\n",0,Cottbus
51.77133232462718,14.339890293170647,1667206239999,1,0,0,1,7,0,0,0,0,0,0,1,0,0,0,"PKW parkt auf der Straße \n\n\n",0,Cottbus
51.771239170422156,14.340732000710371,1667206257999,1,0,0,1,7,0,0,0,0,0,0,1,0,0,0,"PKW parkt auf der Straße,  Gegenverkehr\n\n",0,Cottbus
51.77104012557531,14.342652916587015,1667206291999,1,0,0,1,7,0,0,0,0,0,0,0,0,1,0,"Sperrmüll auf der Straße \n\n\n",0,Cottbus
51.77110936274999,14.355029058387453,1666328877999,1,0,0,1,7,0,0,1,0,0,0,0,0,0,0,"",0,Cottbus
51.766982985090706,14.333979181855135,1666329359747,1,0,0,1,7,0,0,0,0,1,0,0,0,0,0,"LKW parkt auf Geh/Radweg",0,Cottbus
51.76654598400342,14.333724726466993,1666329374883,1,0,0,1,7,0,0,0,1,0,0,0,0,0,0,"parkt auf Geh/Radweg",0,Cottbus
51.7661874330211,14.324104196697034,1666259702450,1,0,0,1,1,0,0,0,0,0,0,1,0,0,0,"",0,Cottbus
51.7688689745429,14.333071247288526,1666939246988,1,0,0,1,1,0,0,0,0,0,0,1,0,0,1,"",0,Cottbus
51.769528812879265,14.334954940950155,1666939302999,1,0,0,1,1,0,0,0,0,0,0,1,0,0,0,"",0,Cottbus
51.782995808153906,14.353671799773421,1666939866754,1,0,0,1,7,0,0,0,0,0,0,1,0,0,0,"3 PKW parken auf der Straße \n\n\n",0,Cottbus
51.78357718786624,14.353749063906996,1666939882173,1,0,0,1,7,0,0,0,0,1,0,0,0,0,0,"Kleintransporter steht auf der Straße\n\n",0,Cottbus
51.79024007940572,14.35742547857967,1666940089047,1,0,0,1,7,0,0,0,0,1,0,0,0,0,0,"",0,Cottbus
51.767229748256796,14.334403193006247,1665865863992,1,0,0,1,7,0,0,0,0,0,0,0,0,0,0,"",0,Cottbus
51.769123003562896,14.338806961707988,1665838355092,1,0,0,1,7,0,0,0,0,0,0,0,0,0,0,"",0,Cottbus
51.768824924002246,14.335774585167208,1665838622665,1,0,0,1,7,0,0,0,0,0,0,0,0,0,0,"",0,Cottbus
51.7689521638014,14.335888172469932,1665838625744,1,0,0,1,7,0,0,0,0,0,0,0,0,0,0,"",0,Cottbus
51.78408321834389,14.350439942245314,1665839130956,1,0,0,1,1,0,0,0,0,0,0,0,0,0,0,"",0,Cottbus
51.786793269016336,14.344544279114167,1665839274217,1,0,0,1,1,0,0,0,0,0,0,0,0,0,0,"",0,Cottbus
51.78863937203606,14.35565037560452,1665839602996,1,0,0,1,7,0,0,0,0,0,0,0,0,0,0,"",0,Cottbus
51.75341291818768,14.298155447468162,1665672726000,3,0,0,0,8,0,0,0,0,0,0,1,0,0,0,"Radweg zugeparkt",0,Cottbus
51.75913198115769,14.331273236753923,1666015033175,1,0,0,1,7,0,0,0,0,0,0,0,0,0,0,"",0,Cottbus
51.766561281322375,14.32964424447146,1666711098426,1,0,0,1,7,0,0,1,0,0,0,0,0,0,0,"Person mitten auf dem Weg reagiert sehr spät.\n\n",0,Cottbus
51.76620698552206,14.330871837020123,1666711125843,1,0,0,1,7,0,0,0,0,0,0,1,0,0,0,"PKW parkt auf der Straße \n\n\n",0,Cottbus
51.76680455440222,14.334079565069441,1666711198896,1,0,0,1,7,0,0,0,0,0,0,0,0,1,0,"Baustelle \n\n\n",0,Cottbus
51.76747466717539,14.334522892893979,1666711229308,1,0,0,1,7,0,0,0,0,0,0,0,0,1,0,"Baustelle auf kompletter Gehwegbreite ohne Ankündigung für den KFZ-Verkehr",0,Cottbus
51.77057009083021,14.337262221999103,1665853153470,1,0,0,1,7,0,0,0,0,0,0,0,0,0,0,"",0,Cottbus
51.768510421784526,14.33567467913363,1665853205418,1,0,0,1,7,0,0,0,0,0,0,0,0,0,0,"",0,Cottbus
51.76589648994228,14.333229403358777,1665853281643,1,0,0,1,7,0,0,0,0,0,0,0,0,0,0,"",0,Cottbus
51.765465124860555,14.332760628610094,1665853293953,1,0,0,1,7,0,0,0,0,0,0,0,0,0,0,"",0,Cottbus
51.76146506751485,14.33069270398487,1665853403863,1,0,0,1,7,0,0,0,0,0,0,0,0,0,0,"",0,Cottbus
51.72742746770382,14.326838068664074,1666449274000,3,0,0,0,3,0,0,0,0,0,0,1,0,0,0,"",0,Cottbus
51.72765398863703,14.326871512457728,1666449280000,3,0,0,0,6,0,0,1,0,0,0,0,0,0,0,"",0,Cottbus
51.78609954644528,14.353964848193014,1666769595439,1,0,0,1,7,0,0,0,0,1,0,0,0,0,0,"LKW parkt auf der Straße \n\n\n\n",0,Cottbus
51.785322776038335,14.353906700828944,1666769616799,1,0,0,1,7,0,0,0,0,0,0,0,0,1,0,"Baustelle\n\n\n",0,Cottbus
51.78109709637603,14.35275083439961,1666769741547,1,0,0,1,1,0,0,0,0,0,0,1,0,0,0,"",0,Cottbus
51.77227975915243,14.344759234948134,1666770057628,1,0,0,1,7,0,0,1,0,0,0,0,0,0,0,"Person torkelt mitten auf dem Weg.\n\n\n",0,Cottbus
51.77085108620494,14.337697500960772,1666770242919,1,0,0,1,7,0,0,0,0,0,0,1,0,0,0,"PKW parkt auf dem Weg.\n\n\n",0,Cottbus
51.76018520258367,14.254742050543427,1665583721000,3,0,0,0,1,0,0,0,0,0,0,1,0,0,0,"",0,Cottbus
51.77129997628749,14.337914486297,1666881576107,1,0,0,1,7,0,0,0,0,0,0,1,0,0,0,"PKW auf Geh/Radweg direkt vor dem Poller.\n\n\n\n\n",0,Cottbus
51.78301655807051,14.353744492724616,1666882096189,1,0,0,1,7,0,0,0,0,0,0,1,0,0,0,"3 PKW parken auf der Straße \n\n\n\n",0,Cottbus
51.790929812811186,14.358328269228801,1666882347026,1,0,0,1,7,0,0,0,0,0,0,0,0,0,0,"PKW-anhänger auf der Straße abgestellt.\n\n\n\n",0,Cottbus
51.77121286190367,14.344102163494837,1666935808999,1,0,0,1,3,0,0,0,0,0,0,0,0,0,1,"Linksabbiegender PKW missachtet meine Vorfahrt (Grüne Ampel)\n\n",0,Cottbus
51.76962705336177,14.33629728887397,1666935979000,1,0,0,1,2,0,0,0,0,0,0,1,0,0,0,"",0,Cottbus
51.785318730349545,14.353937911716185,1666935361532,1,0,0,1,7,0,0,0,0,1,0,0,0,0,0,"parkt auf der Straße\n\n\n",0,Cottbus
51.77184564565946,14.34455413838125,1666935789053,1,0,0,1,7,0,0,0,1,0,0,0,0,0,0,"Kleintransporter parkt auf dem Geh/Radweg\n\n\n",0,Cottbus
51.7668050343613,14.334037663749633,1666809146433,1,0,0,1,7,0,0,0,0,0,0,0,0,1,0,"große Baustelle\n\n\n",0,Cottbus
51.78308011660692,14.353723362123873,1666809845517,1,0,0,1,7,0,0,0,0,0,0,1,0,0,0,"PKW parkt auf der Straße, weiterer PKW kommt im Gegenverkehr.\n\n",0,Cottbus
51.74484656172325,14.327330717798409,1666594139644,1,0,0,1,1,0,0,0,0,1,0,0,0,0,0,"",0,Cottbus
51.74719457441157,14.328317481522687,1666594188367,1,0,0,1,1,0,0,0,0,0,0,1,0,0,1,"Der Fahrer beschimpfte mich aus dem Auto.\n\n\n",0,Cottbus
51.755898680678854,14.328208437430405,1666594441444,1,0,0,1,8,0,0,1,0,0,0,0,0,0,0,"Fußgänger auf dem sehr engen Radweg\n\n",0,Cottbus
51.76461069457763,14.332400347591884,1666594761271,1,0,0,1,6,0,0,0,0,0,0,1,0,0,0,"Der PKW stand entgegen der Fahrtrichtung, Fahrer hätte mich ohne Kopfbewegung sehen können.",0,Cottbus
51.76738702352371,14.349296310303462,1666276373000,1,0,0,1,7,0,0,1,0,0,0,0,0,0,0,"",0,Cottbus
51.76773624143075,14.334732433402676,1666276100946,1,0,0,1,7,0,0,0,0,0,0,1,0,0,0,"Radweg-Parker",0,Cottbus
51.767013872234614,14.339158647101929,1666276194999,1,0,0,1,8,0,0,1,0,0,0,0,0,0,0,"Fußgänger änderten spontan Bewegungsrichtung",0,Cottbus
51.7928319897021,14.355507665424136,1666761951528,1,0,0,1,7,0,0,1,0,0,0,0,0,0,0,"Person mit Hund an langer Leine auf der Straße \n\n\n",0,Cottbus
51.76651769960963,14.333725516920797,1666847936794,1,0,0,1,7,0,0,0,0,0,0,0,0,1,0,"Kleintransporter und Dixi-Klo schräg gegenüber auf Fuß/Radweg: das ist ein enges Nadelöhr",0,Cottbus
51.75998333333334,14.336245,1645186461000,1,0,0,0,2,0,0,0,1,0,0,0,0,0,0,"",0,Cottbus
51.76653407778437,14.333826125294834,1663045782000,1,0,0,4,7,0,0,1,0,0,0,0,0,0,0,"",0,Cottbus
51.77396782708737,14.345702294173147,1663045501000,1,0,0,4,7,0,1,0,0,0,0,0,0,0,0,"",0,Cottbus
51.786188580906604,14.351479639703324,1663069222999,1,0,0,4,8,0,0,0,0,0,0,0,0,0,0,"Löcher im Weg",0,Cottbus
51.78657968104782,14.351938794447879,1663069234999,1,0,0,4,8,0,0,0,0,0,0,0,0,0,0,"Löcher im Weg",0,Cottbus
51.75971166666667,14.343726666666665,1663040781000,1,0,0,0,7,0,0,0,0,0,0,0,0,0,0,"schwarzer e-scooter auf dem Radweg liegend ohne beleuchtung",1,Cottbus
51.77058203903945,14.337578287414654,1663132002999,1,0,0,4,7,0,0,1,0,0,0,0,0,0,0,"Hund an langer Leine quer über Weg",0,Cottbus
51.76621491148253,14.333508727634305,1663132118000,1,0,0,4,7,0,0,0,0,0,0,1,0,0,0,"parkendes Auto auf Rad-Gehweg",0,Cottbus
51.764747781161326,14.332368879428428,1663132157000,1,0,0,4,7,0,0,1,0,0,0,0,0,0,0,"",0,Cottbus
51.789886590614756,14.348868450359829,1662821678999,1,0,0,4,8,0,0,0,0,0,0,0,0,1,1,"Höhenunterschied von Fahrbahnrand auf Radweg",0,Cottbus
51.78888564980726,14.343015207677198,1662821570000,1,0,0,4,8,0,0,0,0,0,0,0,0,0,0,"Drängelgitter um Lastenrad durchzuführen extrem eng.",0,Cottbus
51.75221833333333,14.333253333333335,1663646081000,1,0,0,2,7,0,0,0,0,0,0,0,0,0,0,"auf Radweg liegender e-scooter",1,Cottbus
