{
  "type" : "FeatureCollection",
  "features" : [ {
    "type" : "Feature",
    "properties" : {
      "date" : "18/02/2022 13:14:21",
      "bikeType" : "City-/Trekking Bike",
      "child" : "Nein",
      "trailer" : "Nein",
      "pLoc" : "Hosentasche",
      "incident" : "Ein- oder ausparkendes Fahrzeug",
      "participant" : "Lieferwagen",
      "scary" : "Nein",
      "descr" : "",
      "region" : "Cottbus"
    },
    "geometry" : {
      "type" : "Point",
      "coordinates" : [ 14.336245, 51.75998333333334 ]
    }
  }, {
    "type" : "Feature",
    "properties" : {
      "date" : "13/09/2022 07:09:42",
      "bikeType" : "City-/Trekking Bike",
      "child" : "Nein",
      "trailer" : "Nein",
      "pLoc" : "Fahrradkorb",
      "incident" : "Hindernis ausweichen (z.B. Hund)",
      "participant" : "Fußgänger",
      "scary" : "Nein",
      "descr" : "",
      "region" : "Cottbus"
    },
    "geometry" : {
      "type" : "Point",
      "coordinates" : [ 14.333826125294834, 51.76653407778437 ]
    }
  }, {
    "type" : "Feature",
    "properties" : {
      "date" : "13/09/2022 07:05:01",
      "bikeType" : "City-/Trekking Bike",
      "child" : "Nein",
      "trailer" : "Nein",
      "pLoc" : "Fahrradkorb",
      "incident" : "Hindernis ausweichen (z.B. Hund)",
      "participant" : "Fahrrad",
      "scary" : "Nein",
      "descr" : "",
      "region" : "Cottbus"
    },
    "geometry" : {
      "type" : "Point",
      "coordinates" : [ 14.345702294173147, 51.77396782708737 ]
    }
  }, {
    "type" : "Feature",
    "properties" : {
      "date" : "13/09/2022 13:40:22",
      "bikeType" : "City-/Trekking Bike",
      "child" : "Nein",
      "trailer" : "Nein",
      "pLoc" : "Fahrradkorb",
      "incident" : "Sonstiges",
      "participant" : "",
      "scary" : "Nein",
      "descr" : "Löcher im Weg",
      "region" : "Cottbus"
    },
    "geometry" : {
      "type" : "Point",
      "coordinates" : [ 14.351479639703324, 51.786188580906604 ]
    }
  }, {
    "type" : "Feature",
    "properties" : {
      "date" : "13/09/2022 13:40:34",
      "bikeType" : "City-/Trekking Bike",
      "child" : "Nein",
      "trailer" : "Nein",
      "pLoc" : "Fahrradkorb",
      "incident" : "Sonstiges",
      "participant" : "",
      "scary" : "Nein",
      "descr" : "Löcher im Weg",
      "region" : "Cottbus"
    },
    "geometry" : {
      "type" : "Point",
      "coordinates" : [ 14.351938794447879, 51.78657968104782 ]
    }
  }, {
    "type" : "Feature",
    "properties" : {
      "date" : "13/09/2022 05:46:21",
      "bikeType" : "City-/Trekking Bike",
      "child" : "Nein",
      "trailer" : "Nein",
      "pLoc" : "Hosentasche",
      "incident" : "Hindernis ausweichen (z.B. Hund)",
      "participant" : "E-Scooter",
      "scary" : "Nein",
      "descr" : "schwarzer e-scooter auf dem Radweg liegend ohne beleuchtung",
      "region" : "Cottbus"
    },
    "geometry" : {
      "type" : "Point",
      "coordinates" : [ 14.343726666666665, 51.75971166666667 ]
    }
  }, {
    "type" : "Feature",
    "properties" : {
      "date" : "14/09/2022 07:06:42",
      "bikeType" : "City-/Trekking Bike",
      "child" : "Nein",
      "trailer" : "Nein",
      "pLoc" : "Fahrradkorb",
      "incident" : "Hindernis ausweichen (z.B. Hund)",
      "participant" : "Fußgänger",
      "scary" : "Nein",
      "descr" : "Hund an langer Leine quer über Weg",
      "region" : "Cottbus"
    },
    "geometry" : {
      "type" : "Point",
      "coordinates" : [ 14.337578287414654, 51.77058203903945 ]
    }
  }, {
    "type" : "Feature",
    "properties" : {
      "date" : "14/09/2022 07:08:38",
      "bikeType" : "City-/Trekking Bike",
      "child" : "Nein",
      "trailer" : "Nein",
      "pLoc" : "Fahrradkorb",
      "incident" : "Hindernis ausweichen (z.B. Hund)",
      "participant" : "PKW",
      "scary" : "Nein",
      "descr" : "parkendes Auto auf Rad-Gehweg",
      "region" : "Cottbus"
    },
    "geometry" : {
      "type" : "Point",
      "coordinates" : [ 14.333508727634305, 51.76621491148253 ]
    }
  }, {
    "type" : "Feature",
    "properties" : {
      "date" : "14/09/2022 07:09:17",
      "bikeType" : "City-/Trekking Bike",
      "child" : "Nein",
      "trailer" : "Nein",
      "pLoc" : "Fahrradkorb",
      "incident" : "Hindernis ausweichen (z.B. Hund)",
      "participant" : "Fußgänger",
      "scary" : "Nein",
      "descr" : "",
      "region" : "Cottbus"
    },
    "geometry" : {
      "type" : "Point",
      "coordinates" : [ 14.332368879428428, 51.764747781161326 ]
    }
  }, {
    "type" : "Feature",
    "properties" : {
      "date" : "10/09/2022 16:54:38",
      "bikeType" : "City-/Trekking Bike",
      "child" : "Nein",
      "trailer" : "Nein",
      "pLoc" : "Fahrradkorb",
      "incident" : "Sonstiges",
      "participant" : "Sonstiges",
      "scary" : "Ja",
      "descr" : "Höhenunterschied von Fahrbahnrand auf Radweg",
      "region" : "Cottbus"
    },
    "geometry" : {
      "type" : "Point",
      "coordinates" : [ 14.348868450359829, 51.789886590614756 ]
    }
  }, {
    "type" : "Feature",
    "properties" : {
      "date" : "10/09/2022 16:52:50",
      "bikeType" : "City-/Trekking Bike",
      "child" : "Nein",
      "trailer" : "Nein",
      "pLoc" : "Fahrradkorb",
      "incident" : "Sonstiges",
      "participant" : "",
      "scary" : "Nein",
      "descr" : "Drängelgitter um Lastenrad durchzuführen extrem eng.",
      "region" : "Cottbus"
    },
    "geometry" : {
      "type" : "Point",
      "coordinates" : [ 14.343015207677198, 51.78888564980726 ]
    }
  }, {
    "type" : "Feature",
    "properties" : {
      "date" : "20/09/2022 05:54:41",
      "bikeType" : "City-/Trekking Bike",
      "child" : "Nein",
      "trailer" : "Nein",
      "pLoc" : "Jackentasche",
      "incident" : "Hindernis ausweichen (z.B. Hund)",
      "participant" : "E-Scooter",
      "scary" : "Nein",
      "descr" : "auf Radweg liegender e-scooter ",
      "region" : "Cottbus"
    },
    "geometry" : {
      "type" : "Point",
      "coordinates" : [ 14.333253333333335, 51.75221833333333 ]
    }
  } ]
}