{
  "type" : "FeatureCollection",
  "features" : [ {
    "type" : "Feature",
    "properties" : {
      "date" : "25/03/2021 17:51:41",
      "bikeType" : "-",
      "child" : "Nein",
      "trailer" : "Nein",
      "pLoc" : "Hosentasche",
      "incident" : "Zu dichtes Überholen",
      "participant" : "Bus",
      "scary" : "Nein",
      "descr" : "",
      "region" : "Ostalbkreis"
    },
    "geometry" : {
      "type" : "Point",
      "coordinates" : [ 10.094261666666666, 48.84288333333334 ]
    }
  }, {
    "type" : "Feature",
    "properties" : {
      "date" : "10/03/2022 19:37:40",
      "bikeType" : "City-/Trekking Bike",
      "child" : "Nein",
      "trailer" : "Nein",
      "pLoc" : "Lenker",
      "incident" : "Zu dichtes Überholen",
      "participant" : "PKW",
      "scary" : "Ja",
      "descr" : "",
      "region" : "Ostalbkreis"
    },
    "geometry" : {
      "type" : "Point",
      "coordinates" : [ 9.78865067, 48.80075219 ]
    }
  }, {
    "type" : "Feature",
    "properties" : {
      "date" : "10/03/2022 19:40:36",
      "bikeType" : "City-/Trekking Bike",
      "child" : "Nein",
      "trailer" : "Nein",
      "pLoc" : "Lenker",
      "incident" : "Zu dichtes Überholen",
      "participant" : "PKW",
      "scary" : "Nein",
      "descr" : "",
      "region" : "Ostalbkreis"
    },
    "geometry" : {
      "type" : "Point",
      "coordinates" : [ 9.79313589, 48.79799827 ]
    }
  }, {
    "type" : "Feature",
    "properties" : {
      "date" : "10/03/2022 19:32:50",
      "bikeType" : "City-/Trekking Bike",
      "child" : "Nein",
      "trailer" : "Nein",
      "pLoc" : "Lenker",
      "incident" : "Sonstiges",
      "participant" : "PKW",
      "scary" : "Nein",
      "descr" : "PKW über 30 kmh bei Dunkelheit auf schmalem Weg",
      "region" : "Ostalbkreis"
    },
    "geometry" : {
      "type" : "Point",
      "coordinates" : [ 9.79250112, 48.80217046 ]
    }
  }, {
    "type" : "Feature",
    "properties" : {
      "date" : "10/03/2022 20:01:26",
      "bikeType" : "City-/Trekking Bike",
      "child" : "Nein",
      "trailer" : "Nein",
      "pLoc" : "Lenker",
      "incident" : "Zu dichtes Überholen",
      "participant" : "PKW",
      "scary" : "Nein",
      "descr" : "",
      "region" : "Ostalbkreis"
    },
    "geometry" : {
      "type" : "Point",
      "coordinates" : [ 9.82398755, 48.80093382 ]
    }
  }, {
    "type" : "Feature",
    "properties" : {
      "date" : "10/03/2022 20:02:21",
      "bikeType" : "City-/Trekking Bike",
      "child" : "Nein",
      "trailer" : "Nein",
      "pLoc" : "Lenker",
      "incident" : "Zu dichtes Überholen",
      "participant" : "PKW",
      "scary" : "Nein",
      "descr" : "",
      "region" : "Ostalbkreis"
    },
    "geometry" : {
      "type" : "Point",
      "coordinates" : [ 9.82880649, 48.80113778 ]
    }
  }, {
    "type" : "Feature",
    "properties" : {
      "date" : "10/03/2022 20:03:43",
      "bikeType" : "City-/Trekking Bike",
      "child" : "Nein",
      "trailer" : "Nein",
      "pLoc" : "Lenker",
      "incident" : "Zu dichtes Überholen",
      "participant" : "PKW",
      "scary" : "Nein",
      "descr" : "",
      "region" : "Ostalbkreis"
    },
    "geometry" : {
      "type" : "Point",
      "coordinates" : [ 9.82700745, 48.80118513 ]
    }
  }, {
    "type" : "Feature",
    "properties" : {
      "date" : "10/03/2022 20:03:52",
      "bikeType" : "City-/Trekking Bike",
      "child" : "Nein",
      "trailer" : "Nein",
      "pLoc" : "Lenker",
      "incident" : "Zu dichtes Überholen",
      "participant" : "PKW",
      "scary" : "Ja",
      "descr" : "",
      "region" : "Ostalbkreis"
    },
    "geometry" : {
      "type" : "Point",
      "coordinates" : [ 9.82606258, 48.80112608 ]
    }
  }, {
    "type" : "Feature",
    "properties" : {
      "date" : "10/03/2022 20:07:46",
      "bikeType" : "City-/Trekking Bike",
      "child" : "Nein",
      "trailer" : "Nein",
      "pLoc" : "Lenker",
      "incident" : "Zu dichtes Überholen",
      "participant" : "",
      "scary" : "Nein",
      "descr" : "",
      "region" : "Ostalbkreis"
    },
    "geometry" : {
      "type" : "Point",
      "coordinates" : [ 9.80372172, 48.8014924 ]
    }
  }, {
    "type" : "Feature",
    "properties" : {
      "date" : "11/03/2022 19:56:50",
      "bikeType" : "City-/Trekking Bike",
      "child" : "Nein",
      "trailer" : "Nein",
      "pLoc" : "Lenker",
      "incident" : "Hindernis ausweichen (z.B. Hund)",
      "participant" : "Sonstiges",
      "scary" : "Nein",
      "descr" : "kaum sichtbare Poller",
      "region" : "Ostalbkreis"
    },
    "geometry" : {
      "type" : "Point",
      "coordinates" : [ 9.79719909, 48.80058507 ]
    }
  }, {
    "type" : "Feature",
    "properties" : {
      "date" : "11/03/2022 19:42:52",
      "bikeType" : "City-/Trekking Bike",
      "child" : "Nein",
      "trailer" : "Nein",
      "pLoc" : "Lenker",
      "incident" : "Sonstiges",
      "participant" : "Taxi",
      "scary" : "Ja",
      "descr" : "das Taxi musste an der Ampel in der Schlange warten. ich wollte rechts vorbeifahren. es war genug Platz. daraufhin zog das Taxi nach rechts rüber um mir den Weg abzuschneiden. und es hubte. nach der Ampel hat mich das Taxi dann mit hoher Geschwindigkeit und Hupe und ohne Abstand überholt.",
      "region" : "Ostalbkreis"
    },
    "geometry" : {
      "type" : "Point",
      "coordinates" : [ 9.81172696, 48.80165792 ]
    }
  }, {
    "type" : "Feature",
    "properties" : {
      "date" : "11/03/2022 19:33:48",
      "bikeType" : "City-/Trekking Bike",
      "child" : "Nein",
      "trailer" : "Nein",
      "pLoc" : "Lenker",
      "incident" : "Zu dichtes Überholen",
      "participant" : "PKW",
      "scary" : "Nein",
      "descr" : "rechts überholt, mit zu wenig Abstand",
      "region" : "Ostalbkreis"
    },
    "geometry" : {
      "type" : "Point",
      "coordinates" : [ 9.80338064, 48.80157104 ]
    }
  }, {
    "type" : "Feature",
    "properties" : {
      "date" : "11/03/2022 19:33:51",
      "bikeType" : "City-/Trekking Bike",
      "child" : "Nein",
      "trailer" : "Nein",
      "pLoc" : "Lenker",
      "incident" : "Zu dichtes Überholen",
      "participant" : "PKW",
      "scary" : "Nein",
      "descr" : "rechts überholt, mit zu wenig Abstand",
      "region" : "Ostalbkreis"
    },
    "geometry" : {
      "type" : "Point",
      "coordinates" : [ 9.80349231, 48.80143623 ]
    }
  }, {
    "type" : "Feature",
    "properties" : {
      "date" : "11/03/2022 19:35:31",
      "bikeType" : "City-/Trekking Bike",
      "child" : "Nein",
      "trailer" : "Nein",
      "pLoc" : "Lenker",
      "incident" : "Zu dichtes Überholen",
      "participant" : "PKW",
      "scary" : "Nein",
      "descr" : "",
      "region" : "Ostalbkreis"
    },
    "geometry" : {
      "type" : "Point",
      "coordinates" : [ 9.81142657, 48.80153652 ]
    }
  }, {
    "type" : "Feature",
    "properties" : {
      "date" : "11/03/2022 19:36:07",
      "bikeType" : "City-/Trekking Bike",
      "child" : "Nein",
      "trailer" : "Nein",
      "pLoc" : "Lenker",
      "incident" : "Zu dichtes Überholen",
      "participant" : "",
      "scary" : "Nein",
      "descr" : "",
      "region" : "Ostalbkreis"
    },
    "geometry" : {
      "type" : "Point",
      "coordinates" : [ 9.81418205, 48.80168187 ]
    }
  }, {
    "type" : "Feature",
    "properties" : {
      "date" : "11/03/2022 19:36:59",
      "bikeType" : "City-/Trekking Bike",
      "child" : "Nein",
      "trailer" : "Nein",
      "pLoc" : "Lenker",
      "incident" : "Zu dichtes Überholen",
      "participant" : "",
      "scary" : "Nein",
      "descr" : "",
      "region" : "Ostalbkreis"
    },
    "geometry" : {
      "type" : "Point",
      "coordinates" : [ 9.81880502, 48.80155897 ]
    }
  }, {
    "type" : "Feature",
    "properties" : {
      "date" : "11/03/2022 19:41:59",
      "bikeType" : "City-/Trekking Bike",
      "child" : "Nein",
      "trailer" : "Nein",
      "pLoc" : "Lenker",
      "incident" : "Zu dichtes Überholen",
      "participant" : "",
      "scary" : "Nein",
      "descr" : "",
      "region" : "Ostalbkreis"
    },
    "geometry" : {
      "type" : "Point",
      "coordinates" : [ 9.8172086, 48.80166262 ]
    }
  }, {
    "type" : "Feature",
    "properties" : {
      "date" : "11/03/2022 19:42:36",
      "bikeType" : "City-/Trekking Bike",
      "child" : "Nein",
      "trailer" : "Nein",
      "pLoc" : "Lenker",
      "incident" : "Zu dichtes Überholen",
      "participant" : "",
      "scary" : "Nein",
      "descr" : "",
      "region" : "Ostalbkreis"
    },
    "geometry" : {
      "type" : "Point",
      "coordinates" : [ 9.81347157, 48.80170832 ]
    }
  }, {
    "type" : "Feature",
    "properties" : {
      "date" : "11/03/2022 19:43:30",
      "bikeType" : "City-/Trekking Bike",
      "child" : "Nein",
      "trailer" : "Nein",
      "pLoc" : "Lenker",
      "incident" : "Zu dichtes Überholen",
      "participant" : "Taxi",
      "scary" : "Ja",
      "descr" : "das Taxi musste an der Ampel in der Schlange warten. ich wollte rechts vorbeifahren. es war genug Platz. daraufhin zog das Taxi nach rechts rüber um mir den Weg abzuschneiden. und es hubte. nach der Ampel hat mich das Taxi dann mit hoher Geschwindigkeit und Hupe und ohne Abstand überholt.",
      "region" : "Ostalbkreis"
    },
    "geometry" : {
      "type" : "Point",
      "coordinates" : [ 9.80793531, 48.80146087 ]
    }
  }, {
    "type" : "Feature",
    "properties" : {
      "date" : "11/03/2022 19:43:55",
      "bikeType" : "City-/Trekking Bike",
      "child" : "Nein",
      "trailer" : "Nein",
      "pLoc" : "Lenker",
      "incident" : "Zu dichtes Überholen",
      "participant" : "",
      "scary" : "Nein",
      "descr" : "",
      "region" : "Ostalbkreis"
    },
    "geometry" : {
      "type" : "Point",
      "coordinates" : [ 9.80541131, 48.80128641 ]
    }
  }, {
    "type" : "Feature",
    "properties" : {
      "date" : "11/03/2022 19:45:28",
      "bikeType" : "City-/Trekking Bike",
      "child" : "Nein",
      "trailer" : "Nein",
      "pLoc" : "Lenker",
      "incident" : "Zu dichtes Überholen",
      "participant" : "PKW",
      "scary" : "Nein",
      "descr" : "",
      "region" : "Ostalbkreis"
    },
    "geometry" : {
      "type" : "Point",
      "coordinates" : [ 9.79810415, 48.80326325 ]
    }
  }, {
    "type" : "Feature",
    "properties" : {
      "date" : "11/03/2022 19:45:53",
      "bikeType" : "City-/Trekking Bike",
      "child" : "Nein",
      "trailer" : "Nein",
      "pLoc" : "Lenker",
      "incident" : "Zu dichtes Überholen",
      "participant" : "PKW",
      "scary" : "Nein",
      "descr" : "",
      "region" : "Ostalbkreis"
    },
    "geometry" : {
      "type" : "Point",
      "coordinates" : [ 9.795624, 48.80252841 ]
    }
  }, {
    "type" : "Feature",
    "properties" : {
      "date" : "11/03/2022 19:46:17",
      "bikeType" : "City-/Trekking Bike",
      "child" : "Nein",
      "trailer" : "Nein",
      "pLoc" : "Lenker",
      "incident" : "Zu dichtes Überholen",
      "participant" : "PKW",
      "scary" : "Nein",
      "descr" : "",
      "region" : "Ostalbkreis"
    },
    "geometry" : {
      "type" : "Point",
      "coordinates" : [ 9.79306153, 48.80182678 ]
    }
  }, {
    "type" : "Feature",
    "properties" : {
      "date" : "11/03/2022 19:46:53",
      "bikeType" : "City-/Trekking Bike",
      "child" : "Nein",
      "trailer" : "Nein",
      "pLoc" : "Lenker",
      "incident" : "Zu dichtes Überholen",
      "participant" : "PKW",
      "scary" : "Ja",
      "descr" : "20 m weiter stand er in der Ampelschlange und ich war wieder vorbei.",
      "region" : "Ostalbkreis"
    },
    "geometry" : {
      "type" : "Point",
      "coordinates" : [ 9.78945666, 48.8009438 ]
    }
  }, {
    "type" : "Feature",
    "properties" : {
      "date" : "11/03/2022 19:47:54",
      "bikeType" : "City-/Trekking Bike",
      "child" : "Nein",
      "trailer" : "Nein",
      "pLoc" : "Lenker",
      "incident" : "Zu dichtes Überholen",
      "participant" : "PKW",
      "scary" : "Nein",
      "descr" : "",
      "region" : "Ostalbkreis"
    },
    "geometry" : {
      "type" : "Point",
      "coordinates" : [ 9.7879145, 48.79864162 ]
    }
  }, {
    "type" : "Feature",
    "properties" : {
      "date" : "11/03/2022 19:38:01",
      "bikeType" : "City-/Trekking Bike",
      "child" : "Nein",
      "trailer" : "Nein",
      "pLoc" : "Lenker",
      "incident" : "Zu dichtes Überholen",
      "participant" : "PKW",
      "scary" : "Ja",
      "descr" : "",
      "region" : "Ostalbkreis"
    },
    "geometry" : {
      "type" : "Point",
      "coordinates" : [ 9.82397606, 48.80088436 ]
    }
  }, {
    "type" : "Feature",
    "properties" : {
      "date" : "11/03/2022 19:38:28",
      "bikeType" : "City-/Trekking Bike",
      "child" : "Nein",
      "trailer" : "Nein",
      "pLoc" : "Lenker",
      "incident" : "Zu dichtes Überholen",
      "participant" : "PKW",
      "scary" : "Nein",
      "descr" : "",
      "region" : "Ostalbkreis"
    },
    "geometry" : {
      "type" : "Point",
      "coordinates" : [ 9.82620659, 48.80107581 ]
    }
  }, {
    "type" : "Feature",
    "properties" : {
      "date" : "13/03/2022 16:19:01",
      "bikeType" : "City-/Trekking Bike",
      "child" : "Nein",
      "trailer" : "Nein",
      "pLoc" : "Lenker",
      "incident" : "Zu dichtes Überholen",
      "participant" : "",
      "scary" : "Nein",
      "descr" : "",
      "region" : "Ostalbkreis"
    },
    "geometry" : {
      "type" : "Point",
      "coordinates" : [ 9.81745007, 48.81000289 ]
    }
  }, {
    "type" : "Feature",
    "properties" : {
      "date" : "13/03/2022 16:19:16",
      "bikeType" : "City-/Trekking Bike",
      "child" : "Nein",
      "trailer" : "Nein",
      "pLoc" : "Lenker",
      "incident" : "Zu dichtes Überholen",
      "participant" : "",
      "scary" : "Nein",
      "descr" : "",
      "region" : "Ostalbkreis"
    },
    "geometry" : {
      "type" : "Point",
      "coordinates" : [ 9.81829503, 48.81063396 ]
    }
  }, {
    "type" : "Feature",
    "properties" : {
      "date" : "13/03/2022 16:42:20",
      "bikeType" : "City-/Trekking Bike",
      "child" : "Nein",
      "trailer" : "Nein",
      "pLoc" : "Lenker",
      "incident" : "Entgegenkommender Verkehrsteilnehmer",
      "participant" : "PKW",
      "scary" : "Ja",
      "descr" : "es ist zu eng. dennoch kommt PKW mit hoher Geschwindigkeit entgegen.",
      "region" : "Ostalbkreis"
    },
    "geometry" : {
      "type" : "Point",
      "coordinates" : [ 9.80741541, 48.79354394 ]
    }
  }, {
    "type" : "Feature",
    "properties" : {
      "date" : "13/03/2022 16:45:14",
      "bikeType" : "City-/Trekking Bike",
      "child" : "Nein",
      "trailer" : "Nein",
      "pLoc" : "Lenker",
      "incident" : "Zu dichtes Überholen",
      "participant" : "",
      "scary" : "Nein",
      "descr" : "",
      "region" : "Ostalbkreis"
    },
    "geometry" : {
      "type" : "Point",
      "coordinates" : [ 9.81308533, 48.78941113 ]
    }
  }, {
    "type" : "Feature",
    "properties" : {
      "date" : "13/03/2022 16:46:27",
      "bikeType" : "City-/Trekking Bike",
      "child" : "Nein",
      "trailer" : "Nein",
      "pLoc" : "Lenker",
      "incident" : "Zu dichtes Überholen",
      "participant" : "",
      "scary" : "Nein",
      "descr" : "",
      "region" : "Ostalbkreis"
    },
    "geometry" : {
      "type" : "Point",
      "coordinates" : [ 9.80623559, 48.7917751 ]
    }
  }, {
    "type" : "Feature",
    "properties" : {
      "date" : "13/03/2022 16:47:31",
      "bikeType" : "City-/Trekking Bike",
      "child" : "Nein",
      "trailer" : "Nein",
      "pLoc" : "Lenker",
      "incident" : "Zu dichtes Überholen",
      "participant" : "PKW",
      "scary" : "Ja",
      "descr" : "Fahrerin bedrängt mich, fährt dicht auf, hupt und gestikuliert wild. Ich bin mit 30 unterwegs. ",
      "region" : "Ostalbkreis"
    },
    "geometry" : {
      "type" : "Point",
      "coordinates" : [ 9.80040729, 48.79484136 ]
    }
  }, {
    "type" : "Feature",
    "properties" : {
      "date" : "13/03/2022 16:52:45",
      "bikeType" : "City-/Trekking Bike",
      "child" : "Nein",
      "trailer" : "Nein",
      "pLoc" : "Lenker",
      "incident" : "Zu dichtes Überholen",
      "participant" : "",
      "scary" : "Nein",
      "descr" : "",
      "region" : "Ostalbkreis"
    },
    "geometry" : {
      "type" : "Point",
      "coordinates" : [ 9.78899419, 48.80068388 ]
    }
  }, {
    "type" : "Feature",
    "properties" : {
      "date" : "13/03/2022 16:53:09",
      "bikeType" : "City-/Trekking Bike",
      "child" : "Nein",
      "trailer" : "Nein",
      "pLoc" : "Lenker",
      "incident" : "Zu dichtes Überholen",
      "participant" : "PKW",
      "scary" : "Ja",
      "descr" : "Fahrer überholt halb, Mert dann, dass doch kein Platz ist. Überholt dann später ohne Abstand.",
      "region" : "Ostalbkreis"
    },
    "geometry" : {
      "type" : "Point",
      "coordinates" : [ 9.79127566, 48.80089174 ]
    }
  }, {
    "type" : "Feature",
    "properties" : {
      "date" : "13/03/2022 16:53:40",
      "bikeType" : "City-/Trekking Bike",
      "child" : "Nein",
      "trailer" : "Nein",
      "pLoc" : "Lenker",
      "incident" : "Zu dichtes Überholen",
      "participant" : "",
      "scary" : "Nein",
      "descr" : "",
      "region" : "Ostalbkreis"
    },
    "geometry" : {
      "type" : "Point",
      "coordinates" : [ 9.79279531, 48.80158474 ]
    }
  }, {
    "type" : "Feature",
    "properties" : {
      "date" : "13/03/2022 16:53:43",
      "bikeType" : "City-/Trekking Bike",
      "child" : "Nein",
      "trailer" : "Nein",
      "pLoc" : "Lenker",
      "incident" : "Zu dichtes Überholen",
      "participant" : "",
      "scary" : "Nein",
      "descr" : "",
      "region" : "Ostalbkreis"
    },
    "geometry" : {
      "type" : "Point",
      "coordinates" : [ 9.79303844, 48.801658 ]
    }
  }, {
    "type" : "Feature",
    "properties" : {
      "date" : "13/03/2022 16:53:52",
      "bikeType" : "City-/Trekking Bike",
      "child" : "Nein",
      "trailer" : "Nein",
      "pLoc" : "Lenker",
      "incident" : "Zu dichtes Überholen",
      "participant" : "",
      "scary" : "Nein",
      "descr" : "",
      "region" : "Ostalbkreis"
    },
    "geometry" : {
      "type" : "Point",
      "coordinates" : [ 9.79380324, 48.80188346 ]
    }
  }, {
    "type" : "Feature",
    "properties" : {
      "date" : "13/03/2022 16:55:14",
      "bikeType" : "City-/Trekking Bike",
      "child" : "Nein",
      "trailer" : "Nein",
      "pLoc" : "Lenker",
      "incident" : "Zu dichtes Überholen",
      "participant" : "",
      "scary" : "Nein",
      "descr" : "",
      "region" : "Ostalbkreis"
    },
    "geometry" : {
      "type" : "Point",
      "coordinates" : [ 9.80038085, 48.80363354 ]
    }
  }, {
    "type" : "Feature",
    "properties" : {
      "date" : "13/03/2022 16:55:32",
      "bikeType" : "City-/Trekking Bike",
      "child" : "Nein",
      "trailer" : "Nein",
      "pLoc" : "Lenker",
      "incident" : "Hindernis ausweichen (z.B. Hund)",
      "participant" : "Sonstiges",
      "scary" : "Ja",
      "descr" : "Rollsplitt auf dem Radweg.",
      "region" : "Ostalbkreis"
    },
    "geometry" : {
      "type" : "Point",
      "coordinates" : [ 9.80131918, 48.80331615 ]
    }
  }, {
    "type" : "Feature",
    "properties" : {
      "date" : "13/03/2022 16:55:23",
      "bikeType" : "City-/Trekking Bike",
      "child" : "Nein",
      "trailer" : "Nein",
      "pLoc" : "Lenker",
      "incident" : "Hindernis ausweichen (z.B. Hund)",
      "participant" : "Sonstiges",
      "scary" : "Nein",
      "descr" : "Schildermast auf dem Radweg.",
      "region" : "Ostalbkreis"
    },
    "geometry" : {
      "type" : "Point",
      "coordinates" : [ 9.80094546, 48.80351268 ]
    }
  }, {
    "type" : "Feature",
    "properties" : {
      "date" : "13/03/2022 16:33:01",
      "bikeType" : "City-/Trekking Bike",
      "child" : "Nein",
      "trailer" : "Nein",
      "pLoc" : "Lenker",
      "incident" : "Hindernis ausweichen (z.B. Hund)",
      "participant" : "Sonstiges",
      "scary" : "Nein",
      "descr" : "Schildermast auf dem Radweg",
      "region" : "Ostalbkreis"
    },
    "geometry" : {
      "type" : "Point",
      "coordinates" : [ 9.80272701, 48.80319697 ]
    }
  }, {
    "type" : "Feature",
    "properties" : {
      "date" : "13/03/2022 16:41:41",
      "bikeType" : "City-/Trekking Bike",
      "child" : "Nein",
      "trailer" : "Nein",
      "pLoc" : "Lenker",
      "incident" : "Beinahe-Abbiegeunfall",
      "participant" : "PKW",
      "scary" : "Ja",
      "descr" : "fahre erlaubt gegen Einbahnstraße. PKW kommt von Rechts, will nach links in übersieht mich.",
      "region" : "Ostalbkreis"
    },
    "geometry" : {
      "type" : "Point",
      "coordinates" : [ 9.80528096, 48.7944345 ]
    }
  }, {
    "type" : "Feature",
    "properties" : {
      "date" : "13/03/2022 20:24:33",
      "bikeType" : "City-/Trekking Bike",
      "child" : "Nein",
      "trailer" : "Nein",
      "pLoc" : "Lenker",
      "incident" : "Hindernis ausweichen (z.B. Hund)",
      "participant" : "Sonstiges",
      "scary" : "Nein",
      "descr" : "Anhaufungen von Rollsplitt auf dem Radweg.",
      "region" : "Ostalbkreis"
    },
    "geometry" : {
      "type" : "Point",
      "coordinates" : [ 9.80204806, 48.80384596 ]
    }
  }, {
    "type" : "Feature",
    "properties" : {
      "date" : "13/03/2022 20:26:15",
      "bikeType" : "City-/Trekking Bike",
      "child" : "Nein",
      "trailer" : "Nein",
      "pLoc" : "Lenker",
      "incident" : "Sonstiges",
      "participant" : "PKW",
      "scary" : "Nein",
      "descr" : "Zwar genügend Abstand beim Überholen, aber Überfahren der durchgehenden Linie auf die Gegenfahrbahn.",
      "region" : "Ostalbkreis"
    },
    "geometry" : {
      "type" : "Point",
      "coordinates" : [ 9.79798729, 48.80316617 ]
    }
  }, {
    "type" : "Feature",
    "properties" : {
      "date" : "13/03/2022 09:50:44",
      "bikeType" : "City-/Trekking Bike",
      "child" : "Nein",
      "trailer" : "Nein",
      "pLoc" : "Lenker",
      "incident" : "Hindernis ausweichen (z.B. Hund)",
      "participant" : "Sonstiges",
      "scary" : "Nein",
      "descr" : "Verkehrsschild auf Radweg. Fahrbahn voll mit Splitt.",
      "region" : "Ostalbkreis"
    },
    "geometry" : {
      "type" : "Point",
      "coordinates" : [ 9.80114565, 48.80344193 ]
    }
  }, {
    "type" : "Feature",
    "properties" : {
      "date" : "26/02/2022 18:00:52",
      "bikeType" : "City-/Trekking Bike",
      "child" : "Nein",
      "trailer" : "Nein",
      "pLoc" : "Lenker",
      "incident" : "Sonstiges",
      "participant" : "PKW",
      "scary" : "Nein",
      "descr" : "30 kmh in der Fußgängerzone",
      "region" : "Ostalbkreis"
    },
    "geometry" : {
      "type" : "Point",
      "coordinates" : [ 9.80007945, 48.80182812 ]
    }
  }, {
    "type" : "Feature",
    "properties" : {
      "date" : "23/02/2022 22:10:47",
      "bikeType" : "City-/Trekking Bike",
      "child" : "Nein",
      "trailer" : "Nein",
      "pLoc" : "Lenker",
      "incident" : "Zu dichtes Überholen",
      "participant" : "PKW",
      "scary" : "Ja",
      "descr" : "",
      "region" : "Ostalbkreis"
    },
    "geometry" : {
      "type" : "Point",
      "coordinates" : [ 9.81710999, 48.80160035 ]
    }
  }, {
    "type" : "Feature",
    "properties" : {
      "date" : "23/02/2022 22:09:16",
      "bikeType" : "City-/Trekking Bike",
      "child" : "Nein",
      "trailer" : "Nein",
      "pLoc" : "Lenker",
      "incident" : "Zu dichtes Überholen",
      "participant" : "PKW",
      "scary" : "Nein",
      "descr" : "",
      "region" : "Ostalbkreis"
    },
    "geometry" : {
      "type" : "Point",
      "coordinates" : [ 9.82594709, 48.80103966 ]
    }
  }, {
    "type" : "Feature",
    "properties" : {
      "date" : "23/02/2022 22:09:10",
      "bikeType" : "City-/Trekking Bike",
      "child" : "Nein",
      "trailer" : "Nein",
      "pLoc" : "Lenker",
      "incident" : "Zu dichtes Überholen",
      "participant" : "PKW",
      "scary" : "Ja",
      "descr" : "",
      "region" : "Ostalbkreis"
    },
    "geometry" : {
      "type" : "Point",
      "coordinates" : [ 9.82651875, 48.80107915 ]
    }
  }, {
    "type" : "Feature",
    "properties" : {
      "date" : "23/02/2022 22:09:25",
      "bikeType" : "City-/Trekking Bike",
      "child" : "Nein",
      "trailer" : "Nein",
      "pLoc" : "Lenker",
      "incident" : "Zu dichtes Überholen",
      "participant" : "PKW",
      "scary" : "Nein",
      "descr" : "",
      "region" : "Ostalbkreis"
    },
    "geometry" : {
      "type" : "Point",
      "coordinates" : [ 9.82505268, 48.80102353 ]
    }
  }, {
    "type" : "Feature",
    "properties" : {
      "date" : "24/02/2022 20:51:51",
      "bikeType" : "City-/Trekking Bike",
      "child" : "Nein",
      "trailer" : "Nein",
      "pLoc" : "Lenker",
      "incident" : "Zu dichtes Überholen",
      "participant" : "PKW",
      "scary" : "Ja",
      "descr" : "",
      "region" : "Ostalbkreis"
    },
    "geometry" : {
      "type" : "Point",
      "coordinates" : [ 9.82556911, 48.80107963 ]
    }
  }, {
    "type" : "Feature",
    "properties" : {
      "date" : "24/02/2022 20:51:21",
      "bikeType" : "City-/Trekking Bike",
      "child" : "Nein",
      "trailer" : "Nein",
      "pLoc" : "Lenker",
      "incident" : "Zu dichtes Überholen",
      "participant" : "PKW",
      "scary" : "Nein",
      "descr" : "",
      "region" : "Ostalbkreis"
    },
    "geometry" : {
      "type" : "Point",
      "coordinates" : [ 9.82819362, 48.80119755 ]
    }
  }, {
    "type" : "Feature",
    "properties" : {
      "date" : "21/02/2022 22:12:14",
      "bikeType" : "City-/Trekking Bike",
      "child" : "Nein",
      "trailer" : "Nein",
      "pLoc" : "Lenker",
      "incident" : "Zu dichtes Überholen",
      "participant" : "PKW",
      "scary" : "Ja",
      "descr" : "aufgrund Verkehrsinsel ist überholen mit ausreichend Abstand nicht möglich.. zweimal überholt worden Ereignis war am 20.2",
      "region" : "Ostalbkreis"
    },
    "geometry" : {
      "type" : "Point",
      "coordinates" : [ 9.8242132, 48.80089222 ]
    }
  }, {
    "type" : "Feature",
    "properties" : {
      "date" : "21/02/2022 22:12:17",
      "bikeType" : "City-/Trekking Bike",
      "child" : "Nein",
      "trailer" : "Nein",
      "pLoc" : "Lenker",
      "incident" : "Zu dichtes Überholen",
      "participant" : "PKW",
      "scary" : "Ja",
      "descr" : "aufgrund Verkehrsinsel ist überholen mit ausreichend Abstand nicht möglich Ereignis war am 20.2",
      "region" : "Ostalbkreis"
    },
    "geometry" : {
      "type" : "Point",
      "coordinates" : [ 9.82451976, 48.80090207 ]
    }
  }, {
    "type" : "Feature",
    "properties" : {
      "date" : "21/02/2022 22:11:02",
      "bikeType" : "City-/Trekking Bike",
      "child" : "Nein",
      "trailer" : "Nein",
      "pLoc" : "Lenker",
      "incident" : "Zu dichtes Überholen",
      "participant" : "PKW",
      "scary" : "Ja",
      "descr" : "aufgrund Verkehrsinsel ist überholen mit ausreichend Abstand nicht möglich. Ereignis war am 19.2.",
      "region" : "Ostalbkreis"
    },
    "geometry" : {
      "type" : "Point",
      "coordinates" : [ 9.81783788, 48.80154949 ]
    }
  }, {
    "type" : "Feature",
    "properties" : {
      "date" : "21/02/2022 22:13:57",
      "bikeType" : "City-/Trekking Bike",
      "child" : "Nein",
      "trailer" : "Nein",
      "pLoc" : "Lenker",
      "incident" : "Zu dichtes Überholen",
      "participant" : "PKW",
      "scary" : "Ja",
      "descr" : "aufgrund Verkehrsinsel ist überholen mit ausreichend Abstand nicht möglich. Ereignis war am 20.2",
      "region" : "Ostalbkreis"
    },
    "geometry" : {
      "type" : "Point",
      "coordinates" : [ 9.83007222, 48.80126046 ]
    }
  }, {
    "type" : "Feature",
    "properties" : {
      "date" : "21/02/2022 22:24:57",
      "bikeType" : "City-/Trekking Bike",
      "child" : "Nein",
      "trailer" : "Nein",
      "pLoc" : "Lenker",
      "incident" : "Zu dichtes Überholen",
      "participant" : "",
      "scary" : "Nein",
      "descr" : "",
      "region" : "Ostalbkreis"
    },
    "geometry" : {
      "type" : "Point",
      "coordinates" : [ 9.7993323, 48.80221868 ]
    }
  }, {
    "type" : "Feature",
    "properties" : {
      "date" : "21/02/2022 22:08:06",
      "bikeType" : "City-/Trekking Bike",
      "child" : "Nein",
      "trailer" : "Nein",
      "pLoc" : "Lenker",
      "incident" : "Sonstiges",
      "participant" : "PKW, Taxi",
      "scary" : "Ja",
      "descr" : "bin auf der linken Spur. Taxi versucht zu überholen. gibt auf, wegen zu wenig Platz, zieht dann nach rechts, überholt rechts, auf der Rechtsabbiegespur, mit hohem Tempo, hupt, zieht dann vor mir wieder auf die linke Spur.",
      "region" : "Ostalbkreis"
    },
    "geometry" : {
      "type" : "Point",
      "coordinates" : [ 9.80304702, 48.80205397 ]
    }
  }, {
    "type" : "Feature",
    "properties" : {
      "date" : "22/02/2022 14:06:23",
      "bikeType" : "City-/Trekking Bike",
      "child" : "Nein",
      "trailer" : "Nein",
      "pLoc" : "Lenker",
      "incident" : "Zu dichtes Überholen",
      "participant" : "PKW",
      "scary" : "Ja",
      "descr" : "",
      "region" : "Ostalbkreis"
    },
    "geometry" : {
      "type" : "Point",
      "coordinates" : [ 9.80052166, 48.80363332 ]
    }
  }, {
    "type" : "Feature",
    "properties" : {
      "date" : "22/02/2022 14:07:33",
      "bikeType" : "City-/Trekking Bike",
      "child" : "Nein",
      "trailer" : "Nein",
      "pLoc" : "Lenker",
      "incident" : "Ein- oder ausparkendes Fahrzeug",
      "participant" : "Lieferwagen",
      "scary" : "Ja",
      "descr" : "Fahrzeug wird vor zebrastreifen langsamer. ich bereite mich vor links zu überholen um links abzubiegen. als ich das Fahrzeug erreiche zieht das Fahrzeug nach links ohne zu blinken. und dann illegal in der Einmündung bürgerstraße zu parken.",
      "region" : "Ostalbkreis"
    },
    "geometry" : {
      "type" : "Point",
      "coordinates" : [ 9.80016906, 48.80223232 ]
    }
  } ]
}