lat,lon,ts,bike,childCheckBox,trailerCheckBox,pLoc,incident,i1,i2,i3,i4,i5,i6,i7,i8,i9,scary,desc,i10,region
48.84288333333334,10.094261666666666,1616691101000,0,0,0,0,1,1,0,0,0,0,0,0,0,0,0,,0,Ostalbkreis
48.80075219,9.78865067,1646937460000,1,0,0,1,1,0,0,0,0,0,0,1,0,0,1,,0,Ostalbkreis
48.79799827,9.79313589,1646937636000,1,0,0,1,1,0,0,0,0,0,0,1,0,0,0,,0,Ostalbkreis
48.80217046,9.79250112,1646937170000,1,0,0,1,8,0,0,0,0,0,0,1,0,0,0,PKW über 30 kmh bei Dunkelheit auf schmalem Weg,0,Ostalbkreis
48.80093382,9.82398755,1646938886876,1,0,0,1,1,0,0,0,0,0,0,1,0,0,0,,0,Ostalbkreis
48.80113778,9.82880649,1646938941593,1,0,0,1,1,0,0,0,0,0,0,1,0,0,0,,0,Ostalbkreis
48.80118513,9.82700745,1646939023547,1,0,0,1,1,0,0,0,0,0,0,1,0,0,0,,0,Ostalbkreis
48.80112608,9.82606258,1646939032696,1,0,0,1,1,0,0,0,0,0,0,1,0,0,1,,0,Ostalbkreis
48.8014924,9.80372172,1646939266400,1,0,0,1,1,0,0,0,0,0,0,0,0,0,0,,0,Ostalbkreis
48.80058507,9.79719909,1647025010000,1,0,0,1,7,0,0,0,0,0,0,0,0,1,0,kaum sichtbare Poller,0,Ostalbkreis
48.80165792,9.81172696,1647024172000,1,0,0,1,8,0,0,0,0,0,0,0,1,0,1,das Taxi musste an der Ampel in der Schlange warten. ich wollte rechts vorbeifahren. es war genug Platz. daraufhin zog das Taxi nach rechts rüber um mir den Weg abzuschneiden. und es hubte. nach der Ampel hat mich das Taxi dann mit hoher Geschwindigkeit und Hupe und ohne Abstand überholt.,0,Ostalbkreis
48.80157104,9.80338064,1647023628117,1,0,0,1,1,0,0,0,0,0,0,1,0,0,0,rechts überholt, mit zu wenig Abstand,0,Ostalbkreis
48.80143623,9.80349231,1647023631158,1,0,0,1,1,0,0,0,0,0,0,1,0,0,0,rechts überholt, mit zu wenig Abstand,0,Ostalbkreis
48.80153652,9.81142657,1647023731421,1,0,0,1,1,0,0,0,0,0,0,1,0,0,0,,0,Ostalbkreis
48.80168187,9.81418205,1647023767980,1,0,0,1,1,0,0,0,0,0,0,0,0,0,0,,0,Ostalbkreis
48.80155897,9.81880502,1647023819649,1,0,0,1,1,0,0,0,0,0,0,0,0,0,0,,0,Ostalbkreis
48.80166262,9.8172086,1647024119873,1,0,0,1,1,0,0,0,0,0,0,0,0,0,0,,0,Ostalbkreis
48.80170832,9.81347157,1647024156205,1,0,0,1,1,0,0,0,0,0,0,0,0,0,0,,0,Ostalbkreis
48.80146087,9.80793531,1647024210801,1,0,0,1,1,0,0,0,0,0,0,0,1,0,1,das Taxi musste an der Ampel in der Schlange warten. ich wollte rechts vorbeifahren. es war genug Platz. daraufhin zog das Taxi nach rechts rüber um mir den Weg abzuschneiden. und es hubte. nach der Ampel hat mich das Taxi dann mit hoher Geschwindigkeit und Hupe und ohne Abstand überholt.,0,Ostalbkreis
48.80128641,9.80541131,1647024235038,1,0,0,1,1,0,0,0,0,0,0,0,0,0,0,,0,Ostalbkreis
48.80326325,9.79810415,1647024328928,1,0,0,1,1,0,0,0,0,0,0,1,0,0,0,,0,Ostalbkreis
48.80252841,9.795624,1647024353172,1,0,0,1,1,0,0,0,0,0,0,1,0,0,0,,0,Ostalbkreis
48.80182678,9.79306153,1647024377430,1,0,0,1,1,0,0,0,0,0,0,1,0,0,0,,0,Ostalbkreis
48.8009438,9.78945666,1647024413821,1,0,0,1,1,0,0,0,0,0,0,1,0,0,1,20 m weiter stand er in der Ampelschlange und ich war wieder vorbei.,0,Ostalbkreis
48.79864162,9.7879145,1647024474423,1,0,0,1,1,0,0,0,0,0,0,1,0,0,0,,0,Ostalbkreis
48.80088436,9.82397606,1647023881000,1,0,0,1,1,0,0,0,0,0,0,1,0,0,1,,0,Ostalbkreis
48.80107581,9.82620659,1647023908000,1,0,0,1,1,0,0,0,0,0,0,1,0,0,0,,0,Ostalbkreis
48.81000289,9.81745007,1647184741244,1,0,0,1,1,0,0,0,0,0,0,0,0,0,0,,0,Ostalbkreis
48.81063396,9.81829503,1647184756501,1,0,0,1,1,0,0,0,0,0,0,0,0,0,0,,0,Ostalbkreis
48.79354394,9.80741541,1647186140542,1,0,0,1,4,0,0,0,0,0,0,1,0,0,1,es ist zu eng. dennoch kommt PKW mit hoher Geschwindigkeit entgegen.,0,Ostalbkreis
48.78941113,9.81308533,1647186314149,1,0,0,1,1,0,0,0,0,0,0,0,0,0,0,,0,Ostalbkreis
48.7917751,9.80623559,1647186387321,1,0,0,1,1,0,0,0,0,0,0,0,0,0,0,,0,Ostalbkreis
48.79484136,9.80040729,1647186451349,1,0,0,1,1,0,0,0,0,0,0,1,0,0,1,Fahrerin bedrängt mich, fährt dicht auf, hupt und gestikuliert wild. Ich bin mit 30 unterwegs. ,0,Ostalbkreis
48.80068388,9.78899419,1647186765208,1,0,0,1,1,0,0,0,0,0,0,0,0,0,0,,0,Ostalbkreis
48.80089174,9.79127566,1647186789569,1,0,0,1,1,0,0,0,0,0,0,1,0,0,1,Fahrer überholt halb, Mert dann, dass doch kein Platz ist. Überholt dann später ohne Abstand.,0,Ostalbkreis
48.80158474,9.79279531,1647186820055,1,0,0,1,1,0,0,0,0,0,0,0,0,0,0,,0,Ostalbkreis
48.801658,9.79303844,1647186823153,1,0,0,1,1,0,0,0,0,0,0,0,0,0,0,,0,Ostalbkreis
48.80188346,9.79380324,1647186832310,1,0,0,1,1,0,0,0,0,0,0,0,0,0,0,,0,Ostalbkreis
48.80363354,9.80038085,1647186914300,1,0,0,1,1,0,0,0,0,0,0,0,0,0,0,,0,Ostalbkreis
48.80331615,9.80131918,1647186932569,1,0,0,1,7,0,0,0,0,0,0,0,0,1,1,Rollsplitt auf dem Radweg.,0,Ostalbkreis
48.80351268,9.80094546,1647186923000,1,0,0,1,7,0,0,0,0,0,0,0,0,1,0,Schildermast auf dem Radweg.,0,Ostalbkreis
48.80319697,9.80272701,1647185581000,1,0,0,1,7,0,0,0,0,0,0,0,0,1,0,Schildermast auf dem Radweg,0,Ostalbkreis
48.7944345,9.80528096,1647186101000,1,0,0,1,3,0,0,0,0,0,0,1,0,0,1,fahre erlaubt gegen Einbahnstraße. PKW kommt von Rechts, will nach links in übersieht mich.,0,Ostalbkreis
48.80384596,9.80204806,1647199473459,1,0,0,1,7,0,0,0,0,0,0,0,0,1,0,Anhaufungen von Rollsplitt auf dem Radweg.,0,Ostalbkreis
48.80316617,9.79798729,1647199575000,1,0,0,1,8,0,0,0,0,0,0,1,0,0,0,Zwar genügend Abstand beim Überholen, aber Überfahren der durchgehenden Linie auf die Gegenfahrbahn.,0,Ostalbkreis
48.80344193,9.80114565,1647161444000,1,0,0,1,7,0,0,0,0,0,0,0,0,1,0,Verkehrsschild auf Radweg. Fahrbahn voll mit Splitt.,0,Ostalbkreis
48.80182812,9.80007945,1645894852000,1,0,0,1,8,0,0,0,0,0,0,1,0,0,0,30 kmh in der Fußgängerzone,0,Ostalbkreis
48.80160035,9.81710999,1645650647000,1,0,0,1,1,0,0,0,0,0,0,1,0,0,1,,0,Ostalbkreis
48.80103966,9.82594709,1645650556000,1,0,0,1,1,0,0,0,0,0,0,1,0,0,0,,0,Ostalbkreis
48.80107915,9.82651875,1645650550000,1,0,0,1,1,0,0,0,0,0,0,1,0,0,1,,0,Ostalbkreis
48.80102353,9.82505268,1645650565000,1,0,0,1,1,0,0,0,0,0,0,1,0,0,0,,0,Ostalbkreis
48.80107963,9.82556911,1645732311000,1,0,0,1,1,0,0,0,0,0,0,1,0,0,1,,0,Ostalbkreis
48.80119755,9.82819362,1645732281000,1,0,0,1,1,0,0,0,0,0,0,1,0,0,0,,0,Ostalbkreis
48.80089222,9.8242132,1645477934000,1,0,0,1,1,0,0,0,0,0,0,1,0,0,1,aufgrund Verkehrsinsel ist überholen mit ausreichend Abstand nicht möglich.. zweimal überholt worden Ereignis war am 20.2,0,Ostalbkreis
48.80090207,9.82451976,1645477937000,1,0,0,1,1,0,0,0,0,0,0,1,0,0,1,aufgrund Verkehrsinsel ist überholen mit ausreichend Abstand nicht möglich Ereignis war am 20.2,0,Ostalbkreis
48.80154949,9.81783788,1645477862000,1,0,0,1,1,0,0,0,0,0,0,1,0,0,1,aufgrund Verkehrsinsel ist überholen mit ausreichend Abstand nicht möglich. Ereignis war am 19.2.,0,Ostalbkreis
48.80126046,9.83007222,1645478037000,1,0,0,1,1,0,0,0,0,0,0,1,0,0,1,aufgrund Verkehrsinsel ist überholen mit ausreichend Abstand nicht möglich. Ereignis war am 20.2,0,Ostalbkreis
48.80221868,9.7993323,1645478697263,1,0,0,1,1,0,0,0,0,0,0,0,0,0,0,,0,Ostalbkreis
48.80205397,9.80304702,1645477686000,1,0,0,1,8,0,0,0,0,0,0,1,1,0,1,bin auf der linken Spur. Taxi versucht zu überholen. gibt auf, wegen zu wenig Platz, zieht dann nach rechts, überholt rechts, auf der Rechtsabbiegespur, mit hohem Tempo, hupt, zieht dann vor mir wieder auf die linke Spur.,0,Ostalbkreis
48.80363332,9.80052166,1645535183000,1,0,0,1,1,0,0,0,0,0,0,1,0,0,1,,0,Ostalbkreis
48.80223232,9.80016906,1645535253000,1,0,0,1,2,0,0,0,1,0,0,0,0,0,1,Fahrzeug wird vor zebrastreifen langsamer. ich bereite mich vor links zu überholen um links abzubiegen. als ich das Fahrzeug erreiche zieht das Fahrzeug nach links ohne zu blinken. und dann illegal in der Einmündung bürgerstraße zu parken.,0,Ostalbkreis
