{
  "type" : "FeatureCollection",
  "features" : [ {
    "type" : "Feature",
    "properties" : {
      "date" : "01/11/2021 13:40:51",
      "bikeType" : "City-/Trekking Bike",
      "child" : "Nein",
      "trailer" : "Nein",
      "pLoc" : "Lenker",
      "incident" : "Zu dichtes Überholen",
      "participant" : "",
      "scary" : "Nein",
      "descr" : "",
      "region" : "Darmstadt"
    },
    "geometry" : {
      "type" : "Point",
      "coordinates" : [ 8.949130137606389, 49.87176811354351 ]
    }
  }, {
    "type" : "Feature",
    "properties" : {
      "date" : "06/10/2021 09:58:40",
      "bikeType" : "City-/Trekking Bike",
      "child" : "Nein",
      "trailer" : "Nein",
      "pLoc" : "Lenker",
      "incident" : "Zu dichtes Überholen",
      "participant" : "",
      "scary" : "Nein",
      "descr" : "",
      "region" : "Darmstadt"
    },
    "geometry" : {
      "type" : "Point",
      "coordinates" : [ 8.92041181530667, 49.86993519911468 ]
    }
  }, {
    "type" : "Feature",
    "properties" : {
      "date" : "04/10/2021 13:09:53",
      "bikeType" : "City-/Trekking Bike",
      "child" : "Nein",
      "trailer" : "Nein",
      "pLoc" : "Jackentasche",
      "incident" : "Hindernis ausweichen (z.B. Hund)",
      "participant" : "Fußgänger",
      "scary" : "Nein",
      "descr" : "Traube auf Fahrradweg, reagiert auf frühzeitiges Klingeln nicht ",
      "region" : "Darmstadt"
    },
    "geometry" : {
      "type" : "Point",
      "coordinates" : [ 8.63284703236991, 49.87254630835697 ]
    }
  }, {
    "type" : "Feature",
    "properties" : {
      "date" : "06/10/2021 14:25:48",
      "bikeType" : "City-/Trekking Bike",
      "child" : "Nein",
      "trailer" : "Nein",
      "pLoc" : "Lenker",
      "incident" : "Zu dichtes Überholen",
      "participant" : "",
      "scary" : "Nein",
      "descr" : "",
      "region" : "Darmstadt"
    },
    "geometry" : {
      "type" : "Point",
      "coordinates" : [ 8.952771543589549, 49.872048870314565 ]
    }
  }, {
    "type" : "Feature",
    "properties" : {
      "date" : "01/10/2021 11:29:29",
      "bikeType" : "City-/Trekking Bike",
      "child" : "Nein",
      "trailer" : "Nein",
      "pLoc" : "Jackentasche",
      "incident" : "Entgegenkommender Verkehrsteilnehmer",
      "participant" : "Fahrrad",
      "scary" : "Nein",
      "descr" : "Geisterfahrer ",
      "region" : "Darmstadt"
    },
    "geometry" : {
      "type" : "Point",
      "coordinates" : [ 8.637878628985307, 49.883962888309604 ]
    }
  }, {
    "type" : "Feature",
    "properties" : {
      "date" : "01/10/2021 11:31:10",
      "bikeType" : "City-/Trekking Bike",
      "child" : "Nein",
      "trailer" : "Nein",
      "pLoc" : "Jackentasche",
      "incident" : "Zu dichtes Überholen",
      "participant" : "Lieferwagen",
      "scary" : "Nein",
      "descr" : "",
      "region" : "Darmstadt"
    },
    "geometry" : {
      "type" : "Point",
      "coordinates" : [ 8.63264348236322, 49.888428694153745 ]
    }
  }, {
    "type" : "Feature",
    "properties" : {
      "date" : "09/10/2021 11:29:50",
      "bikeType" : "City-/Trekking Bike",
      "child" : "Nein",
      "trailer" : "Nein",
      "pLoc" : "Lenker",
      "incident" : "Zu dichtes Überholen",
      "participant" : "",
      "scary" : "Nein",
      "descr" : "",
      "region" : "Darmstadt"
    },
    "geometry" : {
      "type" : "Point",
      "coordinates" : [ 8.929008555331206, 49.86869483440555 ]
    }
  }, {
    "type" : "Feature",
    "properties" : {
      "date" : "10/10/2021 16:14:57",
      "bikeType" : "City-/Trekking Bike",
      "child" : "Nein",
      "trailer" : "Nein",
      "pLoc" : "Lenker",
      "incident" : "Zu dichtes Überholen",
      "participant" : "",
      "scary" : "Nein",
      "descr" : "",
      "region" : "Darmstadt"
    },
    "geometry" : {
      "type" : "Point",
      "coordinates" : [ 8.920045299312543, 49.86999491754098 ]
    }
  }, {
    "type" : "Feature",
    "properties" : {
      "date" : "10/10/2021 16:26:16",
      "bikeType" : "City-/Trekking Bike",
      "child" : "Nein",
      "trailer" : "Nein",
      "pLoc" : "Lenker",
      "incident" : "Zu dichtes Überholen",
      "participant" : "",
      "scary" : "Nein",
      "descr" : "",
      "region" : "Darmstadt"
    },
    "geometry" : {
      "type" : "Point",
      "coordinates" : [ 8.95201035844736, 49.871873803718024 ]
    }
  }, {
    "type" : "Feature",
    "properties" : {
      "date" : "01/10/2021 18:42:37",
      "bikeType" : "City-/Trekking Bike",
      "child" : "Nein",
      "trailer" : "Nein",
      "pLoc" : "Jackentasche",
      "incident" : "Zu dichtes Überholen",
      "participant" : "LKW",
      "scary" : "Nein",
      "descr" : "",
      "region" : "Darmstadt"
    },
    "geometry" : {
      "type" : "Point",
      "coordinates" : [ 8.62611715559024, 49.86561953613114 ]
    }
  }, {
    "type" : "Feature",
    "properties" : {
      "date" : "07/10/2021 14:56:43",
      "bikeType" : "City-/Trekking Bike",
      "child" : "Nein",
      "trailer" : "Nein",
      "pLoc" : "Lenker",
      "incident" : "Zu dichtes Überholen",
      "participant" : "",
      "scary" : "Nein",
      "descr" : "",
      "region" : "Darmstadt"
    },
    "geometry" : {
      "type" : "Point",
      "coordinates" : [ 8.93679345416107, 49.87197127931024 ]
    }
  }, {
    "type" : "Feature",
    "properties" : {
      "date" : "27/07/2021 11:50:36",
      "bikeType" : "-",
      "child" : "Nein",
      "trailer" : "Nein",
      "pLoc" : "Hosentasche",
      "incident" : "Hindernis ausweichen (z.B. Hund)",
      "participant" : "Lieferwagen",
      "scary" : "Nein",
      "descr" : "steht auf Radweg",
      "region" : "Darmstadt"
    },
    "geometry" : {
      "type" : "Point",
      "coordinates" : [ 8.646766982655398, 49.86627894339511 ]
    }
  }, {
    "type" : "Feature",
    "properties" : {
      "date" : "19/07/2021 10:38:21",
      "bikeType" : "-",
      "child" : "Nein",
      "trailer" : "Nein",
      "pLoc" : "Hosentasche",
      "incident" : "Zu dichtes Überholen",
      "participant" : "PKW",
      "scary" : "Nein",
      "descr" : "rechts überholend",
      "region" : "Darmstadt"
    },
    "geometry" : {
      "type" : "Point",
      "coordinates" : [ 8.641021485476015, 49.87519904481534 ]
    }
  }, {
    "type" : "Feature",
    "properties" : {
      "date" : "19/07/2021 10:40:20",
      "bikeType" : "-",
      "child" : "Nein",
      "trailer" : "Nein",
      "pLoc" : "Hosentasche",
      "incident" : "Zu dichtes Überholen",
      "participant" : "PKW",
      "scary" : "Nein",
      "descr" : "",
      "region" : "Darmstadt"
    },
    "geometry" : {
      "type" : "Point",
      "coordinates" : [ 8.63782833503249, 49.87937454332172 ]
    }
  }, {
    "type" : "Feature",
    "properties" : {
      "date" : "19/07/2021 10:40:23",
      "bikeType" : "-",
      "child" : "Nein",
      "trailer" : "Nein",
      "pLoc" : "Hosentasche",
      "incident" : "Zu dichtes Überholen",
      "participant" : "PKW",
      "scary" : "Nein",
      "descr" : "",
      "region" : "Darmstadt"
    },
    "geometry" : {
      "type" : "Point",
      "coordinates" : [ 8.637954836779672, 49.879498044438996 ]
    }
  }, {
    "type" : "Feature",
    "properties" : {
      "date" : "19/07/2021 10:40:26",
      "bikeType" : "-",
      "child" : "Nein",
      "trailer" : "Nein",
      "pLoc" : "Hosentasche",
      "incident" : "Zu dichtes Überholen",
      "participant" : "PKW",
      "scary" : "Nein",
      "descr" : "",
      "region" : "Darmstadt"
    },
    "geometry" : {
      "type" : "Point",
      "coordinates" : [ 8.638166455152321, 49.87971618438161 ]
    }
  }, {
    "type" : "Feature",
    "properties" : {
      "date" : "19/07/2021 10:43:04",
      "bikeType" : "-",
      "child" : "Nein",
      "trailer" : "Nein",
      "pLoc" : "Hosentasche",
      "incident" : "Hindernis ausweichen (z.B. Hund)",
      "participant" : "Sonstiges",
      "scary" : "Nein",
      "descr" : "Sperrmüll auf Radweg ",
      "region" : "Darmstadt"
    },
    "geometry" : {
      "type" : "Point",
      "coordinates" : [ 8.637689445884336, 49.88405187932171 ]
    }
  }, {
    "type" : "Feature",
    "properties" : {
      "date" : "19/07/2021 10:29:43",
      "bikeType" : "-",
      "child" : "Nein",
      "trailer" : "Nein",
      "pLoc" : "Hosentasche",
      "incident" : "Zu dichtes Überholen",
      "participant" : "PKW",
      "scary" : "Ja",
      "descr" : "",
      "region" : "Darmstadt"
    },
    "geometry" : {
      "type" : "Point",
      "coordinates" : [ 8.634559035557677, 49.858671626762494 ]
    }
  }, {
    "type" : "Feature",
    "properties" : {
      "date" : "19/07/2021 10:32:48",
      "bikeType" : "-",
      "child" : "Nein",
      "trailer" : "Nein",
      "pLoc" : "Hosentasche",
      "incident" : "Sonstiges",
      "participant" : "PKW",
      "scary" : "Nein",
      "descr" : "steht auf Radfahrstreifen",
      "region" : "Darmstadt"
    },
    "geometry" : {
      "type" : "Point",
      "coordinates" : [ 8.64165103454071, 49.86312305141973 ]
    }
  }, {
    "type" : "Feature",
    "properties" : {
      "date" : "15/07/2021 11:16:39",
      "bikeType" : "-",
      "child" : "Nein",
      "trailer" : "Nein",
      "pLoc" : "Hosentasche",
      "incident" : "Hindernis ausweichen (z.B. Hund)",
      "participant" : "PKW",
      "scary" : "Nein",
      "descr" : "steht halb auf Fahrradstreifen ",
      "region" : "Darmstadt"
    },
    "geometry" : {
      "type" : "Point",
      "coordinates" : [ 8.638903012618513, 49.86131045294723 ]
    }
  }, {
    "type" : "Feature",
    "properties" : {
      "date" : "15/07/2021 11:09:44",
      "bikeType" : "-",
      "child" : "Nein",
      "trailer" : "Nein",
      "pLoc" : "Hosentasche",
      "incident" : "Sonstiges",
      "participant" : "LKW",
      "scary" : "Nein",
      "descr" : "versperrt Einfahrt zum verkehrsberuhigten Bereich",
      "region" : "Darmstadt"
    },
    "geometry" : {
      "type" : "Point",
      "coordinates" : [ 8.622559579906797, 49.848975750988124 ]
    }
  }, {
    "type" : "Feature",
    "properties" : {
      "date" : "15/07/2021 11:18:37",
      "bikeType" : "-",
      "child" : "Nein",
      "trailer" : "Nein",
      "pLoc" : "Hosentasche",
      "incident" : "Hindernis ausweichen (z.B. Hund)",
      "participant" : "LKW",
      "scary" : "Nein",
      "descr" : "steht komplett auf dem Radfahrstreifen",
      "region" : "Darmstadt"
    },
    "geometry" : {
      "type" : "Point",
      "coordinates" : [ 8.641718759170379, 49.86304248041834 ]
    }
  }, {
    "type" : "Feature",
    "properties" : {
      "date" : "15/07/2021 11:16:02",
      "bikeType" : "-",
      "child" : "Nein",
      "trailer" : "Nein",
      "pLoc" : "Hosentasche",
      "incident" : "Hindernis ausweichen (z.B. Hund)",
      "participant" : "LKW",
      "scary" : "Nein",
      "descr" : "steht halb auf dem Radfahrstreifen",
      "region" : "Darmstadt"
    },
    "geometry" : {
      "type" : "Point",
      "coordinates" : [ 8.6384048511161, 49.86104075582399 ]
    }
  }, {
    "type" : "Feature",
    "properties" : {
      "date" : "15/07/2021 11:15:50",
      "bikeType" : "-",
      "child" : "Nein",
      "trailer" : "Nein",
      "pLoc" : "Hosentasche",
      "incident" : "Hindernis ausweichen (z.B. Hund)",
      "participant" : "Lieferwagen",
      "scary" : "Nein",
      "descr" : "steht halb auf Fahrradstreifen ",
      "region" : "Darmstadt"
    },
    "geometry" : {
      "type" : "Point",
      "coordinates" : [ 8.638039235916821, 49.86077051166051 ]
    }
  }, {
    "type" : "Feature",
    "properties" : {
      "date" : "20/07/2021 11:17:25",
      "bikeType" : "-",
      "child" : "Nein",
      "trailer" : "Nein",
      "pLoc" : "Hosentasche",
      "incident" : "Hindernis ausweichen (z.B. Hund)",
      "participant" : "Sonstiges",
      "scary" : "Nein",
      "descr" : "Sperrmüll über den Radweg verteilt",
      "region" : "Darmstadt"
    },
    "geometry" : {
      "type" : "Point",
      "coordinates" : [ 8.637796503934576, 49.88407647619464 ]
    }
  }, {
    "type" : "Feature",
    "properties" : {
      "date" : "20/07/2021 11:07:26",
      "bikeType" : "-",
      "child" : "Nein",
      "trailer" : "Nein",
      "pLoc" : "Hosentasche",
      "incident" : "Sonstiges",
      "participant" : "Lieferwagen",
      "scary" : "Nein",
      "descr" : "steht unüberholbar auf der Fahrbahn",
      "region" : "Darmstadt"
    },
    "geometry" : {
      "type" : "Point",
      "coordinates" : [ 8.643633045292527, 49.865852453806546 ]
    }
  }, {
    "type" : "Feature",
    "properties" : {
      "date" : "20/07/2021 10:59:46",
      "bikeType" : "-",
      "child" : "Nein",
      "trailer" : "Nein",
      "pLoc" : "Hosentasche",
      "incident" : "Zu dichtes Überholen",
      "participant" : "PKW",
      "scary" : "Nein",
      "descr" : "",
      "region" : "Darmstadt"
    },
    "geometry" : {
      "type" : "Point",
      "coordinates" : [ 8.624657156657872, 49.85253124854805 ]
    }
  }, {
    "type" : "Feature",
    "properties" : {
      "date" : "20/07/2021 11:14:27",
      "bikeType" : "-",
      "child" : "Nein",
      "trailer" : "Nein",
      "pLoc" : "Hosentasche",
      "incident" : "Zu dichtes Überholen",
      "participant" : "Lieferwagen",
      "scary" : "Nein",
      "descr" : "",
      "region" : "Darmstadt"
    },
    "geometry" : {
      "type" : "Point",
      "coordinates" : [ 8.638626813647234, 49.88082769789086 ]
    }
  }, {
    "type" : "Feature",
    "properties" : {
      "date" : "29/07/2021 17:56:57",
      "bikeType" : "-",
      "child" : "Nein",
      "trailer" : "Nein",
      "pLoc" : "Hosentasche",
      "incident" : "Sonstiges",
      "participant" : "Sonstiges",
      "scary" : "Nein",
      "descr" : "Stau linksabbiegend über die Kreuzung. ",
      "region" : "Darmstadt"
    },
    "geometry" : {
      "type" : "Point",
      "coordinates" : [ 8.651498636761465, 49.88446955081711 ]
    }
  }, {
    "type" : "Feature",
    "properties" : {
      "date" : "19/07/2021 17:18:05",
      "bikeType" : "-",
      "child" : "Nein",
      "trailer" : "Nein",
      "pLoc" : "Hosentasche",
      "incident" : "Zu dichtes Überholen",
      "participant" : "Lieferwagen",
      "scary" : "Ja",
      "descr" : "überholt bei Gegenverkehr ",
      "region" : "Darmstadt"
    },
    "geometry" : {
      "type" : "Point",
      "coordinates" : [ 8.631734049413902, 49.87515877384055 ]
    }
  }, {
    "type" : "Feature",
    "properties" : {
      "date" : "19/07/2021 17:15:21",
      "bikeType" : "-",
      "child" : "Nein",
      "trailer" : "Nein",
      "pLoc" : "Hosentasche",
      "incident" : "Sonstiges",
      "participant" : "PKW",
      "scary" : "Nein",
      "descr" : "überholt trotz durchgezogener Doppellinie ",
      "region" : "Darmstadt"
    },
    "geometry" : {
      "type" : "Point",
      "coordinates" : [ 8.638399888916101, 49.882851411630114 ]
    }
  }, {
    "type" : "Feature",
    "properties" : {
      "date" : "19/07/2021 17:15:24",
      "bikeType" : "-",
      "child" : "Nein",
      "trailer" : "Nein",
      "pLoc" : "Hosentasche",
      "incident" : "Sonstiges",
      "participant" : "PKW",
      "scary" : "Nein",
      "descr" : "überholt trotz durchgezogener Doppellinie ",
      "region" : "Darmstadt"
    },
    "geometry" : {
      "type" : "Point",
      "coordinates" : [ 8.638215405176537, 49.88273364124103 ]
    }
  }, {
    "type" : "Feature",
    "properties" : {
      "date" : "27/07/2021 18:09:34",
      "bikeType" : "-",
      "child" : "Nein",
      "trailer" : "Nein",
      "pLoc" : "Hosentasche",
      "incident" : "Zu dichtes Überholen",
      "participant" : "PKW",
      "scary" : "Nein",
      "descr" : "überholt trotz durchgezogener Doppellinie ",
      "region" : "Darmstadt"
    },
    "geometry" : {
      "type" : "Point",
      "coordinates" : [ 8.638306956806648, 49.88285004427196 ]
    }
  }, {
    "type" : "Feature",
    "properties" : {
      "date" : "27/07/2021 18:09:37",
      "bikeType" : "-",
      "child" : "Nein",
      "trailer" : "Nein",
      "pLoc" : "Hosentasche",
      "incident" : "Zu dichtes Überholen",
      "participant" : "PKW",
      "scary" : "Nein",
      "descr" : "überholt trotz durchgezogener Doppellinie ",
      "region" : "Darmstadt"
    },
    "geometry" : {
      "type" : "Point",
      "coordinates" : [ 8.638129155178119, 49.88272221073519 ]
    }
  }, {
    "type" : "Feature",
    "properties" : {
      "date" : "27/07/2021 18:09:40",
      "bikeType" : "-",
      "child" : "Nein",
      "trailer" : "Nein",
      "pLoc" : "Hosentasche",
      "incident" : "Zu dichtes Überholen",
      "participant" : "PKW",
      "scary" : "Nein",
      "descr" : "überholt trotz durchgezogener Doppellinie ",
      "region" : "Darmstadt"
    },
    "geometry" : {
      "type" : "Point",
      "coordinates" : [ 8.637936711377176, 49.88260218944815 ]
    }
  }, {
    "type" : "Feature",
    "properties" : {
      "date" : "22/07/2021 10:57:06",
      "bikeType" : "-",
      "child" : "Nein",
      "trailer" : "Nein",
      "pLoc" : "Hosentasche",
      "incident" : "Hindernis ausweichen (z.B. Hund)",
      "participant" : "LKW",
      "scary" : "Nein",
      "descr" : "steht auf Fahrradweg",
      "region" : "Darmstadt"
    },
    "geometry" : {
      "type" : "Point",
      "coordinates" : [ 8.63297709304495, 49.870874719072894 ]
    }
  }, {
    "type" : "Feature",
    "properties" : {
      "date" : "22/07/2021 10:51:04",
      "bikeType" : "-",
      "child" : "Nein",
      "trailer" : "Nein",
      "pLoc" : "Hosentasche",
      "incident" : "Beinahe-Abbiegeunfall",
      "participant" : "Lieferwagen",
      "scary" : "Ja",
      "descr" : "",
      "region" : "Darmstadt"
    },
    "geometry" : {
      "type" : "Point",
      "coordinates" : [ 8.63539002890183, 49.858473832773186 ]
    }
  }, {
    "type" : "Feature",
    "properties" : {
      "date" : "22/07/2021 10:54:58",
      "bikeType" : "-",
      "child" : "Nein",
      "trailer" : "Nein",
      "pLoc" : "Hosentasche",
      "incident" : "Hindernis ausweichen (z.B. Hund)",
      "participant" : "LKW",
      "scary" : "Nein",
      "descr" : "steht auf Fahrradweg",
      "region" : "Darmstadt"
    },
    "geometry" : {
      "type" : "Point",
      "coordinates" : [ 8.631556308908305, 49.86620452056496 ]
    }
  }, {
    "type" : "Feature",
    "properties" : {
      "date" : "22/07/2021 10:57:12",
      "bikeType" : "-",
      "child" : "Nein",
      "trailer" : "Nein",
      "pLoc" : "Hosentasche",
      "incident" : "Hindernis ausweichen (z.B. Hund)",
      "participant" : "Sonstiges",
      "scary" : "Nein",
      "descr" : "E-Scooter steht auf Fahrradweg ",
      "region" : "Darmstadt"
    },
    "geometry" : {
      "type" : "Point",
      "coordinates" : [ 8.633056818538096, 49.871108555429146 ]
    }
  }, {
    "type" : "Feature",
    "properties" : {
      "date" : "30/07/2021 10:16:17",
      "bikeType" : "-",
      "child" : "Nein",
      "trailer" : "Nein",
      "pLoc" : "Hosentasche",
      "incident" : "Sonstiges",
      "participant" : "PKW",
      "scary" : "Ja",
      "descr" : "Abbiegeunfall ",
      "region" : "Darmstadt"
    },
    "geometry" : {
      "type" : "Point",
      "coordinates" : [ 8.642871879339406, 49.86777880270098 ]
    }
  }, {
    "type" : "Feature",
    "properties" : {
      "date" : "28/07/2021 18:02:41",
      "bikeType" : "-",
      "child" : "Nein",
      "trailer" : "Nein",
      "pLoc" : "Hosentasche",
      "incident" : "Entgegenkommender Verkehrsteilnehmer",
      "participant" : "PKW",
      "scary" : "Nein",
      "descr" : "",
      "region" : "Darmstadt"
    },
    "geometry" : {
      "type" : "Point",
      "coordinates" : [ 8.622155645775566, 49.84989617216793 ]
    }
  }, {
    "type" : "Feature",
    "properties" : {
      "date" : "14/07/2021 17:37:53",
      "bikeType" : "-",
      "child" : "Nein",
      "trailer" : "Nein",
      "pLoc" : "Hosentasche",
      "incident" : "Beinahe-Abbiegeunfall",
      "participant" : "PKW",
      "scary" : "Ja",
      "descr" : "überholt zu eng und schneidet an LSA in den Fahrradstreifen ",
      "region" : "Darmstadt"
    },
    "geometry" : {
      "type" : "Point",
      "coordinates" : [ 8.63822009621017, 49.88352823286185 ]
    }
  }, {
    "type" : "Feature",
    "properties" : {
      "date" : "14/07/2021 17:39:43",
      "bikeType" : "-",
      "child" : "Nein",
      "trailer" : "Nein",
      "pLoc" : "Hosentasche",
      "incident" : "Zu dichtes Überholen",
      "participant" : "PKW",
      "scary" : "Ja",
      "descr" : "überfährt weiße Doppellinie und überholt zu eng",
      "region" : "Darmstadt"
    },
    "geometry" : {
      "type" : "Point",
      "coordinates" : [ 8.637400523303972, 49.88228744086827 ]
    }
  }, {
    "type" : "Feature",
    "properties" : {
      "date" : "14/07/2021 17:49:24",
      "bikeType" : "-",
      "child" : "Nein",
      "trailer" : "Nein",
      "pLoc" : "Hosentasche",
      "incident" : "Zu dichtes Überholen",
      "participant" : "PKW",
      "scary" : "Ja",
      "descr" : "beschleunigt, überfährt weiße Linie und überholt zu eng",
      "region" : "Darmstadt"
    },
    "geometry" : {
      "type" : "Point",
      "coordinates" : [ 8.626790773886453, 49.86308682598929 ]
    }
  }, {
    "type" : "Feature",
    "properties" : {
      "date" : "14/07/2021 17:41:11",
      "bikeType" : "-",
      "child" : "Nein",
      "trailer" : "Nein",
      "pLoc" : "Hosentasche",
      "incident" : "Zu dichtes Überholen",
      "participant" : "PKW",
      "scary" : "Ja",
      "descr" : "überfährt weiße Linie und überholt zu eng",
      "region" : "Darmstadt"
    },
    "geometry" : {
      "type" : "Point",
      "coordinates" : [ 8.635073866593409, 49.87709792489029 ]
    }
  }, {
    "type" : "Feature",
    "properties" : {
      "date" : "15/07/2021 17:26:07",
      "bikeType" : "-",
      "child" : "Nein",
      "trailer" : "Nein",
      "pLoc" : "Hosentasche",
      "incident" : "Sonstiges",
      "participant" : "PKW",
      "scary" : "Nein",
      "descr" : "überholt weiträumig trotz durchgezogener Doppellinie ",
      "region" : "Darmstadt"
    },
    "geometry" : {
      "type" : "Point",
      "coordinates" : [ 8.638094402878727, 49.88265941092744 ]
    }
  }, {
    "type" : "Feature",
    "properties" : {
      "date" : "15/07/2021 17:30:01",
      "bikeType" : "-",
      "child" : "Nein",
      "trailer" : "Nein",
      "pLoc" : "Hosentasche",
      "incident" : "Zu dichtes Überholen",
      "participant" : "PKW",
      "scary" : "Ja",
      "descr" : "überholt trotz Gegenverkehr",
      "region" : "Darmstadt"
    },
    "geometry" : {
      "type" : "Point",
      "coordinates" : [ 8.631658708690674, 49.87516200909801 ]
    }
  }, {
    "type" : "Feature",
    "properties" : {
      "date" : "15/07/2021 17:36:01",
      "bikeType" : "-",
      "child" : "Nein",
      "trailer" : "Nein",
      "pLoc" : "Hosentasche",
      "incident" : "Zu dichtes Überholen",
      "participant" : "PKW",
      "scary" : "Ja",
      "descr" : "überholt trotz durchgezogener Linie",
      "region" : "Darmstadt"
    },
    "geometry" : {
      "type" : "Point",
      "coordinates" : [ 8.6270652999232, 49.86289588936137 ]
    }
  }, {
    "type" : "Feature",
    "properties" : {
      "date" : "16/07/2021 11:42:16",
      "bikeType" : "-",
      "child" : "Nein",
      "trailer" : "Nein",
      "pLoc" : "Hosentasche",
      "incident" : "Hindernis ausweichen (z.B. Hund)",
      "participant" : "Lieferwagen, Sonstiges",
      "scary" : "Nein",
      "descr" : "steht halb auf Radfahrstreifen",
      "region" : "Darmstadt"
    },
    "geometry" : {
      "type" : "Point",
      "coordinates" : [ 8.63796179748348, 49.8607678273724 ]
    }
  }, {
    "type" : "Feature",
    "properties" : {
      "date" : "16/07/2021 11:46:33",
      "bikeType" : "-",
      "child" : "Nein",
      "trailer" : "Nein",
      "pLoc" : "Hosentasche",
      "incident" : "Hindernis ausweichen (z.B. Hund)",
      "participant" : "Fußgänger",
      "scary" : "Nein",
      "descr" : "quert unkonzentriert den Radweg ",
      "region" : "Darmstadt"
    },
    "geometry" : {
      "type" : "Point",
      "coordinates" : [ 8.64292602977464, 49.86768262985052 ]
    }
  }, {
    "type" : "Feature",
    "properties" : {
      "date" : "16/07/2021 11:46:37",
      "bikeType" : "-",
      "child" : "Nein",
      "trailer" : "Nein",
      "pLoc" : "Hosentasche",
      "incident" : "Hindernis ausweichen (z.B. Hund)",
      "participant" : "Fußgänger",
      "scary" : "Nein",
      "descr" : "rangiert Kinderwagen auf Radweg",
      "region" : "Darmstadt"
    },
    "geometry" : {
      "type" : "Point",
      "coordinates" : [ 8.642905532285624, 49.86783307217117 ]
    }
  }, {
    "type" : "Feature",
    "properties" : {
      "date" : "16/07/2021 11:52:11",
      "bikeType" : "-",
      "child" : "Nein",
      "trailer" : "Nein",
      "pLoc" : "Hosentasche",
      "incident" : "Zu dichtes Überholen",
      "participant" : "PKW",
      "scary" : "Nein",
      "descr" : "überholt trotz Gegenverkehr und durchgezogener Fahrbahnmarkierung",
      "region" : "Darmstadt"
    },
    "geometry" : {
      "type" : "Point",
      "coordinates" : [ 8.638448917877879, 49.88023240776057 ]
    }
  }, {
    "type" : "Feature",
    "properties" : {
      "date" : "23/07/2021 10:16:49",
      "bikeType" : "-",
      "child" : "Nein",
      "trailer" : "Nein",
      "pLoc" : "Hosentasche",
      "incident" : "Hindernis ausweichen (z.B. Hund)",
      "participant" : "Sonstiges",
      "scary" : "Nein",
      "descr" : "Sperrmüll auf Fahrbahn und Radweg, bereits vortägig gemeldet\\n",
      "region" : "Darmstadt"
    },
    "geometry" : {
      "type" : "Point",
      "coordinates" : [ 8.637681307960163, 49.88398900346621 ]
    }
  }, {
    "type" : "Feature",
    "properties" : {
      "date" : "23/07/2021 10:17:23",
      "bikeType" : "-",
      "child" : "Nein",
      "trailer" : "Nein",
      "pLoc" : "Hosentasche",
      "incident" : "Hindernis ausweichen (z.B. Hund)",
      "participant" : "PKW",
      "scary" : "Nein",
      "descr" : "PKW mit Anhänger steht auf Radweg",
      "region" : "Darmstadt"
    },
    "geometry" : {
      "type" : "Point",
      "coordinates" : [ 8.637012684143102, 49.88450560092171 ]
    }
  }, {
    "type" : "Feature",
    "properties" : {
      "date" : "18/07/2021 13:56:10",
      "bikeType" : "-",
      "child" : "Nein",
      "trailer" : "Nein",
      "pLoc" : "Hosentasche",
      "incident" : "Zu dichtes Überholen",
      "participant" : "PKW",
      "scary" : "Nein",
      "descr" : "",
      "region" : "Darmstadt"
    },
    "geometry" : {
      "type" : "Point",
      "coordinates" : [ 8.57871450992955, 49.914713825187974 ]
    }
  }, {
    "type" : "Feature",
    "properties" : {
      "date" : "18/07/2021 13:56:31",
      "bikeType" : "-",
      "child" : "Nein",
      "trailer" : "Nein",
      "pLoc" : "Hosentasche",
      "incident" : "Zu dichtes Überholen",
      "participant" : "PKW",
      "scary" : "Nein",
      "descr" : "",
      "region" : "Darmstadt"
    },
    "geometry" : {
      "type" : "Point",
      "coordinates" : [ 8.578773684591198, 49.9157252550292 ]
    }
  }, {
    "type" : "Feature",
    "properties" : {
      "date" : "23/07/2021 17:25:12",
      "bikeType" : "-",
      "child" : "Nein",
      "trailer" : "Nein",
      "pLoc" : "Hosentasche",
      "incident" : "Zu dichtes Überholen",
      "participant" : "PKW",
      "scary" : "Nein",
      "descr" : "trotz durchgezogener Linie",
      "region" : "Darmstadt"
    },
    "geometry" : {
      "type" : "Point",
      "coordinates" : [ 8.634904728052268, 49.875575086924826 ]
    }
  }, {
    "type" : "Feature",
    "properties" : {
      "date" : "15/07/2021 18:09:10",
      "bikeType" : "-",
      "child" : "Nein",
      "trailer" : "Nein",
      "pLoc" : "Hosentasche",
      "incident" : "Entgegenkommender Verkehrsteilnehmer",
      "participant" : "PKW",
      "scary" : "Ja",
      "descr" : "begegnet zu eng",
      "region" : "Darmstadt"
    },
    "geometry" : {
      "type" : "Point",
      "coordinates" : [ 8.621948920272825, 49.85023756896731 ]
    }
  }, {
    "type" : "Feature",
    "properties" : {
      "date" : "15/07/2021 18:19:54",
      "bikeType" : "-",
      "child" : "Nein",
      "trailer" : "Nein",
      "pLoc" : "Hosentasche",
      "incident" : "Entgegenkommender Verkehrsteilnehmer",
      "participant" : "Fahrrad",
      "scary" : "Nein",
      "descr" : "Geisterfahrer ",
      "region" : "Darmstadt"
    },
    "geometry" : {
      "type" : "Point",
      "coordinates" : [ 8.64501142433504, 49.87171596242222 ]
    }
  }, {
    "type" : "Feature",
    "properties" : {
      "date" : "15/07/2021 18:20:28",
      "bikeType" : "-",
      "child" : "Nein",
      "trailer" : "Nein",
      "pLoc" : "Hosentasche",
      "incident" : "Entgegenkommender Verkehrsteilnehmer",
      "participant" : "Fahrrad",
      "scary" : "Nein",
      "descr" : "Geisterfahrer ",
      "region" : "Darmstadt"
    },
    "geometry" : {
      "type" : "Point",
      "coordinates" : [ 8.647375975490844, 49.87228304553851 ]
    }
  }, {
    "type" : "Feature",
    "properties" : {
      "date" : "18/07/2021 18:20:26",
      "bikeType" : "-",
      "child" : "Nein",
      "trailer" : "Nein",
      "pLoc" : "Hosentasche",
      "incident" : "Sonstiges",
      "participant" : "PKW",
      "scary" : "Nein",
      "descr" : "steht verlassen auf Fahrstreifen/Bushaltestelle ",
      "region" : "Darmstadt"
    },
    "geometry" : {
      "type" : "Point",
      "coordinates" : [ 8.628259795820226, 49.87262755005026 ]
    }
  }, {
    "type" : "Feature",
    "properties" : {
      "date" : "18/07/2021 18:14:40",
      "bikeType" : "-",
      "child" : "Nein",
      "trailer" : "Nein",
      "pLoc" : "Hosentasche",
      "incident" : "Sonstiges",
      "participant" : "PKW",
      "scary" : "Nein",
      "descr" : "überholt trotz doppelt durchgezogener Linie",
      "region" : "Darmstadt"
    },
    "geometry" : {
      "type" : "Point",
      "coordinates" : [ 8.638271000590128, 49.88286435041181 ]
    }
  }, {
    "type" : "Feature",
    "properties" : {
      "date" : "18/07/2021 18:14:49",
      "bikeType" : "-",
      "child" : "Nein",
      "trailer" : "Nein",
      "pLoc" : "Hosentasche",
      "incident" : "Sonstiges",
      "participant" : "PKW",
      "scary" : "Nein",
      "descr" : "überholt trotz doppelt durchgezogener Linie",
      "region" : "Darmstadt"
    },
    "geometry" : {
      "type" : "Point",
      "coordinates" : [ 8.637752617050674, 49.88247926736841 ]
    }
  }, {
    "type" : "Feature",
    "properties" : {
      "date" : "26/08/2021 18:44:22",
      "bikeType" : "-",
      "child" : "Nein",
      "trailer" : "Nein",
      "pLoc" : "Hosentasche",
      "incident" : "Zu dichtes Überholen",
      "participant" : "PKW",
      "scary" : "Nein",
      "descr" : "trotz durchgezogener Line ",
      "region" : "Darmstadt"
    },
    "geometry" : {
      "type" : "Point",
      "coordinates" : [ 8.635161847968993, 49.877367135611635 ]
    }
  }, {
    "type" : "Feature",
    "properties" : {
      "date" : "26/08/2021 18:42:29",
      "bikeType" : "-",
      "child" : "Nein",
      "trailer" : "Nein",
      "pLoc" : "Hosentasche",
      "incident" : "Zu dichtes Überholen",
      "participant" : "PKW",
      "scary" : "Nein",
      "descr" : "trotz durchgezogener Doppellinie ",
      "region" : "Darmstadt"
    },
    "geometry" : {
      "type" : "Point",
      "coordinates" : [ 8.638172910399387, 49.88296195518571 ]
    }
  }, {
    "type" : "Feature",
    "properties" : {
      "date" : "26/08/2021 18:48:10",
      "bikeType" : "-",
      "child" : "Nein",
      "trailer" : "Nein",
      "pLoc" : "Hosentasche",
      "incident" : "Beinahe-Dooring",
      "participant" : "PKW",
      "scary" : "Nein",
      "descr" : "steht gegen Fahrtrichtung, Beifahrer reißt Tür auf",
      "region" : "Darmstadt"
    },
    "geometry" : {
      "type" : "Point",
      "coordinates" : [ 8.627746378257926, 49.87217853020243 ]
    }
  }, {
    "type" : "Feature",
    "properties" : {
      "date" : "12/08/2021 18:20:34",
      "bikeType" : "-",
      "child" : "Nein",
      "trailer" : "Nein",
      "pLoc" : "Hosentasche",
      "incident" : "Entgegenkommender Verkehrsteilnehmer",
      "participant" : "Fahrrad",
      "scary" : "Nein",
      "descr" : "Geisterfahrer ",
      "region" : "Darmstadt"
    },
    "geometry" : {
      "type" : "Point",
      "coordinates" : [ 8.647369633651198, 49.872382431713916 ]
    }
  }, {
    "type" : "Feature",
    "properties" : {
      "date" : "18/08/2021 10:10:29",
      "bikeType" : "-",
      "child" : "Nein",
      "trailer" : "Nein",
      "pLoc" : "Hosentasche",
      "incident" : "Hindernis ausweichen (z.B. Hund)",
      "participant" : "LKW",
      "scary" : "Nein",
      "descr" : "rangiert längs auf Radweg",
      "region" : "Darmstadt"
    },
    "geometry" : {
      "type" : "Point",
      "coordinates" : [ 8.637900018451408, 49.86067759066813 ]
    }
  }, {
    "type" : "Feature",
    "properties" : {
      "date" : "18/08/2021 10:23:08",
      "bikeType" : "-",
      "child" : "Nein",
      "trailer" : "Nein",
      "pLoc" : "Hosentasche",
      "incident" : "Hindernis ausweichen (z.B. Hund)",
      "participant" : "Lieferwagen",
      "scary" : "Nein",
      "descr" : "hält auf dem Radweg",
      "region" : "Darmstadt"
    },
    "geometry" : {
      "type" : "Point",
      "coordinates" : [ 8.636768063594186, 49.88475036923387 ]
    }
  }, {
    "type" : "Feature",
    "properties" : {
      "date" : "18/08/2021 10:12:40",
      "bikeType" : "-",
      "child" : "Nein",
      "trailer" : "Nein",
      "pLoc" : "Hosentasche",
      "incident" : "Hindernis ausweichen (z.B. Hund)",
      "participant" : "LKW",
      "scary" : "Nein",
      "descr" : "hält zum Telefonieren auf dem Radweg",
      "region" : "Darmstadt"
    },
    "geometry" : {
      "type" : "Point",
      "coordinates" : [ 8.64186051456904, 49.863130173412976 ]
    }
  }, {
    "type" : "Feature",
    "properties" : {
      "date" : "18/08/2021 10:10:45",
      "bikeType" : "-",
      "child" : "Nein",
      "trailer" : "Nein",
      "pLoc" : "Hosentasche",
      "incident" : "Hindernis ausweichen (z.B. Hund)",
      "participant" : "Lieferwagen",
      "scary" : "Nein",
      "descr" : "parkt entgegen der Fahrtrichtung auf dem Radweg",
      "region" : "Darmstadt"
    },
    "geometry" : {
      "type" : "Point",
      "coordinates" : [ 8.637966184001712, 49.86075637790153 ]
    }
  }, {
    "type" : "Feature",
    "properties" : {
      "date" : "18/08/2021 10:14:23",
      "bikeType" : "-",
      "child" : "Nein",
      "trailer" : "Nein",
      "pLoc" : "Hosentasche",
      "incident" : "Hindernis ausweichen (z.B. Hund)",
      "participant" : "PKW",
      "scary" : "Nein",
      "descr" : "parkt auf Radweg neben freiem Parkplatz",
      "region" : "Darmstadt"
    },
    "geometry" : {
      "type" : "Point",
      "coordinates" : [ 8.643965481997618, 49.864721305006995 ]
    }
  }, {
    "type" : "Feature",
    "properties" : {
      "date" : "24/08/2021 18:18:54",
      "bikeType" : "-",
      "child" : "Nein",
      "trailer" : "Nein",
      "pLoc" : "Hosentasche",
      "incident" : "Zu dichtes Überholen",
      "participant" : "PKW",
      "scary" : "Nein",
      "descr" : "trotz durchgezogener Line ",
      "region" : "Darmstadt"
    },
    "geometry" : {
      "type" : "Point",
      "coordinates" : [ 8.634964201985207, 49.87642994000618 ]
    }
  }, {
    "type" : "Feature",
    "properties" : {
      "date" : "23/08/2021 11:15:42",
      "bikeType" : "-",
      "child" : "Nein",
      "trailer" : "Nein",
      "pLoc" : "Hosentasche",
      "incident" : "Zu dichtes Überholen",
      "participant" : "Bus",
      "scary" : "Ja",
      "descr" : "überholt um direkt danach an der Haltestelle zu halten ",
      "region" : "Darmstadt"
    },
    "geometry" : {
      "type" : "Point",
      "coordinates" : [ 8.633016114839071, 49.857541892043535 ]
    }
  }, {
    "type" : "Feature",
    "properties" : {
      "date" : "23/08/2021 11:19:24",
      "bikeType" : "-",
      "child" : "Nein",
      "trailer" : "Nein",
      "pLoc" : "Hosentasche",
      "incident" : "Entgegenkommender Verkehrsteilnehmer",
      "participant" : "Fahrrad",
      "scary" : "Nein",
      "descr" : "Geisterfahrer ",
      "region" : "Darmstadt"
    },
    "geometry" : {
      "type" : "Point",
      "coordinates" : [ 8.641805807943992, 49.86301726411306 ]
    }
  }, {
    "type" : "Feature",
    "properties" : {
      "date" : "23/08/2021 11:22:33",
      "bikeType" : "-",
      "child" : "Nein",
      "trailer" : "Nein",
      "pLoc" : "Hosentasche",
      "incident" : "Entgegenkommender Verkehrsteilnehmer",
      "participant" : "Fahrrad",
      "scary" : "Nein",
      "descr" : "Geisterfahrer ",
      "region" : "Darmstadt"
    },
    "geometry" : {
      "type" : "Point",
      "coordinates" : [ 8.642501432561152, 49.869277203058495 ]
    }
  }, {
    "type" : "Feature",
    "properties" : {
      "date" : "23/08/2021 11:31:12",
      "bikeType" : "-",
      "child" : "Nein",
      "trailer" : "Nein",
      "pLoc" : "Hosentasche",
      "incident" : "Zu dichtes Überholen",
      "participant" : "PKW",
      "scary" : "Nein",
      "descr" : "",
      "region" : "Darmstadt"
    },
    "geometry" : {
      "type" : "Point",
      "coordinates" : [ 8.631812367556169, 49.888696419724276 ]
    }
  }, {
    "type" : "Feature",
    "properties" : {
      "date" : "11/08/2021 17:42:27",
      "bikeType" : "-",
      "child" : "Nein",
      "trailer" : "Nein",
      "pLoc" : "Hosentasche",
      "incident" : "Sonstiges",
      "participant" : "PKW",
      "scary" : "Nein",
      "descr" : "achtet nicht auf die Radspur, schneidet",
      "region" : "Darmstadt"
    },
    "geometry" : {
      "type" : "Point",
      "coordinates" : [ 8.638635937846775, 49.88332454150363 ]
    }
  }, {
    "type" : "Feature",
    "properties" : {
      "date" : "11/08/2021 17:42:33",
      "bikeType" : "-",
      "child" : "Nein",
      "trailer" : "Nein",
      "pLoc" : "Hosentasche",
      "incident" : "Zu dichtes Überholen",
      "participant" : "PKW",
      "scary" : "Nein",
      "descr" : "",
      "region" : "Darmstadt"
    },
    "geometry" : {
      "type" : "Point",
      "coordinates" : [ 8.638446286535746, 49.88292608959191 ]
    }
  }, {
    "type" : "Feature",
    "properties" : {
      "date" : "11/08/2021 17:42:36",
      "bikeType" : "-",
      "child" : "Nein",
      "trailer" : "Nein",
      "pLoc" : "Hosentasche",
      "incident" : "Zu dichtes Überholen",
      "participant" : "PKW",
      "scary" : "Nein",
      "descr" : "",
      "region" : "Darmstadt"
    },
    "geometry" : {
      "type" : "Point",
      "coordinates" : [ 8.638273822918759, 49.88279905571432 ]
    }
  }, {
    "type" : "Feature",
    "properties" : {
      "date" : "11/08/2021 17:42:39",
      "bikeType" : "-",
      "child" : "Nein",
      "trailer" : "Nein",
      "pLoc" : "Hosentasche",
      "incident" : "Zu dichtes Überholen",
      "participant" : "PKW",
      "scary" : "Nein",
      "descr" : "",
      "region" : "Darmstadt"
    },
    "geometry" : {
      "type" : "Point",
      "coordinates" : [ 8.638069398929648, 49.88265262558158 ]
    }
  }, {
    "type" : "Feature",
    "properties" : {
      "date" : "11/08/2021 17:45:08",
      "bikeType" : "-",
      "child" : "Nein",
      "trailer" : "Nein",
      "pLoc" : "Hosentasche",
      "incident" : "Zu dichtes Überholen",
      "participant" : "PKW",
      "scary" : "Nein",
      "descr" : "",
      "region" : "Darmstadt"
    },
    "geometry" : {
      "type" : "Point",
      "coordinates" : [ 8.634991512067444, 49.87577211554363 ]
    }
  }, {
    "type" : "Feature",
    "properties" : {
      "date" : "27/08/2021 17:59:58",
      "bikeType" : "-",
      "child" : "Nein",
      "trailer" : "Nein",
      "pLoc" : "Hosentasche",
      "incident" : "Ein- oder ausparkendes Fahrzeug",
      "participant" : "PKW",
      "scary" : "Ja",
      "descr" : "gegen die Fahrtrichtung ohne Blinker ",
      "region" : "Darmstadt"
    },
    "geometry" : {
      "type" : "Point",
      "coordinates" : [ 8.621754309689857, 49.85052969351748 ]
    }
  }, {
    "type" : "Feature",
    "properties" : {
      "date" : "27/08/2021 17:46:34",
      "bikeType" : "-",
      "child" : "Nein",
      "trailer" : "Nein",
      "pLoc" : "Hosentasche",
      "incident" : "Zu dichtes Überholen",
      "participant" : "PKW",
      "scary" : "Nein",
      "descr" : "trotz durchgezogener Line, Kraftrad begleitender Fahrschulwagen",
      "region" : "Darmstadt"
    },
    "geometry" : {
      "type" : "Point",
      "coordinates" : [ 8.635234001262052, 49.87697120140532 ]
    }
  }, {
    "type" : "Feature",
    "properties" : {
      "date" : "24/08/2021 10:50:16",
      "bikeType" : "-",
      "child" : "Nein",
      "trailer" : "Nein",
      "pLoc" : "Hosentasche",
      "incident" : "Zu dichtes Überholen",
      "participant" : "PKW",
      "scary" : "Nein",
      "descr" : "in Baustellenbereich",
      "region" : "Darmstadt"
    },
    "geometry" : {
      "type" : "Point",
      "coordinates" : [ 8.63930302137597, 49.87708348623987 ]
    }
  }, {
    "type" : "Feature",
    "properties" : {
      "date" : "24/08/2021 10:54:01",
      "bikeType" : "-",
      "child" : "Nein",
      "trailer" : "Nein",
      "pLoc" : "Hosentasche",
      "incident" : "Hindernis ausweichen (z.B. Hund)",
      "participant" : "LKW",
      "scary" : "Nein",
      "descr" : "parkt auf Radweg ",
      "region" : "Darmstadt"
    },
    "geometry" : {
      "type" : "Point",
      "coordinates" : [ 8.636918623113239, 49.88478288011799 ]
    }
  }, {
    "type" : "Feature",
    "properties" : {
      "date" : "24/08/2021 10:52:15",
      "bikeType" : "-",
      "child" : "Nein",
      "trailer" : "Nein",
      "pLoc" : "Hosentasche",
      "incident" : "Zu dichtes Überholen",
      "participant" : "PKW",
      "scary" : "Nein",
      "descr" : "trotz durchgezogener Line ",
      "region" : "Darmstadt"
    },
    "geometry" : {
      "type" : "Point",
      "coordinates" : [ 8.638906415897084, 49.881038387778595 ]
    }
  }, {
    "type" : "Feature",
    "properties" : {
      "date" : "24/08/2021 10:45:50",
      "bikeType" : "-",
      "child" : "Nein",
      "trailer" : "Nein",
      "pLoc" : "Hosentasche",
      "incident" : "Beinahe-Abbiegeunfall",
      "participant" : "PKW",
      "scary" : "Ja",
      "descr" : "biegt ohne Schulterblick rechts ab",
      "region" : "Darmstadt"
    },
    "geometry" : {
      "type" : "Point",
      "coordinates" : [ 8.643033921343457, 49.867643313877466 ]
    }
  }, {
    "type" : "Feature",
    "properties" : {
      "date" : "25/08/2021 11:46:58",
      "bikeType" : "-",
      "child" : "Nein",
      "trailer" : "Nein",
      "pLoc" : "Hosentasche",
      "incident" : "Zu dichtes Überholen",
      "participant" : "PKW",
      "scary" : "Nein",
      "descr" : "überholt halb und zieht Richtung Bordstein ",
      "region" : "Darmstadt"
    },
    "geometry" : {
      "type" : "Point",
      "coordinates" : [ 8.63757163512037, 49.87887327759664 ]
    }
  }, {
    "type" : "Feature",
    "properties" : {
      "date" : "26/08/2021 11:36:43",
      "bikeType" : "-",
      "child" : "Nein",
      "trailer" : "Nein",
      "pLoc" : "Hosentasche",
      "incident" : "Zu dichtes Überholen",
      "participant" : "PKW",
      "scary" : "Nein",
      "descr" : "in Bahnunterführung",
      "region" : "Darmstadt"
    },
    "geometry" : {
      "type" : "Point",
      "coordinates" : [ 8.630004834154711, 49.88979269937653 ]
    }
  }, {
    "type" : "Feature",
    "properties" : {
      "date" : "12/08/2021 22:32:32",
      "bikeType" : "-",
      "child" : "Nein",
      "trailer" : "Nein",
      "pLoc" : "Hosentasche",
      "incident" : "Zu dichtes Überholen",
      "participant" : "PKW",
      "scary" : "Nein",
      "descr" : "im Kreuzungsbereich",
      "region" : "Darmstadt"
    },
    "geometry" : {
      "type" : "Point",
      "coordinates" : [ 8.641502144037727, 49.87170245019836 ]
    }
  }, {
    "type" : "Feature",
    "properties" : {
      "date" : "23/08/2021 18:50:28",
      "bikeType" : "-",
      "child" : "Nein",
      "trailer" : "Nein",
      "pLoc" : "Hosentasche",
      "incident" : "Zu dichtes Überholen",
      "participant" : "PKW",
      "scary" : "Nein",
      "descr" : "trotz durchgezogener Linie",
      "region" : "Darmstadt"
    },
    "geometry" : {
      "type" : "Point",
      "coordinates" : [ 8.634948007027099, 49.87617807412122 ]
    }
  }, {
    "type" : "Feature",
    "properties" : {
      "date" : "23/08/2021 18:58:18",
      "bikeType" : "-",
      "child" : "Nein",
      "trailer" : "Nein",
      "pLoc" : "Hosentasche",
      "incident" : "Zu dichtes Überholen",
      "participant" : "PKW",
      "scary" : "Nein",
      "descr" : "trotz durchgezogener Line ",
      "region" : "Darmstadt"
    },
    "geometry" : {
      "type" : "Point",
      "coordinates" : [ 8.626882755748454, 49.863157055836396 ]
    }
  }, {
    "type" : "Feature",
    "properties" : {
      "date" : "23/08/2021 18:48:29",
      "bikeType" : "-",
      "child" : "Nein",
      "trailer" : "Nein",
      "pLoc" : "Hosentasche",
      "incident" : "Beinahe-Abbiegeunfall",
      "participant" : "PKW",
      "scary" : "Nein",
      "descr" : "schneidet in Radspur ",
      "region" : "Darmstadt"
    },
    "geometry" : {
      "type" : "Point",
      "coordinates" : [ 8.638471040696546, 49.883334108964426 ]
    }
  }, {
    "type" : "Feature",
    "properties" : {
      "date" : "23/08/2021 18:48:41",
      "bikeType" : "-",
      "child" : "Nein",
      "trailer" : "Nein",
      "pLoc" : "Hosentasche",
      "incident" : "Zu dichtes Überholen",
      "participant" : "PKW",
      "scary" : "Nein",
      "descr" : "trotz durchgezogener Doppellinie ",
      "region" : "Darmstadt"
    },
    "geometry" : {
      "type" : "Point",
      "coordinates" : [ 8.638121019065194, 49.88279933518002 ]
    }
  }, {
    "type" : "Feature",
    "properties" : {
      "date" : "31/08/2021 12:07:00",
      "bikeType" : "-",
      "child" : "Nein",
      "trailer" : "Nein",
      "pLoc" : "Hosentasche",
      "incident" : "Entgegenkommender Verkehrsteilnehmer",
      "participant" : "Fahrrad",
      "scary" : "Nein",
      "descr" : "Geisterfahrer",
      "region" : "Darmstadt"
    },
    "geometry" : {
      "type" : "Point",
      "coordinates" : [ 8.64359862491138, 49.86543698143799 ]
    }
  }, {
    "type" : "Feature",
    "properties" : {
      "date" : "31/08/2021 12:07:09",
      "bikeType" : "-",
      "child" : "Nein",
      "trailer" : "Nein",
      "pLoc" : "Hosentasche",
      "incident" : "Entgegenkommender Verkehrsteilnehmer",
      "participant" : "Fahrrad",
      "scary" : "Nein",
      "descr" : "Geisterfahrer",
      "region" : "Darmstadt"
    },
    "geometry" : {
      "type" : "Point",
      "coordinates" : [ 8.643557587653513, 49.866014105074804 ]
    }
  }, {
    "type" : "Feature",
    "properties" : {
      "date" : "31/08/2021 12:13:21",
      "bikeType" : "-",
      "child" : "Nein",
      "trailer" : "Nein",
      "pLoc" : "Hosentasche",
      "incident" : "Zu dichtes Überholen",
      "participant" : "PKW",
      "scary" : "Ja",
      "descr" : "überholt rechts, schneidet in Spur, bricht auf Aufschrei hin ab",
      "region" : "Darmstadt"
    },
    "geometry" : {
      "type" : "Point",
      "coordinates" : [ 8.639447987625042, 49.8820406807994 ]
    }
  }, {
    "type" : "Feature",
    "properties" : {
      "date" : "31/08/2021 12:18:25",
      "bikeType" : "-",
      "child" : "Nein",
      "trailer" : "Nein",
      "pLoc" : "Hosentasche",
      "incident" : "Sonstiges",
      "participant" : "Sonstiges",
      "scary" : "Nein",
      "descr" : "LSA ausgefallen, Kfz knäulen sich",
      "region" : "Darmstadt"
    },
    "geometry" : {
      "type" : "Point",
      "coordinates" : [ 8.628462876642477, 49.89103863134496 ]
    }
  }, {
    "type" : "Feature",
    "properties" : {
      "date" : "31/08/2021 12:02:44",
      "bikeType" : "-",
      "child" : "Nein",
      "trailer" : "Nein",
      "pLoc" : "Hosentasche",
      "incident" : "Sonstiges",
      "participant" : "Sonstiges",
      "scary" : "Nein",
      "descr" : "Bedarfs-LSA defekt",
      "region" : "Darmstadt"
    },
    "geometry" : {
      "type" : "Point",
      "coordinates" : [ 8.634859952033445, 49.85873918772927 ]
    }
  }, {
    "type" : "Feature",
    "properties" : {
      "date" : "31/08/2021 12:03:42",
      "bikeType" : "-",
      "child" : "Nein",
      "trailer" : "Nein",
      "pLoc" : "Hosentasche",
      "incident" : "Entgegenkommender Verkehrsteilnehmer",
      "participant" : "Fahrrad",
      "scary" : "Nein",
      "descr" : "Geisterfahrer ",
      "region" : "Darmstadt"
    },
    "geometry" : {
      "type" : "Point",
      "coordinates" : [ 8.637324715276371, 49.859923751572325 ]
    }
  }, {
    "type" : "Feature",
    "properties" : {
      "date" : "31/08/2021 12:05:05",
      "bikeType" : "-",
      "child" : "Nein",
      "trailer" : "Nein",
      "pLoc" : "Hosentasche",
      "incident" : "Entgegenkommender Verkehrsteilnehmer",
      "participant" : "Fahrrad",
      "scary" : "Nein",
      "descr" : "Geisterfahrer",
      "region" : "Darmstadt"
    },
    "geometry" : {
      "type" : "Point",
      "coordinates" : [ 8.641494699353085, 49.86234295101065 ]
    }
  }, {
    "type" : "Feature",
    "properties" : {
      "date" : "18/08/2021 17:40:23",
      "bikeType" : "-",
      "child" : "Nein",
      "trailer" : "Nein",
      "pLoc" : "Hosentasche",
      "incident" : "Zu dichtes Überholen",
      "participant" : "PKW",
      "scary" : "Nein",
      "descr" : "überholt trotz Gegenverkehr",
      "region" : "Darmstadt"
    },
    "geometry" : {
      "type" : "Point",
      "coordinates" : [ 8.63529059547445, 49.87742082178448 ]
    }
  }, {
    "type" : "Feature",
    "properties" : {
      "date" : "29/09/2021 10:28:22",
      "bikeType" : "City-/Trekking Bike",
      "child" : "Nein",
      "trailer" : "Nein",
      "pLoc" : "Jackentasche",
      "incident" : "Entgegenkommender Verkehrsteilnehmer",
      "participant" : "Fahrrad",
      "scary" : "Nein",
      "descr" : "Geisterfahrer ",
      "region" : "Darmstadt"
    },
    "geometry" : {
      "type" : "Point",
      "coordinates" : [ 8.642326083385225, 49.863448737087026 ]
    }
  }, {
    "type" : "Feature",
    "properties" : {
      "date" : "29/09/2021 10:32:59",
      "bikeType" : "City-/Trekking Bike",
      "child" : "Nein",
      "trailer" : "Nein",
      "pLoc" : "Jackentasche",
      "incident" : "Zu dichtes Überholen",
      "participant" : "PKW",
      "scary" : "Nein",
      "descr" : "",
      "region" : "Darmstadt"
    },
    "geometry" : {
      "type" : "Point",
      "coordinates" : [ 8.641413492752715, 49.873538369323555 ]
    }
  }, {
    "type" : "Feature",
    "properties" : {
      "date" : "24/09/2021 18:05:49",
      "bikeType" : "-",
      "child" : "Nein",
      "trailer" : "Nein",
      "pLoc" : "Hosentasche",
      "incident" : "Zu dichtes Überholen",
      "participant" : "PKW",
      "scary" : "Nein",
      "descr" : "trotz durchgezogener Line\\n",
      "region" : "Darmstadt"
    },
    "geometry" : {
      "type" : "Point",
      "coordinates" : [ 8.635038895918786, 49.87629684959438 ]
    }
  }, {
    "type" : "Feature",
    "properties" : {
      "date" : "24/09/2021 18:05:52",
      "bikeType" : "-",
      "child" : "Nein",
      "trailer" : "Nein",
      "pLoc" : "Hosentasche",
      "incident" : "Zu dichtes Überholen",
      "participant" : "PKW",
      "scary" : "Nein",
      "descr" : "trotz durchgezogener Line\\n",
      "region" : "Darmstadt"
    },
    "geometry" : {
      "type" : "Point",
      "coordinates" : [ 8.635010474298006, 49.87610476044728 ]
    }
  }, {
    "type" : "Feature",
    "properties" : {
      "date" : "24/09/2021 18:03:29",
      "bikeType" : "-",
      "child" : "Nein",
      "trailer" : "Nein",
      "pLoc" : "Hosentasche",
      "incident" : "Zu dichtes Überholen",
      "participant" : "PKW",
      "scary" : "Nein",
      "descr" : "schneidet in Radstreifen",
      "region" : "Darmstadt"
    },
    "geometry" : {
      "type" : "Point",
      "coordinates" : [ 8.638490088922214, 49.883439272959016 ]
    }
  }, {
    "type" : "Feature",
    "properties" : {
      "date" : "29/09/2021 18:11:07",
      "bikeType" : "City-/Trekking Bike",
      "child" : "Nein",
      "trailer" : "Nein",
      "pLoc" : "Jackentasche",
      "incident" : "Zu dichtes Überholen",
      "participant" : "PKW",
      "scary" : "Nein",
      "descr" : "trotz durchgezogener Doppellinie ",
      "region" : "Darmstadt"
    },
    "geometry" : {
      "type" : "Point",
      "coordinates" : [ 8.638006645972457, 49.88271202327849 ]
    }
  }, {
    "type" : "Feature",
    "properties" : {
      "date" : "29/09/2021 18:11:49",
      "bikeType" : "City-/Trekking Bike",
      "child" : "Nein",
      "trailer" : "Nein",
      "pLoc" : "Jackentasche",
      "incident" : "Zu dichtes Überholen",
      "participant" : "PKW",
      "scary" : "Nein",
      "descr" : "trotz durchgezogener Line ",
      "region" : "Darmstadt"
    },
    "geometry" : {
      "type" : "Point",
      "coordinates" : [ 8.636181155555155, 49.880459593558115 ]
    }
  }, {
    "type" : "Feature",
    "properties" : {
      "date" : "29/09/2021 18:12:50",
      "bikeType" : "City-/Trekking Bike",
      "child" : "Nein",
      "trailer" : "Nein",
      "pLoc" : "Jackentasche",
      "incident" : "Zu dichtes Überholen",
      "participant" : "Taxi",
      "scary" : "Nein",
      "descr" : "trotz durchgezogener Line ",
      "region" : "Darmstadt"
    },
    "geometry" : {
      "type" : "Point",
      "coordinates" : [ 8.634987655909947, 49.87682618291528 ]
    }
  }, {
    "type" : "Feature",
    "properties" : {
      "date" : "29/09/2021 18:24:46",
      "bikeType" : "City-/Trekking Bike",
      "child" : "Nein",
      "trailer" : "Nein",
      "pLoc" : "Jackentasche",
      "incident" : "Zu dichtes Überholen",
      "participant" : "LKW",
      "scary" : "Ja",
      "descr" : "trotz Gegenverkehr ",
      "region" : "Darmstadt"
    },
    "geometry" : {
      "type" : "Point",
      "coordinates" : [ 8.622133530631018, 49.853763054414294 ]
    }
  }, {
    "type" : "Feature",
    "properties" : {
      "date" : "27/09/2021 18:57:08",
      "bikeType" : "City-/Trekking Bike",
      "child" : "Nein",
      "trailer" : "Nein",
      "pLoc" : "Jackentasche",
      "incident" : "Zu dichtes Überholen",
      "participant" : "PKW",
      "scary" : "Nein",
      "descr" : "",
      "region" : "Darmstadt"
    },
    "geometry" : {
      "type" : "Point",
      "coordinates" : [ 8.631394803498985, 49.87508910509093 ]
    }
  }, {
    "type" : "Feature",
    "properties" : {
      "date" : "27/09/2021 18:54:02",
      "bikeType" : "City-/Trekking Bike",
      "child" : "Nein",
      "trailer" : "Nein",
      "pLoc" : "Jackentasche",
      "incident" : "Zu dichtes Überholen",
      "participant" : "PKW",
      "scary" : "Nein",
      "descr" : "trotz durchgezogener Line\\n",
      "region" : "Darmstadt"
    },
    "geometry" : {
      "type" : "Point",
      "coordinates" : [ 8.636575700059305, 49.88105508346198 ]
    }
  }, {
    "type" : "Feature",
    "properties" : {
      "date" : "27/09/2021 18:54:08",
      "bikeType" : "City-/Trekking Bike",
      "child" : "Nein",
      "trailer" : "Nein",
      "pLoc" : "Jackentasche",
      "incident" : "Zu dichtes Überholen",
      "participant" : "PKW",
      "scary" : "Nein",
      "descr" : "trotz durchgezogener Line ",
      "region" : "Darmstadt"
    },
    "geometry" : {
      "type" : "Point",
      "coordinates" : [ 8.636314551284661, 49.88069735579547 ]
    }
  }, {
    "type" : "Feature",
    "properties" : {
      "date" : "27/09/2021 18:54:17",
      "bikeType" : "City-/Trekking Bike",
      "child" : "Nein",
      "trailer" : "Nein",
      "pLoc" : "Jackentasche",
      "incident" : "Zu dichtes Überholen",
      "participant" : "PKW",
      "scary" : "Nein",
      "descr" : "trotz durchgezogener Line ",
      "region" : "Darmstadt"
    },
    "geometry" : {
      "type" : "Point",
      "coordinates" : [ 8.63599100893683, 49.88024813976077 ]
    }
  }, {
    "type" : "Feature",
    "properties" : {
      "date" : "23/09/2021 11:09:14",
      "bikeType" : "-",
      "child" : "Nein",
      "trailer" : "Nein",
      "pLoc" : "Hosentasche",
      "incident" : "Entgegenkommender Verkehrsteilnehmer",
      "participant" : "Fahrrad",
      "scary" : "Nein",
      "descr" : "Geisterfahrer ",
      "region" : "Darmstadt"
    },
    "geometry" : {
      "type" : "Point",
      "coordinates" : [ 8.634787840080673, 49.88616332644873 ]
    }
  }, {
    "type" : "Feature",
    "properties" : {
      "date" : "03/09/2021 12:33:27",
      "bikeType" : "-",
      "child" : "Nein",
      "trailer" : "Nein",
      "pLoc" : "Hosentasche",
      "incident" : "Entgegenkommender Verkehrsteilnehmer",
      "participant" : "Fahrrad",
      "scary" : "Nein",
      "descr" : "Geisterfahrer\\n",
      "region" : "Darmstadt"
    },
    "geometry" : {
      "type" : "Point",
      "coordinates" : [ 8.636547025286646, 49.856375699458475 ]
    }
  }, {
    "type" : "Feature",
    "properties" : {
      "date" : "06/09/2021 11:59:17",
      "bikeType" : "-",
      "child" : "Nein",
      "trailer" : "Nein",
      "pLoc" : "Hosentasche",
      "incident" : "Zu dichtes Überholen",
      "participant" : "PKW",
      "scary" : "Ja",
      "descr" : "",
      "region" : "Darmstadt"
    },
    "geometry" : {
      "type" : "Point",
      "coordinates" : [ 8.641175825559735, 49.87280278720951 ]
    }
  }, {
    "type" : "Feature",
    "properties" : {
      "date" : "02/09/2021 09:39:50",
      "bikeType" : "-",
      "child" : "Nein",
      "trailer" : "Nein",
      "pLoc" : "Hosentasche",
      "incident" : "Hindernis ausweichen (z.B. Hund)",
      "participant" : "PKW",
      "scary" : "Nein",
      "descr" : "parkt auf Radweg ",
      "region" : "Darmstadt"
    },
    "geometry" : {
      "type" : "Point",
      "coordinates" : [ 8.641706515813038, 49.86302852560382 ]
    }
  }, {
    "type" : "Feature",
    "properties" : {
      "date" : "02/09/2021 09:52:40",
      "bikeType" : "-",
      "child" : "Nein",
      "trailer" : "Nein",
      "pLoc" : "Hosentasche",
      "incident" : "Entgegenkommender Verkehrsteilnehmer",
      "participant" : "Fahrrad",
      "scary" : "Nein",
      "descr" : "Geisterfahrer ",
      "region" : "Darmstadt"
    },
    "geometry" : {
      "type" : "Point",
      "coordinates" : [ 8.633304789002674, 49.88739685605463 ]
    }
  }, {
    "type" : "Feature",
    "properties" : {
      "date" : "02/09/2021 09:51:48",
      "bikeType" : "-",
      "child" : "Nein",
      "trailer" : "Nein",
      "pLoc" : "Hosentasche",
      "incident" : "Entgegenkommender Verkehrsteilnehmer",
      "participant" : "Fahrrad",
      "scary" : "Nein",
      "descr" : "Geisterfahrer ",
      "region" : "Darmstadt"
    },
    "geometry" : {
      "type" : "Point",
      "coordinates" : [ 8.63653173689509, 49.88503450280462 ]
    }
  }, {
    "type" : "Feature",
    "properties" : {
      "date" : "21/09/2021 12:58:20",
      "bikeType" : "City-/Trekking Bike",
      "child" : "Nein",
      "trailer" : "Nein",
      "pLoc" : "Lenker",
      "incident" : "Hindernis ausweichen (z.B. Hund)",
      "participant" : "LKW",
      "scary" : "Nein",
      "descr" : "",
      "region" : "Darmstadt"
    },
    "geometry" : {
      "type" : "Point",
      "coordinates" : [ 8.916586274340597, 49.871354317237 ]
    }
  }, {
    "type" : "Feature",
    "properties" : {
      "date" : "13/09/2021 17:39:11",
      "bikeType" : "-",
      "child" : "Nein",
      "trailer" : "Nein",
      "pLoc" : "Hosentasche",
      "incident" : "Zu dichtes Überholen",
      "participant" : "PKW",
      "scary" : "Ja",
      "descr" : "trotz Gegenverkehr ",
      "region" : "Darmstadt"
    },
    "geometry" : {
      "type" : "Point",
      "coordinates" : [ 8.626077617121528, 49.865487360921186 ]
    }
  }, {
    "type" : "Feature",
    "properties" : {
      "date" : "20/09/2021 16:41:22",
      "bikeType" : "-",
      "child" : "Nein",
      "trailer" : "Nein",
      "pLoc" : "Hosentasche",
      "incident" : "Hindernis ausweichen (z.B. Hund)",
      "participant" : "PKW",
      "scary" : "Nein",
      "descr" : "hält auf Kreuzung ",
      "region" : "Darmstadt"
    },
    "geometry" : {
      "type" : "Point",
      "coordinates" : [ 8.623532314764466, 49.858742117004155 ]
    }
  }, {
    "type" : "Feature",
    "properties" : {
      "date" : "20/09/2021 16:30:21",
      "bikeType" : "-",
      "child" : "Nein",
      "trailer" : "Nein",
      "pLoc" : "Hosentasche",
      "incident" : "Zu dichtes Überholen",
      "participant" : "PKW",
      "scary" : "Nein",
      "descr" : "trotz durchgezogener Doppellinie ",
      "region" : "Darmstadt"
    },
    "geometry" : {
      "type" : "Point",
      "coordinates" : [ 8.638064855478136, 49.882904489211874 ]
    }
  }, {
    "type" : "Feature",
    "properties" : {
      "date" : "20/09/2021 16:32:13",
      "bikeType" : "-",
      "child" : "Nein",
      "trailer" : "Nein",
      "pLoc" : "Hosentasche",
      "incident" : "Zu dichtes Überholen",
      "participant" : "PKW",
      "scary" : "Nein",
      "descr" : "trotz durchgezogener Line\\n",
      "region" : "Darmstadt"
    },
    "geometry" : {
      "type" : "Point",
      "coordinates" : [ 8.63500134194892, 49.87640919410767 ]
    }
  }, {
    "type" : "Feature",
    "properties" : {
      "date" : "20/09/2021 16:32:17",
      "bikeType" : "-",
      "child" : "Nein",
      "trailer" : "Nein",
      "pLoc" : "Hosentasche",
      "incident" : "Zu dichtes Überholen",
      "participant" : "PKW",
      "scary" : "Nein",
      "descr" : "trotz durchgezogener Line ",
      "region" : "Darmstadt"
    },
    "geometry" : {
      "type" : "Point",
      "coordinates" : [ 8.634920767903443, 49.87617577283555 ]
    }
  }, {
    "type" : "Feature",
    "properties" : {
      "date" : "20/09/2021 16:34:31",
      "bikeType" : "-",
      "child" : "Nein",
      "trailer" : "Nein",
      "pLoc" : "Hosentasche",
      "incident" : "Sonstiges",
      "participant" : "Fußgänger",
      "scary" : "Nein",
      "descr" : "Busladung quert von gegenüberliegender Bushaltestelle",
      "region" : "Darmstadt"
    },
    "geometry" : {
      "type" : "Point",
      "coordinates" : [ 8.627837855956882, 49.872643955092656 ]
    }
  }, {
    "type" : "Feature",
    "properties" : {
      "date" : "07/09/2021 18:12:40",
      "bikeType" : "-",
      "child" : "Nein",
      "trailer" : "Nein",
      "pLoc" : "Hosentasche",
      "incident" : "Zu dichtes Überholen",
      "participant" : "PKW",
      "scary" : "Nein",
      "descr" : "trotz durchgezogener Line ",
      "region" : "Darmstadt"
    },
    "geometry" : {
      "type" : "Point",
      "coordinates" : [ 8.637957773579965, 49.8826801337789 ]
    }
  }, {
    "type" : "Feature",
    "properties" : {
      "date" : "07/09/2021 18:12:46",
      "bikeType" : "-",
      "child" : "Nein",
      "trailer" : "Nein",
      "pLoc" : "Hosentasche",
      "incident" : "Zu dichtes Überholen",
      "participant" : "PKW",
      "scary" : "Nein",
      "descr" : "trotz durchgezogener Line ",
      "region" : "Darmstadt"
    },
    "geometry" : {
      "type" : "Point",
      "coordinates" : [ 8.637583109103613, 49.88239749334865 ]
    }
  }, {
    "type" : "Feature",
    "properties" : {
      "date" : "07/09/2021 18:13:52",
      "bikeType" : "-",
      "child" : "Nein",
      "trailer" : "Nein",
      "pLoc" : "Hosentasche",
      "incident" : "Zu dichtes Überholen",
      "participant" : "PKW",
      "scary" : "Nein",
      "descr" : "trotz Schienen",
      "region" : "Darmstadt"
    },
    "geometry" : {
      "type" : "Point",
      "coordinates" : [ 8.635437850958755, 49.87891819819203 ]
    }
  }, {
    "type" : "Feature",
    "properties" : {
      "date" : "27/09/2021 12:22:28",
      "bikeType" : "City-/Trekking Bike",
      "child" : "Nein",
      "trailer" : "Nein",
      "pLoc" : "Jackentasche",
      "incident" : "Zu dichtes Überholen",
      "participant" : "PKW",
      "scary" : "Nein",
      "descr" : "",
      "region" : "Darmstadt"
    },
    "geometry" : {
      "type" : "Point",
      "coordinates" : [ 8.631724358921991, 49.88862982260682 ]
    }
  }, {
    "type" : "Feature",
    "properties" : {
      "date" : "01/09/2021 12:12:48",
      "bikeType" : "-",
      "child" : "Nein",
      "trailer" : "Nein",
      "pLoc" : "Hosentasche",
      "incident" : "Hindernis ausweichen (z.B. Hund)",
      "participant" : "PKW",
      "scary" : "Nein",
      "descr" : "parkt auf Radweg ",
      "region" : "Darmstadt"
    },
    "geometry" : {
      "type" : "Point",
      "coordinates" : [ 8.641743660343039, 49.863020651855926 ]
    }
  }, {
    "type" : "Feature",
    "properties" : {
      "date" : "01/09/2021 12:26:51",
      "bikeType" : "-",
      "child" : "Nein",
      "trailer" : "Nein",
      "pLoc" : "Hosentasche",
      "incident" : "Entgegenkommender Verkehrsteilnehmer",
      "participant" : "Fahrrad",
      "scary" : "Nein",
      "descr" : "Geisterfahrer auf Gehweg",
      "region" : "Darmstadt"
    },
    "geometry" : {
      "type" : "Point",
      "coordinates" : [ 8.629241830792052, 49.89013115635207 ]
    }
  }, {
    "type" : "Feature",
    "properties" : {
      "date" : "06/09/2021 19:15:23",
      "bikeType" : "-",
      "child" : "Nein",
      "trailer" : "Nein",
      "pLoc" : "Hosentasche",
      "incident" : "Zu dichtes Überholen",
      "participant" : "PKW",
      "scary" : "Nein",
      "descr" : "trotz durchgezogener Doppellinie ",
      "region" : "Darmstadt"
    },
    "geometry" : {
      "type" : "Point",
      "coordinates" : [ 8.638005354268486, 49.8828637751969 ]
    }
  }, {
    "type" : "Feature",
    "properties" : {
      "date" : "06/09/2021 19:17:03",
      "bikeType" : "-",
      "child" : "Nein",
      "trailer" : "Nein",
      "pLoc" : "Hosentasche",
      "incident" : "Zu dichtes Überholen",
      "participant" : "PKW",
      "scary" : "Nein",
      "descr" : "trotz durchgezogener Line ",
      "region" : "Darmstadt"
    },
    "geometry" : {
      "type" : "Point",
      "coordinates" : [ 8.634963408377008, 49.87720441979352 ]
    }
  }, {
    "type" : "Feature",
    "properties" : {
      "date" : "06/09/2021 19:17:00",
      "bikeType" : "-",
      "child" : "Nein",
      "trailer" : "Nein",
      "pLoc" : "Hosentasche",
      "incident" : "Zu dichtes Überholen",
      "participant" : "PKW",
      "scary" : "Nein",
      "descr" : "trotz durchgezogener Line ",
      "region" : "Darmstadt"
    },
    "geometry" : {
      "type" : "Point",
      "coordinates" : [ 8.635014357530205, 49.87740044508215 ]
    }
  }, {
    "type" : "Feature",
    "properties" : {
      "date" : "28/09/2021 19:00:47",
      "bikeType" : "City-/Trekking Bike",
      "child" : "Nein",
      "trailer" : "Nein",
      "pLoc" : "Jackentasche",
      "incident" : "Zu dichtes Überholen",
      "participant" : "PKW",
      "scary" : "Nein",
      "descr" : "",
      "region" : "Darmstadt"
    },
    "geometry" : {
      "type" : "Point",
      "coordinates" : [ 8.637407356793737, 49.88233582029274 ]
    }
  }, {
    "type" : "Feature",
    "properties" : {
      "date" : "28/09/2021 19:02:21",
      "bikeType" : "City-/Trekking Bike",
      "child" : "Nein",
      "trailer" : "Nein",
      "pLoc" : "Jackentasche",
      "incident" : "Zu dichtes Überholen",
      "participant" : "PKW",
      "scary" : "Nein",
      "descr" : "",
      "region" : "Darmstadt"
    },
    "geometry" : {
      "type" : "Point",
      "coordinates" : [ 8.635112238119138, 49.87687324459023 ]
    }
  }, {
    "type" : "Feature",
    "properties" : {
      "date" : "28/09/2021 19:04:26",
      "bikeType" : "City-/Trekking Bike",
      "child" : "Nein",
      "trailer" : "Nein",
      "pLoc" : "Jackentasche",
      "incident" : "Zu dichtes Überholen",
      "participant" : "PKW",
      "scary" : "Nein",
      "descr" : "",
      "region" : "Darmstadt"
    },
    "geometry" : {
      "type" : "Point",
      "coordinates" : [ 8.630851619897545, 49.87511505527521 ]
    }
  }, {
    "type" : "Feature",
    "properties" : {
      "date" : "07/09/2021 12:03:11",
      "bikeType" : "-",
      "child" : "Nein",
      "trailer" : "Nein",
      "pLoc" : "Hosentasche",
      "incident" : "Hindernis ausweichen (z.B. Hund)",
      "participant" : "PKW",
      "scary" : "Nein",
      "descr" : "steht in Ausfahrt auf dem Radweg ",
      "region" : "Darmstadt"
    },
    "geometry" : {
      "type" : "Point",
      "coordinates" : [ 8.63377761973611, 49.88705771379384 ]
    }
  }, {
    "type" : "Feature",
    "properties" : {
      "date" : "07/09/2021 11:58:49",
      "bikeType" : "-",
      "child" : "Nein",
      "trailer" : "Nein",
      "pLoc" : "Hosentasche",
      "incident" : "Beinahe-Abbiegeunfall",
      "participant" : "PKW",
      "scary" : "Nein",
      "descr" : "missachtet Vorfahrt ",
      "region" : "Darmstadt"
    },
    "geometry" : {
      "type" : "Point",
      "coordinates" : [ 8.640660488253456, 49.87590574984948 ]
    }
  }, {
    "type" : "Feature",
    "properties" : {
      "date" : "07/09/2021 11:55:07",
      "bikeType" : "-",
      "child" : "Nein",
      "trailer" : "Nein",
      "pLoc" : "Hosentasche",
      "incident" : "Hindernis ausweichen (z.B. Hund)",
      "participant" : "Lieferwagen",
      "scary" : "Nein",
      "descr" : "steht im absoluten Halteverbot ",
      "region" : "Darmstadt"
    },
    "geometry" : {
      "type" : "Point",
      "coordinates" : [ 8.643671165388126, 49.865465104865656 ]
    }
  }, {
    "type" : "Feature",
    "properties" : {
      "date" : "07/09/2021 12:04:57",
      "bikeType" : "-",
      "child" : "Nein",
      "trailer" : "Nein",
      "pLoc" : "Hosentasche",
      "incident" : "Zu dichtes Überholen",
      "participant" : "Lieferwagen",
      "scary" : "Nein",
      "descr" : "",
      "region" : "Darmstadt"
    },
    "geometry" : {
      "type" : "Point",
      "coordinates" : [ 8.631780531429296, 49.88861803550706 ]
    }
  }, {
    "type" : "Feature",
    "properties" : {
      "date" : "28/09/2021 10:57:54",
      "bikeType" : "City-/Trekking Bike",
      "child" : "Nein",
      "trailer" : "Nein",
      "pLoc" : "Jackentasche",
      "incident" : "Zu dichtes Überholen",
      "participant" : "PKW",
      "scary" : "Nein",
      "descr" : "trotz durchgezogener Line ",
      "region" : "Darmstadt"
    },
    "geometry" : {
      "type" : "Point",
      "coordinates" : [ 8.638222352983782, 49.87965334495856 ]
    }
  }, {
    "type" : "Feature",
    "properties" : {
      "date" : "28/09/2021 11:01:24",
      "bikeType" : "City-/Trekking Bike",
      "child" : "Nein",
      "trailer" : "Nein",
      "pLoc" : "Jackentasche",
      "incident" : "Hindernis ausweichen (z.B. Hund)",
      "participant" : "PKW",
      "scary" : "Nein",
      "descr" : "hält auf Radweg",
      "region" : "Darmstadt"
    },
    "geometry" : {
      "type" : "Point",
      "coordinates" : [ 8.63397221686652, 49.88681187477905 ]
    }
  }, {
    "type" : "Feature",
    "properties" : {
      "date" : "28/09/2021 11:02:41",
      "bikeType" : "City-/Trekking Bike",
      "child" : "Nein",
      "trailer" : "Nein",
      "pLoc" : "Jackentasche",
      "incident" : "Zu dichtes Überholen",
      "participant" : "PKW",
      "scary" : "Nein",
      "descr" : "",
      "region" : "Darmstadt"
    },
    "geometry" : {
      "type" : "Point",
      "coordinates" : [ 8.631208871282194, 49.888914995384965 ]
    }
  }, {
    "type" : "Feature",
    "properties" : {
      "date" : "10/09/2021 12:35:15",
      "bikeType" : "-",
      "child" : "Nein",
      "trailer" : "Nein",
      "pLoc" : "Hosentasche",
      "incident" : "Hindernis ausweichen (z.B. Hund)",
      "participant" : "Lieferwagen",
      "scary" : "Nein",
      "descr" : "parkt auf Radweg ",
      "region" : "Darmstadt"
    },
    "geometry" : {
      "type" : "Point",
      "coordinates" : [ 8.643932813852476, 49.86483870298018 ]
    }
  }, {
    "type" : "Feature",
    "properties" : {
      "date" : "10/09/2021 12:46:43",
      "bikeType" : "-",
      "child" : "Nein",
      "trailer" : "Nein",
      "pLoc" : "Hosentasche",
      "incident" : "Zu dichtes Überholen",
      "participant" : "PKW",
      "scary" : "Nein",
      "descr" : "",
      "region" : "Darmstadt"
    },
    "geometry" : {
      "type" : "Point",
      "coordinates" : [ 8.629688926333976, 49.88998673561287 ]
    }
  }, {
    "type" : "Feature",
    "properties" : {
      "date" : "24/09/2021 12:01:58",
      "bikeType" : "-",
      "child" : "Nein",
      "trailer" : "Nein",
      "pLoc" : "Hosentasche",
      "incident" : "Sonstiges",
      "participant" : "PKW",
      "scary" : "Nein",
      "descr" : "steht quer auf Fahrbahn",
      "region" : "Darmstadt"
    },
    "geometry" : {
      "type" : "Point",
      "coordinates" : [ 8.633572393649242, 49.858092644235526 ]
    }
  }, {
    "type" : "Feature",
    "properties" : {
      "date" : "10/09/2021 17:36:08",
      "bikeType" : "-",
      "child" : "Nein",
      "trailer" : "Nein",
      "pLoc" : "Hosentasche",
      "incident" : "Zu dichtes Überholen",
      "participant" : "PKW",
      "scary" : "Nein",
      "descr" : "trotz durchgezogener Line ",
      "region" : "Darmstadt"
    },
    "geometry" : {
      "type" : "Point",
      "coordinates" : [ 8.636255689228065, 49.880468709464076 ]
    }
  }, {
    "type" : "Feature",
    "properties" : {
      "date" : "10/09/2021 17:39:38",
      "bikeType" : "-",
      "child" : "Nein",
      "trailer" : "Nein",
      "pLoc" : "Hosentasche",
      "incident" : "Zu dichtes Überholen",
      "participant" : "PKW",
      "scary" : "Nein",
      "descr" : "",
      "region" : "Darmstadt"
    },
    "geometry" : {
      "type" : "Point",
      "coordinates" : [ 8.627941061327304, 49.875263396579754 ]
    }
  }, {
    "type" : "Feature",
    "properties" : {
      "date" : "10/09/2021 17:36:20",
      "bikeType" : "-",
      "child" : "Nein",
      "trailer" : "Nein",
      "pLoc" : "Hosentasche",
      "incident" : "Zu dichtes Überholen",
      "participant" : "PKW",
      "scary" : "Nein",
      "descr" : "trotz durchgezogener Line ",
      "region" : "Darmstadt"
    },
    "geometry" : {
      "type" : "Point",
      "coordinates" : [ 8.635990550237914, 49.87995498422768 ]
    }
  }, {
    "type" : "Feature",
    "properties" : {
      "date" : "10/09/2021 17:36:29",
      "bikeType" : "-",
      "child" : "Nein",
      "trailer" : "Nein",
      "pLoc" : "Hosentasche",
      "incident" : "Zu dichtes Überholen",
      "participant" : "PKW",
      "scary" : "Nein",
      "descr" : "trotz durchgezogener Line\\n",
      "region" : "Darmstadt"
    },
    "geometry" : {
      "type" : "Point",
      "coordinates" : [ 8.635712152987812, 49.87952172493032 ]
    }
  }, {
    "type" : "Feature",
    "properties" : {
      "date" : "08/09/2021 17:53:08",
      "bikeType" : "-",
      "child" : "Nein",
      "trailer" : "Nein",
      "pLoc" : "Hosentasche",
      "incident" : "Zu dichtes Überholen",
      "participant" : "PKW",
      "scary" : "Nein",
      "descr" : "trotz durchgezogener Doppellinie ",
      "region" : "Darmstadt"
    },
    "geometry" : {
      "type" : "Point",
      "coordinates" : [ 8.638125560979557, 49.8828230610982 ]
    }
  }, {
    "type" : "Feature",
    "properties" : {
      "date" : "08/09/2021 17:55:15",
      "bikeType" : "-",
      "child" : "Nein",
      "trailer" : "Nein",
      "pLoc" : "Hosentasche",
      "incident" : "Zu dichtes Überholen",
      "participant" : "PKW",
      "scary" : "Nein",
      "descr" : "trotz durchgezogener Line ",
      "region" : "Darmstadt"
    },
    "geometry" : {
      "type" : "Point",
      "coordinates" : [ 8.634931442356327, 49.876221032019544 ]
    }
  }, {
    "type" : "Feature",
    "properties" : {
      "date" : "08/09/2021 11:42:10",
      "bikeType" : "-",
      "child" : "Nein",
      "trailer" : "Nein",
      "pLoc" : "Hosentasche",
      "incident" : "Zu dichtes Überholen",
      "participant" : "PKW",
      "scary" : "Nein",
      "descr" : "trotz durchgezogener Line ",
      "region" : "Darmstadt"
    },
    "geometry" : {
      "type" : "Point",
      "coordinates" : [ 8.640990617641533, 49.874942468264614 ]
    }
  }, {
    "type" : "Feature",
    "properties" : {
      "date" : "08/09/2021 11:47:22",
      "bikeType" : "-",
      "child" : "Nein",
      "trailer" : "Nein",
      "pLoc" : "Hosentasche",
      "incident" : "Hindernis ausweichen (z.B. Hund)",
      "participant" : "PKW",
      "scary" : "Nein",
      "descr" : "parkt auf Radweg",
      "region" : "Darmstadt"
    },
    "geometry" : {
      "type" : "Point",
      "coordinates" : [ 8.636863516508244, 49.88464542998064 ]
    }
  }, {
    "type" : "Feature",
    "properties" : {
      "date" : "15/09/2021 18:55:05",
      "bikeType" : "-",
      "child" : "Nein",
      "trailer" : "Nein",
      "pLoc" : "Hosentasche",
      "incident" : "Zu dichtes Überholen",
      "participant" : "PKW",
      "scary" : "Nein",
      "descr" : "trotz Gegenverkehr ",
      "region" : "Darmstadt"
    },
    "geometry" : {
      "type" : "Point",
      "coordinates" : [ 8.631408970337143, 49.875122951983485 ]
    }
  }, {
    "type" : "Feature",
    "properties" : {
      "date" : "15/09/2021 18:55:08",
      "bikeType" : "-",
      "child" : "Nein",
      "trailer" : "Nein",
      "pLoc" : "Hosentasche",
      "incident" : "Zu dichtes Überholen",
      "participant" : "PKW",
      "scary" : "Nein",
      "descr" : "trotz Gegenverkehr ",
      "region" : "Darmstadt"
    },
    "geometry" : {
      "type" : "Point",
      "coordinates" : [ 8.631120024064876, 49.8751377569776 ]
    }
  }, {
    "type" : "Feature",
    "properties" : {
      "date" : "15/09/2021 19:02:13",
      "bikeType" : "-",
      "child" : "Nein",
      "trailer" : "Nein",
      "pLoc" : "Hosentasche",
      "incident" : "Zu dichtes Überholen",
      "participant" : "PKW",
      "scary" : "Nein",
      "descr" : "trotz Gegenverkehr ",
      "region" : "Darmstadt"
    },
    "geometry" : {
      "type" : "Point",
      "coordinates" : [ 8.626924597115304, 49.86233589242107 ]
    }
  }, {
    "type" : "Feature",
    "properties" : {
      "date" : "15/09/2021 19:02:19",
      "bikeType" : "-",
      "child" : "Nein",
      "trailer" : "Nein",
      "pLoc" : "Hosentasche",
      "incident" : "Zu dichtes Überholen",
      "participant" : "PKW",
      "scary" : "Nein",
      "descr" : "trotz Gegenverkehr ",
      "region" : "Darmstadt"
    },
    "geometry" : {
      "type" : "Point",
      "coordinates" : [ 8.6264441657725, 49.86228228847308 ]
    }
  }, {
    "type" : "Feature",
    "properties" : {
      "date" : "15/09/2021 18:51:41",
      "bikeType" : "-",
      "child" : "Nein",
      "trailer" : "Nein",
      "pLoc" : "Hosentasche",
      "incident" : "Zu dichtes Überholen",
      "participant" : "PKW",
      "scary" : "Nein",
      "descr" : "trotz durchgezogener Doppellinie ",
      "region" : "Darmstadt"
    },
    "geometry" : {
      "type" : "Point",
      "coordinates" : [ 8.638103953149688, 49.88268495177092 ]
    }
  }, {
    "type" : "Feature",
    "properties" : {
      "date" : "15/09/2021 18:53:00",
      "bikeType" : "-",
      "child" : "Nein",
      "trailer" : "Nein",
      "pLoc" : "Hosentasche",
      "incident" : "Zu dichtes Überholen",
      "participant" : "PKW",
      "scary" : "Nein",
      "descr" : "",
      "region" : "Darmstadt"
    },
    "geometry" : {
      "type" : "Point",
      "coordinates" : [ 8.635565232931782, 49.87904369678095 ]
    }
  }, {
    "type" : "Feature",
    "properties" : {
      "date" : "15/09/2021 18:53:06",
      "bikeType" : "-",
      "child" : "Nein",
      "trailer" : "Nein",
      "pLoc" : "Hosentasche",
      "incident" : "Zu dichtes Überholen",
      "participant" : "PKW",
      "scary" : "Nein",
      "descr" : "",
      "region" : "Darmstadt"
    },
    "geometry" : {
      "type" : "Point",
      "coordinates" : [ 8.635513018661937, 49.878742582744884 ]
    }
  }, {
    "type" : "Feature",
    "properties" : {
      "date" : "21/09/2021 13:59:35",
      "bikeType" : "City-/Trekking Bike",
      "child" : "Nein",
      "trailer" : "Nein",
      "pLoc" : "Lenker",
      "incident" : "Zu dichtes Überholen",
      "participant" : "",
      "scary" : "Nein",
      "descr" : "",
      "region" : "Darmstadt"
    },
    "geometry" : {
      "type" : "Point",
      "coordinates" : [ 8.922480810876499, 49.86903663332595 ]
    }
  }, {
    "type" : "Feature",
    "properties" : {
      "date" : "06/04/2022 17:44:50",
      "bikeType" : "-",
      "child" : "Nein",
      "trailer" : "Nein",
      "pLoc" : "Hosentasche",
      "incident" : "Entgegenkommender Verkehrsteilnehmer",
      "participant" : "PKW",
      "scary" : "Nein",
      "descr" : "Vorfahrt nicht gewährt von entgegenkommendem Fahrzeug. dieses hatte geparkte Pkw auf seiner Fahrbahn ",
      "region" : "Darmstadt"
    },
    "geometry" : {
      "type" : "Point",
      "coordinates" : [ 8.6368918, 49.8072384 ]
    }
  }, {
    "type" : "Feature",
    "properties" : {
      "date" : "06/04/2022 17:44:50",
      "bikeType" : "-",
      "child" : "Nein",
      "trailer" : "Nein",
      "pLoc" : "Hosentasche",
      "incident" : "Ein- oder ausparkendes Fahrzeug",
      "participant" : "PKW",
      "scary" : "Nein",
      "descr" : "rückwärts auf Straße auffahrendes Fahrzeug",
      "region" : "Darmstadt"
    },
    "geometry" : {
      "type" : "Point",
      "coordinates" : [ 8.6368918, 49.8072384 ]
    }
  }, {
    "type" : "Feature",
    "properties" : {
      "date" : "25/04/2022 17:20:59",
      "bikeType" : "City-/Trekking Bike",
      "child" : "Nein",
      "trailer" : "Nein",
      "pLoc" : "Fahrradkorb",
      "incident" : "Zu dichtes Überholen",
      "participant" : "PKW",
      "scary" : "Nein",
      "descr" : "",
      "region" : "Darmstadt"
    },
    "geometry" : {
      "type" : "Point",
      "coordinates" : [ 8.6368852, 49.80733113 ]
    }
  }, {
    "type" : "Feature",
    "properties" : {
      "date" : "11/04/2022 18:50:29",
      "bikeType" : "City-/Trekking Bike",
      "child" : "Nein",
      "trailer" : "Nein",
      "pLoc" : "Sonstiges",
      "incident" : "Entgegenkommender Verkehrsteilnehmer",
      "participant" : "PKW",
      "scary" : "Nein",
      "descr" : "",
      "region" : "Darmstadt"
    },
    "geometry" : {
      "type" : "Point",
      "coordinates" : [ 8.63705684, 49.80759867 ]
    }
  }, {
    "type" : "Feature",
    "properties" : {
      "date" : "11/04/2022 18:43:41",
      "bikeType" : "City-/Trekking Bike",
      "child" : "Nein",
      "trailer" : "Nein",
      "pLoc" : "Sonstiges",
      "incident" : "Entgegenkommender Verkehrsteilnehmer",
      "participant" : "Fahrrad",
      "scary" : "Nein",
      "descr" : "",
      "region" : "Darmstadt"
    },
    "geometry" : {
      "type" : "Point",
      "coordinates" : [ 8.63443672, 49.8097548 ]
    }
  }, {
    "type" : "Feature",
    "properties" : {
      "date" : "26/04/2022 17:05:38",
      "bikeType" : "City-/Trekking Bike",
      "child" : "Nein",
      "trailer" : "Nein",
      "pLoc" : "Fahrradkorb",
      "incident" : "Entgegenkommender Verkehrsteilnehmer",
      "participant" : "PKW",
      "scary" : "Nein",
      "descr" : "Pkw mit parkenden Pkw als Hindernis. Vorfahrt nicht beachtet",
      "region" : "Darmstadt"
    },
    "geometry" : {
      "type" : "Point",
      "coordinates" : [ 8.63702042, 49.8077601 ]
    }
  }, {
    "type" : "Feature",
    "properties" : {
      "date" : "05/04/2022 19:38:47",
      "bikeType" : "City-/Trekking Bike",
      "child" : "Nein",
      "trailer" : "Nein",
      "pLoc" : "Sonstiges",
      "incident" : "Zu dichtes Überholen",
      "participant" : "PKW",
      "scary" : "Nein",
      "descr" : "",
      "region" : "Darmstadt"
    },
    "geometry" : {
      "type" : "Point",
      "coordinates" : [ 8.64192718, 49.8065375 ]
    }
  }, {
    "type" : "Feature",
    "properties" : {
      "date" : "12/04/2022 16:58:51",
      "bikeType" : "City-/Trekking Bike",
      "child" : "Nein",
      "trailer" : "Nein",
      "pLoc" : "Jackentasche",
      "incident" : "Sonstiges",
      "participant" : "PKW",
      "scary" : "Ja",
      "descr" : "Pkw überholt abbiegenden Pkw rechts auf Fahrradspur ",
      "region" : "Darmstadt"
    },
    "geometry" : {
      "type" : "Point",
      "coordinates" : [ 8.64175727, 49.80695261 ]
    }
  } ]
}