{
  "type" : "FeatureCollection",
  "features" : [ {
    "type" : "Feature",
    "properties" : {
      "date" : "31/05/2022 16:11:23",
      "bikeType" : "Road Racing Bike",
      "child" : "Nein",
      "trailer" : "Nein",
      "pLoc" : "Hosentasche",
      "incident" : "Zu dichtes Überholen",
      "participant" : "PKW",
      "scary" : "Nein",
      "descr" : "",
      "region" : "Wien"
    },
    "geometry" : {
      "type" : "Point",
      "coordinates" : [ 16.331664152111916, 48.200593061800156 ]
    }
  }, {
    "type" : "Feature",
    "properties" : {
      "date" : "02/05/2022 16:54:59",
      "bikeType" : "Road Racing Bike",
      "child" : "Nein",
      "trailer" : "Nein",
      "pLoc" : "Hosentasche",
      "incident" : "Hindernis ausweichen (z.B. Hund)",
      "participant" : "Fußgänger",
      "scary" : "Nein",
      "descr" : "pedestrian crossed red light ",
      "region" : "Wien"
    },
    "geometry" : {
      "type" : "Point",
      "coordinates" : [ 16.361815495267454, 48.21792498587444 ]
    }
  }, {
    "type" : "Feature",
    "properties" : {
      "date" : "06/05/2022 09:33:27",
      "bikeType" : "Road Racing Bike",
      "child" : "Nein",
      "trailer" : "Nein",
      "pLoc" : "Hosentasche",
      "incident" : "Entgegenkommender Verkehrsteilnehmer",
      "participant" : "PKW",
      "scary" : "Nein",
      "descr" : "",
      "region" : "Wien"
    },
    "geometry" : {
      "type" : "Point",
      "coordinates" : [ 16.344750184025266, 48.208973474377785 ]
    }
  }, {
    "type" : "Feature",
    "properties" : {
      "date" : "11/05/2022 20:02:54",
      "bikeType" : "Road Racing Bike",
      "child" : "Nein",
      "trailer" : "Nein",
      "pLoc" : "Hosentasche",
      "incident" : "Zu dichtes Überholen",
      "participant" : "PKW",
      "scary" : "Ja",
      "descr" : "",
      "region" : "Wien"
    },
    "geometry" : {
      "type" : "Point",
      "coordinates" : [ 16.34639771663742, 48.20439015220214 ]
    }
  }, {
    "type" : "Feature",
    "properties" : {
      "date" : "11/05/2022 20:10:27",
      "bikeType" : "Road Racing Bike",
      "child" : "Nein",
      "trailer" : "Nein",
      "pLoc" : "Hosentasche",
      "incident" : "Entgegenkommender Verkehrsteilnehmer",
      "participant" : "Fahrrad",
      "scary" : "Nein",
      "descr" : "",
      "region" : "Wien"
    },
    "geometry" : {
      "type" : "Point",
      "coordinates" : [ 16.373202451753446, 48.195062199513366 ]
    }
  }, {
    "type" : "Feature",
    "properties" : {
      "date" : "11/05/2022 16:43:14",
      "bikeType" : "Road Racing Bike",
      "child" : "Nein",
      "trailer" : "Nein",
      "pLoc" : "Hosentasche",
      "incident" : "Ein- oder ausparkendes Fahrzeug",
      "participant" : "PKW",
      "scary" : "Ja",
      "descr" : "",
      "region" : "Wien"
    },
    "geometry" : {
      "type" : "Point",
      "coordinates" : [ 16.317337296592157, 48.21925262196012 ]
    }
  }, {
    "type" : "Feature",
    "properties" : {
      "date" : "02/05/2022 11:18:49",
      "bikeType" : "Road Racing Bike",
      "child" : "Nein",
      "trailer" : "Nein",
      "pLoc" : "Hosentasche",
      "incident" : "Sonstiges",
      "participant" : "Motorrad",
      "scary" : "Nein",
      "descr" : "",
      "region" : "Wien"
    },
    "geometry" : {
      "type" : "Point",
      "coordinates" : [ 16.34178845518863, 48.20940055137156 ]
    }
  }, {
    "type" : "Feature",
    "properties" : {
      "date" : "03/05/2022 23:22:14",
      "bikeType" : "Road Racing Bike",
      "child" : "Nein",
      "trailer" : "Nein",
      "pLoc" : "Hosentasche",
      "incident" : "Zu dichtes Überholen",
      "participant" : "PKW",
      "scary" : "Nein",
      "descr" : "",
      "region" : "Wien"
    },
    "geometry" : {
      "type" : "Point",
      "coordinates" : [ 16.36368173867049, 48.226572642450606 ]
    }
  }, {
    "type" : "Feature",
    "properties" : {
      "date" : "06/05/2022 11:35:37",
      "bikeType" : "Road Racing Bike",
      "child" : "Nein",
      "trailer" : "Nein",
      "pLoc" : "Hosentasche",
      "incident" : "Entgegenkommender Verkehrsteilnehmer",
      "participant" : "PKW",
      "scary" : "Nein",
      "descr" : "",
      "region" : "Wien"
    },
    "geometry" : {
      "type" : "Point",
      "coordinates" : [ 16.354618130173765, 48.20851065156137 ]
    }
  }, {
    "type" : "Feature",
    "properties" : {
      "date" : "12/05/2022 12:26:27",
      "bikeType" : "Road Racing Bike",
      "child" : "Nein",
      "trailer" : "Nein",
      "pLoc" : "Hosentasche",
      "incident" : "Hindernis ausweichen (z.B. Hund)",
      "participant" : "Fußgänger",
      "scary" : "Ja",
      "descr" : "",
      "region" : "Wien"
    },
    "geometry" : {
      "type" : "Point",
      "coordinates" : [ 16.33726076200455, 48.209630976598554 ]
    }
  }, {
    "type" : "Feature",
    "properties" : {
      "date" : "13/05/2022 16:12:36",
      "bikeType" : "Road Racing Bike",
      "child" : "Nein",
      "trailer" : "Nein",
      "pLoc" : "Hosentasche",
      "incident" : "Zu dichtes Überholen",
      "participant" : "PKW",
      "scary" : "Nein",
      "descr" : "",
      "region" : "Wien"
    },
    "geometry" : {
      "type" : "Point",
      "coordinates" : [ 16.35630066588625, 48.20452259952495 ]
    }
  }, {
    "type" : "Feature",
    "properties" : {
      "date" : "03/05/2022 20:13:16",
      "bikeType" : "Road Racing Bike",
      "child" : "Nein",
      "trailer" : "Nein",
      "pLoc" : "Hosentasche",
      "incident" : "Zu dichtes Überholen",
      "participant" : "PKW",
      "scary" : "Nein",
      "descr" : "",
      "region" : "Wien"
    },
    "geometry" : {
      "type" : "Point",
      "coordinates" : [ 16.369548914287435, 48.2268997247722 ]
    }
  }, {
    "type" : "Feature",
    "properties" : {
      "date" : "08/05/2022 17:55:41",
      "bikeType" : "Road Racing Bike",
      "child" : "Nein",
      "trailer" : "Nein",
      "pLoc" : "Hosentasche",
      "incident" : "Hindernis ausweichen (z.B. Hund)",
      "participant" : "Fußgänger",
      "scary" : "Nein",
      "descr" : "",
      "region" : "Wien"
    },
    "geometry" : {
      "type" : "Point",
      "coordinates" : [ 16.377732789099706, 48.204683155586764 ]
    }
  }, {
    "type" : "Feature",
    "properties" : {
      "date" : "08/05/2022 17:58:03",
      "bikeType" : "Road Racing Bike",
      "child" : "Nein",
      "trailer" : "Nein",
      "pLoc" : "Hosentasche",
      "incident" : "Hindernis ausweichen (z.B. Hund)",
      "participant" : "Fußgänger",
      "scary" : "Nein",
      "descr" : "",
      "region" : "Wien"
    },
    "geometry" : {
      "type" : "Point",
      "coordinates" : [ 16.37002900785985, 48.20242683001955 ]
    }
  }, {
    "type" : "Feature",
    "properties" : {
      "date" : "04/05/2022 18:33:28",
      "bikeType" : "Road Racing Bike",
      "child" : "Nein",
      "trailer" : "Nein",
      "pLoc" : "Hosentasche",
      "incident" : "Sonstiges",
      "participant" : "PKW",
      "scary" : "Ja",
      "descr" : "close pass with the car owner pulling closer to threaten another bike rider",
      "region" : "Wien"
    },
    "geometry" : {
      "type" : "Point",
      "coordinates" : [ 16.361349998854415, 48.21802554888999 ]
    }
  }, {
    "type" : "Feature",
    "properties" : {
      "date" : "08/05/2022 12:42:11",
      "bikeType" : "Road Racing Bike",
      "child" : "Nein",
      "trailer" : "Nein",
      "pLoc" : "Hosentasche",
      "incident" : "Hindernis ausweichen (z.B. Hund)",
      "participant" : "Fußgänger",
      "scary" : "Nein",
      "descr" : "",
      "region" : "Wien"
    },
    "geometry" : {
      "type" : "Point",
      "coordinates" : [ 16.37469781000074, 48.201501525018216 ]
    }
  }, {
    "type" : "Feature",
    "properties" : {
      "date" : "15/06/2022 17:33:55",
      "bikeType" : "E-Bike",
      "child" : "Nein",
      "trailer" : "Nein",
      "pLoc" : "Lenker",
      "incident" : "Hindernis ausweichen (z.B. Hund)",
      "participant" : "",
      "scary" : "Nein",
      "descr" : "",
      "region" : "Wien"
    },
    "geometry" : {
      "type" : "Point",
      "coordinates" : [ 16.42514856, 48.23693652 ]
    }
  }, {
    "type" : "Feature",
    "properties" : {
      "date" : "15/06/2022 17:38:33",
      "bikeType" : "E-Bike",
      "child" : "Nein",
      "trailer" : "Nein",
      "pLoc" : "Lenker",
      "incident" : "Hindernis ausweichen (z.B. Hund)",
      "participant" : "",
      "scary" : "Nein",
      "descr" : "",
      "region" : "Wien"
    },
    "geometry" : {
      "type" : "Point",
      "coordinates" : [ 16.41115969, 48.22885118 ]
    }
  }, {
    "type" : "Feature",
    "properties" : {
      "date" : "15/06/2022 18:25:12",
      "bikeType" : "E-Bike",
      "child" : "Nein",
      "trailer" : "Nein",
      "pLoc" : "Lenker",
      "incident" : "Hindernis ausweichen (z.B. Hund)",
      "participant" : "",
      "scary" : "Nein",
      "descr" : "",
      "region" : "Wien"
    },
    "geometry" : {
      "type" : "Point",
      "coordinates" : [ 16.25584801, 48.19880407 ]
    }
  }, {
    "type" : "Feature",
    "properties" : {
      "date" : "15/06/2022 18:56:51",
      "bikeType" : "E-Bike",
      "child" : "Nein",
      "trailer" : "Nein",
      "pLoc" : "Lenker",
      "incident" : "Zu dichtes Überholen",
      "participant" : "",
      "scary" : "Nein",
      "descr" : "",
      "region" : "Wien"
    },
    "geometry" : {
      "type" : "Point",
      "coordinates" : [ 16.12763056, 48.19032585 ]
    }
  }, {
    "type" : "Feature",
    "properties" : {
      "date" : "09/06/2022 18:54:53",
      "bikeType" : "E-Bike",
      "child" : "Nein",
      "trailer" : "Nein",
      "pLoc" : "Lenker",
      "incident" : "Zu dichtes Überholen",
      "participant" : "",
      "scary" : "Nein",
      "descr" : "",
      "region" : "Wien"
    },
    "geometry" : {
      "type" : "Point",
      "coordinates" : [ 16.32334882, 48.19052432 ]
    }
  }, {
    "type" : "Feature",
    "properties" : {
      "date" : "09/06/2022 19:28:36",
      "bikeType" : "E-Bike",
      "child" : "Nein",
      "trailer" : "Nein",
      "pLoc" : "Lenker",
      "incident" : "Hindernis ausweichen (z.B. Hund)",
      "participant" : "",
      "scary" : "Nein",
      "descr" : "",
      "region" : "Wien"
    },
    "geometry" : {
      "type" : "Point",
      "coordinates" : [ 16.2187749, 48.20457073 ]
    }
  }, {
    "type" : "Feature",
    "properties" : {
      "date" : "09/06/2022 19:29:28",
      "bikeType" : "E-Bike",
      "child" : "Nein",
      "trailer" : "Nein",
      "pLoc" : "Lenker",
      "incident" : "Hindernis ausweichen (z.B. Hund)",
      "participant" : "",
      "scary" : "Nein",
      "descr" : "",
      "region" : "Wien"
    },
    "geometry" : {
      "type" : "Point",
      "coordinates" : [ 16.21473854, 48.20632696 ]
    }
  }, {
    "type" : "Feature",
    "properties" : {
      "date" : "09/06/2022 19:42:11",
      "bikeType" : "E-Bike",
      "child" : "Nein",
      "trailer" : "Nein",
      "pLoc" : "Lenker",
      "incident" : "Zu dichtes Überholen",
      "participant" : "",
      "scary" : "Nein",
      "descr" : "",
      "region" : "Wien"
    },
    "geometry" : {
      "type" : "Point",
      "coordinates" : [ 16.15920906, 48.20034077 ]
    }
  }, {
    "type" : "Feature",
    "properties" : {
      "date" : "09/06/2022 19:58:19",
      "bikeType" : "E-Bike",
      "child" : "Nein",
      "trailer" : "Nein",
      "pLoc" : "Lenker",
      "incident" : "Zu dichtes Überholen",
      "participant" : "PKW",
      "scary" : "Nein",
      "descr" : "",
      "region" : "Wien"
    },
    "geometry" : {
      "type" : "Point",
      "coordinates" : [ 16.08109993, 48.1816402 ]
    }
  }, {
    "type" : "Feature",
    "properties" : {
      "date" : "14/06/2022 17:14:06",
      "bikeType" : "E-Bike",
      "child" : "Nein",
      "trailer" : "Nein",
      "pLoc" : "Lenker",
      "incident" : "Hindernis ausweichen (z.B. Hund)",
      "participant" : "PKW",
      "scary" : "Nein",
      "descr" : "",
      "region" : "Wien"
    },
    "geometry" : {
      "type" : "Point",
      "coordinates" : [ 16.42665969, 48.2541498 ]
    }
  }, {
    "type" : "Feature",
    "properties" : {
      "date" : "14/06/2022 17:24:06",
      "bikeType" : "E-Bike",
      "child" : "Nein",
      "trailer" : "Nein",
      "pLoc" : "Lenker",
      "incident" : "Hindernis ausweichen (z.B. Hund)",
      "participant" : "Fußgänger",
      "scary" : "Nein",
      "descr" : "",
      "region" : "Wien"
    },
    "geometry" : {
      "type" : "Point",
      "coordinates" : [ 16.41354741, 48.23022904 ]
    }
  }, {
    "type" : "Feature",
    "properties" : {
      "date" : "14/06/2022 17:19:26",
      "bikeType" : "E-Bike",
      "child" : "Nein",
      "trailer" : "Nein",
      "pLoc" : "Lenker",
      "incident" : "Hindernis ausweichen (z.B. Hund)",
      "participant" : "Fußgänger",
      "scary" : "Nein",
      "descr" : "",
      "region" : "Wien"
    },
    "geometry" : {
      "type" : "Point",
      "coordinates" : [ 16.42577752, 48.23724112 ]
    }
  }, {
    "type" : "Feature",
    "properties" : {
      "date" : "14/06/2022 17:48:36",
      "bikeType" : "E-Bike",
      "child" : "Nein",
      "trailer" : "Nein",
      "pLoc" : "Lenker",
      "incident" : "Hindernis ausweichen (z.B. Hund)",
      "participant" : "PKW",
      "scary" : "Nein",
      "descr" : "",
      "region" : "Wien"
    },
    "geometry" : {
      "type" : "Point",
      "coordinates" : [ 16.36016559, 48.19756255 ]
    }
  }, {
    "type" : "Feature",
    "properties" : {
      "date" : "14/06/2022 17:53:47",
      "bikeType" : "E-Bike",
      "child" : "Nein",
      "trailer" : "Nein",
      "pLoc" : "Lenker",
      "incident" : "Hindernis ausweichen (z.B. Hund)",
      "participant" : "E-Scooter",
      "scary" : "Nein",
      "descr" : "",
      "region" : "Wien"
    },
    "geometry" : {
      "type" : "Point",
      "coordinates" : [ 16.34330492, 48.18839512 ]
    }
  }, {
    "type" : "Feature",
    "properties" : {
      "date" : "14/06/2022 18:34:11",
      "bikeType" : "E-Bike",
      "child" : "Nein",
      "trailer" : "Nein",
      "pLoc" : "Lenker",
      "incident" : "Zu dichtes Überholen",
      "participant" : "",
      "scary" : "Nein",
      "descr" : "",
      "region" : "Wien"
    },
    "geometry" : {
      "type" : "Point",
      "coordinates" : [ 16.16767669, 48.20151382 ]
    }
  }, {
    "type" : "Feature",
    "properties" : {
      "date" : "14/06/2022 17:42:37",
      "bikeType" : "E-Bike",
      "child" : "Nein",
      "trailer" : "Nein",
      "pLoc" : "Lenker",
      "incident" : "Beinahe-Abbiegeunfall",
      "participant" : "Fahrrad",
      "scary" : "Nein",
      "descr" : "",
      "region" : "Wien"
    },
    "geometry" : {
      "type" : "Point",
      "coordinates" : [ 16.37355214, 48.20123395 ]
    }
  }, {
    "type" : "Feature",
    "properties" : {
      "date" : "14/06/2022 18:38:49",
      "bikeType" : "E-Bike",
      "child" : "Nein",
      "trailer" : "Nein",
      "pLoc" : "Lenker",
      "incident" : "Zu dichtes Überholen",
      "participant" : "",
      "scary" : "Nein",
      "descr" : "",
      "region" : "Wien"
    },
    "geometry" : {
      "type" : "Point",
      "coordinates" : [ 16.14280615, 48.19511243 ]
    }
  }, {
    "type" : "Feature",
    "properties" : {
      "date" : "14/06/2022 17:31:06",
      "bikeType" : "E-Bike",
      "child" : "Nein",
      "trailer" : "Nein",
      "pLoc" : "Lenker",
      "incident" : "Hindernis ausweichen (z.B. Hund)",
      "participant" : "Fahrrad",
      "scary" : "Nein",
      "descr" : "",
      "region" : "Wien"
    },
    "geometry" : {
      "type" : "Point",
      "coordinates" : [ 16.39012756, 48.21788301 ]
    }
  }, {
    "type" : "Feature",
    "properties" : {
      "date" : "14/06/2022 17:55:36",
      "bikeType" : "E-Bike",
      "child" : "Nein",
      "trailer" : "Nein",
      "pLoc" : "Lenker",
      "incident" : "Hindernis ausweichen (z.B. Hund)",
      "participant" : "Fußgänger",
      "scary" : "Nein",
      "descr" : "",
      "region" : "Wien"
    },
    "geometry" : {
      "type" : "Point",
      "coordinates" : [ 16.33633959, 48.18511993 ]
    }
  }, {
    "type" : "Feature",
    "properties" : {
      "date" : "27/06/2022 17:24:27",
      "bikeType" : "Road Racing Bike",
      "child" : "Nein",
      "trailer" : "Nein",
      "pLoc" : "Hosentasche",
      "incident" : "Zu dichtes Überholen",
      "participant" : "PKW",
      "scary" : "Nein",
      "descr" : "",
      "region" : "Wien"
    },
    "geometry" : {
      "type" : "Point",
      "coordinates" : [ 16.31456023962267, 48.21280326096358 ]
    }
  }, {
    "type" : "Feature",
    "properties" : {
      "date" : "20/06/2022 12:56:54",
      "bikeType" : "Road Racing Bike",
      "child" : "Nein",
      "trailer" : "Nein",
      "pLoc" : "Hosentasche",
      "incident" : "Zu dichtes Überholen",
      "participant" : "PKW",
      "scary" : "Nein",
      "descr" : "",
      "region" : "Wien"
    },
    "geometry" : {
      "type" : "Point",
      "coordinates" : [ 16.35814803331326, 48.19135700711593 ]
    }
  }, {
    "type" : "Feature",
    "properties" : {
      "date" : "20/06/2022 13:00:55",
      "bikeType" : "Road Racing Bike",
      "child" : "Nein",
      "trailer" : "Nein",
      "pLoc" : "Hosentasche",
      "incident" : "Zu dichtes Überholen",
      "participant" : "PKW",
      "scary" : "Nein",
      "descr" : "",
      "region" : "Wien"
    },
    "geometry" : {
      "type" : "Point",
      "coordinates" : [ 16.349111308419225, 48.1956156991667 ]
    }
  }, {
    "type" : "Feature",
    "properties" : {
      "date" : "30/06/2022 07:13:32",
      "bikeType" : "E-Bike",
      "child" : "Nein",
      "trailer" : "Nein",
      "pLoc" : "Lenker",
      "incident" : "Zu dichtes Überholen",
      "participant" : "PKW",
      "scary" : "Nein",
      "descr" : "",
      "region" : "Wien"
    },
    "geometry" : {
      "type" : "Point",
      "coordinates" : [ 16.15427836, 48.19951296 ]
    }
  }, {
    "type" : "Feature",
    "properties" : {
      "date" : "24/06/2022 12:52:52",
      "bikeType" : "Road Racing Bike",
      "child" : "Nein",
      "trailer" : "Nein",
      "pLoc" : "Hosentasche",
      "incident" : "Zu dichtes Überholen",
      "participant" : "Taxi",
      "scary" : "Nein",
      "descr" : "",
      "region" : "Wien"
    },
    "geometry" : {
      "type" : "Point",
      "coordinates" : [ 16.352049007222842, 48.20436525480942 ]
    }
  }, {
    "type" : "Feature",
    "properties" : {
      "date" : "20/06/2022 10:40:01",
      "bikeType" : "Road Racing Bike",
      "child" : "Nein",
      "trailer" : "Nein",
      "pLoc" : "Hosentasche",
      "incident" : "Entgegenkommender Verkehrsteilnehmer",
      "participant" : "PKW",
      "scary" : "Nein",
      "descr" : "",
      "region" : "Wien"
    },
    "geometry" : {
      "type" : "Point",
      "coordinates" : [ 16.349817795722018, 48.19663152421607 ]
    }
  }, {
    "type" : "Feature",
    "properties" : {
      "date" : "22/06/2022 17:21:56",
      "bikeType" : "E-Bike",
      "child" : "Nein",
      "trailer" : "Nein",
      "pLoc" : "Lenker",
      "incident" : "Hindernis ausweichen (z.B. Hund)",
      "participant" : "",
      "scary" : "Nein",
      "descr" : "",
      "region" : "Wien"
    },
    "geometry" : {
      "type" : "Point",
      "coordinates" : [ 16.36720077, 48.20111823 ]
    }
  }, {
    "type" : "Feature",
    "properties" : {
      "date" : "22/06/2022 07:07:10",
      "bikeType" : "E-Bike",
      "child" : "Nein",
      "trailer" : "Nein",
      "pLoc" : "Lenker",
      "incident" : "Zu dichtes Überholen",
      "participant" : "",
      "scary" : "Nein",
      "descr" : "",
      "region" : "Wien"
    },
    "geometry" : {
      "type" : "Point",
      "coordinates" : [ 16.13013256, 48.19112727 ]
    }
  }, {
    "type" : "Feature",
    "properties" : {
      "date" : "19/06/2022 15:02:47",
      "bikeType" : "Road Racing Bike",
      "child" : "Nein",
      "trailer" : "Nein",
      "pLoc" : "Hosentasche",
      "incident" : "Zu dichtes Überholen",
      "participant" : "PKW",
      "scary" : "Nein",
      "descr" : "",
      "region" : "Wien"
    },
    "geometry" : {
      "type" : "Point",
      "coordinates" : [ 16.35258859694495, 48.18728372666699 ]
    }
  }, {
    "type" : "Feature",
    "properties" : {
      "date" : "23/06/2022 10:03:19",
      "bikeType" : "Road Racing Bike",
      "child" : "Nein",
      "trailer" : "Nein",
      "pLoc" : "Hosentasche",
      "incident" : "Beinahe-Abbiegeunfall",
      "participant" : "PKW",
      "scary" : "Nein",
      "descr" : "",
      "region" : "Wien"
    },
    "geometry" : {
      "type" : "Point",
      "coordinates" : [ 16.354824779729654, 48.204218425579796 ]
    }
  }, {
    "type" : "Feature",
    "properties" : {
      "date" : "23/06/2022 10:10:03",
      "bikeType" : "Road Racing Bike",
      "child" : "Nein",
      "trailer" : "Nein",
      "pLoc" : "Hosentasche",
      "incident" : "Zu dichtes Überholen",
      "participant" : "Fahrrad",
      "scary" : "Nein",
      "descr" : "",
      "region" : "Wien"
    },
    "geometry" : {
      "type" : "Point",
      "coordinates" : [ 16.372354030285013, 48.19664770502463 ]
    }
  }, {
    "type" : "Feature",
    "properties" : {
      "date" : "23/06/2022 10:10:24",
      "bikeType" : "Road Racing Bike",
      "child" : "Nein",
      "trailer" : "Nein",
      "pLoc" : "Hosentasche",
      "incident" : "Zu dichtes Überholen",
      "participant" : "Fahrrad",
      "scary" : "Nein",
      "descr" : "",
      "region" : "Wien"
    },
    "geometry" : {
      "type" : "Point",
      "coordinates" : [ 16.372901155709712, 48.19540206501123 ]
    }
  }, {
    "type" : "Feature",
    "properties" : {
      "date" : "23/06/2022 10:10:55",
      "bikeType" : "Road Racing Bike",
      "child" : "Nein",
      "trailer" : "Nein",
      "pLoc" : "Hosentasche",
      "incident" : "Zu dichtes Überholen",
      "participant" : "Fahrrad",
      "scary" : "Nein",
      "descr" : "",
      "region" : "Wien"
    },
    "geometry" : {
      "type" : "Point",
      "coordinates" : [ 16.373981500724234, 48.193686391482544 ]
    }
  }, {
    "type" : "Feature",
    "properties" : {
      "date" : "28/06/2022 08:32:28",
      "bikeType" : "E-Bike",
      "child" : "Nein",
      "trailer" : "Nein",
      "pLoc" : "Lenker",
      "incident" : "Hindernis ausweichen (z.B. Hund)",
      "participant" : "",
      "scary" : "Nein",
      "descr" : "",
      "region" : "Wien"
    },
    "geometry" : {
      "type" : "Point",
      "coordinates" : [ 16.41171277, 48.22925694 ]
    }
  }, {
    "type" : "Feature",
    "properties" : {
      "date" : "28/06/2022 08:33:37",
      "bikeType" : "E-Bike",
      "child" : "Nein",
      "trailer" : "Nein",
      "pLoc" : "Lenker",
      "incident" : "Hindernis ausweichen (z.B. Hund)",
      "participant" : "Fußgänger",
      "scary" : "Nein",
      "descr" : "",
      "region" : "Wien"
    },
    "geometry" : {
      "type" : "Point",
      "coordinates" : [ 16.416558, 48.23174558 ]
    }
  }, {
    "type" : "Feature",
    "properties" : {
      "date" : "28/06/2022 08:36:50",
      "bikeType" : "E-Bike",
      "child" : "Nein",
      "trailer" : "Nein",
      "pLoc" : "Lenker",
      "incident" : "Hindernis ausweichen (z.B. Hund)",
      "participant" : "Fußgänger",
      "scary" : "Nein",
      "descr" : "",
      "region" : "Wien"
    },
    "geometry" : {
      "type" : "Point",
      "coordinates" : [ 16.42791674, 48.23831685 ]
    }
  }, {
    "type" : "Feature",
    "properties" : {
      "date" : "28/06/2022 17:23:40",
      "bikeType" : "E-Bike",
      "child" : "Nein",
      "trailer" : "Nein",
      "pLoc" : "Lenker",
      "incident" : "Hindernis ausweichen (z.B. Hund)",
      "participant" : "",
      "scary" : "Nein",
      "descr" : "",
      "region" : "Wien"
    },
    "geometry" : {
      "type" : "Point",
      "coordinates" : [ 16.42770821, 48.24603537 ]
    }
  }, {
    "type" : "Feature",
    "properties" : {
      "date" : "16/06/2022 12:19:30",
      "bikeType" : "Road Racing Bike",
      "child" : "Nein",
      "trailer" : "Nein",
      "pLoc" : "Hosentasche",
      "incident" : "Beinahe-Abbiegeunfall",
      "participant" : "PKW",
      "scary" : "Ja",
      "descr" : "",
      "region" : "Wien"
    },
    "geometry" : {
      "type" : "Point",
      "coordinates" : [ 16.352116802787197, 48.18807111761831 ]
    }
  }, {
    "type" : "Feature",
    "properties" : {
      "date" : "23/06/2022 07:45:46",
      "bikeType" : "E-Bike",
      "child" : "Nein",
      "trailer" : "Nein",
      "pLoc" : "Lenker",
      "incident" : "Zu dichtes Überholen",
      "participant" : "PKW",
      "scary" : "Ja",
      "descr" : "",
      "region" : "Wien"
    },
    "geometry" : {
      "type" : "Point",
      "coordinates" : [ 16.1263548, 48.1896266 ]
    }
  }, {
    "type" : "Feature",
    "properties" : {
      "date" : "23/06/2022 07:51:06",
      "bikeType" : "E-Bike",
      "child" : "Nein",
      "trailer" : "Nein",
      "pLoc" : "Lenker",
      "incident" : "Zu dichtes Überholen",
      "participant" : "",
      "scary" : "Nein",
      "descr" : "",
      "region" : "Wien"
    },
    "geometry" : {
      "type" : "Point",
      "coordinates" : [ 16.15550947, 48.19981457 ]
    }
  }, {
    "type" : "Feature",
    "properties" : {
      "date" : "23/06/2022 07:51:30",
      "bikeType" : "E-Bike",
      "child" : "Nein",
      "trailer" : "Nein",
      "pLoc" : "Lenker",
      "incident" : "Zu dichtes Überholen",
      "participant" : "",
      "scary" : "Nein",
      "descr" : "",
      "region" : "Wien"
    },
    "geometry" : {
      "type" : "Point",
      "coordinates" : [ 16.15796651, 48.20011022 ]
    }
  }, {
    "type" : "Feature",
    "properties" : {
      "date" : "10/06/2022 08:36:36",
      "bikeType" : "E-Bike",
      "child" : "Nein",
      "trailer" : "Nein",
      "pLoc" : "Lenker",
      "incident" : "Hindernis ausweichen (z.B. Hund)",
      "participant" : "Fußgänger",
      "scary" : "Nein",
      "descr" : "",
      "region" : "Wien"
    },
    "geometry" : {
      "type" : "Point",
      "coordinates" : [ 16.42567348, 48.242828 ]
    }
  }, {
    "type" : "Feature",
    "properties" : {
      "date" : "10/06/2022 08:28:56",
      "bikeType" : "E-Bike",
      "child" : "Nein",
      "trailer" : "Nein",
      "pLoc" : "Lenker",
      "incident" : "Hindernis ausweichen (z.B. Hund)",
      "participant" : "Fahrrad",
      "scary" : "Nein",
      "descr" : "",
      "region" : "Wien"
    },
    "geometry" : {
      "type" : "Point",
      "coordinates" : [ 16.40371659, 48.22482812 ]
    }
  }, {
    "type" : "Feature",
    "properties" : {
      "date" : "10/06/2022 07:08:12",
      "bikeType" : "E-Bike",
      "child" : "Nein",
      "trailer" : "Nein",
      "pLoc" : "Lenker",
      "incident" : "Hindernis ausweichen (z.B. Hund)",
      "participant" : "",
      "scary" : "Nein",
      "descr" : "",
      "region" : "Wien"
    },
    "geometry" : {
      "type" : "Point",
      "coordinates" : [ 16.09999923, 48.18432351 ]
    }
  }, {
    "type" : "Feature",
    "properties" : {
      "date" : "10/06/2022 07:33:56",
      "bikeType" : "E-Bike",
      "child" : "Nein",
      "trailer" : "Nein",
      "pLoc" : "Lenker",
      "incident" : "Hindernis ausweichen (z.B. Hund)",
      "participant" : "",
      "scary" : "Nein",
      "descr" : "",
      "region" : "Wien"
    },
    "geometry" : {
      "type" : "Point",
      "coordinates" : [ 16.21511965, 48.20594812 ]
    }
  }, {
    "type" : "Feature",
    "properties" : {
      "date" : "10/06/2022 07:34:42",
      "bikeType" : "E-Bike",
      "child" : "Nein",
      "trailer" : "Nein",
      "pLoc" : "Lenker",
      "incident" : "Hindernis ausweichen (z.B. Hund)",
      "participant" : "",
      "scary" : "Nein",
      "descr" : "",
      "region" : "Wien"
    },
    "geometry" : {
      "type" : "Point",
      "coordinates" : [ 16.21881767, 48.2045212 ]
    }
  }, {
    "type" : "Feature",
    "properties" : {
      "date" : "10/06/2022 08:30:39",
      "bikeType" : "E-Bike",
      "child" : "Nein",
      "trailer" : "Nein",
      "pLoc" : "Lenker",
      "incident" : "Hindernis ausweichen (z.B. Hund)",
      "participant" : "",
      "scary" : "Nein",
      "descr" : "",
      "region" : "Wien"
    },
    "geometry" : {
      "type" : "Point",
      "coordinates" : [ 16.41171731, 48.22914603 ]
    }
  }, {
    "type" : "Feature",
    "properties" : {
      "date" : "10/06/2022 08:31:09",
      "bikeType" : "E-Bike",
      "child" : "Nein",
      "trailer" : "Nein",
      "pLoc" : "Lenker",
      "incident" : "Hindernis ausweichen (z.B. Hund)",
      "participant" : "",
      "scary" : "Nein",
      "descr" : "",
      "region" : "Wien"
    },
    "geometry" : {
      "type" : "Point",
      "coordinates" : [ 16.41393371, 48.23033297 ]
    }
  }, {
    "type" : "Feature",
    "properties" : {
      "date" : "10/06/2022 08:40:13",
      "bikeType" : "E-Bike",
      "child" : "Nein",
      "trailer" : "Nein",
      "pLoc" : "Lenker",
      "incident" : "Hindernis ausweichen (z.B. Hund)",
      "participant" : "",
      "scary" : "Nein",
      "descr" : "",
      "region" : "Wien"
    },
    "geometry" : {
      "type" : "Point",
      "coordinates" : [ 16.42649374, 48.25422295 ]
    }
  }, {
    "type" : "Feature",
    "properties" : {
      "date" : "10/06/2022 18:02:41",
      "bikeType" : "E-Bike",
      "child" : "Nein",
      "trailer" : "Nein",
      "pLoc" : "Lenker",
      "incident" : "Hindernis ausweichen (z.B. Hund)",
      "participant" : "PKW",
      "scary" : "Nein",
      "descr" : "",
      "region" : "Wien"
    },
    "geometry" : {
      "type" : "Point",
      "coordinates" : [ 16.25466052, 48.19828661 ]
    }
  }, {
    "type" : "Feature",
    "properties" : {
      "date" : "10/06/2022 17:43:55",
      "bikeType" : "E-Bike",
      "child" : "Nein",
      "trailer" : "Nein",
      "pLoc" : "Lenker",
      "incident" : "Entgegenkommender Verkehrsteilnehmer",
      "participant" : "Fahrrad",
      "scary" : "Nein",
      "descr" : "",
      "region" : "Wien"
    },
    "geometry" : {
      "type" : "Point",
      "coordinates" : [ 16.32057543, 48.18593656 ]
    }
  }, {
    "type" : "Feature",
    "properties" : {
      "date" : "10/06/2022 17:49:11",
      "bikeType" : "E-Bike",
      "child" : "Nein",
      "trailer" : "Nein",
      "pLoc" : "Lenker",
      "incident" : "Hindernis ausweichen (z.B. Hund)",
      "participant" : "PKW",
      "scary" : "Nein",
      "descr" : "",
      "region" : "Wien"
    },
    "geometry" : {
      "type" : "Point",
      "coordinates" : [ 16.30214658, 48.18778208 ]
    }
  }, {
    "type" : "Feature",
    "properties" : {
      "date" : "10/06/2022 17:49:20",
      "bikeType" : "E-Bike",
      "child" : "Nein",
      "trailer" : "Nein",
      "pLoc" : "Lenker",
      "incident" : "Hindernis ausweichen (z.B. Hund)",
      "participant" : "PKW",
      "scary" : "Nein",
      "descr" : "",
      "region" : "Wien"
    },
    "geometry" : {
      "type" : "Point",
      "coordinates" : [ 16.30135055, 48.18781031 ]
    }
  }, {
    "type" : "Feature",
    "properties" : {
      "date" : "10/06/2022 17:49:35",
      "bikeType" : "E-Bike",
      "child" : "Nein",
      "trailer" : "Nein",
      "pLoc" : "Lenker",
      "incident" : "Zu dichtes Überholen",
      "participant" : "",
      "scary" : "Nein",
      "descr" : "",
      "region" : "Wien"
    },
    "geometry" : {
      "type" : "Point",
      "coordinates" : [ 16.30004704, 48.1880186 ]
    }
  }, {
    "type" : "Feature",
    "properties" : {
      "date" : "10/06/2022 17:49:38",
      "bikeType" : "E-Bike",
      "child" : "Nein",
      "trailer" : "Nein",
      "pLoc" : "Lenker",
      "incident" : "Zu dichtes Überholen",
      "participant" : "PKW",
      "scary" : "Nein",
      "descr" : "",
      "region" : "Wien"
    },
    "geometry" : {
      "type" : "Point",
      "coordinates" : [ 16.2998249, 48.18805226 ]
    }
  }, {
    "type" : "Feature",
    "properties" : {
      "date" : "10/06/2022 17:50:24",
      "bikeType" : "E-Bike",
      "child" : "Nein",
      "trailer" : "Nein",
      "pLoc" : "Lenker",
      "incident" : "Hindernis ausweichen (z.B. Hund)",
      "participant" : "PKW",
      "scary" : "Nein",
      "descr" : "",
      "region" : "Wien"
    },
    "geometry" : {
      "type" : "Point",
      "coordinates" : [ 16.29830018, 48.18707141 ]
    }
  }, {
    "type" : "Feature",
    "properties" : {
      "date" : "10/06/2022 18:22:08",
      "bikeType" : "E-Bike",
      "child" : "Nein",
      "trailer" : "Nein",
      "pLoc" : "Lenker",
      "incident" : "Zu dichtes Überholen",
      "participant" : "",
      "scary" : "Nein",
      "descr" : "",
      "region" : "Wien"
    },
    "geometry" : {
      "type" : "Point",
      "coordinates" : [ 16.17484684, 48.20533083 ]
    }
  }, {
    "type" : "Feature",
    "properties" : {
      "date" : "10/06/2022 18:26:27",
      "bikeType" : "E-Bike",
      "child" : "Nein",
      "trailer" : "Nein",
      "pLoc" : "Lenker",
      "incident" : "Zu dichtes Überholen",
      "participant" : "",
      "scary" : "Nein",
      "descr" : "",
      "region" : "Wien"
    },
    "geometry" : {
      "type" : "Point",
      "coordinates" : [ 16.15583218, 48.1999174 ]
    }
  }, {
    "type" : "Feature",
    "properties" : {
      "date" : "10/06/2022 18:32:20",
      "bikeType" : "E-Bike",
      "child" : "Nein",
      "trailer" : "Nein",
      "pLoc" : "Lenker",
      "incident" : "Zu dichtes Überholen",
      "participant" : "",
      "scary" : "Nein",
      "descr" : "",
      "region" : "Wien"
    },
    "geometry" : {
      "type" : "Point",
      "coordinates" : [ 16.1263089, 48.18966772 ]
    }
  }, {
    "type" : "Feature",
    "properties" : {
      "date" : "09/06/2022 13:53:53",
      "bikeType" : "E-Bike",
      "child" : "Nein",
      "trailer" : "Nein",
      "pLoc" : "Lenker",
      "incident" : "Hindernis ausweichen (z.B. Hund)",
      "participant" : "",
      "scary" : "Nein",
      "descr" : "",
      "region" : "Wien"
    },
    "geometry" : {
      "type" : "Point",
      "coordinates" : [ 16.4009868, 48.25570153 ]
    }
  }, {
    "type" : "Feature",
    "properties" : {
      "date" : "09/06/2022 13:49:42",
      "bikeType" : "E-Bike",
      "child" : "Nein",
      "trailer" : "Nein",
      "pLoc" : "Lenker",
      "incident" : "Zu dichtes Überholen",
      "participant" : "",
      "scary" : "Nein",
      "descr" : "",
      "region" : "Wien"
    },
    "geometry" : {
      "type" : "Point",
      "coordinates" : [ 16.41483841, 48.26012602 ]
    }
  }, {
    "type" : "Feature",
    "properties" : {
      "date" : "09/06/2022 13:50:30",
      "bikeType" : "E-Bike",
      "child" : "Nein",
      "trailer" : "Nein",
      "pLoc" : "Lenker",
      "incident" : "Zu dichtes Überholen",
      "participant" : "",
      "scary" : "Nein",
      "descr" : "",
      "region" : "Wien"
    },
    "geometry" : {
      "type" : "Point",
      "coordinates" : [ 16.41214848, 48.25948208 ]
    }
  }, {
    "type" : "Feature",
    "properties" : {
      "date" : "09/06/2022 13:50:39",
      "bikeType" : "E-Bike",
      "child" : "Nein",
      "trailer" : "Nein",
      "pLoc" : "Lenker",
      "incident" : "Zu dichtes Überholen",
      "participant" : "",
      "scary" : "Nein",
      "descr" : "",
      "region" : "Wien"
    },
    "geometry" : {
      "type" : "Point",
      "coordinates" : [ 16.41122093, 48.2592696 ]
    }
  }, {
    "type" : "Feature",
    "properties" : {
      "date" : "09/06/2022 13:54:01",
      "bikeType" : "E-Bike",
      "child" : "Nein",
      "trailer" : "Nein",
      "pLoc" : "Lenker",
      "incident" : "Hindernis ausweichen (z.B. Hund)",
      "participant" : "",
      "scary" : "Nein",
      "descr" : "",
      "region" : "Wien"
    },
    "geometry" : {
      "type" : "Point",
      "coordinates" : [ 16.40088425, 48.25553457 ]
    }
  }, {
    "type" : "Feature",
    "properties" : {
      "date" : "29/06/2022 06:53:11",
      "bikeType" : "E-Bike",
      "child" : "Nein",
      "trailer" : "Nein",
      "pLoc" : "Lenker",
      "incident" : "Hindernis ausweichen (z.B. Hund)",
      "participant" : "",
      "scary" : "Nein",
      "descr" : "",
      "region" : "Wien"
    },
    "geometry" : {
      "type" : "Point",
      "coordinates" : [ 16.10228606, 48.18444367 ]
    }
  }, {
    "type" : "Feature",
    "properties" : {
      "date" : "27/06/2022 07:20:59",
      "bikeType" : "E-Bike",
      "child" : "Nein",
      "trailer" : "Nein",
      "pLoc" : "Lenker",
      "incident" : "Zu dichtes Überholen",
      "participant" : "",
      "scary" : "Nein",
      "descr" : "",
      "region" : "Wien"
    },
    "geometry" : {
      "type" : "Point",
      "coordinates" : [ 16.15628503, 48.19990926 ]
    }
  }, {
    "type" : "Feature",
    "properties" : {
      "date" : "29/06/2022 17:38:28",
      "bikeType" : "E-Bike",
      "child" : "Nein",
      "trailer" : "Nein",
      "pLoc" : "Lenker",
      "incident" : "Beinahe-Dooring",
      "participant" : "",
      "scary" : "Ja",
      "descr" : "Taxi hält halb am Radweg, Kunde öffnet die Tür ",
      "region" : "Wien"
    },
    "geometry" : {
      "type" : "Point",
      "coordinates" : [ 16.3621064, 48.19821291 ]
    }
  }, {
    "type" : "Feature",
    "properties" : {
      "date" : "29/06/2022 07:41:51",
      "bikeType" : "E-Bike",
      "child" : "Nein",
      "trailer" : "Nein",
      "pLoc" : "Lenker",
      "incident" : "Hindernis ausweichen (z.B. Hund)",
      "participant" : "",
      "scary" : "Nein",
      "descr" : "",
      "region" : "Wien"
    },
    "geometry" : {
      "type" : "Point",
      "coordinates" : [ 16.33046379, 48.18350184 ]
    }
  }, {
    "type" : "Feature",
    "properties" : {
      "date" : "28/06/2022 18:39:59",
      "bikeType" : "E-Bike",
      "child" : "Nein",
      "trailer" : "Nein",
      "pLoc" : "Lenker",
      "incident" : "Zu dichtes Überholen",
      "participant" : "",
      "scary" : "Nein",
      "descr" : "",
      "region" : "Wien"
    },
    "geometry" : {
      "type" : "Point",
      "coordinates" : [ 16.15932135, 48.20033524 ]
    }
  }, {
    "type" : "Feature",
    "properties" : {
      "date" : "28/06/2022 18:47:44",
      "bikeType" : "E-Bike",
      "child" : "Nein",
      "trailer" : "Nein",
      "pLoc" : "Lenker",
      "incident" : "Hindernis ausweichen (z.B. Hund)",
      "participant" : "",
      "scary" : "Nein",
      "descr" : "",
      "region" : "Wien"
    },
    "geometry" : {
      "type" : "Point",
      "coordinates" : [ 16.12273701, 48.18521575 ]
    }
  }, {
    "type" : "Feature",
    "properties" : {
      "date" : "24/06/2022 17:04:05",
      "bikeType" : "E-Bike",
      "child" : "Nein",
      "trailer" : "Nein",
      "pLoc" : "Lenker",
      "incident" : "Hindernis ausweichen (z.B. Hund)",
      "participant" : "",
      "scary" : "Nein",
      "descr" : "",
      "region" : "Wien"
    },
    "geometry" : {
      "type" : "Point",
      "coordinates" : [ 16.40404726, 48.22487427 ]
    }
  }, {
    "type" : "Feature",
    "properties" : {
      "date" : "24/06/2022 17:53:45",
      "bikeType" : "E-Bike",
      "child" : "Nein",
      "trailer" : "Nein",
      "pLoc" : "Lenker",
      "incident" : "Hindernis ausweichen (z.B. Hund)",
      "participant" : "",
      "scary" : "Nein",
      "descr" : "",
      "region" : "Wien"
    },
    "geometry" : {
      "type" : "Point",
      "coordinates" : [ 16.25285147, 48.19963488 ]
    }
  }, {
    "type" : "Feature",
    "properties" : {
      "date" : "24/06/2022 18:01:06",
      "bikeType" : "E-Bike",
      "child" : "Nein",
      "trailer" : "Nein",
      "pLoc" : "Lenker",
      "incident" : "Hindernis ausweichen (z.B. Hund)",
      "participant" : "",
      "scary" : "Nein",
      "descr" : "",
      "region" : "Wien"
    },
    "geometry" : {
      "type" : "Point",
      "coordinates" : [ 16.21494518, 48.2060677 ]
    }
  }, {
    "type" : "Feature",
    "properties" : {
      "date" : "24/06/2022 18:10:24",
      "bikeType" : "E-Bike",
      "child" : "Nein",
      "trailer" : "Nein",
      "pLoc" : "Lenker",
      "incident" : "Zu dichtes Überholen",
      "participant" : "",
      "scary" : "Nein",
      "descr" : "",
      "region" : "Wien"
    },
    "geometry" : {
      "type" : "Point",
      "coordinates" : [ 16.17515867, 48.20551734 ]
    }
  }, {
    "type" : "Feature",
    "properties" : {
      "date" : "24/06/2022 18:14:32",
      "bikeType" : "E-Bike",
      "child" : "Nein",
      "trailer" : "Nein",
      "pLoc" : "Lenker",
      "incident" : "Zu dichtes Überholen",
      "participant" : "",
      "scary" : "Nein",
      "descr" : "",
      "region" : "Wien"
    },
    "geometry" : {
      "type" : "Point",
      "coordinates" : [ 16.15969321, 48.20034863 ]
    }
  }, {
    "type" : "Feature",
    "properties" : {
      "date" : "24/06/2022 18:16:00",
      "bikeType" : "E-Bike",
      "child" : "Nein",
      "trailer" : "Nein",
      "pLoc" : "Lenker",
      "incident" : "Zu dichtes Überholen",
      "participant" : "",
      "scary" : "Nein",
      "descr" : "",
      "region" : "Wien"
    },
    "geometry" : {
      "type" : "Point",
      "coordinates" : [ 16.15164547, 48.19843776 ]
    }
  }, {
    "type" : "Feature",
    "properties" : {
      "date" : "24/06/2022 18:27:42",
      "bikeType" : "E-Bike",
      "child" : "Nein",
      "trailer" : "Nein",
      "pLoc" : "Lenker",
      "incident" : "Zu dichtes Überholen",
      "participant" : "",
      "scary" : "Nein",
      "descr" : "",
      "region" : "Wien"
    },
    "geometry" : {
      "type" : "Point",
      "coordinates" : [ 16.09572175, 48.18480034 ]
    }
  }, {
    "type" : "Feature",
    "properties" : {
      "date" : "24/06/2022 18:28:01",
      "bikeType" : "E-Bike",
      "child" : "Nein",
      "trailer" : "Nein",
      "pLoc" : "Lenker",
      "incident" : "Hindernis ausweichen (z.B. Hund)",
      "participant" : "",
      "scary" : "Nein",
      "descr" : "",
      "region" : "Wien"
    },
    "geometry" : {
      "type" : "Point",
      "coordinates" : [ 16.09399347, 48.18496065 ]
    }
  }, {
    "type" : "Feature",
    "properties" : {
      "date" : "15/06/2022 07:10:12",
      "bikeType" : "E-Bike",
      "child" : "Nein",
      "trailer" : "Nein",
      "pLoc" : "Lenker",
      "incident" : "Zu dichtes Überholen",
      "participant" : "",
      "scary" : "Nein",
      "descr" : "",
      "region" : "Wien"
    },
    "geometry" : {
      "type" : "Point",
      "coordinates" : [ 16.13581117, 48.19399228 ]
    }
  }, {
    "type" : "Feature",
    "properties" : {
      "date" : "15/06/2022 07:11:54",
      "bikeType" : "E-Bike",
      "child" : "Nein",
      "trailer" : "Nein",
      "pLoc" : "Lenker",
      "incident" : "Zu dichtes Überholen",
      "participant" : "",
      "scary" : "Nein",
      "descr" : "",
      "region" : "Wien"
    },
    "geometry" : {
      "type" : "Point",
      "coordinates" : [ 16.1456154, 48.19667656 ]
    }
  }, {
    "type" : "Feature",
    "properties" : {
      "date" : "15/06/2022 07:13:37",
      "bikeType" : "E-Bike",
      "child" : "Nein",
      "trailer" : "Nein",
      "pLoc" : "Lenker",
      "incident" : "Zu dichtes Überholen",
      "participant" : "",
      "scary" : "Nein",
      "descr" : "",
      "region" : "Wien"
    },
    "geometry" : {
      "type" : "Point",
      "coordinates" : [ 16.15512271, 48.19976528 ]
    }
  }, {
    "type" : "Feature",
    "properties" : {
      "date" : "15/06/2022 07:14:31",
      "bikeType" : "E-Bike",
      "child" : "Nein",
      "trailer" : "Nein",
      "pLoc" : "Lenker",
      "incident" : "Zu dichtes Überholen",
      "participant" : "",
      "scary" : "Nein",
      "descr" : "",
      "region" : "Wien"
    },
    "geometry" : {
      "type" : "Point",
      "coordinates" : [ 16.16124232, 48.20052282 ]
    }
  }, {
    "type" : "Feature",
    "properties" : {
      "date" : "15/06/2022 08:03:43",
      "bikeType" : "E-Bike",
      "child" : "Nein",
      "trailer" : "Nein",
      "pLoc" : "Lenker",
      "incident" : "Hindernis ausweichen (z.B. Hund)",
      "participant" : "",
      "scary" : "Nein",
      "descr" : "",
      "region" : "Wien"
    },
    "geometry" : {
      "type" : "Point",
      "coordinates" : [ 16.35176066, 48.19165507 ]
    }
  }, {
    "type" : "Feature",
    "properties" : {
      "date" : "15/06/2022 08:06:14",
      "bikeType" : "E-Bike",
      "child" : "Nein",
      "trailer" : "Nein",
      "pLoc" : "Lenker",
      "incident" : "Hindernis ausweichen (z.B. Hund)",
      "participant" : "",
      "scary" : "Nein",
      "descr" : "",
      "region" : "Wien"
    },
    "geometry" : {
      "type" : "Point",
      "coordinates" : [ 16.35917299, 48.19737714 ]
    }
  }, {
    "type" : "Feature",
    "properties" : {
      "date" : "21/06/2022 07:35:54",
      "bikeType" : "E-Bike",
      "child" : "Nein",
      "trailer" : "Nein",
      "pLoc" : "Lenker",
      "incident" : "Zu dichtes Überholen",
      "participant" : "",
      "scary" : "Nein",
      "descr" : "",
      "region" : "Wien"
    },
    "geometry" : {
      "type" : "Point",
      "coordinates" : [ 16.15396854, 48.19941234 ]
    }
  }, {
    "type" : "Feature",
    "properties" : {
      "date" : "21/06/2022 08:52:17",
      "bikeType" : "E-Bike",
      "child" : "Nein",
      "trailer" : "Nein",
      "pLoc" : "Lenker",
      "incident" : "Hindernis ausweichen (z.B. Hund)",
      "participant" : "",
      "scary" : "Nein",
      "descr" : "",
      "region" : "Wien"
    },
    "geometry" : {
      "type" : "Point",
      "coordinates" : [ 16.42769092, 48.2486777 ]
    }
  }, {
    "type" : "Feature",
    "properties" : {
      "date" : "23/06/2022 16:56:33",
      "bikeType" : "E-Bike",
      "child" : "Nein",
      "trailer" : "Nein",
      "pLoc" : "Lenker",
      "incident" : "Hindernis ausweichen (z.B. Hund)",
      "participant" : "",
      "scary" : "Nein",
      "descr" : "",
      "region" : "Wien"
    },
    "geometry" : {
      "type" : "Point",
      "coordinates" : [ 16.41117659, 48.22886205 ]
    }
  }, {
    "type" : "Feature",
    "properties" : {
      "date" : "23/06/2022 17:18:00",
      "bikeType" : "E-Bike",
      "child" : "Nein",
      "trailer" : "Nein",
      "pLoc" : "Lenker",
      "incident" : "Hindernis ausweichen (z.B. Hund)",
      "participant" : "",
      "scary" : "Nein",
      "descr" : "",
      "region" : "Wien"
    },
    "geometry" : {
      "type" : "Point",
      "coordinates" : [ 16.35568146, 48.1965749 ]
    }
  }, {
    "type" : "Feature",
    "properties" : {
      "date" : "23/06/2022 18:10:29",
      "bikeType" : "E-Bike",
      "child" : "Nein",
      "trailer" : "Nein",
      "pLoc" : "Lenker",
      "incident" : "Zu dichtes Überholen",
      "participant" : "",
      "scary" : "Nein",
      "descr" : "",
      "region" : "Wien"
    },
    "geometry" : {
      "type" : "Point",
      "coordinates" : [ 16.12887345, 48.19067448 ]
    }
  }, {
    "type" : "Feature",
    "properties" : {
      "date" : "23/06/2022 18:17:55",
      "bikeType" : "E-Bike",
      "child" : "Nein",
      "trailer" : "Nein",
      "pLoc" : "Lenker",
      "incident" : "Hindernis ausweichen (z.B. Hund)",
      "participant" : "",
      "scary" : "Nein",
      "descr" : "",
      "region" : "Wien"
    },
    "geometry" : {
      "type" : "Point",
      "coordinates" : [ 16.09906706, 48.18442408 ]
    }
  }, {
    "type" : "Feature",
    "properties" : {
      "date" : "23/06/2022 18:18:59",
      "bikeType" : "E-Bike",
      "child" : "Nein",
      "trailer" : "Nein",
      "pLoc" : "Lenker",
      "incident" : "Hindernis ausweichen (z.B. Hund)",
      "participant" : "",
      "scary" : "Nein",
      "descr" : "",
      "region" : "Wien"
    },
    "geometry" : {
      "type" : "Point",
      "coordinates" : [ 16.09434488, 48.18499542 ]
    }
  }, {
    "type" : "Feature",
    "properties" : {
      "date" : "23/06/2022 18:19:02",
      "bikeType" : "E-Bike",
      "child" : "Nein",
      "trailer" : "Nein",
      "pLoc" : "Lenker",
      "incident" : "Hindernis ausweichen (z.B. Hund)",
      "participant" : "",
      "scary" : "Nein",
      "descr" : "",
      "region" : "Wien"
    },
    "geometry" : {
      "type" : "Point",
      "coordinates" : [ 16.0941122, 48.18499294 ]
    }
  }, {
    "type" : "Feature",
    "properties" : {
      "date" : "23/06/2022 18:20:02",
      "bikeType" : "E-Bike",
      "child" : "Nein",
      "trailer" : "Nein",
      "pLoc" : "Lenker",
      "incident" : "Zu dichtes Überholen",
      "participant" : "",
      "scary" : "Nein",
      "descr" : "",
      "region" : "Wien"
    },
    "geometry" : {
      "type" : "Point",
      "coordinates" : [ 16.08945838, 48.18296756 ]
    }
  }, {
    "type" : "Feature",
    "properties" : {
      "date" : "23/06/2022 18:20:56",
      "bikeType" : "E-Bike",
      "child" : "Nein",
      "trailer" : "Nein",
      "pLoc" : "Lenker",
      "incident" : "Zu dichtes Überholen",
      "participant" : "",
      "scary" : "Nein",
      "descr" : "",
      "region" : "Wien"
    },
    "geometry" : {
      "type" : "Point",
      "coordinates" : [ 16.08444402, 48.18209846 ]
    }
  }, {
    "type" : "Feature",
    "properties" : {
      "date" : "29/06/2022 17:09:57",
      "bikeType" : "E-Bike",
      "child" : "Nein",
      "trailer" : "Nein",
      "pLoc" : "Lenker",
      "incident" : "Hindernis ausweichen (z.B. Hund)",
      "participant" : "Fahrrad, Fußgänger, E-Scooter",
      "scary" : "Nein",
      "descr" : "",
      "region" : "Wien"
    },
    "geometry" : {
      "type" : "Point",
      "coordinates" : [ 16.42882633, 48.23896996 ]
    }
  }, {
    "type" : "Feature",
    "properties" : {
      "date" : "29/06/2022 17:11:12",
      "bikeType" : "E-Bike",
      "child" : "Nein",
      "trailer" : "Nein",
      "pLoc" : "Lenker",
      "incident" : "Hindernis ausweichen (z.B. Hund)",
      "participant" : "Fahrrad",
      "scary" : "Nein",
      "descr" : "",
      "region" : "Wien"
    },
    "geometry" : {
      "type" : "Point",
      "coordinates" : [ 16.42496373, 48.23677108 ]
    }
  }, {
    "type" : "Feature",
    "properties" : {
      "date" : "23/06/2022 12:26:42",
      "bikeType" : "Road Racing Bike",
      "child" : "Nein",
      "trailer" : "Nein",
      "pLoc" : "Hosentasche",
      "incident" : "Zu dichtes Überholen",
      "participant" : "Fahrrad",
      "scary" : "Nein",
      "descr" : "",
      "region" : "Wien"
    },
    "geometry" : {
      "type" : "Point",
      "coordinates" : [ 16.37279658050145, 48.19549678666086 ]
    }
  }, {
    "type" : "Feature",
    "properties" : {
      "date" : "23/06/2022 12:34:18",
      "bikeType" : "Road Racing Bike",
      "child" : "Nein",
      "trailer" : "Nein",
      "pLoc" : "Hosentasche",
      "incident" : "Ein- oder ausparkendes Fahrzeug",
      "participant" : "Taxi",
      "scary" : "Ja",
      "descr" : "",
      "region" : "Wien"
    },
    "geometry" : {
      "type" : "Point",
      "coordinates" : [ 16.356758642029817, 48.20559720655301 ]
    }
  }, {
    "type" : "Feature",
    "properties" : {
      "date" : "23/06/2022 12:25:43",
      "bikeType" : "Road Racing Bike",
      "child" : "Nein",
      "trailer" : "Nein",
      "pLoc" : "Hosentasche",
      "incident" : "Beinahe-Dooring",
      "participant" : "Fußgänger",
      "scary" : "Nein",
      "descr" : "",
      "region" : "Wien"
    },
    "geometry" : {
      "type" : "Point",
      "coordinates" : [ 16.374722273353633, 48.19181200080744 ]
    }
  }, {
    "type" : "Feature",
    "properties" : {
      "date" : "23/06/2022 12:26:10",
      "bikeType" : "Road Racing Bike",
      "child" : "Nein",
      "trailer" : "Nein",
      "pLoc" : "Hosentasche",
      "incident" : "Hindernis ausweichen (z.B. Hund)",
      "participant" : "PKW",
      "scary" : "Nein",
      "descr" : "",
      "region" : "Wien"
    },
    "geometry" : {
      "type" : "Point",
      "coordinates" : [ 16.373873053313584, 48.193694840682255 ]
    }
  }, {
    "type" : "Feature",
    "properties" : {
      "date" : "27/06/2022 17:51:18",
      "bikeType" : "E-Bike",
      "child" : "Nein",
      "trailer" : "Nein",
      "pLoc" : "Lenker",
      "incident" : "Hindernis ausweichen (z.B. Hund)",
      "participant" : "",
      "scary" : "Nein",
      "descr" : "",
      "region" : "Wien"
    },
    "geometry" : {
      "type" : "Point",
      "coordinates" : [ 16.25326599, 48.19954004 ]
    }
  }, {
    "type" : "Feature",
    "properties" : {
      "date" : "27/06/2022 18:17:00",
      "bikeType" : "E-Bike",
      "child" : "Nein",
      "trailer" : "Nein",
      "pLoc" : "Lenker",
      "incident" : "Zu dichtes Überholen",
      "participant" : "",
      "scary" : "Nein",
      "descr" : "",
      "region" : "Wien"
    },
    "geometry" : {
      "type" : "Point",
      "coordinates" : [ 16.16039844, 48.20045791 ]
    }
  }, {
    "type" : "Feature",
    "properties" : {
      "date" : "27/06/2022 18:31:04",
      "bikeType" : "E-Bike",
      "child" : "Nein",
      "trailer" : "Nein",
      "pLoc" : "Lenker",
      "incident" : "Hindernis ausweichen (z.B. Hund)",
      "participant" : "",
      "scary" : "Nein",
      "descr" : "",
      "region" : "Wien"
    },
    "geometry" : {
      "type" : "Point",
      "coordinates" : [ 16.09402214, 48.18497426 ]
    }
  }, {
    "type" : "Feature",
    "properties" : {
      "date" : "12/06/2022 16:57:33",
      "bikeType" : "Road Racing Bike",
      "child" : "Nein",
      "trailer" : "Nein",
      "pLoc" : "Hosentasche",
      "incident" : "Zu dichtes Überholen",
      "participant" : "PKW",
      "scary" : "Ja",
      "descr" : "",
      "region" : "Wien"
    },
    "geometry" : {
      "type" : "Point",
      "coordinates" : [ 16.353551661664145, 48.22349850744492 ]
    }
  }, {
    "type" : "Feature",
    "properties" : {
      "date" : "20/06/2022 07:15:46",
      "bikeType" : "E-Bike",
      "child" : "Nein",
      "trailer" : "Nein",
      "pLoc" : "Lenker",
      "incident" : "Zu dichtes Überholen",
      "participant" : "",
      "scary" : "Nein",
      "descr" : "",
      "region" : "Wien"
    },
    "geometry" : {
      "type" : "Point",
      "coordinates" : [ 16.132265, 48.19214212 ]
    }
  }, {
    "type" : "Feature",
    "properties" : {
      "date" : "20/06/2022 07:20:57",
      "bikeType" : "E-Bike",
      "child" : "Nein",
      "trailer" : "Nein",
      "pLoc" : "Lenker",
      "incident" : "Zu dichtes Überholen",
      "participant" : "",
      "scary" : "Nein",
      "descr" : "",
      "region" : "Wien"
    },
    "geometry" : {
      "type" : "Point",
      "coordinates" : [ 16.16042993, 48.20040456 ]
    }
  }, {
    "type" : "Feature",
    "properties" : {
      "date" : "21/06/2022 18:19:58",
      "bikeType" : "E-Bike",
      "child" : "Nein",
      "trailer" : "Nein",
      "pLoc" : "Lenker",
      "incident" : "Zu dichtes Überholen",
      "participant" : "",
      "scary" : "Nein",
      "descr" : "",
      "region" : "Wien"
    },
    "geometry" : {
      "type" : "Point",
      "coordinates" : [ 16.35179513, 48.19168991 ]
    }
  }, {
    "type" : "Feature",
    "properties" : {
      "date" : "21/06/2022 18:20:04",
      "bikeType" : "E-Bike",
      "child" : "Nein",
      "trailer" : "Nein",
      "pLoc" : "Lenker",
      "incident" : "Zu dichtes Überholen",
      "participant" : "",
      "scary" : "Nein",
      "descr" : "",
      "region" : "Wien"
    },
    "geometry" : {
      "type" : "Point",
      "coordinates" : [ 16.35153902, 48.19137823 ]
    }
  }, {
    "type" : "Feature",
    "properties" : {
      "date" : "18/06/2022 11:09:31",
      "bikeType" : "Road Racing Bike",
      "child" : "Nein",
      "trailer" : "Nein",
      "pLoc" : "Hosentasche",
      "incident" : "Zu dichtes Überholen",
      "participant" : "PKW",
      "scary" : "Nein",
      "descr" : "",
      "region" : "Wien"
    },
    "geometry" : {
      "type" : "Point",
      "coordinates" : [ 16.343140613820484, 48.20496846223617 ]
    }
  }, {
    "type" : "Feature",
    "properties" : {
      "date" : "27/06/2022 08:30:57",
      "bikeType" : "E-Bike",
      "child" : "Nein",
      "trailer" : "Nein",
      "pLoc" : "Lenker",
      "incident" : "Hindernis ausweichen (z.B. Hund)",
      "participant" : "",
      "scary" : "Nein",
      "descr" : "",
      "region" : "Wien"
    },
    "geometry" : {
      "type" : "Point",
      "coordinates" : [ 16.41179211, 48.22930594 ]
    }
  }, {
    "type" : "Feature",
    "properties" : {
      "date" : "27/06/2022 08:32:03",
      "bikeType" : "E-Bike",
      "child" : "Nein",
      "trailer" : "Nein",
      "pLoc" : "Lenker",
      "incident" : "Hindernis ausweichen (z.B. Hund)",
      "participant" : "",
      "scary" : "Nein",
      "descr" : "",
      "region" : "Wien"
    },
    "geometry" : {
      "type" : "Point",
      "coordinates" : [ 16.41656749, 48.2317536 ]
    }
  }, {
    "type" : "Feature",
    "properties" : {
      "date" : "20/06/2022 17:17:13",
      "bikeType" : "E-Bike",
      "child" : "Nein",
      "trailer" : "Nein",
      "pLoc" : "Lenker",
      "incident" : "Hindernis ausweichen (z.B. Hund)",
      "participant" : "",
      "scary" : "Nein",
      "descr" : "",
      "region" : "Wien"
    },
    "geometry" : {
      "type" : "Point",
      "coordinates" : [ 16.4278472, 48.25244755 ]
    }
  }, {
    "type" : "Feature",
    "properties" : {
      "date" : "20/06/2022 17:22:00",
      "bikeType" : "E-Bike",
      "child" : "Nein",
      "trailer" : "Nein",
      "pLoc" : "Lenker",
      "incident" : "Hindernis ausweichen (z.B. Hund)",
      "participant" : "",
      "scary" : "Nein",
      "descr" : "",
      "region" : "Wien"
    },
    "geometry" : {
      "type" : "Point",
      "coordinates" : [ 16.42851127, 48.2391707 ]
    }
  }, {
    "type" : "Feature",
    "properties" : {
      "date" : "29/06/2022 18:27:45",
      "bikeType" : "E-Bike",
      "child" : "Nein",
      "trailer" : "Nein",
      "pLoc" : "Lenker",
      "incident" : "Zu dichtes Überholen",
      "participant" : "PKW",
      "scary" : "Nein",
      "descr" : "",
      "region" : "Wien"
    },
    "geometry" : {
      "type" : "Point",
      "coordinates" : [ 16.16482602, 48.20100701 ]
    }
  }, {
    "type" : "Feature",
    "properties" : {
      "date" : "29/06/2022 18:31:38",
      "bikeType" : "E-Bike",
      "child" : "Nein",
      "trailer" : "Nein",
      "pLoc" : "Lenker",
      "incident" : "Zu dichtes Überholen",
      "participant" : "PKW",
      "scary" : "Nein",
      "descr" : "",
      "region" : "Wien"
    },
    "geometry" : {
      "type" : "Point",
      "coordinates" : [ 16.14413218, 48.19584835 ]
    }
  }, {
    "type" : "Feature",
    "properties" : {
      "date" : "14/06/2022 08:24:40",
      "bikeType" : "E-Bike",
      "child" : "Nein",
      "trailer" : "Nein",
      "pLoc" : "Lenker",
      "incident" : "Entgegenkommender Verkehrsteilnehmer",
      "participant" : "Fahrrad",
      "scary" : "Nein",
      "descr" : "",
      "region" : "Wien"
    },
    "geometry" : {
      "type" : "Point",
      "coordinates" : [ 16.393108, 48.21954028 ]
    }
  }, {
    "type" : "Feature",
    "properties" : {
      "date" : "28/06/2022 07:18:46",
      "bikeType" : "E-Bike",
      "child" : "Nein",
      "trailer" : "Nein",
      "pLoc" : "Lenker",
      "incident" : "Zu dichtes Überholen",
      "participant" : "",
      "scary" : "Nein",
      "descr" : "",
      "region" : "Wien"
    },
    "geometry" : {
      "type" : "Point",
      "coordinates" : [ 16.13456239, 48.19364861 ]
    }
  }, {
    "type" : "Feature",
    "properties" : {
      "date" : "23/06/2022 10:27:48",
      "bikeType" : "E-Bike",
      "child" : "Nein",
      "trailer" : "Nein",
      "pLoc" : "Lenker",
      "incident" : "Zu dichtes Überholen",
      "participant" : "PKW",
      "scary" : "Nein",
      "descr" : "",
      "region" : "Wien"
    },
    "geometry" : {
      "type" : "Point",
      "coordinates" : [ 16.41115664, 48.25914074 ]
    }
  }, {
    "type" : "Feature",
    "properties" : {
      "date" : "23/06/2022 10:29:45",
      "bikeType" : "E-Bike",
      "child" : "Nein",
      "trailer" : "Nein",
      "pLoc" : "Lenker",
      "incident" : "Hindernis ausweichen (z.B. Hund)",
      "participant" : "PKW",
      "scary" : "Nein",
      "descr" : "",
      "region" : "Wien"
    },
    "geometry" : {
      "type" : "Point",
      "coordinates" : [ 16.41424609, 48.25990528 ]
    }
  }, {
    "type" : "Feature",
    "properties" : {
      "date" : "23/06/2022 10:30:01",
      "bikeType" : "E-Bike",
      "child" : "Nein",
      "trailer" : "Nein",
      "pLoc" : "Lenker",
      "incident" : "Zu dichtes Überholen",
      "participant" : "PKW",
      "scary" : "Ja",
      "descr" : "",
      "region" : "Wien"
    },
    "geometry" : {
      "type" : "Point",
      "coordinates" : [ 16.41566056, 48.26024764 ]
    }
  }, {
    "type" : "Feature",
    "properties" : {
      "date" : "23/06/2022 10:30:10",
      "bikeType" : "E-Bike",
      "child" : "Nein",
      "trailer" : "Nein",
      "pLoc" : "Lenker",
      "incident" : "Hindernis ausweichen (z.B. Hund)",
      "participant" : "PKW",
      "scary" : "Nein",
      "descr" : "",
      "region" : "Wien"
    },
    "geometry" : {
      "type" : "Point",
      "coordinates" : [ 16.41651055, 48.26044272 ]
    }
  }, {
    "type" : "Feature",
    "properties" : {
      "date" : "23/06/2022 10:30:31",
      "bikeType" : "E-Bike",
      "child" : "Nein",
      "trailer" : "Nein",
      "pLoc" : "Lenker",
      "incident" : "Zu dichtes Überholen",
      "participant" : "PKW",
      "scary" : "Nein",
      "descr" : "",
      "region" : "Wien"
    },
    "geometry" : {
      "type" : "Point",
      "coordinates" : [ 16.41844246, 48.26090522 ]
    }
  }, {
    "type" : "Feature",
    "properties" : {
      "date" : "23/06/2022 10:30:40",
      "bikeType" : "E-Bike",
      "child" : "Nein",
      "trailer" : "Nein",
      "pLoc" : "Lenker",
      "incident" : "Zu dichtes Überholen",
      "participant" : "PKW",
      "scary" : "Nein",
      "descr" : "",
      "region" : "Wien"
    },
    "geometry" : {
      "type" : "Point",
      "coordinates" : [ 16.4192954, 48.26110517 ]
    }
  }, {
    "type" : "Feature",
    "properties" : {
      "date" : "24/06/2022 07:26:10",
      "bikeType" : "E-Bike",
      "child" : "Nein",
      "trailer" : "Nein",
      "pLoc" : "Lenker",
      "incident" : "Zu dichtes Überholen",
      "participant" : "",
      "scary" : "Nein",
      "descr" : "",
      "region" : "Wien"
    },
    "geometry" : {
      "type" : "Point",
      "coordinates" : [ 16.14572646, 48.19674203 ]
    }
  }, {
    "type" : "Feature",
    "properties" : {
      "date" : "24/06/2022 07:27:26",
      "bikeType" : "E-Bike",
      "child" : "Nein",
      "trailer" : "Nein",
      "pLoc" : "Lenker",
      "incident" : "Zu dichtes Überholen",
      "participant" : "",
      "scary" : "Nein",
      "descr" : "",
      "region" : "Wien"
    },
    "geometry" : {
      "type" : "Point",
      "coordinates" : [ 16.15259739, 48.19881536 ]
    }
  }, {
    "type" : "Feature",
    "properties" : {
      "date" : "24/06/2022 07:29:51",
      "bikeType" : "E-Bike",
      "child" : "Nein",
      "trailer" : "Nein",
      "pLoc" : "Lenker",
      "incident" : "Zu dichtes Überholen",
      "participant" : "",
      "scary" : "Nein",
      "descr" : "",
      "region" : "Wien"
    },
    "geometry" : {
      "type" : "Point",
      "coordinates" : [ 16.16670114, 48.2012257 ]
    }
  }, {
    "type" : "Feature",
    "properties" : {
      "date" : "24/06/2022 08:10:15",
      "bikeType" : "E-Bike",
      "child" : "Nein",
      "trailer" : "Nein",
      "pLoc" : "Lenker",
      "incident" : "Hindernis ausweichen (z.B. Hund)",
      "participant" : "PKW, Sonstiges",
      "scary" : "Ja",
      "descr" : "Müllwagen umfahren, PKW nahm mir danach Vorfahrt ",
      "region" : "Wien"
    },
    "geometry" : {
      "type" : "Point",
      "coordinates" : [ 16.35225742, 48.19235116 ]
    }
  }, {
    "type" : "Feature",
    "properties" : {
      "date" : "16/06/2022 13:40:16",
      "bikeType" : "Road Racing Bike",
      "child" : "Nein",
      "trailer" : "Nein",
      "pLoc" : "Hosentasche",
      "incident" : "Hindernis ausweichen (z.B. Hund)",
      "participant" : "Fahrrad",
      "scary" : "Nein",
      "descr" : "",
      "region" : "Wien"
    },
    "geometry" : {
      "type" : "Point",
      "coordinates" : [ 16.37658555850655, 48.18830563339507 ]
    }
  }, {
    "type" : "Feature",
    "properties" : {
      "date" : "29/06/2022 08:12:23",
      "bikeType" : "E-Bike",
      "child" : "Nein",
      "trailer" : "Nein",
      "pLoc" : "Lenker",
      "incident" : "Hindernis ausweichen (z.B. Hund)",
      "participant" : "",
      "scary" : "Nein",
      "descr" : "",
      "region" : "Wien"
    },
    "geometry" : {
      "type" : "Point",
      "coordinates" : [ 16.41176877, 48.22920846 ]
    }
  }, {
    "type" : "Feature",
    "properties" : {
      "date" : "13/06/2022 17:20:29",
      "bikeType" : "E-Bike",
      "child" : "Nein",
      "trailer" : "Nein",
      "pLoc" : "Lenker",
      "incident" : "Beinahe-Abbiegeunfall",
      "participant" : "PKW",
      "scary" : "Ja",
      "descr" : "",
      "region" : "Wien"
    },
    "geometry" : {
      "type" : "Point",
      "coordinates" : [ 16.42780015, 48.25216011 ]
    }
  }, {
    "type" : "Feature",
    "properties" : {
      "date" : "13/06/2022 17:45:42",
      "bikeType" : "E-Bike",
      "child" : "Nein",
      "trailer" : "Nein",
      "pLoc" : "Lenker",
      "incident" : "Hindernis ausweichen (z.B. Hund)",
      "participant" : "Sonstiges",
      "scary" : "Nein",
      "descr" : "Straßenbahn",
      "region" : "Wien"
    },
    "geometry" : {
      "type" : "Point",
      "coordinates" : [ 16.37465561, 48.20149277 ]
    }
  }, {
    "type" : "Feature",
    "properties" : {
      "date" : "13/06/2022 18:23:45",
      "bikeType" : "E-Bike",
      "child" : "Nein",
      "trailer" : "Nein",
      "pLoc" : "Lenker",
      "incident" : "Hindernis ausweichen (z.B. Hund)",
      "participant" : "",
      "scary" : "Nein",
      "descr" : "",
      "region" : "Wien"
    },
    "geometry" : {
      "type" : "Point",
      "coordinates" : [ 16.23200325, 48.20655184 ]
    }
  }, {
    "type" : "Feature",
    "properties" : {
      "date" : "13/06/2022 18:40:16",
      "bikeType" : "E-Bike",
      "child" : "Nein",
      "trailer" : "Nein",
      "pLoc" : "Lenker",
      "incident" : "Zu dichtes Überholen",
      "participant" : "",
      "scary" : "Nein",
      "descr" : "",
      "region" : "Wien"
    },
    "geometry" : {
      "type" : "Point",
      "coordinates" : [ 16.17199542, 48.20247059 ]
    }
  }, {
    "type" : "Feature",
    "properties" : {
      "date" : "30/06/2022 19:00:38",
      "bikeType" : "E-Bike",
      "child" : "Nein",
      "trailer" : "Nein",
      "pLoc" : "Lenker",
      "incident" : "Zu dichtes Überholen",
      "participant" : "",
      "scary" : "Nein",
      "descr" : "",
      "region" : "Wien"
    },
    "geometry" : {
      "type" : "Point",
      "coordinates" : [ 16.14650301, 48.19716733 ]
    }
  }, {
    "type" : "Feature",
    "properties" : {
      "date" : "30/06/2022 19:01:08",
      "bikeType" : "E-Bike",
      "child" : "Nein",
      "trailer" : "Nein",
      "pLoc" : "Lenker",
      "incident" : "Zu dichtes Überholen",
      "participant" : "PKW",
      "scary" : "Nein",
      "descr" : "",
      "region" : "Wien"
    },
    "geometry" : {
      "type" : "Point",
      "coordinates" : [ 16.14420032, 48.19587061 ]
    }
  }, {
    "type" : "Feature",
    "properties" : {
      "date" : "30/06/2022 17:42:52",
      "bikeType" : "E-Bike",
      "child" : "Nein",
      "trailer" : "Nein",
      "pLoc" : "Lenker",
      "incident" : "Hindernis ausweichen (z.B. Hund)",
      "participant" : "Fußgänger",
      "scary" : "Nein",
      "descr" : "",
      "region" : "Wien"
    },
    "geometry" : {
      "type" : "Point",
      "coordinates" : [ 16.41150308, 48.22917604 ]
    }
  }, {
    "type" : "Feature",
    "properties" : {
      "date" : "30/06/2022 17:56:56",
      "bikeType" : "E-Bike",
      "child" : "Nein",
      "trailer" : "Nein",
      "pLoc" : "Lenker",
      "incident" : "Hindernis ausweichen (z.B. Hund)",
      "participant" : "Fahrrad",
      "scary" : "Nein",
      "descr" : "",
      "region" : "Wien"
    },
    "geometry" : {
      "type" : "Point",
      "coordinates" : [ 16.37774933, 48.20425461 ]
    }
  }, {
    "type" : "Feature",
    "properties" : {
      "date" : "30/06/2022 18:07:15",
      "bikeType" : "E-Bike",
      "child" : "Nein",
      "trailer" : "Nein",
      "pLoc" : "Lenker",
      "incident" : "Hindernis ausweichen (z.B. Hund)",
      "participant" : "PKW",
      "scary" : "Nein",
      "descr" : "",
      "region" : "Wien"
    },
    "geometry" : {
      "type" : "Point",
      "coordinates" : [ 16.35150728, 48.19137965 ]
    }
  }, {
    "type" : "Feature",
    "properties" : {
      "date" : "25/04/2022 19:45:06",
      "bikeType" : "Road Racing Bike",
      "child" : "Nein",
      "trailer" : "Nein",
      "pLoc" : "Hosentasche",
      "incident" : "Zu dichtes Überholen",
      "participant" : "Bus",
      "scary" : "Nein",
      "descr" : "",
      "region" : "Wien"
    },
    "geometry" : {
      "type" : "Point",
      "coordinates" : [ 16.35139557809835, 48.19398143604395 ]
    }
  }, {
    "type" : "Feature",
    "properties" : {
      "date" : "25/04/2022 19:40:28",
      "bikeType" : "Road Racing Bike",
      "child" : "Nein",
      "trailer" : "Nein",
      "pLoc" : "Hosentasche",
      "incident" : "Zu dichtes Überholen",
      "participant" : "PKW",
      "scary" : "Ja",
      "descr" : "",
      "region" : "Wien"
    },
    "geometry" : {
      "type" : "Point",
      "coordinates" : [ 16.35810811996753, 48.19121886499359 ]
    }
  }, {
    "type" : "Feature",
    "properties" : {
      "date" : "29/04/2022 09:44:14",
      "bikeType" : "Road Racing Bike",
      "child" : "Nein",
      "trailer" : "Nein",
      "pLoc" : "Hosentasche",
      "incident" : "Sonstiges",
      "participant" : "Fahrrad, LKW",
      "scary" : "Nein",
      "descr" : "blocking the cycleway at a critical point",
      "region" : "Wien"
    },
    "geometry" : {
      "type" : "Point",
      "coordinates" : [ 16.34403104004226, 48.20906576107172 ]
    }
  }, {
    "type" : "Feature",
    "properties" : {
      "date" : "26/04/2022 09:07:39",
      "bikeType" : "Road Racing Bike",
      "child" : "Nein",
      "trailer" : "Nein",
      "pLoc" : "Hosentasche",
      "incident" : "Zu dichtes Überholen",
      "participant" : "PKW",
      "scary" : "Nein",
      "descr" : "",
      "region" : "Wien"
    },
    "geometry" : {
      "type" : "Point",
      "coordinates" : [ 16.342323659681423, 48.22319831852161 ]
    }
  }, {
    "type" : "Feature",
    "properties" : {
      "date" : "25/04/2022 15:55:57",
      "bikeType" : "Road Racing Bike",
      "child" : "Nein",
      "trailer" : "Nein",
      "pLoc" : "Hosentasche",
      "incident" : "Zu dichtes Überholen",
      "participant" : "PKW",
      "scary" : "Nein",
      "descr" : "",
      "region" : "Wien"
    },
    "geometry" : {
      "type" : "Point",
      "coordinates" : [ 16.34324026584508, 48.20341284003168 ]
    }
  }, {
    "type" : "Feature",
    "properties" : {
      "date" : "23/04/2022 17:03:41",
      "bikeType" : "Road Racing Bike",
      "child" : "Nein",
      "trailer" : "Nein",
      "pLoc" : "Hosentasche",
      "incident" : "Sonstiges",
      "participant" : "E-Scooter",
      "scary" : "Ja",
      "descr" : "scooter driver crossing the bike path ",
      "region" : "Wien"
    },
    "geometry" : {
      "type" : "Point",
      "coordinates" : [ 16.34141353058853, 48.21636250592011 ]
    }
  }, {
    "type" : "Feature",
    "properties" : {
      "date" : "23/04/2022 17:07:04",
      "bikeType" : "Road Racing Bike",
      "child" : "Nein",
      "trailer" : "Nein",
      "pLoc" : "Hosentasche",
      "incident" : "Hindernis ausweichen (z.B. Hund)",
      "participant" : "Fußgänger",
      "scary" : "Nein",
      "descr" : "",
      "region" : "Wien"
    },
    "geometry" : {
      "type" : "Point",
      "coordinates" : [ 16.338925489267876, 48.21032310698736 ]
    }
  }, {
    "type" : "Feature",
    "properties" : {
      "date" : "26/04/2022 11:41:54",
      "bikeType" : "Road Racing Bike",
      "child" : "Nein",
      "trailer" : "Nein",
      "pLoc" : "Hosentasche",
      "incident" : "Ein- oder ausparkendes Fahrzeug",
      "participant" : "Fußgänger, PKW",
      "scary" : "Nein",
      "descr" : "",
      "region" : "Wien"
    },
    "geometry" : {
      "type" : "Point",
      "coordinates" : [ 16.337731257550086, 48.21398237922125 ]
    }
  }, {
    "type" : "Feature",
    "properties" : {
      "date" : "26/04/2022 11:36:03",
      "bikeType" : "Road Racing Bike",
      "child" : "Nein",
      "trailer" : "Nein",
      "pLoc" : "Hosentasche",
      "incident" : "Zu dichtes Überholen",
      "participant" : "PKW",
      "scary" : "Nein",
      "descr" : "",
      "region" : "Wien"
    },
    "geometry" : {
      "type" : "Point",
      "coordinates" : [ 16.342091270332265, 48.22471130939075 ]
    }
  }, {
    "type" : "Feature",
    "properties" : {
      "date" : "21/04/2022 16:25:32",
      "bikeType" : "Road Racing Bike",
      "child" : "Nein",
      "trailer" : "Nein",
      "pLoc" : "Hosentasche",
      "incident" : "Ein- oder ausparkendes Fahrzeug",
      "participant" : "PKW",
      "scary" : "Nein",
      "descr" : "",
      "region" : "Wien"
    },
    "geometry" : {
      "type" : "Point",
      "coordinates" : [ 16.34329922522055, 48.20187854735154 ]
    }
  } ]
}