{
  "type" : "FeatureCollection",
  "features" : [ {
    "type" : "Feature",
    "properties" : {
      "date" : "31/05/2022 16:11:23",
      "bikeType" : "Road Racing Bike",
      "child" : "Nein",
      "trailer" : "Nein",
      "pLoc" : "Hosentasche",
      "incident" : "Zu dichtes Überholen",
      "participant" : "PKW",
      "scary" : "Nein",
      "descr" : "",
      "region" : "Wien"
    },
    "geometry" : {
      "type" : "Point",
      "coordinates" : [ 16.331664152111916, 48.200593061800156 ]
    }
  }, {
    "type" : "Feature",
    "properties" : {
      "date" : "02/05/2022 16:54:59",
      "bikeType" : "Road Racing Bike",
      "child" : "Nein",
      "trailer" : "Nein",
      "pLoc" : "Hosentasche",
      "incident" : "Hindernis ausweichen (z.B. Hund)",
      "participant" : "Fußgänger",
      "scary" : "Nein",
      "descr" : "pedestrian crossed red light ",
      "region" : "Wien"
    },
    "geometry" : {
      "type" : "Point",
      "coordinates" : [ 16.361815495267454, 48.21792498587444 ]
    }
  }, {
    "type" : "Feature",
    "properties" : {
      "date" : "06/05/2022 09:33:27",
      "bikeType" : "Road Racing Bike",
      "child" : "Nein",
      "trailer" : "Nein",
      "pLoc" : "Hosentasche",
      "incident" : "Entgegenkommender Verkehrsteilnehmer",
      "participant" : "PKW",
      "scary" : "Nein",
      "descr" : "",
      "region" : "Wien"
    },
    "geometry" : {
      "type" : "Point",
      "coordinates" : [ 16.344750184025266, 48.208973474377785 ]
    }
  }, {
    "type" : "Feature",
    "properties" : {
      "date" : "11/05/2022 20:02:54",
      "bikeType" : "Road Racing Bike",
      "child" : "Nein",
      "trailer" : "Nein",
      "pLoc" : "Hosentasche",
      "incident" : "Zu dichtes Überholen",
      "participant" : "PKW",
      "scary" : "Ja",
      "descr" : "",
      "region" : "Wien"
    },
    "geometry" : {
      "type" : "Point",
      "coordinates" : [ 16.34639771663742, 48.20439015220214 ]
    }
  }, {
    "type" : "Feature",
    "properties" : {
      "date" : "11/05/2022 20:10:27",
      "bikeType" : "Road Racing Bike",
      "child" : "Nein",
      "trailer" : "Nein",
      "pLoc" : "Hosentasche",
      "incident" : "Entgegenkommender Verkehrsteilnehmer",
      "participant" : "Fahrrad",
      "scary" : "Nein",
      "descr" : "",
      "region" : "Wien"
    },
    "geometry" : {
      "type" : "Point",
      "coordinates" : [ 16.373202451753446, 48.195062199513366 ]
    }
  }, {
    "type" : "Feature",
    "properties" : {
      "date" : "11/05/2022 16:43:14",
      "bikeType" : "Road Racing Bike",
      "child" : "Nein",
      "trailer" : "Nein",
      "pLoc" : "Hosentasche",
      "incident" : "Ein- oder ausparkendes Fahrzeug",
      "participant" : "PKW",
      "scary" : "Ja",
      "descr" : "",
      "region" : "Wien"
    },
    "geometry" : {
      "type" : "Point",
      "coordinates" : [ 16.317337296592157, 48.21925262196012 ]
    }
  }, {
    "type" : "Feature",
    "properties" : {
      "date" : "02/05/2022 11:18:49",
      "bikeType" : "Road Racing Bike",
      "child" : "Nein",
      "trailer" : "Nein",
      "pLoc" : "Hosentasche",
      "incident" : "Sonstiges",
      "participant" : "Motorrad",
      "scary" : "Nein",
      "descr" : "",
      "region" : "Wien"
    },
    "geometry" : {
      "type" : "Point",
      "coordinates" : [ 16.34178845518863, 48.20940055137156 ]
    }
  }, {
    "type" : "Feature",
    "properties" : {
      "date" : "03/05/2022 23:22:14",
      "bikeType" : "Road Racing Bike",
      "child" : "Nein",
      "trailer" : "Nein",
      "pLoc" : "Hosentasche",
      "incident" : "Zu dichtes Überholen",
      "participant" : "PKW",
      "scary" : "Nein",
      "descr" : "",
      "region" : "Wien"
    },
    "geometry" : {
      "type" : "Point",
      "coordinates" : [ 16.36368173867049, 48.226572642450606 ]
    }
  }, {
    "type" : "Feature",
    "properties" : {
      "date" : "06/05/2022 11:35:37",
      "bikeType" : "Road Racing Bike",
      "child" : "Nein",
      "trailer" : "Nein",
      "pLoc" : "Hosentasche",
      "incident" : "Entgegenkommender Verkehrsteilnehmer",
      "participant" : "PKW",
      "scary" : "Nein",
      "descr" : "",
      "region" : "Wien"
    },
    "geometry" : {
      "type" : "Point",
      "coordinates" : [ 16.354618130173765, 48.20851065156137 ]
    }
  }, {
    "type" : "Feature",
    "properties" : {
      "date" : "12/05/2022 12:26:27",
      "bikeType" : "Road Racing Bike",
      "child" : "Nein",
      "trailer" : "Nein",
      "pLoc" : "Hosentasche",
      "incident" : "Hindernis ausweichen (z.B. Hund)",
      "participant" : "Fußgänger",
      "scary" : "Ja",
      "descr" : "",
      "region" : "Wien"
    },
    "geometry" : {
      "type" : "Point",
      "coordinates" : [ 16.33726076200455, 48.209630976598554 ]
    }
  }, {
    "type" : "Feature",
    "properties" : {
      "date" : "13/05/2022 16:12:36",
      "bikeType" : "Road Racing Bike",
      "child" : "Nein",
      "trailer" : "Nein",
      "pLoc" : "Hosentasche",
      "incident" : "Zu dichtes Überholen",
      "participant" : "PKW",
      "scary" : "Nein",
      "descr" : "",
      "region" : "Wien"
    },
    "geometry" : {
      "type" : "Point",
      "coordinates" : [ 16.35630066588625, 48.20452259952495 ]
    }
  }, {
    "type" : "Feature",
    "properties" : {
      "date" : "03/05/2022 20:13:16",
      "bikeType" : "Road Racing Bike",
      "child" : "Nein",
      "trailer" : "Nein",
      "pLoc" : "Hosentasche",
      "incident" : "Zu dichtes Überholen",
      "participant" : "PKW",
      "scary" : "Nein",
      "descr" : "",
      "region" : "Wien"
    },
    "geometry" : {
      "type" : "Point",
      "coordinates" : [ 16.369548914287435, 48.2268997247722 ]
    }
  }, {
    "type" : "Feature",
    "properties" : {
      "date" : "08/05/2022 17:55:41",
      "bikeType" : "Road Racing Bike",
      "child" : "Nein",
      "trailer" : "Nein",
      "pLoc" : "Hosentasche",
      "incident" : "Hindernis ausweichen (z.B. Hund)",
      "participant" : "Fußgänger",
      "scary" : "Nein",
      "descr" : "",
      "region" : "Wien"
    },
    "geometry" : {
      "type" : "Point",
      "coordinates" : [ 16.377732789099706, 48.204683155586764 ]
    }
  }, {
    "type" : "Feature",
    "properties" : {
      "date" : "08/05/2022 17:58:03",
      "bikeType" : "Road Racing Bike",
      "child" : "Nein",
      "trailer" : "Nein",
      "pLoc" : "Hosentasche",
      "incident" : "Hindernis ausweichen (z.B. Hund)",
      "participant" : "Fußgänger",
      "scary" : "Nein",
      "descr" : "",
      "region" : "Wien"
    },
    "geometry" : {
      "type" : "Point",
      "coordinates" : [ 16.37002900785985, 48.20242683001955 ]
    }
  }, {
    "type" : "Feature",
    "properties" : {
      "date" : "04/05/2022 18:33:28",
      "bikeType" : "Road Racing Bike",
      "child" : "Nein",
      "trailer" : "Nein",
      "pLoc" : "Hosentasche",
      "incident" : "Sonstiges",
      "participant" : "PKW",
      "scary" : "Ja",
      "descr" : "close pass with the car owner pulling closer to threaten another bike rider",
      "region" : "Wien"
    },
    "geometry" : {
      "type" : "Point",
      "coordinates" : [ 16.361349998854415, 48.21802554888999 ]
    }
  }, {
    "type" : "Feature",
    "properties" : {
      "date" : "08/05/2022 12:42:11",
      "bikeType" : "Road Racing Bike",
      "child" : "Nein",
      "trailer" : "Nein",
      "pLoc" : "Hosentasche",
      "incident" : "Hindernis ausweichen (z.B. Hund)",
      "participant" : "Fußgänger",
      "scary" : "Nein",
      "descr" : "",
      "region" : "Wien"
    },
    "geometry" : {
      "type" : "Point",
      "coordinates" : [ 16.37469781000074, 48.201501525018216 ]
    }
  }, {
    "type" : "Feature",
    "properties" : {
      "date" : "09/06/2022 18:54:53",
      "bikeType" : "E-Bike",
      "child" : "Nein",
      "trailer" : "Nein",
      "pLoc" : "Lenker",
      "incident" : "Zu dichtes Überholen",
      "participant" : "",
      "scary" : "Nein",
      "descr" : "",
      "region" : "Wien"
    },
    "geometry" : {
      "type" : "Point",
      "coordinates" : [ 16.32334882, 48.19052432 ]
    }
  }, {
    "type" : "Feature",
    "properties" : {
      "date" : "09/06/2022 19:28:36",
      "bikeType" : "E-Bike",
      "child" : "Nein",
      "trailer" : "Nein",
      "pLoc" : "Lenker",
      "incident" : "Hindernis ausweichen (z.B. Hund)",
      "participant" : "",
      "scary" : "Nein",
      "descr" : "",
      "region" : "Wien"
    },
    "geometry" : {
      "type" : "Point",
      "coordinates" : [ 16.2187749, 48.20457073 ]
    }
  }, {
    "type" : "Feature",
    "properties" : {
      "date" : "09/06/2022 19:29:28",
      "bikeType" : "E-Bike",
      "child" : "Nein",
      "trailer" : "Nein",
      "pLoc" : "Lenker",
      "incident" : "Hindernis ausweichen (z.B. Hund)",
      "participant" : "",
      "scary" : "Nein",
      "descr" : "",
      "region" : "Wien"
    },
    "geometry" : {
      "type" : "Point",
      "coordinates" : [ 16.21473854, 48.20632696 ]
    }
  }, {
    "type" : "Feature",
    "properties" : {
      "date" : "09/06/2022 19:42:11",
      "bikeType" : "E-Bike",
      "child" : "Nein",
      "trailer" : "Nein",
      "pLoc" : "Lenker",
      "incident" : "Zu dichtes Überholen",
      "participant" : "",
      "scary" : "Nein",
      "descr" : "",
      "region" : "Wien"
    },
    "geometry" : {
      "type" : "Point",
      "coordinates" : [ 16.15920906, 48.20034077 ]
    }
  }, {
    "type" : "Feature",
    "properties" : {
      "date" : "09/06/2022 19:58:19",
      "bikeType" : "E-Bike",
      "child" : "Nein",
      "trailer" : "Nein",
      "pLoc" : "Lenker",
      "incident" : "Zu dichtes Überholen",
      "participant" : "PKW",
      "scary" : "Nein",
      "descr" : "",
      "region" : "Wien"
    },
    "geometry" : {
      "type" : "Point",
      "coordinates" : [ 16.08109993, 48.1816402 ]
    }
  }, {
    "type" : "Feature",
    "properties" : {
      "date" : "14/06/2022 17:14:06",
      "bikeType" : "E-Bike",
      "child" : "Nein",
      "trailer" : "Nein",
      "pLoc" : "Lenker",
      "incident" : "Hindernis ausweichen (z.B. Hund)",
      "participant" : "PKW",
      "scary" : "Nein",
      "descr" : "",
      "region" : "Wien"
    },
    "geometry" : {
      "type" : "Point",
      "coordinates" : [ 16.42665969, 48.2541498 ]
    }
  }, {
    "type" : "Feature",
    "properties" : {
      "date" : "14/06/2022 17:24:06",
      "bikeType" : "E-Bike",
      "child" : "Nein",
      "trailer" : "Nein",
      "pLoc" : "Lenker",
      "incident" : "Hindernis ausweichen (z.B. Hund)",
      "participant" : "Fußgänger",
      "scary" : "Nein",
      "descr" : "",
      "region" : "Wien"
    },
    "geometry" : {
      "type" : "Point",
      "coordinates" : [ 16.41354741, 48.23022904 ]
    }
  }, {
    "type" : "Feature",
    "properties" : {
      "date" : "14/06/2022 17:19:26",
      "bikeType" : "E-Bike",
      "child" : "Nein",
      "trailer" : "Nein",
      "pLoc" : "Lenker",
      "incident" : "Hindernis ausweichen (z.B. Hund)",
      "participant" : "Fußgänger",
      "scary" : "Nein",
      "descr" : "",
      "region" : "Wien"
    },
    "geometry" : {
      "type" : "Point",
      "coordinates" : [ 16.42577752, 48.23724112 ]
    }
  }, {
    "type" : "Feature",
    "properties" : {
      "date" : "14/06/2022 17:48:36",
      "bikeType" : "E-Bike",
      "child" : "Nein",
      "trailer" : "Nein",
      "pLoc" : "Lenker",
      "incident" : "Hindernis ausweichen (z.B. Hund)",
      "participant" : "PKW",
      "scary" : "Nein",
      "descr" : "",
      "region" : "Wien"
    },
    "geometry" : {
      "type" : "Point",
      "coordinates" : [ 16.36016559, 48.19756255 ]
    }
  }, {
    "type" : "Feature",
    "properties" : {
      "date" : "14/06/2022 17:53:47",
      "bikeType" : "E-Bike",
      "child" : "Nein",
      "trailer" : "Nein",
      "pLoc" : "Lenker",
      "incident" : "Hindernis ausweichen (z.B. Hund)",
      "participant" : "E-Scooter",
      "scary" : "Nein",
      "descr" : "",
      "region" : "Wien"
    },
    "geometry" : {
      "type" : "Point",
      "coordinates" : [ 16.34330492, 48.18839512 ]
    }
  }, {
    "type" : "Feature",
    "properties" : {
      "date" : "14/06/2022 18:34:11",
      "bikeType" : "E-Bike",
      "child" : "Nein",
      "trailer" : "Nein",
      "pLoc" : "Lenker",
      "incident" : "Zu dichtes Überholen",
      "participant" : "",
      "scary" : "Nein",
      "descr" : "",
      "region" : "Wien"
    },
    "geometry" : {
      "type" : "Point",
      "coordinates" : [ 16.16767669, 48.20151382 ]
    }
  }, {
    "type" : "Feature",
    "properties" : {
      "date" : "14/06/2022 17:42:37",
      "bikeType" : "E-Bike",
      "child" : "Nein",
      "trailer" : "Nein",
      "pLoc" : "Lenker",
      "incident" : "Beinahe-Abbiegeunfall",
      "participant" : "Fahrrad",
      "scary" : "Nein",
      "descr" : "",
      "region" : "Wien"
    },
    "geometry" : {
      "type" : "Point",
      "coordinates" : [ 16.37355214, 48.20123395 ]
    }
  }, {
    "type" : "Feature",
    "properties" : {
      "date" : "14/06/2022 18:38:49",
      "bikeType" : "E-Bike",
      "child" : "Nein",
      "trailer" : "Nein",
      "pLoc" : "Lenker",
      "incident" : "Zu dichtes Überholen",
      "participant" : "",
      "scary" : "Nein",
      "descr" : "",
      "region" : "Wien"
    },
    "geometry" : {
      "type" : "Point",
      "coordinates" : [ 16.14280615, 48.19511243 ]
    }
  }, {
    "type" : "Feature",
    "properties" : {
      "date" : "14/06/2022 17:31:06",
      "bikeType" : "E-Bike",
      "child" : "Nein",
      "trailer" : "Nein",
      "pLoc" : "Lenker",
      "incident" : "Hindernis ausweichen (z.B. Hund)",
      "participant" : "Fahrrad",
      "scary" : "Nein",
      "descr" : "",
      "region" : "Wien"
    },
    "geometry" : {
      "type" : "Point",
      "coordinates" : [ 16.39012756, 48.21788301 ]
    }
  }, {
    "type" : "Feature",
    "properties" : {
      "date" : "14/06/2022 17:55:36",
      "bikeType" : "E-Bike",
      "child" : "Nein",
      "trailer" : "Nein",
      "pLoc" : "Lenker",
      "incident" : "Hindernis ausweichen (z.B. Hund)",
      "participant" : "Fußgänger",
      "scary" : "Nein",
      "descr" : "",
      "region" : "Wien"
    },
    "geometry" : {
      "type" : "Point",
      "coordinates" : [ 16.33633959, 48.18511993 ]
    }
  }, {
    "type" : "Feature",
    "properties" : {
      "date" : "16/06/2022 12:19:30",
      "bikeType" : "Road Racing Bike",
      "child" : "Nein",
      "trailer" : "Nein",
      "pLoc" : "Hosentasche",
      "incident" : "Beinahe-Abbiegeunfall",
      "participant" : "PKW",
      "scary" : "Ja",
      "descr" : "",
      "region" : "Wien"
    },
    "geometry" : {
      "type" : "Point",
      "coordinates" : [ 16.352116802787197, 48.18807111761831 ]
    }
  }, {
    "type" : "Feature",
    "properties" : {
      "date" : "10/06/2022 08:36:36",
      "bikeType" : "E-Bike",
      "child" : "Nein",
      "trailer" : "Nein",
      "pLoc" : "Lenker",
      "incident" : "Hindernis ausweichen (z.B. Hund)",
      "participant" : "Fußgänger",
      "scary" : "Nein",
      "descr" : "",
      "region" : "Wien"
    },
    "geometry" : {
      "type" : "Point",
      "coordinates" : [ 16.42567348, 48.242828 ]
    }
  }, {
    "type" : "Feature",
    "properties" : {
      "date" : "10/06/2022 08:28:56",
      "bikeType" : "E-Bike",
      "child" : "Nein",
      "trailer" : "Nein",
      "pLoc" : "Lenker",
      "incident" : "Hindernis ausweichen (z.B. Hund)",
      "participant" : "Fahrrad",
      "scary" : "Nein",
      "descr" : "",
      "region" : "Wien"
    },
    "geometry" : {
      "type" : "Point",
      "coordinates" : [ 16.40371659, 48.22482812 ]
    }
  }, {
    "type" : "Feature",
    "properties" : {
      "date" : "10/06/2022 07:08:12",
      "bikeType" : "E-Bike",
      "child" : "Nein",
      "trailer" : "Nein",
      "pLoc" : "Lenker",
      "incident" : "Hindernis ausweichen (z.B. Hund)",
      "participant" : "",
      "scary" : "Nein",
      "descr" : "",
      "region" : "Wien"
    },
    "geometry" : {
      "type" : "Point",
      "coordinates" : [ 16.09999923, 48.18432351 ]
    }
  }, {
    "type" : "Feature",
    "properties" : {
      "date" : "10/06/2022 07:33:56",
      "bikeType" : "E-Bike",
      "child" : "Nein",
      "trailer" : "Nein",
      "pLoc" : "Lenker",
      "incident" : "Hindernis ausweichen (z.B. Hund)",
      "participant" : "",
      "scary" : "Nein",
      "descr" : "",
      "region" : "Wien"
    },
    "geometry" : {
      "type" : "Point",
      "coordinates" : [ 16.21511965, 48.20594812 ]
    }
  }, {
    "type" : "Feature",
    "properties" : {
      "date" : "10/06/2022 07:34:42",
      "bikeType" : "E-Bike",
      "child" : "Nein",
      "trailer" : "Nein",
      "pLoc" : "Lenker",
      "incident" : "Hindernis ausweichen (z.B. Hund)",
      "participant" : "",
      "scary" : "Nein",
      "descr" : "",
      "region" : "Wien"
    },
    "geometry" : {
      "type" : "Point",
      "coordinates" : [ 16.21881767, 48.2045212 ]
    }
  }, {
    "type" : "Feature",
    "properties" : {
      "date" : "10/06/2022 08:30:39",
      "bikeType" : "E-Bike",
      "child" : "Nein",
      "trailer" : "Nein",
      "pLoc" : "Lenker",
      "incident" : "Hindernis ausweichen (z.B. Hund)",
      "participant" : "",
      "scary" : "Nein",
      "descr" : "",
      "region" : "Wien"
    },
    "geometry" : {
      "type" : "Point",
      "coordinates" : [ 16.41171731, 48.22914603 ]
    }
  }, {
    "type" : "Feature",
    "properties" : {
      "date" : "10/06/2022 08:31:09",
      "bikeType" : "E-Bike",
      "child" : "Nein",
      "trailer" : "Nein",
      "pLoc" : "Lenker",
      "incident" : "Hindernis ausweichen (z.B. Hund)",
      "participant" : "",
      "scary" : "Nein",
      "descr" : "",
      "region" : "Wien"
    },
    "geometry" : {
      "type" : "Point",
      "coordinates" : [ 16.41393371, 48.23033297 ]
    }
  }, {
    "type" : "Feature",
    "properties" : {
      "date" : "10/06/2022 08:40:13",
      "bikeType" : "E-Bike",
      "child" : "Nein",
      "trailer" : "Nein",
      "pLoc" : "Lenker",
      "incident" : "Hindernis ausweichen (z.B. Hund)",
      "participant" : "",
      "scary" : "Nein",
      "descr" : "",
      "region" : "Wien"
    },
    "geometry" : {
      "type" : "Point",
      "coordinates" : [ 16.42649374, 48.25422295 ]
    }
  }, {
    "type" : "Feature",
    "properties" : {
      "date" : "10/06/2022 18:02:41",
      "bikeType" : "E-Bike",
      "child" : "Nein",
      "trailer" : "Nein",
      "pLoc" : "Lenker",
      "incident" : "Hindernis ausweichen (z.B. Hund)",
      "participant" : "PKW",
      "scary" : "Nein",
      "descr" : "",
      "region" : "Wien"
    },
    "geometry" : {
      "type" : "Point",
      "coordinates" : [ 16.25466052, 48.19828661 ]
    }
  }, {
    "type" : "Feature",
    "properties" : {
      "date" : "10/06/2022 17:43:55",
      "bikeType" : "E-Bike",
      "child" : "Nein",
      "trailer" : "Nein",
      "pLoc" : "Lenker",
      "incident" : "Entgegenkommender Verkehrsteilnehmer",
      "participant" : "Fahrrad",
      "scary" : "Nein",
      "descr" : "",
      "region" : "Wien"
    },
    "geometry" : {
      "type" : "Point",
      "coordinates" : [ 16.32057543, 48.18593656 ]
    }
  }, {
    "type" : "Feature",
    "properties" : {
      "date" : "10/06/2022 17:49:11",
      "bikeType" : "E-Bike",
      "child" : "Nein",
      "trailer" : "Nein",
      "pLoc" : "Lenker",
      "incident" : "Hindernis ausweichen (z.B. Hund)",
      "participant" : "PKW",
      "scary" : "Nein",
      "descr" : "",
      "region" : "Wien"
    },
    "geometry" : {
      "type" : "Point",
      "coordinates" : [ 16.30214658, 48.18778208 ]
    }
  }, {
    "type" : "Feature",
    "properties" : {
      "date" : "10/06/2022 17:49:20",
      "bikeType" : "E-Bike",
      "child" : "Nein",
      "trailer" : "Nein",
      "pLoc" : "Lenker",
      "incident" : "Hindernis ausweichen (z.B. Hund)",
      "participant" : "PKW",
      "scary" : "Nein",
      "descr" : "",
      "region" : "Wien"
    },
    "geometry" : {
      "type" : "Point",
      "coordinates" : [ 16.30135055, 48.18781031 ]
    }
  }, {
    "type" : "Feature",
    "properties" : {
      "date" : "10/06/2022 17:49:35",
      "bikeType" : "E-Bike",
      "child" : "Nein",
      "trailer" : "Nein",
      "pLoc" : "Lenker",
      "incident" : "Zu dichtes Überholen",
      "participant" : "",
      "scary" : "Nein",
      "descr" : "",
      "region" : "Wien"
    },
    "geometry" : {
      "type" : "Point",
      "coordinates" : [ 16.30004704, 48.1880186 ]
    }
  }, {
    "type" : "Feature",
    "properties" : {
      "date" : "10/06/2022 17:49:38",
      "bikeType" : "E-Bike",
      "child" : "Nein",
      "trailer" : "Nein",
      "pLoc" : "Lenker",
      "incident" : "Zu dichtes Überholen",
      "participant" : "PKW",
      "scary" : "Nein",
      "descr" : "",
      "region" : "Wien"
    },
    "geometry" : {
      "type" : "Point",
      "coordinates" : [ 16.2998249, 48.18805226 ]
    }
  }, {
    "type" : "Feature",
    "properties" : {
      "date" : "10/06/2022 17:50:24",
      "bikeType" : "E-Bike",
      "child" : "Nein",
      "trailer" : "Nein",
      "pLoc" : "Lenker",
      "incident" : "Hindernis ausweichen (z.B. Hund)",
      "participant" : "PKW",
      "scary" : "Nein",
      "descr" : "",
      "region" : "Wien"
    },
    "geometry" : {
      "type" : "Point",
      "coordinates" : [ 16.29830018, 48.18707141 ]
    }
  }, {
    "type" : "Feature",
    "properties" : {
      "date" : "10/06/2022 18:22:08",
      "bikeType" : "E-Bike",
      "child" : "Nein",
      "trailer" : "Nein",
      "pLoc" : "Lenker",
      "incident" : "Zu dichtes Überholen",
      "participant" : "",
      "scary" : "Nein",
      "descr" : "",
      "region" : "Wien"
    },
    "geometry" : {
      "type" : "Point",
      "coordinates" : [ 16.17484684, 48.20533083 ]
    }
  }, {
    "type" : "Feature",
    "properties" : {
      "date" : "10/06/2022 18:26:27",
      "bikeType" : "E-Bike",
      "child" : "Nein",
      "trailer" : "Nein",
      "pLoc" : "Lenker",
      "incident" : "Zu dichtes Überholen",
      "participant" : "",
      "scary" : "Nein",
      "descr" : "",
      "region" : "Wien"
    },
    "geometry" : {
      "type" : "Point",
      "coordinates" : [ 16.15583218, 48.1999174 ]
    }
  }, {
    "type" : "Feature",
    "properties" : {
      "date" : "10/06/2022 18:32:20",
      "bikeType" : "E-Bike",
      "child" : "Nein",
      "trailer" : "Nein",
      "pLoc" : "Lenker",
      "incident" : "Zu dichtes Überholen",
      "participant" : "",
      "scary" : "Nein",
      "descr" : "",
      "region" : "Wien"
    },
    "geometry" : {
      "type" : "Point",
      "coordinates" : [ 16.1263089, 48.18966772 ]
    }
  }, {
    "type" : "Feature",
    "properties" : {
      "date" : "09/06/2022 13:53:53",
      "bikeType" : "E-Bike",
      "child" : "Nein",
      "trailer" : "Nein",
      "pLoc" : "Lenker",
      "incident" : "Hindernis ausweichen (z.B. Hund)",
      "participant" : "",
      "scary" : "Nein",
      "descr" : "",
      "region" : "Wien"
    },
    "geometry" : {
      "type" : "Point",
      "coordinates" : [ 16.4009868, 48.25570153 ]
    }
  }, {
    "type" : "Feature",
    "properties" : {
      "date" : "09/06/2022 13:49:42",
      "bikeType" : "E-Bike",
      "child" : "Nein",
      "trailer" : "Nein",
      "pLoc" : "Lenker",
      "incident" : "Zu dichtes Überholen",
      "participant" : "",
      "scary" : "Nein",
      "descr" : "",
      "region" : "Wien"
    },
    "geometry" : {
      "type" : "Point",
      "coordinates" : [ 16.41483841, 48.26012602 ]
    }
  }, {
    "type" : "Feature",
    "properties" : {
      "date" : "09/06/2022 13:50:30",
      "bikeType" : "E-Bike",
      "child" : "Nein",
      "trailer" : "Nein",
      "pLoc" : "Lenker",
      "incident" : "Zu dichtes Überholen",
      "participant" : "",
      "scary" : "Nein",
      "descr" : "",
      "region" : "Wien"
    },
    "geometry" : {
      "type" : "Point",
      "coordinates" : [ 16.41214848, 48.25948208 ]
    }
  }, {
    "type" : "Feature",
    "properties" : {
      "date" : "09/06/2022 13:50:39",
      "bikeType" : "E-Bike",
      "child" : "Nein",
      "trailer" : "Nein",
      "pLoc" : "Lenker",
      "incident" : "Zu dichtes Überholen",
      "participant" : "",
      "scary" : "Nein",
      "descr" : "",
      "region" : "Wien"
    },
    "geometry" : {
      "type" : "Point",
      "coordinates" : [ 16.41122093, 48.2592696 ]
    }
  }, {
    "type" : "Feature",
    "properties" : {
      "date" : "09/06/2022 13:54:01",
      "bikeType" : "E-Bike",
      "child" : "Nein",
      "trailer" : "Nein",
      "pLoc" : "Lenker",
      "incident" : "Hindernis ausweichen (z.B. Hund)",
      "participant" : "",
      "scary" : "Nein",
      "descr" : "",
      "region" : "Wien"
    },
    "geometry" : {
      "type" : "Point",
      "coordinates" : [ 16.40088425, 48.25553457 ]
    }
  }, {
    "type" : "Feature",
    "properties" : {
      "date" : "15/06/2022 07:10:12",
      "bikeType" : "E-Bike",
      "child" : "Nein",
      "trailer" : "Nein",
      "pLoc" : "Lenker",
      "incident" : "Zu dichtes Überholen",
      "participant" : "",
      "scary" : "Nein",
      "descr" : "",
      "region" : "Wien"
    },
    "geometry" : {
      "type" : "Point",
      "coordinates" : [ 16.13581117, 48.19399228 ]
    }
  }, {
    "type" : "Feature",
    "properties" : {
      "date" : "15/06/2022 07:11:54",
      "bikeType" : "E-Bike",
      "child" : "Nein",
      "trailer" : "Nein",
      "pLoc" : "Lenker",
      "incident" : "Zu dichtes Überholen",
      "participant" : "",
      "scary" : "Nein",
      "descr" : "",
      "region" : "Wien"
    },
    "geometry" : {
      "type" : "Point",
      "coordinates" : [ 16.1456154, 48.19667656 ]
    }
  }, {
    "type" : "Feature",
    "properties" : {
      "date" : "15/06/2022 07:13:37",
      "bikeType" : "E-Bike",
      "child" : "Nein",
      "trailer" : "Nein",
      "pLoc" : "Lenker",
      "incident" : "Zu dichtes Überholen",
      "participant" : "",
      "scary" : "Nein",
      "descr" : "",
      "region" : "Wien"
    },
    "geometry" : {
      "type" : "Point",
      "coordinates" : [ 16.15512271, 48.19976528 ]
    }
  }, {
    "type" : "Feature",
    "properties" : {
      "date" : "15/06/2022 07:14:31",
      "bikeType" : "E-Bike",
      "child" : "Nein",
      "trailer" : "Nein",
      "pLoc" : "Lenker",
      "incident" : "Zu dichtes Überholen",
      "participant" : "",
      "scary" : "Nein",
      "descr" : "",
      "region" : "Wien"
    },
    "geometry" : {
      "type" : "Point",
      "coordinates" : [ 16.16124232, 48.20052282 ]
    }
  }, {
    "type" : "Feature",
    "properties" : {
      "date" : "15/06/2022 08:03:43",
      "bikeType" : "E-Bike",
      "child" : "Nein",
      "trailer" : "Nein",
      "pLoc" : "Lenker",
      "incident" : "Hindernis ausweichen (z.B. Hund)",
      "participant" : "",
      "scary" : "Nein",
      "descr" : "",
      "region" : "Wien"
    },
    "geometry" : {
      "type" : "Point",
      "coordinates" : [ 16.35176066, 48.19165507 ]
    }
  }, {
    "type" : "Feature",
    "properties" : {
      "date" : "15/06/2022 08:06:14",
      "bikeType" : "E-Bike",
      "child" : "Nein",
      "trailer" : "Nein",
      "pLoc" : "Lenker",
      "incident" : "Hindernis ausweichen (z.B. Hund)",
      "participant" : "",
      "scary" : "Nein",
      "descr" : "",
      "region" : "Wien"
    },
    "geometry" : {
      "type" : "Point",
      "coordinates" : [ 16.35917299, 48.19737714 ]
    }
  }, {
    "type" : "Feature",
    "properties" : {
      "date" : "12/06/2022 16:57:33",
      "bikeType" : "Road Racing Bike",
      "child" : "Nein",
      "trailer" : "Nein",
      "pLoc" : "Hosentasche",
      "incident" : "Zu dichtes Überholen",
      "participant" : "PKW",
      "scary" : "Ja",
      "descr" : "",
      "region" : "Wien"
    },
    "geometry" : {
      "type" : "Point",
      "coordinates" : [ 16.353551661664145, 48.22349850744492 ]
    }
  }, {
    "type" : "Feature",
    "properties" : {
      "date" : "14/06/2022 08:24:40",
      "bikeType" : "E-Bike",
      "child" : "Nein",
      "trailer" : "Nein",
      "pLoc" : "Lenker",
      "incident" : "Entgegenkommender Verkehrsteilnehmer",
      "participant" : "Fahrrad",
      "scary" : "Nein",
      "descr" : "",
      "region" : "Wien"
    },
    "geometry" : {
      "type" : "Point",
      "coordinates" : [ 16.393108, 48.21954028 ]
    }
  }, {
    "type" : "Feature",
    "properties" : {
      "date" : "16/06/2022 13:40:16",
      "bikeType" : "Road Racing Bike",
      "child" : "Nein",
      "trailer" : "Nein",
      "pLoc" : "Hosentasche",
      "incident" : "Hindernis ausweichen (z.B. Hund)",
      "participant" : "Fahrrad",
      "scary" : "Nein",
      "descr" : "",
      "region" : "Wien"
    },
    "geometry" : {
      "type" : "Point",
      "coordinates" : [ 16.37658555850655, 48.18830563339507 ]
    }
  }, {
    "type" : "Feature",
    "properties" : {
      "date" : "13/06/2022 17:20:29",
      "bikeType" : "E-Bike",
      "child" : "Nein",
      "trailer" : "Nein",
      "pLoc" : "Lenker",
      "incident" : "Beinahe-Abbiegeunfall",
      "participant" : "PKW",
      "scary" : "Ja",
      "descr" : "",
      "region" : "Wien"
    },
    "geometry" : {
      "type" : "Point",
      "coordinates" : [ 16.42780015, 48.25216011 ]
    }
  }, {
    "type" : "Feature",
    "properties" : {
      "date" : "13/06/2022 17:45:42",
      "bikeType" : "E-Bike",
      "child" : "Nein",
      "trailer" : "Nein",
      "pLoc" : "Lenker",
      "incident" : "Hindernis ausweichen (z.B. Hund)",
      "participant" : "Sonstiges",
      "scary" : "Nein",
      "descr" : "Straßenbahn",
      "region" : "Wien"
    },
    "geometry" : {
      "type" : "Point",
      "coordinates" : [ 16.37465561, 48.20149277 ]
    }
  }, {
    "type" : "Feature",
    "properties" : {
      "date" : "13/06/2022 18:23:45",
      "bikeType" : "E-Bike",
      "child" : "Nein",
      "trailer" : "Nein",
      "pLoc" : "Lenker",
      "incident" : "Hindernis ausweichen (z.B. Hund)",
      "participant" : "",
      "scary" : "Nein",
      "descr" : "",
      "region" : "Wien"
    },
    "geometry" : {
      "type" : "Point",
      "coordinates" : [ 16.23200325, 48.20655184 ]
    }
  }, {
    "type" : "Feature",
    "properties" : {
      "date" : "13/06/2022 18:40:16",
      "bikeType" : "E-Bike",
      "child" : "Nein",
      "trailer" : "Nein",
      "pLoc" : "Lenker",
      "incident" : "Zu dichtes Überholen",
      "participant" : "",
      "scary" : "Nein",
      "descr" : "",
      "region" : "Wien"
    },
    "geometry" : {
      "type" : "Point",
      "coordinates" : [ 16.17199542, 48.20247059 ]
    }
  }, {
    "type" : "Feature",
    "properties" : {
      "date" : "25/04/2022 19:45:06",
      "bikeType" : "Road Racing Bike",
      "child" : "Nein",
      "trailer" : "Nein",
      "pLoc" : "Hosentasche",
      "incident" : "Zu dichtes Überholen",
      "participant" : "Bus",
      "scary" : "Nein",
      "descr" : "",
      "region" : "Wien"
    },
    "geometry" : {
      "type" : "Point",
      "coordinates" : [ 16.35139557809835, 48.19398143604395 ]
    }
  }, {
    "type" : "Feature",
    "properties" : {
      "date" : "25/04/2022 19:40:28",
      "bikeType" : "Road Racing Bike",
      "child" : "Nein",
      "trailer" : "Nein",
      "pLoc" : "Hosentasche",
      "incident" : "Zu dichtes Überholen",
      "participant" : "PKW",
      "scary" : "Ja",
      "descr" : "",
      "region" : "Wien"
    },
    "geometry" : {
      "type" : "Point",
      "coordinates" : [ 16.35810811996753, 48.19121886499359 ]
    }
  }, {
    "type" : "Feature",
    "properties" : {
      "date" : "29/04/2022 09:44:14",
      "bikeType" : "Road Racing Bike",
      "child" : "Nein",
      "trailer" : "Nein",
      "pLoc" : "Hosentasche",
      "incident" : "Sonstiges",
      "participant" : "Fahrrad, LKW",
      "scary" : "Nein",
      "descr" : "blocking the cycleway at a critical point",
      "region" : "Wien"
    },
    "geometry" : {
      "type" : "Point",
      "coordinates" : [ 16.34403104004226, 48.20906576107172 ]
    }
  }, {
    "type" : "Feature",
    "properties" : {
      "date" : "26/04/2022 09:07:39",
      "bikeType" : "Road Racing Bike",
      "child" : "Nein",
      "trailer" : "Nein",
      "pLoc" : "Hosentasche",
      "incident" : "Zu dichtes Überholen",
      "participant" : "PKW",
      "scary" : "Nein",
      "descr" : "",
      "region" : "Wien"
    },
    "geometry" : {
      "type" : "Point",
      "coordinates" : [ 16.342323659681423, 48.22319831852161 ]
    }
  }, {
    "type" : "Feature",
    "properties" : {
      "date" : "25/04/2022 15:55:57",
      "bikeType" : "Road Racing Bike",
      "child" : "Nein",
      "trailer" : "Nein",
      "pLoc" : "Hosentasche",
      "incident" : "Zu dichtes Überholen",
      "participant" : "PKW",
      "scary" : "Nein",
      "descr" : "",
      "region" : "Wien"
    },
    "geometry" : {
      "type" : "Point",
      "coordinates" : [ 16.34324026584508, 48.20341284003168 ]
    }
  }, {
    "type" : "Feature",
    "properties" : {
      "date" : "23/04/2022 17:03:41",
      "bikeType" : "Road Racing Bike",
      "child" : "Nein",
      "trailer" : "Nein",
      "pLoc" : "Hosentasche",
      "incident" : "Sonstiges",
      "participant" : "E-Scooter",
      "scary" : "Ja",
      "descr" : "scooter driver crossing the bike path ",
      "region" : "Wien"
    },
    "geometry" : {
      "type" : "Point",
      "coordinates" : [ 16.34141353058853, 48.21636250592011 ]
    }
  }, {
    "type" : "Feature",
    "properties" : {
      "date" : "23/04/2022 17:07:04",
      "bikeType" : "Road Racing Bike",
      "child" : "Nein",
      "trailer" : "Nein",
      "pLoc" : "Hosentasche",
      "incident" : "Hindernis ausweichen (z.B. Hund)",
      "participant" : "Fußgänger",
      "scary" : "Nein",
      "descr" : "",
      "region" : "Wien"
    },
    "geometry" : {
      "type" : "Point",
      "coordinates" : [ 16.338925489267876, 48.21032310698736 ]
    }
  }, {
    "type" : "Feature",
    "properties" : {
      "date" : "26/04/2022 11:41:54",
      "bikeType" : "Road Racing Bike",
      "child" : "Nein",
      "trailer" : "Nein",
      "pLoc" : "Hosentasche",
      "incident" : "Ein- oder ausparkendes Fahrzeug",
      "participant" : "Fußgänger, PKW",
      "scary" : "Nein",
      "descr" : "",
      "region" : "Wien"
    },
    "geometry" : {
      "type" : "Point",
      "coordinates" : [ 16.337731257550086, 48.21398237922125 ]
    }
  }, {
    "type" : "Feature",
    "properties" : {
      "date" : "26/04/2022 11:36:03",
      "bikeType" : "Road Racing Bike",
      "child" : "Nein",
      "trailer" : "Nein",
      "pLoc" : "Hosentasche",
      "incident" : "Zu dichtes Überholen",
      "participant" : "PKW",
      "scary" : "Nein",
      "descr" : "",
      "region" : "Wien"
    },
    "geometry" : {
      "type" : "Point",
      "coordinates" : [ 16.342091270332265, 48.22471130939075 ]
    }
  }, {
    "type" : "Feature",
    "properties" : {
      "date" : "21/04/2022 16:25:32",
      "bikeType" : "Road Racing Bike",
      "child" : "Nein",
      "trailer" : "Nein",
      "pLoc" : "Hosentasche",
      "incident" : "Ein- oder ausparkendes Fahrzeug",
      "participant" : "PKW",
      "scary" : "Nein",
      "descr" : "",
      "region" : "Wien"
    },
    "geometry" : {
      "type" : "Point",
      "coordinates" : [ 16.34329922522055, 48.20187854735154 ]
    }
  } ]
}