{
  "type" : "FeatureCollection",
  "features" : [ {
    "type" : "Feature",
    "properties" : {
      "date" : "22/11/2023 15:46:10",
      "bikeType" : "Lastenrad",
      "child" : "Nein",
      "trailer" : "Nein",
      "pLoc" : "Hosentasche",
      "incident" : "Zu dichtes Überholen",
      "participant" : "PKW",
      "scary" : "Ja",
      "descr" : "\"\"",
      "region" : "Saarbrücken"
    },
    "geometry" : {
      "type" : "Point",
      "coordinates" : [ 6.89860439, 49.38305142 ]
    }
  }, {
    "type" : "Feature",
    "properties" : {
      "date" : "09/10/2023 18:29:20",
      "bikeType" : "Lastenrad",
      "child" : "Nein",
      "trailer" : "Nein",
      "pLoc" : "Fahrradkorb",
      "incident" : "Zu dichtes Überholen",
      "participant" : "PKW",
      "scary" : "Ja",
      "descr" : "\"\"",
      "region" : "Saarbrücken"
    },
    "geometry" : {
      "type" : "Point",
      "coordinates" : [ 6.95161016, 49.24139385 ]
    }
  }, {
    "type" : "Feature",
    "properties" : {
      "date" : "09/10/2023 17:31:40",
      "bikeType" : "Lastenrad",
      "child" : "Nein",
      "trailer" : "Nein",
      "pLoc" : "Fahrradkorb",
      "incident" : "Zu dichtes Überholen",
      "participant" : "PKW",
      "scary" : "Ja",
      "descr" : "\"\"",
      "region" : "Saarbrücken"
    },
    "geometry" : {
      "type" : "Point",
      "coordinates" : [ 6.87345377, 49.31122132 ]
    }
  }, {
    "type" : "Feature",
    "properties" : {
      "date" : "19/07/2023 11:45:08",
      "bikeType" : "Lastenrad",
      "child" : "Nein",
      "trailer" : "Nein",
      "pLoc" : "Hosentasche",
      "incident" : "Zu dichtes Überholen",
      "participant" : "LKW",
      "scary" : "Ja",
      "descr" : "\"\"",
      "region" : "Saarbrücken"
    },
    "geometry" : {
      "type" : "Point",
      "coordinates" : [ 6.83384386, 49.47664468 ]
    }
  }, {
    "type" : "Feature",
    "properties" : {
      "date" : "19/07/2023 11:45:26",
      "bikeType" : "Lastenrad",
      "child" : "Nein",
      "trailer" : "Nein",
      "pLoc" : "Hosentasche",
      "incident" : "Zu dichtes Überholen",
      "participant" : "LKW",
      "scary" : "Ja",
      "descr" : "\"\"",
      "region" : "Saarbrücken"
    },
    "geometry" : {
      "type" : "Point",
      "coordinates" : [ 6.83380004, 49.47561855 ]
    }
  }, {
    "type" : "Feature",
    "properties" : {
      "date" : "19/07/2023 11:45:56",
      "bikeType" : "Lastenrad",
      "child" : "Nein",
      "trailer" : "Nein",
      "pLoc" : "Hosentasche",
      "incident" : "Zu dichtes Überholen",
      "participant" : "PKW",
      "scary" : "Nein",
      "descr" : "\"\"",
      "region" : "Saarbrücken"
    },
    "geometry" : {
      "type" : "Point",
      "coordinates" : [ 6.83425573, 49.47384194 ]
    }
  }, {
    "type" : "Feature",
    "properties" : {
      "date" : "19/07/2023 12:05:14",
      "bikeType" : "Lastenrad",
      "child" : "Nein",
      "trailer" : "Nein",
      "pLoc" : "Hosentasche",
      "incident" : "Zu dichtes Überholen",
      "participant" : "PKW",
      "scary" : "Nein",
      "descr" : "\"\"",
      "region" : "Saarbrücken"
    },
    "geometry" : {
      "type" : "Point",
      "coordinates" : [ 6.85235731, 49.41338857 ]
    }
  }, {
    "type" : "Feature",
    "properties" : {
      "date" : "18/07/2023 09:24:44",
      "bikeType" : "Lastenrad",
      "child" : "Nein",
      "trailer" : "Nein",
      "pLoc" : "Fahrradkorb",
      "incident" : "Zu dichtes Überholen",
      "participant" : "PKW",
      "scary" : "Ja",
      "descr" : "\"\"",
      "region" : "Saarbrücken"
    },
    "geometry" : {
      "type" : "Point",
      "coordinates" : [ 6.94298838, 49.31707441 ]
    }
  }, {
    "type" : "Feature",
    "properties" : {
      "date" : "18/07/2023 09:33:37",
      "bikeType" : "Lastenrad",
      "child" : "Nein",
      "trailer" : "Nein",
      "pLoc" : "Fahrradkorb",
      "incident" : "Hindernis ausweichen (z.B. Hund)",
      "participant" : "",
      "scary" : "Nein",
      "descr" : "\"Baum quer über den Weg\"",
      "region" : "Saarbrücken"
    },
    "geometry" : {
      "type" : "Point",
      "coordinates" : [ 6.96872098, 49.30344582 ]
    }
  }, {
    "type" : "Feature",
    "properties" : {
      "date" : "18/07/2023 09:39:09",
      "bikeType" : "Lastenrad",
      "child" : "Nein",
      "trailer" : "Nein",
      "pLoc" : "Fahrradkorb",
      "incident" : "Zu dichtes Überholen",
      "participant" : "PKW",
      "scary" : "Nein",
      "descr" : "\"\"",
      "region" : "Saarbrücken"
    },
    "geometry" : {
      "type" : "Point",
      "coordinates" : [ 6.99004153, 49.29009661 ]
    }
  }, {
    "type" : "Feature",
    "properties" : {
      "date" : "18/07/2023 09:39:39",
      "bikeType" : "Lastenrad",
      "child" : "Nein",
      "trailer" : "Nein",
      "pLoc" : "Fahrradkorb",
      "incident" : "Zu dichtes Überholen",
      "participant" : "PKW",
      "scary" : "Nein",
      "descr" : "\"\"",
      "region" : "Saarbrücken"
    },
    "geometry" : {
      "type" : "Point",
      "coordinates" : [ 6.99479124, 49.28951642 ]
    }
  }, {
    "type" : "Feature",
    "properties" : {
      "date" : "15/07/2023 14:02:33",
      "bikeType" : "Lastenrad",
      "child" : "Nein",
      "trailer" : "Nein",
      "pLoc" : "Jackentasche",
      "incident" : "Zu dichtes Überholen",
      "participant" : "PKW",
      "scary" : "Ja",
      "descr" : "\"\"",
      "region" : "Saarbrücken"
    },
    "geometry" : {
      "type" : "Point",
      "coordinates" : [ 6.89651969, 49.38092684 ]
    }
  }, {
    "type" : "Feature",
    "properties" : {
      "date" : "26/07/2023 02:17:09",
      "bikeType" : "Lastenrad",
      "child" : "Nein",
      "trailer" : "Nein",
      "pLoc" : "Fahrradkorb",
      "incident" : "Hindernis ausweichen (z.B. Hund)",
      "participant" : "LKW",
      "scary" : "Ja",
      "descr" : "\"LKW parkt auf benutzungspflichtigem Radweg, ich musste in fließenden Verkehr im Bereich einer BAB-Auffahrt ausweichen.\"",
      "region" : "Saarbrücken"
    },
    "geometry" : {
      "type" : "Point",
      "coordinates" : [ 6.93313628, 49.34909537 ]
    }
  }, {
    "type" : "Feature",
    "properties" : {
      "date" : "19/12/2003 08:04:20",
      "bikeType" : "Lastenrad",
      "child" : "Nein",
      "trailer" : "Nein",
      "pLoc" : "Hosentasche",
      "incident" : "Zu dichtes Überholen",
      "participant" : "PKW",
      "scary" : "Ja",
      "descr" : "\"\"",
      "region" : "Saarbrücken"
    },
    "geometry" : {
      "type" : "Point",
      "coordinates" : [ 6.91179451, 49.40863763 ]
    }
  }, {
    "type" : "Feature",
    "properties" : {
      "date" : "11/08/2023 04:12:50",
      "bikeType" : "Lastenrad",
      "child" : "Nein",
      "trailer" : "Nein",
      "pLoc" : "Fahrradkorb",
      "incident" : "Zu dichtes Überholen",
      "participant" : "Lieferwagen",
      "scary" : "Ja",
      "descr" : "\"\"",
      "region" : "Saarbrücken"
    },
    "geometry" : {
      "type" : "Point",
      "coordinates" : [ 6.94732856, 49.29977502 ]
    }
  }, {
    "type" : "Feature",
    "properties" : {
      "date" : "09/08/2023 19:36:36",
      "bikeType" : "Lastenrad",
      "child" : "Nein",
      "trailer" : "Nein",
      "pLoc" : "Fahrradkorb",
      "incident" : "Zu dichtes Überholen",
      "participant" : "PKW",
      "scary" : "Ja",
      "descr" : "\"\"",
      "region" : "Saarbrücken"
    },
    "geometry" : {
      "type" : "Point",
      "coordinates" : [ 6.91298784, 49.4056313 ]
    }
  }, {
    "type" : "Feature",
    "properties" : {
      "date" : "09/08/2023 19:49:59",
      "bikeType" : "Lastenrad",
      "child" : "Nein",
      "trailer" : "Nein",
      "pLoc" : "Fahrradkorb",
      "incident" : "Zu dichtes Überholen",
      "participant" : "PKW",
      "scary" : "Ja",
      "descr" : "\"\"",
      "region" : "Saarbrücken"
    },
    "geometry" : {
      "type" : "Point",
      "coordinates" : [ 6.93248576, 49.35725741 ]
    }
  }, {
    "type" : "Feature",
    "properties" : {
      "date" : "09/08/2023 19:54:35",
      "bikeType" : "Lastenrad",
      "child" : "Nein",
      "trailer" : "Nein",
      "pLoc" : "Fahrradkorb",
      "incident" : "Zu dichtes Überholen",
      "participant" : "Motorrad",
      "scary" : "Nein",
      "descr" : "\"\"",
      "region" : "Saarbrücken"
    },
    "geometry" : {
      "type" : "Point",
      "coordinates" : [ 6.93255259, 49.34006929 ]
    }
  }, {
    "type" : "Feature",
    "properties" : {
      "date" : "09/08/2023 19:58:43",
      "bikeType" : "Lastenrad",
      "child" : "Nein",
      "trailer" : "Nein",
      "pLoc" : "Fahrradkorb",
      "incident" : "Zu dichtes Überholen",
      "participant" : "PKW",
      "scary" : "Ja",
      "descr" : "\"\"",
      "region" : "Saarbrücken"
    },
    "geometry" : {
      "type" : "Point",
      "coordinates" : [ 6.93520116, 49.3272641 ]
    }
  }, {
    "type" : "Feature",
    "properties" : {
      "date" : "09/08/2023 19:58:52",
      "bikeType" : "Lastenrad",
      "child" : "Nein",
      "trailer" : "Nein",
      "pLoc" : "Fahrradkorb",
      "incident" : "Zu dichtes Überholen",
      "participant" : "PKW",
      "scary" : "Ja",
      "descr" : "\"\"",
      "region" : "Saarbrücken"
    },
    "geometry" : {
      "type" : "Point",
      "coordinates" : [ 6.93543067, 49.32675943 ]
    }
  }, {
    "type" : "Feature",
    "properties" : {
      "date" : "09/08/2023 20:09:56",
      "bikeType" : "Lastenrad",
      "child" : "Nein",
      "trailer" : "Nein",
      "pLoc" : "Fahrradkorb",
      "incident" : "Hindernis ausweichen (z.B. Hund)",
      "participant" : "",
      "scary" : "Ja",
      "descr" : "\"Baum quer über den Weg\"",
      "region" : "Saarbrücken"
    },
    "geometry" : {
      "type" : "Point",
      "coordinates" : [ 6.96884792, 49.30276763 ]
    }
  }, {
    "type" : "Feature",
    "properties" : {
      "date" : "09/08/2023 20:13:40",
      "bikeType" : "Lastenrad",
      "child" : "Nein",
      "trailer" : "Nein",
      "pLoc" : "Fahrradkorb",
      "incident" : "Hindernis ausweichen (z.B. Hund)",
      "participant" : "",
      "scary" : "Nein",
      "descr" : "\"Baum quer über den Weg, Weg unpassierbar\"",
      "region" : "Saarbrücken"
    },
    "geometry" : {
      "type" : "Point",
      "coordinates" : [ 6.97269981, 49.29364254 ]
    }
  }, {
    "type" : "Feature",
    "properties" : {
      "date" : "18/12/2003 08:05:29",
      "bikeType" : "Lastenrad",
      "child" : "Nein",
      "trailer" : "Nein",
      "pLoc" : "Hosentasche",
      "incident" : "Zu dichtes Überholen",
      "participant" : "PKW",
      "scary" : "Ja",
      "descr" : "\"\"",
      "region" : "Saarbrücken"
    },
    "geometry" : {
      "type" : "Point",
      "coordinates" : [ 6.9086037, 49.40670172 ]
    }
  }, {
    "type" : "Feature",
    "properties" : {
      "date" : "27/07/2023 15:32:15",
      "bikeType" : "Lastenrad",
      "child" : "Nein",
      "trailer" : "Nein",
      "pLoc" : "Fahrradkorb",
      "incident" : "Zu dichtes Überholen",
      "participant" : "Lieferwagen",
      "scary" : "Ja",
      "descr" : "\"\"",
      "region" : "Saarbrücken"
    },
    "geometry" : {
      "type" : "Point",
      "coordinates" : [ 6.97947351, 49.2474076 ]
    }
  }, {
    "type" : "Feature",
    "properties" : {
      "date" : "27/07/2023 15:32:39",
      "bikeType" : "Lastenrad",
      "child" : "Nein",
      "trailer" : "Nein",
      "pLoc" : "Fahrradkorb",
      "incident" : "Zu dichtes Überholen",
      "participant" : "PKW",
      "scary" : "Ja",
      "descr" : "\"\"",
      "region" : "Saarbrücken"
    },
    "geometry" : {
      "type" : "Point",
      "coordinates" : [ 6.97984046, 49.2489943 ]
    }
  }, {
    "type" : "Feature",
    "properties" : {
      "date" : "27/07/2023 16:28:00",
      "bikeType" : "Lastenrad",
      "child" : "Nein",
      "trailer" : "Nein",
      "pLoc" : "Fahrradkorb",
      "incident" : "Zu dichtes Auffahren",
      "participant" : "Sonstiges",
      "scary" : "Ja",
      "descr" : "\"Traktor\"",
      "region" : "Saarbrücken"
    },
    "geometry" : {
      "type" : "Point",
      "coordinates" : [ 6.90307443, 49.37812659 ]
    }
  }, {
    "type" : "Feature",
    "properties" : {
      "date" : "29/05/2021 17:00:38",
      "bikeType" : "City-/Trekking Bike",
      "child" : "Nein",
      "trailer" : "Nein",
      "pLoc" : "Lenker",
      "incident" : "Hindernis ausweichen (z.B. Hund)",
      "participant" : "",
      "scary" : "Nein",
      "descr" : "\"\"",
      "region" : "Saarbrücken"
    },
    "geometry" : {
      "type" : "Point",
      "coordinates" : [ 7.03574, 49.196578 ]
    }
  }, {
    "type" : "Feature",
    "properties" : {
      "date" : "17/06/2021 00:20:11",
      "bikeType" : "-",
      "child" : "Nein",
      "trailer" : "Nein",
      "pLoc" : "Hosentasche",
      "incident" : "Sonstiges",
      "participant" : "PKW",
      "scary" : "Ja",
      "descr" : "\"PKWs parken im absoluten Haltverbot, sodass man mit dem Rad zwischen den beiden Schienen der Straßenbahn fahren muss.\"",
      "region" : "Saarbrücken"
    },
    "geometry" : {
      "type" : "Point",
      "coordinates" : [ 6.944154063239694, 49.30270909331739 ]
    }
  }, {
    "type" : "Feature",
    "properties" : {
      "date" : "17/06/2021 00:22:24",
      "bikeType" : "-",
      "child" : "Nein",
      "trailer" : "Nein",
      "pLoc" : "Hosentasche",
      "incident" : "Sonstiges",
      "participant" : "PKW",
      "scary" : "Ja",
      "descr" : "\"PKWs parken im absoluten Haltverbot, sodass man mit dem Rad zwischen den beiden Schienen der Straßenbahn fahren muss.\"",
      "region" : "Saarbrücken"
    },
    "geometry" : {
      "type" : "Point",
      "coordinates" : [ 6.944973645731807, 49.30498834233731 ]
    }
  }, {
    "type" : "Feature",
    "properties" : {
      "date" : "16/06/2021 23:52:43",
      "bikeType" : "-",
      "child" : "Nein",
      "trailer" : "Nein",
      "pLoc" : "Hosentasche",
      "incident" : "Sonstiges",
      "participant" : "",
      "scary" : "Ja",
      "descr" : "\"Benutzungspflichtiger Radweg endet unvermittelt an einer Baustelle. Keine sichere Möglichkeit zur Einfädelung in Straßenverkehr\"",
      "region" : "Saarbrücken"
    },
    "geometry" : {
      "type" : "Point",
      "coordinates" : [ 6.9822080712765455, 49.243070343509316 ]
    }
  }, {
    "type" : "Feature",
    "properties" : {
      "date" : "17/06/2021 00:04:21",
      "bikeType" : "-",
      "child" : "Nein",
      "trailer" : "Nein",
      "pLoc" : "Hosentasche",
      "incident" : "Sonstiges",
      "participant" : "",
      "scary" : "Ja",
      "descr" : "\"Dicker Baumast hängt in den Radweg und versperrt ihn komplett\"",
      "region" : "Saarbrücken"
    },
    "geometry" : {
      "type" : "Point",
      "coordinates" : [ 6.959335869178176, 49.25761747173965 ]
    }
  }, {
    "type" : "Feature",
    "properties" : {
      "date" : "10/06/2021 04:59:29",
      "bikeType" : "-",
      "child" : "Nein",
      "trailer" : "Nein",
      "pLoc" : "Hosentasche",
      "incident" : "Zu dichtes Überholen",
      "participant" : "PKW",
      "scary" : "Ja",
      "descr" : "\"\"",
      "region" : "Saarbrücken"
    },
    "geometry" : {
      "type" : "Point",
      "coordinates" : [ 6.97106902487576, 49.24394235480577 ]
    }
  }, {
    "type" : "Feature",
    "properties" : {
      "date" : "10/07/2021 22:47:58",
      "bikeType" : "-",
      "child" : "Nein",
      "trailer" : "Nein",
      "pLoc" : "Hosentasche",
      "incident" : "Sonstiges",
      "participant" : "PKW",
      "scary" : "Ja",
      "descr" : "\"Fahrer lässt Motor extra laut aufheulen\"",
      "region" : "Saarbrücken"
    },
    "geometry" : {
      "type" : "Point",
      "coordinates" : [ 6.894399588927627, 49.41292973700911 ]
    }
  }, {
    "type" : "Feature",
    "properties" : {
      "date" : "12/07/2021 08:04:06",
      "bikeType" : "-",
      "child" : "Nein",
      "trailer" : "Nein",
      "pLoc" : "Hosentasche",
      "incident" : "Sonstiges",
      "participant" : "Fahrrad, Fußgänger, PKW",
      "scary" : "Ja",
      "descr" : "\"Die Radverkehrsführung ist hier eine Katastrophe\"",
      "region" : "Saarbrücken"
    },
    "geometry" : {
      "type" : "Point",
      "coordinates" : [ 6.896435469388962, 49.301551007665694 ]
    }
  }, {
    "type" : "Feature",
    "properties" : {
      "date" : "05/07/2021 14:08:01",
      "bikeType" : "-",
      "child" : "Nein",
      "trailer" : "Nein",
      "pLoc" : "Hosentasche",
      "incident" : "Sonstiges",
      "participant" : "",
      "scary" : "Ja",
      "descr" : "\"Sturz bei Querung der Straßenbahnschienen nach Regenschauer.\"",
      "region" : "Saarbrücken"
    },
    "geometry" : {
      "type" : "Point",
      "coordinates" : [ 6.946546509861946, 49.30067996028811 ]
    }
  }, {
    "type" : "Feature",
    "properties" : {
      "date" : "09/07/2021 15:43:10",
      "bikeType" : "-",
      "child" : "Nein",
      "trailer" : "Nein",
      "pLoc" : "Hosentasche",
      "incident" : "Hindernis ausweichen (z.B. Hund)",
      "participant" : "Fußgänger",
      "scary" : "Ja",
      "descr" : "\"\"",
      "region" : "Saarbrücken"
    },
    "geometry" : {
      "type" : "Point",
      "coordinates" : [ 6.912152292206883, 49.3600483937189 ]
    }
  }, {
    "type" : "Feature",
    "properties" : {
      "date" : "09/07/2021 15:44:28",
      "bikeType" : "-",
      "child" : "Nein",
      "trailer" : "Nein",
      "pLoc" : "Hosentasche",
      "incident" : "Hindernis ausweichen (z.B. Hund)",
      "participant" : "Fußgänger",
      "scary" : "Nein",
      "descr" : "\"\"",
      "region" : "Saarbrücken"
    },
    "geometry" : {
      "type" : "Point",
      "coordinates" : [ 6.916974568739533, 49.36542781535536 ]
    }
  }, {
    "type" : "Feature",
    "properties" : {
      "date" : "14/08/2021 16:00:01",
      "bikeType" : "-",
      "child" : "Nein",
      "trailer" : "Nein",
      "pLoc" : "Hosentasche",
      "incident" : "Sonstiges",
      "participant" : "Sonstiges",
      "scary" : "Ja",
      "descr" : "\"Touristischer Radweg, an dem man sein Rad steile und enge Treppen herunter oder hinauf wuchten muss, nachdem man auf einem ca. 50cm (nicht übertrieben!) breiten Pfad unmittelbar neben der Leitplanke der Autobahn vorbei musste, der für Fahrräder im Gegenverkehr UND Fußgänger vorgesehen ist. Großer Spaß mit Lastenrad oder Fahrradanhänger mit Kind.\"",
      "region" : "Saarbrücken"
    },
    "geometry" : {
      "type" : "Point",
      "coordinates" : [ 6.952810641378164, 49.233294781297445 ]
    }
  }, {
    "type" : "Feature",
    "properties" : {
      "date" : "01/09/2021 15:24:56",
      "bikeType" : "-",
      "child" : "Nein",
      "trailer" : "Nein",
      "pLoc" : "Hosentasche",
      "incident" : "Hindernis ausweichen (z.B. Hund)",
      "participant" : "PKW",
      "scary" : "Nein",
      "descr" : "\"Fahrzeuge parken auf benutzungspflichtigem Radweg\"",
      "region" : "Saarbrücken"
    },
    "geometry" : {
      "type" : "Point",
      "coordinates" : [ 7.010507471859455, 49.28525692317635 ]
    }
  }, {
    "type" : "Feature",
    "properties" : {
      "date" : "01/09/2021 15:24:56",
      "bikeType" : "-",
      "child" : "Nein",
      "trailer" : "Nein",
      "pLoc" : "Hosentasche",
      "incident" : "Hindernis ausweichen (z.B. Hund)",
      "participant" : "PKW",
      "scary" : "Nein",
      "descr" : "\"Fahrzeuge parken auf benutzungspflichtigem Radweg\"",
      "region" : "Saarbrücken"
    },
    "geometry" : {
      "type" : "Point",
      "coordinates" : [ 7.010507471859455, 49.28525692317635 ]
    }
  }, {
    "type" : "Feature",
    "properties" : {
      "date" : "05/10/2022 17:26:21",
      "bikeType" : "Lastenrad",
      "child" : "Nein",
      "trailer" : "Nein",
      "pLoc" : "Fahrradkorb",
      "incident" : "Hindernis ausweichen (z.B. Hund)",
      "participant" : "",
      "scary" : "Nein",
      "descr" : "\"Baum quer über Radwanderweg\"",
      "region" : "Saarbrücken"
    },
    "geometry" : {
      "type" : "Point",
      "coordinates" : [ 6.85619946, 49.27172921 ]
    }
  }, {
    "type" : "Feature",
    "properties" : {
      "date" : "05/10/2022 17:52:36",
      "bikeType" : "Lastenrad",
      "child" : "Nein",
      "trailer" : "Nein",
      "pLoc" : "Fahrradkorb",
      "incident" : "Zu dichtes Überholen",
      "participant" : "PKW",
      "scary" : "Ja",
      "descr" : "\"\"",
      "region" : "Saarbrücken"
    },
    "geometry" : {
      "type" : "Point",
      "coordinates" : [ 6.94459365, 49.23885222 ]
    }
  }, {
    "type" : "Feature",
    "properties" : {
      "date" : "05/10/2022 17:53:30",
      "bikeType" : "Lastenrad",
      "child" : "Nein",
      "trailer" : "Nein",
      "pLoc" : "Fahrradkorb",
      "incident" : "Zu dichtes Überholen",
      "participant" : "PKW",
      "scary" : "Nein",
      "descr" : "\"\"",
      "region" : "Saarbrücken"
    },
    "geometry" : {
      "type" : "Point",
      "coordinates" : [ 6.94753925, 49.24062681 ]
    }
  }, {
    "type" : "Feature",
    "properties" : {
      "date" : "01/06/2022 13:42:18",
      "bikeType" : "Lastenrad",
      "child" : "Nein",
      "trailer" : "Nein",
      "pLoc" : "Fahrradkorb",
      "incident" : "Zu dichtes Überholen",
      "participant" : "PKW",
      "scary" : "Nein",
      "descr" : "\"\"",
      "region" : "Saarbrücken"
    },
    "geometry" : {
      "type" : "Point",
      "coordinates" : [ 6.91935248, 49.4008125 ]
    }
  }, {
    "type" : "Feature",
    "properties" : {
      "date" : "15/07/2022 12:15:18",
      "bikeType" : "Lastenrad",
      "child" : "Nein",
      "trailer" : "Nein",
      "pLoc" : "Fahrradkorb",
      "incident" : "Zu dichtes Überholen",
      "participant" : "PKW",
      "scary" : "Ja",
      "descr" : "\"\"",
      "region" : "Saarbrücken"
    },
    "geometry" : {
      "type" : "Point",
      "coordinates" : [ 6.90062318, 49.30831486 ]
    }
  }, {
    "type" : "Feature",
    "properties" : {
      "date" : "15/07/2022 12:16:16",
      "bikeType" : "Lastenrad",
      "child" : "Nein",
      "trailer" : "Nein",
      "pLoc" : "Fahrradkorb",
      "incident" : "Zu dichtes Überholen",
      "participant" : "PKW",
      "scary" : "Nein",
      "descr" : "\"\"",
      "region" : "Saarbrücken"
    },
    "geometry" : {
      "type" : "Point",
      "coordinates" : [ 6.90159204, 49.31056674 ]
    }
  }, {
    "type" : "Feature",
    "properties" : {
      "date" : "07/07/2022 16:15:08",
      "bikeType" : "Lastenrad",
      "child" : "Nein",
      "trailer" : "Nein",
      "pLoc" : "Fahrradkorb",
      "incident" : "Zu dichtes Überholen",
      "participant" : "PKW",
      "scary" : "Ja",
      "descr" : "\"\"",
      "region" : "Saarbrücken"
    },
    "geometry" : {
      "type" : "Point",
      "coordinates" : [ 6.90890971, 49.40664611 ]
    }
  }, {
    "type" : "Feature",
    "properties" : {
      "date" : "07/07/2022 15:07:07",
      "bikeType" : "Lastenrad",
      "child" : "Nein",
      "trailer" : "Nein",
      "pLoc" : "Fahrradkorb",
      "incident" : "Zu dichtes Überholen",
      "participant" : "PKW",
      "scary" : "Ja",
      "descr" : "\"\"",
      "region" : "Saarbrücken"
    },
    "geometry" : {
      "type" : "Point",
      "coordinates" : [ 6.97936206, 49.24822365 ]
    }
  }, {
    "type" : "Feature",
    "properties" : {
      "date" : "21/07/2022 19:24:20",
      "bikeType" : "Lastenrad",
      "child" : "Nein",
      "trailer" : "Nein",
      "pLoc" : "Fahrradkorb",
      "incident" : "Zu dichtes Überholen",
      "participant" : "PKW",
      "scary" : "Nein",
      "descr" : "\"\"",
      "region" : "Saarbrücken"
    },
    "geometry" : {
      "type" : "Point",
      "coordinates" : [ 6.99874598, 49.23913317 ]
    }
  }, {
    "type" : "Feature",
    "properties" : {
      "date" : "21/07/2022 17:41:43",
      "bikeType" : "Lastenrad",
      "child" : "Nein",
      "trailer" : "Nein",
      "pLoc" : "Fahrradkorb",
      "incident" : "Zu dichtes Überholen",
      "participant" : "PKW",
      "scary" : "Ja",
      "descr" : "\"\"",
      "region" : "Saarbrücken"
    },
    "geometry" : {
      "type" : "Point",
      "coordinates" : [ 6.88566058, 49.34023243 ]
    }
  }, {
    "type" : "Feature",
    "properties" : {
      "date" : "15/07/2022 09:00:50",
      "bikeType" : "Lastenrad",
      "child" : "Nein",
      "trailer" : "Nein",
      "pLoc" : "Fahrradkorb",
      "incident" : "Zu dichtes Überholen",
      "participant" : "PKW",
      "scary" : "Ja",
      "descr" : "\"\"",
      "region" : "Saarbrücken"
    },
    "geometry" : {
      "type" : "Point",
      "coordinates" : [ 6.99873207, 49.23919894 ]
    }
  }, {
    "type" : "Feature",
    "properties" : {
      "date" : "15/07/2022 09:01:24",
      "bikeType" : "Lastenrad",
      "child" : "Nein",
      "trailer" : "Nein",
      "pLoc" : "Fahrradkorb",
      "incident" : "Zu dichtes Überholen",
      "participant" : "Lieferwagen",
      "scary" : "Ja",
      "descr" : "\"\"",
      "region" : "Saarbrücken"
    },
    "geometry" : {
      "type" : "Point",
      "coordinates" : [ 6.99727252, 49.23763252 ]
    }
  }, {
    "type" : "Feature",
    "properties" : {
      "date" : "14/07/2022 09:01:28",
      "bikeType" : "Lastenrad",
      "child" : "Nein",
      "trailer" : "Nein",
      "pLoc" : "Fahrradkorb",
      "incident" : "Zu dichtes Überholen",
      "participant" : "PKW",
      "scary" : "Nein",
      "descr" : "\"\"",
      "region" : "Saarbrücken"
    },
    "geometry" : {
      "type" : "Point",
      "coordinates" : [ 6.92702168, 49.3871645 ]
    }
  }, {
    "type" : "Feature",
    "properties" : {
      "date" : "14/07/2022 09:05:37",
      "bikeType" : "Lastenrad",
      "child" : "Nein",
      "trailer" : "Nein",
      "pLoc" : "Fahrradkorb",
      "incident" : "Zu dichtes Überholen",
      "participant" : "PKW",
      "scary" : "Nein",
      "descr" : "\"\"",
      "region" : "Saarbrücken"
    },
    "geometry" : {
      "type" : "Point",
      "coordinates" : [ 6.91572802, 49.40307389 ]
    }
  }, {
    "type" : "Feature",
    "properties" : {
      "date" : "14/07/2022 09:05:58",
      "bikeType" : "Lastenrad",
      "child" : "Nein",
      "trailer" : "Nein",
      "pLoc" : "Fahrradkorb",
      "incident" : "Zu dichtes Überholen",
      "participant" : "PKW",
      "scary" : "Nein",
      "descr" : "\"\"",
      "region" : "Saarbrücken"
    },
    "geometry" : {
      "type" : "Point",
      "coordinates" : [ 6.91412326, 49.40424579 ]
    }
  }, {
    "type" : "Feature",
    "properties" : {
      "date" : "22/07/2022 16:42:02",
      "bikeType" : "Lastenrad",
      "child" : "Nein",
      "trailer" : "Nein",
      "pLoc" : "Fahrradkorb",
      "incident" : "Zu dichtes Überholen",
      "participant" : "Lieferwagen",
      "scary" : "Ja",
      "descr" : "\"\"",
      "region" : "Saarbrücken"
    },
    "geometry" : {
      "type" : "Point",
      "coordinates" : [ 6.92882371, 49.33804086 ]
    }
  }, {
    "type" : "Feature",
    "properties" : {
      "date" : "22/07/2022 16:30:04",
      "bikeType" : "Lastenrad",
      "child" : "Nein",
      "trailer" : "Nein",
      "pLoc" : "Fahrradkorb",
      "incident" : "Sonstiges",
      "participant" : "Sonstiges",
      "scary" : "Nein",
      "descr" : "\"Linksabbiegerampel: Kontaktschwelle reagiert nicht arte Radfahrer\"",
      "region" : "Saarbrücken"
    },
    "geometry" : {
      "type" : "Point",
      "coordinates" : [ 6.9157523, 49.31724285 ]
    }
  }, {
    "type" : "Feature",
    "properties" : {
      "date" : "21/07/2022 02:24:43",
      "bikeType" : "Lastenrad",
      "child" : "Nein",
      "trailer" : "Nein",
      "pLoc" : "Fahrradkorb",
      "incident" : "Zu dichtes Überholen",
      "participant" : "LKW",
      "scary" : "Ja",
      "descr" : "\"Sattelzug überholt kurz vorm Kreisverkehr, merkt, dass er sich verschätzt hat und schert wieder ein ohne Rücksicht auf Verluste. Nur durch starkes Bremsen und Ausweichen in die Regenrinne konnte ich ein Überfahrenwerden verhindern.\"",
      "region" : "Saarbrücken"
    },
    "geometry" : {
      "type" : "Point",
      "coordinates" : [ 6.91336892, 49.40520607 ]
    }
  }, {
    "type" : "Feature",
    "properties" : {
      "date" : "15/07/2022 10:14:21",
      "bikeType" : "Lastenrad",
      "child" : "Nein",
      "trailer" : "Nein",
      "pLoc" : "Fahrradkorb",
      "incident" : "Zu dichtes Überholen",
      "participant" : "Lieferwagen",
      "scary" : "Ja",
      "descr" : "\"\"",
      "region" : "Saarbrücken"
    },
    "geometry" : {
      "type" : "Point",
      "coordinates" : [ 6.96083463, 49.23810766 ]
    }
  }, {
    "type" : "Feature",
    "properties" : {
      "date" : "06/09/2022 13:26:28",
      "bikeType" : "Lastenrad",
      "child" : "Nein",
      "trailer" : "Nein",
      "pLoc" : "Fahrradkorb",
      "incident" : "Zu dichtes Überholen",
      "participant" : "PKW",
      "scary" : "Nein",
      "descr" : "\"\"",
      "region" : "Saarbrücken"
    },
    "geometry" : {
      "type" : "Point",
      "coordinates" : [ 6.90648956, 49.39246953 ]
    }
  }, {
    "type" : "Feature",
    "properties" : {
      "date" : "06/09/2022 14:23:09",
      "bikeType" : "Lastenrad",
      "child" : "Nein",
      "trailer" : "Nein",
      "pLoc" : "Fahrradkorb",
      "incident" : "Beinahe-Abbiegeunfall",
      "participant" : "PKW",
      "scary" : "Ja",
      "descr" : "\"fuhr bei für ihn roter Ampel trotzdem\"",
      "region" : "Saarbrücken"
    },
    "geometry" : {
      "type" : "Point",
      "coordinates" : [ 6.99212981, 49.23912502 ]
    }
  }, {
    "type" : "Feature",
    "properties" : {
      "date" : "06/09/2022 00:23:39",
      "bikeType" : "Lastenrad",
      "child" : "Nein",
      "trailer" : "Nein",
      "pLoc" : "Fahrradkorb",
      "incident" : "Zu dichtes Überholen",
      "participant" : "PKW",
      "scary" : "Ja",
      "descr" : "\"\"",
      "region" : "Saarbrücken"
    },
    "geometry" : {
      "type" : "Point",
      "coordinates" : [ 6.92542989, 49.3706252 ]
    }
  } ]
}