lat,lon,ts,bike,childCheckBox,trailerCheckBox,pLoc,incident,i1,i2,i3,i4,i5,i6,i7,i8,i9,scary,desc,i10,region
49.196578,7.035740,1622300438003,1,0,0,1,7,0,0,0,0,0,0,0,0,0,0,,0,Saarbrücken
49.30270909331739,6.944154063239694,1623882011000,0,0,0,0,8,0,0,0,0,0,0,1,0,0,1,PKWs parken im absoluten Haltverbot, sodass man mit dem Rad zwischen den beiden Schienen der Straßenbahn fahren muss. ,0,Saarbrücken
49.30498834233731,6.944973645731807,1623882144000,0,0,0,0,8,0,0,0,0,0,0,1,0,0,1,PKWs parken im absoluten Haltverbot, sodass man mit dem Rad zwischen den beiden Schienen der Straßenbahn fahren muss. ,0,Saarbrücken
49.243070343509316,6.9822080712765455,1623880363000,0,0,0,0,8,0,0,0,0,0,0,0,0,0,1,Benutzungspflichtiger Radweg endet unvermittelt an einer Baustelle. Keine sichere Möglichkeit zur Einfädelung in Straßenverkehr,0,Saarbrücken
49.25761747173965,6.959335869178176,1623881061000,0,0,0,0,8,0,0,0,0,0,0,0,0,0,1,Dicker Baumast hängt in den Radweg und versperrt ihn komplett,0,Saarbrücken
49.24394235480577,6.97106902487576,1623293969000,0,0,0,0,1,0,0,0,0,0,0,1,0,0,1,,0,Saarbrücken
49.41292973700911,6.894399588927627,1625950078000,,0,0,,8,0,0,0,0,0,0,1,0,0,1,Fahrer lässt Motor extra laut aufheulen,0,Saarbrücken
49.301551007665694,6.896435469388962,1626069846000,,0,0,,8,0,1,1,0,0,0,1,0,0,1,Die Radverkehrsführung ist hier eine Katastrophe,0,Saarbrücken
49.30067996028811,6.946546509861946,1625486881000,,0,0,,8,0,0,0,0,0,0,0,0,0,1,Sturz bei Querung der Straßenbahnschienen nach Regenschauer.,0,Saarbrücken
49.3600483937189,6.912152292206883,1625838190000,,0,0,,7,0,0,1,0,0,0,0,0,0,1,,0,Saarbrücken
49.36542781535536,6.916974568739533,1625838268000,,0,0,,7,0,0,1,0,0,0,0,0,0,0,,0,Saarbrücken
49.233294781297445,6.952810641378164,1628949601000,,0,0,,8,0,0,0,0,0,0,0,0,1,1,Touristischer Radweg, an dem man sein Rad steile und enge Treppen herunter oder hinauf wuchten muss, nachdem man auf einem ca. 50cm (nicht übertrieben!) breiten Pfad unmittelbar neben der Leitplanke der Autobahn vorbei musste, der für Fahrräder im Gegenverkehr UND Fußgänger vorgesehen ist. Großer Spaß mit Lastenrad oder Fahrradanhänger mit Kind. ,0,Saarbrücken
49.28525692317635,7.010507471859455,1630502696000,,0,0,,7,0,0,0,0,0,0,1,0,0,0,Fahrzeuge parken auf benutzungspflichtigem Radweg,0,Saarbrücken
49.28525692317635,7.010507471859455,1630502696000,,0,0,,7,0,0,0,0,0,0,1,0,0,0,Fahrzeuge parken auf benutzungspflichtigem Radweg,0,Saarbrücken
49.27172921,6.85619946,1664983581000,5,0,0,4,7,0,0,0,0,0,0,0,0,0,0,Baum quer über Radwanderweg,0,Saarbrücken
49.23885222,6.94459365,1664985156000,5,0,0,4,1,0,0,0,0,0,0,1,0,0,1,,0,Saarbrücken
49.24062681,6.94753925,1664985210000,5,0,0,4,1,0,0,0,0,0,0,1,0,0,0,,0,Saarbrücken
49.4008125,6.91935248,1654083738000,5,0,0,4,1,0,0,0,0,0,0,1,0,0,0,,0,Saarbrücken
49.30831486,6.90062318,1657880118000,5,0,0,4,1,0,0,0,0,0,0,1,0,0,1,,0,Saarbrücken
49.31056674,6.90159204,1657880176000,5,0,0,4,1,0,0,0,0,0,0,1,0,0,0,,0,Saarbrücken
49.40664611,6.90890971,1657203308000,5,0,0,4,1,0,0,0,0,0,0,1,0,0,1,,0,Saarbrücken
49.24822365,6.97936206,1657199227000,5,0,0,4,1,0,0,0,0,0,0,1,0,0,1,,0,Saarbrücken
49.23913317,6.99874598,1658424260000,5,0,0,4,1,0,0,0,0,0,0,1,0,0,0,,0,Saarbrücken
49.34023243,6.88566058,1658418103000,5,0,0,4,1,0,0,0,0,0,0,1,0,0,1,,0,Saarbrücken
49.23919894,6.99873207,1657868450000,5,0,0,4,1,0,0,0,0,0,0,1,0,0,1,,0,Saarbrücken
49.23763252,6.99727252,1657868484000,5,0,0,4,1,0,0,0,1,0,0,0,0,0,1,,0,Saarbrücken
49.3871645,6.92702168,1657782088000,5,0,0,4,1,0,0,0,0,0,0,1,0,0,0,,0,Saarbrücken
49.40307389,6.91572802,1657782337000,5,0,0,4,1,0,0,0,0,0,0,1,0,0,0,,0,Saarbrücken
49.40424579,6.91412326,1657782358000,5,0,0,4,1,0,0,0,0,0,0,1,0,0,0,,0,Saarbrücken
49.33804086,6.92882371,1658500922000,5,0,0,4,1,0,0,0,1,0,0,0,0,0,1,,0,Saarbrücken
49.31724285,6.9157523,1658500204000,5,0,0,4,8,0,0,0,0,0,0,0,0,1,0,Linksabbiegerampel: Kontaktschwelle reagiert nicht arte Radfahrer,0,Saarbrücken
49.40520607,6.91336892,1658363083000,5,0,0,4,1,0,0,0,0,1,0,0,0,0,1,Sattelzug überholt kurz vorm Kreisverkehr, merkt, dass er sich verschätzt hat und schert wieder ein ohne Rücksicht auf Verluste. Nur durch starkes Bremsen und Ausweichen in die Regenrinne konnte ich ein Überfahrenwerden verhindern.,0,Saarbrücken
49.23810766,6.96083463,1657872861000,5,0,0,4,1,0,0,0,1,0,0,0,0,0,1,,0,Saarbrücken
49.39246953,6.90648956,1662463588000,5,0,0,4,1,0,0,0,0,0,0,1,0,0,0,,0,Saarbrücken
49.23912502,6.99212981,1662466989000,5,0,0,4,3,0,0,0,0,0,0,1,0,0,1,fuhr bei für ihn roter Ampel trotzdem,0,Saarbrücken
49.3706252,6.92542989,1662416619000,5,0,0,4,1,0,0,0,0,0,0,1,0,0,1,,0,Saarbrücken
