lat,lon,ts,bike,childCheckBox,trailerCheckBox,pLoc,incident,i1,i2,i3,i4,i5,i6,i7,i8,i9,scary,desc,i10,region
51.213200193652085,6.789804397668844,1582622650523,1,0,0,2,4,0,1,0,0,0,0,0,0,0,0,Unterführung sehr dunkel, Gegenverkehr ist nicht sichtbar,0,Düsseldorf
51.217930249907134,6.790023489361091,1582622524992,1,0,0,2,1,0,0,0,0,0,0,0,1,0,0,,0,Düsseldorf
51.1927027,6.85687628,1583818527298,1,0,0,1,7,0,0,0,0,0,0,0,0,0,0,Baustelle auf Radweg (Schild "Radweg Ende") ohne alternative Wegführung. Parallel laufender Fußweg durch halbhohen Randstein abgetrennt. Keine Möglichkeit gefahrlos auf die Fahrbahn auszuweichen.,0,Düsseldorf
51.19739185,6.8264716,1584342355405,1,0,0,0,8,1,0,0,0,0,0,0,0,0,0,Vorfahrt missachtet,0,Düsseldorf
51.19687264,6.83602776,1584115004280,1,0,0,1,1,0,0,0,0,0,0,1,0,0,1,Überholen bei Gegenverkehr mit deutlich unter 50 cm Abstand. Ausbremsen beim Wiedereinscheren.,0,Düsseldorf
51.19540018,6.83435671,1584114982713,1,0,0,1,1,0,0,0,0,0,0,1,0,0,0,,0,Düsseldorf
51.19743313,6.83711733,1583768115292,1,0,0,1,1,0,0,0,0,0,0,1,0,0,1,Überholen in Unterführung bei Gegenverkehr und je einer Spur pro Fahrtrichtung. Lenker touchiert.,0,Düsseldorf
51.19739185,6.8264716,1584342355405,1,0,0,0,8,1,0,0,0,0,0,0,0,0,0,Vorfahrt missachtet,0,Düsseldorf
51.19317986,6.82617102,1584455954220,1,0,0,1,4,0,0,0,1,0,0,0,0,0,1,Gegenverkehr wartet nicht trotz Hinderniss auf eigener Seite.,0,Düsseldorf
51.16860342,6.84296219,1583824842201,1,0,0,1,7,0,0,0,1,0,0,1,0,0,0,Geparkte Fahrzeuge ragen in Radweg.,0,Düsseldorf
51.19643522,6.81772157,1583331310213,1,0,0,1,1,0,0,0,0,0,0,1,0,0,1,,0,Düsseldorf
51.19203102,6.82508695,1583998873599,1,0,0,0,4,0,0,0,0,1,0,0,0,0,1,LKW schneidet Kurve und zwingt zum Anhalten. Abstand ca. 50 cm.,0,Düsseldorf
51.55998666666666,6.232966666666666,1592890846255,3,0,0,1,1,0,0,0,0,0,0,1,0,0,0,,0,Düsseldorf
51.579295,6.243323333333333,1596433663577,3,0,0,1,1,0,0,0,0,0,0,1,0,0,0,,0,Düsseldorf
51.58154833333333,6.246790000000001,1596433596177,3,0,0,1,1,0,0,0,0,0,0,1,0,0,1,,0,Düsseldorf
51.241890,6.721752,1599553731009,1,0,0,5,6,0,0,0,0,0,0,1,0,0,0,"Diesmal beim Einsteigen ohne sich umzusehen",0,Düsseldorf
51.20835663717919,6.810382968627578,1617169038000,0,0,0,0,7,0,0,1,0,0,0,0,0,0,0,,0,Düsseldorf
51.20816765896878,6.811447769354987,1617169053000,0,0,0,0,7,0,0,1,0,0,0,0,0,0,0,,0,Düsseldorf
51.226267,6.951784,1617102471000,1,0,0,2,1,0,0,0,0,0,0,1,0,0,0,,0,Düsseldorf
51.226533,6.898322,1617104188999,1,0,0,2,1,0,0,0,0,1,0,0,0,0,1,,0,Düsseldorf
51.206590,6.825547,1617186627000,3,0,0,4,8,0,0,0,0,0,0,1,0,0,0,"Zugeparkter Radweg",0,Düsseldorf
51.206905,6.823522,1617186651000,3,0,0,4,4,0,1,0,0,0,0,0,0,0,0,"anderes Fahrrad entgegen der Fahrtrichtung unterwegs",0,Düsseldorf
51.2188928341493,6.7770888190716505,1619039024000,0,0,0,0,8,0,0,0,0,0,0,0,0,0,0,Plötzliches Ende Radfahrstreifen,0,Düsseldorf
51.569512663409114,6.293271705508232,1619588378000,0,0,0,0,7,0,0,0,0,0,0,0,0,0,0,Vor der Bäckerei parken oft Autos, die Hindernisse sind,0,Düsseldorf
51.243363,6.864902,1617270253000,1,0,0,0,1,0,0,0,0,0,0,1,0,0,0,,0,Düsseldorf
51.242902,6.787695,1619447032000,1,0,0,1,8,0,0,0,0,0,0,0,0,1,0,"Fahrrad-/Fußgänger Ampel",0,Düsseldorf
51.195671,6.800324,1619797721000,3,0,0,1,3,0,0,0,0,0,0,1,0,0,1,"Abbiegendes Auto hat mich fast übersehen",0,Düsseldorf
51.209993,6.776893,1619798109000,3,0,0,1,8,0,0,0,0,0,0,1,0,0,0,"Auto parkt auf dem Fahrradweg",0,Düsseldorf
51.219509,6.777011,1619798289000,3,0,0,1,8,0,0,0,0,0,0,1,0,0,0,"Auto parkt auf dem Fahrradweg",0,Düsseldorf
51.226410,6.778855,1619798912000,3,0,0,1,7,0,0,1,0,0,0,0,0,0,0,"Fußgänger auf dem Fahrradweg. Fahrradweg kaum als solcher zu erkennen.",0,Düsseldorf
51.224631,6.775588,1619798972000,3,0,0,1,6,0,0,0,0,0,0,1,0,0,0,"Auto parkt auf dem Fahrradweg",0,Düsseldorf
51.217360,6.775386,1619799129000,3,0,0,1,7,0,0,0,0,0,0,1,0,0,0,"Auto parkt auf dem Fahrradweg",0,Düsseldorf
51.209374,6.776123,1619799345000,3,0,0,1,7,0,0,0,0,0,0,1,0,0,0,"Auto parkt auf dem Fahrradweg",0,Düsseldorf
51.206440,6.776959,1619799390000,3,0,0,1,1,0,0,0,0,0,0,1,0,0,1,,0,Düsseldorf
51.200252,6.788869,1619799705000,3,0,0,1,7,0,0,1,0,0,0,0,0,0,0,"Fußgänger auf dem Radweg, Radweg kaum als solche zu erkennen",0,Düsseldorf
51.228564,6.835082,1618816500000,3,0,0,2,7,0,0,1,0,0,0,0,0,0,0,,0,Düsseldorf
51.242791,6.814007,1619432272000,3,0,0,2,4,0,1,0,0,0,0,0,0,0,0,,0,Düsseldorf
50.737185566308355,7.081536966349219,1619196805000,0,0,0,0,8,0,0,0,0,0,0,0,0,0,0,Parken auf Schutzstreifen und Blockieren der rechten Fahrbahnseite,0,Düsseldorf
50.737344237427656,7.081725115801878,1619197476000,0,0,0,0,8,0,0,0,0,0,0,0,0,0,0,Parken auf Schutzstreifen und Blockieren der rechten Fahrbahnseite,0,Düsseldorf
50.737392064395074,7.081676408701404,1619197359000,0,0,0,0,8,0,0,0,0,0,0,0,0,0,0,Parken auf Schutzstreifen und Blockieren der rechten Fahrbahnseite,0,Düsseldorf
50.736996187186776,7.081383302537464,1619197392000,0,0,0,0,8,0,0,0,0,0,0,0,0,0,0,Parken auf Schutzstreifen und Blockieren der rechten Fahrbahnseite,0,Düsseldorf
51.229582,6.834543,1619181148999,3,0,0,2,8,0,0,0,0,1,0,0,0,1,0,"Stadtwerke Fahrzeug",0,Düsseldorf
51.220307,6.848729,1618404768001,3,0,0,2,8,0,0,0,0,0,0,1,0,0,1,"Autofahrer fährt noch bei Rot. Fahrradampel war schon grün.",0,Düsseldorf
51.193707,6.875884,1618405398001,3,0,0,2,1,0,0,0,0,0,0,1,0,0,0,,0,Düsseldorf
51.208081,6.777465,1620815918672,1,0,0,0,1,1,0,0,0,0,0,0,0,0,1,,0,Düsseldorf
51.57415904570371,6.2590621411800385,1620365915000,0,0,0,0,7,0,0,0,1,0,0,1,0,0,0,Baustellenfahrzeug parkte auf dem Weg\n,0,Düsseldorf
51.21903069,6.77955931,1629651371000,,0,0,,1,0,0,0,0,0,0,1,0,0,0,,0,Düsseldorf
51.200098,6.692475,1630142073000,1,0,0,1,3,0,0,0,0,0,0,1,0,0,1,,0,Düsseldorf
51.21102918,6.80776069,1634748626000,1,0,0,4,7,0,0,0,0,0,0,1,0,0,0,pkw parkt auf Radweg,0,Düsseldorf
51.21115399,6.80793463,1634748671000,1,0,0,4,7,0,0,0,0,0,0,1,0,0,0,pkw parkt auf Radweg,0,Düsseldorf
51.20939765,6.80508028,1635695029000,1,0,0,4,8,0,0,0,0,0,0,1,0,0,0,kfz parkt auf Radweg,0,Düsseldorf
51.21087449,6.76868057,1635694356000,1,0,0,4,8,0,0,0,0,0,0,1,0,0,0,kfz parkt auf Schutzstreifen,0,Düsseldorf
51.21199755,6.7918166,1635526344000,1,0,0,4,8,0,0,0,0,0,0,1,0,0,0,Auto parkt auf Radweg\n,0,Düsseldorf
51.21082915,6.77019489,1636566862000,1,0,0,4,8,0,0,0,0,0,0,1,0,0,0,pkw parkt auf RadStreifen,0,Düsseldorf
51.2214155,6.78819139,1635782579000,1,0,0,4,8,0,0,0,0,0,0,1,0,0,0,pkw nimmt Vorfahrt,0,Düsseldorf
51.21878847,6.77910592,1636821650000,1,0,0,4,8,0,0,0,0,0,0,1,0,0,0,pkw parkt in zweiter Reihe,0,Düsseldorf
51.21248235,6.78036762,1636396471000,1,0,0,4,8,0,0,1,0,0,0,0,0,0,0,gehen über die Straße ohne zu schauen,0,Düsseldorf
51.21083446,6.77645357,1636133409000,1,0,0,4,7,0,0,0,0,0,0,1,0,0,0,pkw parkt direkt vor Ampel auf RadSchutzstreifen,0,Düsseldorf
