{
  "type" : "FeatureCollection",
  "features" : [ {
    "type" : "Feature",
    "properties" : {
      "date" : "12/05/2021 15:55:03",
      "bikeType" : "City-/Trekking Bike",
      "child" : "Nein",
      "trailer" : "Nein",
      "pLoc" : "Hosentasche",
      "incident" : "Hindernis ausweichen (z.B. Hund)",
      "participant" : "Fußgänger",
      "scary" : "Nein",
      "descr" : "",
      "region" : "Rastatt"
    },
    "geometry" : {
      "type" : "Point",
      "coordinates" : [ 8.393703, 48.997303 ]
    }
  }, {
    "type" : "Feature",
    "properties" : {
      "date" : "22/04/2021 15:54:22",
      "bikeType" : "City-/Trekking Bike",
      "child" : "Nein",
      "trailer" : "Nein",
      "pLoc" : "Hosentasche",
      "incident" : "Hindernis ausweichen (z.B. Hund)",
      "participant" : "",
      "scary" : "Nein",
      "descr" : "Bäume wachsen auf Radweg",
      "region" : "Rastatt"
    },
    "geometry" : {
      "type" : "Point",
      "coordinates" : [ 8.436218, 49.015145 ]
    }
  }, {
    "type" : "Feature",
    "properties" : {
      "date" : "22/04/2021 15:56:19",
      "bikeType" : "City-/Trekking Bike",
      "child" : "Nein",
      "trailer" : "Nein",
      "pLoc" : "Hosentasche",
      "incident" : "Sonstiges",
      "participant" : "",
      "scary" : "Nein",
      "descr" : "Ampelschaltung grauenhaft. Zwei Phasen zum geradeausfahren!",
      "region" : "Rastatt"
    },
    "geometry" : {
      "type" : "Point",
      "coordinates" : [ 8.436239, 49.015588 ]
    }
  }, {
    "type" : "Feature",
    "properties" : {
      "date" : "22/04/2021 15:56:22",
      "bikeType" : "City-/Trekking Bike",
      "child" : "Nein",
      "trailer" : "Nein",
      "pLoc" : "Hosentasche",
      "incident" : "Sonstiges",
      "participant" : "PKW",
      "scary" : "Nein",
      "descr" : "Grauenhafte Ampelschaltung für Fussgänger und Radler im Zuge einer Baustelle.",
      "region" : "Rastatt"
    },
    "geometry" : {
      "type" : "Point",
      "coordinates" : [ 8.436239, 49.015582 ]
    }
  }, {
    "type" : "Feature",
    "properties" : {
      "date" : "22/04/2021 16:06:02",
      "bikeType" : "City-/Trekking Bike",
      "child" : "Nein",
      "trailer" : "Nein",
      "pLoc" : "Hosentasche",
      "incident" : "Hindernis ausweichen (z.B. Hund)",
      "participant" : "",
      "scary" : "Nein",
      "descr" : "Baustelle mit schlechter Radverkehrsführung",
      "region" : "Rastatt"
    },
    "geometry" : {
      "type" : "Point",
      "coordinates" : [ 8.470665, 49.025268 ]
    }
  }, {
    "type" : "Feature",
    "properties" : {
      "date" : "22/04/2021 16:07:14",
      "bikeType" : "City-/Trekking Bike",
      "child" : "Nein",
      "trailer" : "Nein",
      "pLoc" : "Hosentasche",
      "incident" : "Hindernis ausweichen (z.B. Hund)",
      "participant" : "Fahrrad, Fußgänger, PKW",
      "scary" : "Nein",
      "descr" : "Baustelle ",
      "region" : "Rastatt"
    },
    "geometry" : {
      "type" : "Point",
      "coordinates" : [ 8.47588, 49.023032 ]
    }
  }, {
    "type" : "Feature",
    "properties" : {
      "date" : "23/04/2021 10:29:09",
      "bikeType" : "City-/Trekking Bike",
      "child" : "Nein",
      "trailer" : "Nein",
      "pLoc" : "Hosentasche",
      "incident" : "Hindernis ausweichen (z.B. Hund)",
      "participant" : "",
      "scary" : "Nein",
      "descr" : "Straßenschäden ",
      "region" : "Rastatt"
    },
    "geometry" : {
      "type" : "Point",
      "coordinates" : [ 8.535486, 49.063183 ]
    }
  }, {
    "type" : "Feature",
    "properties" : {
      "date" : "23/04/2021 10:37:34",
      "bikeType" : "City-/Trekking Bike",
      "child" : "Nein",
      "trailer" : "Nein",
      "pLoc" : "Hosentasche",
      "incident" : "Sonstiges",
      "participant" : "",
      "scary" : "Nein",
      "descr" : "Schlechte Verkehrsführung",
      "region" : "Rastatt"
    },
    "geometry" : {
      "type" : "Point",
      "coordinates" : [ 8.550283, 49.086682 ]
    }
  }, {
    "type" : "Feature",
    "properties" : {
      "date" : "23/04/2021 10:50:56",
      "bikeType" : "City-/Trekking Bike",
      "child" : "Nein",
      "trailer" : "Nein",
      "pLoc" : "Hosentasche",
      "incident" : "Hindernis ausweichen (z.B. Hund)",
      "participant" : "",
      "scary" : "Nein",
      "descr" : "Radweg endet in Busch. Unklare Verkehrsführung ",
      "region" : "Rastatt"
    },
    "geometry" : {
      "type" : "Point",
      "coordinates" : [ 8.590601, 49.124027 ]
    }
  }, {
    "type" : "Feature",
    "properties" : {
      "date" : "23/04/2021 10:51:08",
      "bikeType" : "City-/Trekking Bike",
      "child" : "Nein",
      "trailer" : "Nein",
      "pLoc" : "Hosentasche",
      "incident" : "Hindernis ausweichen (z.B. Hund)",
      "participant" : "",
      "scary" : "Nein",
      "descr" : "Kein Radweg ",
      "region" : "Rastatt"
    },
    "geometry" : {
      "type" : "Point",
      "coordinates" : [ 8.590876, 49.124326 ]
    }
  }, {
    "type" : "Feature",
    "properties" : {
      "date" : "19/04/2021 17:47:48",
      "bikeType" : "City-/Trekking Bike",
      "child" : "Nein",
      "trailer" : "Nein",
      "pLoc" : "Jackentasche",
      "incident" : "Beinahe-Abbiegeunfall",
      "participant" : "PKW",
      "scary" : "Ja",
      "descr" : "$9,3 StVO missachtet ",
      "region" : "Rastatt"
    },
    "geometry" : {
      "type" : "Point",
      "coordinates" : [ 8.38777, 49.007625 ]
    }
  }, {
    "type" : "Feature",
    "properties" : {
      "date" : "22/04/2021 12:53:05",
      "bikeType" : "City-/Trekking Bike",
      "child" : "Nein",
      "trailer" : "Nein",
      "pLoc" : "Hosentasche",
      "incident" : "Sonstiges",
      "participant" : "Sonstiges",
      "scary" : "Nein",
      "descr" : "Scharfe Kurve ",
      "region" : "Rastatt"
    },
    "geometry" : {
      "type" : "Point",
      "coordinates" : [ 8.418927, 49.008221 ]
    }
  }, {
    "type" : "Feature",
    "properties" : {
      "date" : "22/04/2021 12:55:38",
      "bikeType" : "City-/Trekking Bike",
      "child" : "Nein",
      "trailer" : "Nein",
      "pLoc" : "Hosentasche",
      "incident" : "Beinahe-Abbiegeunfall",
      "participant" : "",
      "scary" : "Nein",
      "descr" : "",
      "region" : "Rastatt"
    },
    "geometry" : {
      "type" : "Point",
      "coordinates" : [ 8.423612, 49.011294 ]
    }
  }, {
    "type" : "Feature",
    "properties" : {
      "date" : "22/04/2021 11:25:48",
      "bikeType" : "City-/Trekking Bike",
      "child" : "Nein",
      "trailer" : "Nein",
      "pLoc" : "Hosentasche",
      "incident" : "Sonstiges",
      "participant" : "",
      "scary" : "Nein",
      "descr" : "Scharfe Kurven ",
      "region" : "Rastatt"
    },
    "geometry" : {
      "type" : "Point",
      "coordinates" : [ 8.51523, 49.032855 ]
    }
  }, {
    "type" : "Feature",
    "properties" : {
      "date" : "22/04/2021 11:29:00",
      "bikeType" : "City-/Trekking Bike",
      "child" : "Nein",
      "trailer" : "Nein",
      "pLoc" : "Hosentasche",
      "incident" : "Hindernis ausweichen (z.B. Hund)",
      "participant" : "",
      "scary" : "Nein",
      "descr" : "Straßenschäden ",
      "region" : "Rastatt"
    },
    "geometry" : {
      "type" : "Point",
      "coordinates" : [ 8.501859, 49.025373 ]
    }
  }, {
    "type" : "Feature",
    "properties" : {
      "date" : "22/04/2021 11:30:09",
      "bikeType" : "City-/Trekking Bike",
      "child" : "Nein",
      "trailer" : "Nein",
      "pLoc" : "Hosentasche",
      "incident" : "Sonstiges",
      "participant" : "",
      "scary" : "Nein",
      "descr" : "Scharfe Kurve",
      "region" : "Rastatt"
    },
    "geometry" : {
      "type" : "Point",
      "coordinates" : [ 8.496647, 49.022947 ]
    }
  }, {
    "type" : "Feature",
    "properties" : {
      "date" : "22/04/2021 17:40:41",
      "bikeType" : "-",
      "child" : "Nein",
      "trailer" : "Nein",
      "pLoc" : "Hosentasche",
      "incident" : "Hindernis ausweichen (z.B. Hund)",
      "participant" : "",
      "scary" : "Nein",
      "descr" : "PKW parkt auf Fahrradstreifen",
      "region" : "Rastatt"
    },
    "geometry" : {
      "type" : "Point",
      "coordinates" : [ 8.35949412, 49.03079325 ]
    }
  }, {
    "type" : "Feature",
    "properties" : {
      "date" : "20/04/2021 15:36:36",
      "bikeType" : "City-/Trekking Bike",
      "child" : "Nein",
      "trailer" : "Nein",
      "pLoc" : "Hosentasche",
      "incident" : "Hindernis ausweichen (z.B. Hund)",
      "participant" : "Fahrrad, Fußgänger",
      "scary" : "Nein",
      "descr" : "Schranke auf Radweg",
      "region" : "Rastatt"
    },
    "geometry" : {
      "type" : "Point",
      "coordinates" : [ 8.522672, 49.045069 ]
    }
  }, {
    "type" : "Feature",
    "properties" : {
      "date" : "20/04/2021 15:45:08",
      "bikeType" : "City-/Trekking Bike",
      "child" : "Nein",
      "trailer" : "Nein",
      "pLoc" : "Hosentasche",
      "incident" : "Hindernis ausweichen (z.B. Hund)",
      "participant" : "PKW",
      "scary" : "Nein",
      "descr" : "",
      "region" : "Rastatt"
    },
    "geometry" : {
      "type" : "Point",
      "coordinates" : [ 8.49371, 49.022804 ]
    }
  }, {
    "type" : "Feature",
    "properties" : {
      "date" : "20/04/2021 15:57:24",
      "bikeType" : "City-/Trekking Bike",
      "child" : "Nein",
      "trailer" : "Nein",
      "pLoc" : "Hosentasche",
      "incident" : "Zu dichtes Überholen",
      "participant" : "Lieferwagen",
      "scary" : "Ja",
      "descr" : "",
      "region" : "Rastatt"
    },
    "geometry" : {
      "type" : "Point",
      "coordinates" : [ 8.437571, 49.00708 ]
    }
  }, {
    "type" : "Feature",
    "properties" : {
      "date" : "20/04/2021 15:58:16",
      "bikeType" : "City-/Trekking Bike",
      "child" : "Nein",
      "trailer" : "Nein",
      "pLoc" : "Hosentasche",
      "incident" : "Zu dichtes Überholen",
      "participant" : "LKW",
      "scary" : "Nein",
      "descr" : "",
      "region" : "Rastatt"
    },
    "geometry" : {
      "type" : "Point",
      "coordinates" : [ 8.431838, 49.008317 ]
    }
  }, {
    "type" : "Feature",
    "properties" : {
      "date" : "12/04/2021 18:34:09",
      "bikeType" : "-",
      "child" : "Nein",
      "trailer" : "Nein",
      "pLoc" : "Hosentasche",
      "incident" : "Zu dichtes Überholen",
      "participant" : "",
      "scary" : "Nein",
      "descr" : "",
      "region" : "Rastatt"
    },
    "geometry" : {
      "type" : "Point",
      "coordinates" : [ 8.234318178632922, 48.76656114333419 ]
    }
  }, {
    "type" : "Feature",
    "properties" : {
      "date" : "12/04/2021 18:37:47",
      "bikeType" : "-",
      "child" : "Nein",
      "trailer" : "Nein",
      "pLoc" : "Hosentasche",
      "incident" : "Entgegenkommender Verkehrsteilnehmer",
      "participant" : "Fahrrad",
      "scary" : "Nein",
      "descr" : "",
      "region" : "Rastatt"
    },
    "geometry" : {
      "type" : "Point",
      "coordinates" : [ 8.226400259072092, 48.77087220333931 ]
    }
  }, {
    "type" : "Feature",
    "properties" : {
      "date" : "20/04/2021 17:47:30",
      "bikeType" : "City-/Trekking Bike",
      "child" : "Nein",
      "trailer" : "Nein",
      "pLoc" : "Hosentasche",
      "incident" : "Hindernis ausweichen (z.B. Hund)",
      "participant" : "Fußgänger",
      "scary" : "Nein",
      "descr" : "",
      "region" : "Rastatt"
    },
    "geometry" : {
      "type" : "Point",
      "coordinates" : [ 8.40559, 49.014546 ]
    }
  }, {
    "type" : "Feature",
    "properties" : {
      "date" : "20/04/2021 17:48:09",
      "bikeType" : "City-/Trekking Bike",
      "child" : "Nein",
      "trailer" : "Nein",
      "pLoc" : "Hosentasche",
      "incident" : "Hindernis ausweichen (z.B. Hund)",
      "participant" : "",
      "scary" : "Nein",
      "descr" : "Großes Schlagloch",
      "region" : "Rastatt"
    },
    "geometry" : {
      "type" : "Point",
      "coordinates" : [ 8.407029, 49.015354 ]
    }
  }, {
    "type" : "Feature",
    "properties" : {
      "date" : "20/04/2021 17:50:36",
      "bikeType" : "City-/Trekking Bike",
      "child" : "Nein",
      "trailer" : "Nein",
      "pLoc" : "Hosentasche",
      "incident" : "Sonstiges",
      "participant" : "",
      "scary" : "Nein",
      "descr" : "Schlagloch ausweichen",
      "region" : "Rastatt"
    },
    "geometry" : {
      "type" : "Point",
      "coordinates" : [ 8.407806, 49.019336 ]
    }
  }, {
    "type" : "Feature",
    "properties" : {
      "date" : "20/04/2021 18:11:11",
      "bikeType" : "City-/Trekking Bike",
      "child" : "Nein",
      "trailer" : "Nein",
      "pLoc" : "Hosentasche",
      "incident" : "Beinahe-Abbiegeunfall",
      "participant" : "",
      "scary" : "Ja",
      "descr" : "",
      "region" : "Rastatt"
    },
    "geometry" : {
      "type" : "Point",
      "coordinates" : [ 8.473091, 49.067611 ]
    }
  }, {
    "type" : "Feature",
    "properties" : {
      "date" : "20/04/2021 18:21:41",
      "bikeType" : "City-/Trekking Bike",
      "child" : "Nein",
      "trailer" : "Nein",
      "pLoc" : "Hosentasche",
      "incident" : "Hindernis ausweichen (z.B. Hund)",
      "participant" : "Fußgänger, PKW",
      "scary" : "Nein",
      "descr" : "Unklare Verkehrsführung, beengende Verhältnisse, Konflikt mit Fussgängern und PKW",
      "region" : "Rastatt"
    },
    "geometry" : {
      "type" : "Point",
      "coordinates" : [ 8.514194, 49.051658 ]
    }
  }, {
    "type" : "Feature",
    "properties" : {
      "date" : "25/04/2021 19:25:53",
      "bikeType" : "City-/Trekking Bike",
      "child" : "Nein",
      "trailer" : "Nein",
      "pLoc" : "Hosentasche",
      "incident" : "Zu dichtes Überholen",
      "participant" : "",
      "scary" : "Nein",
      "descr" : "",
      "region" : "Rastatt"
    },
    "geometry" : {
      "type" : "Point",
      "coordinates" : [ 8.390709, 48.982992 ]
    }
  }, {
    "type" : "Feature",
    "properties" : {
      "date" : "25/04/2021 19:26:01",
      "bikeType" : "City-/Trekking Bike",
      "child" : "Nein",
      "trailer" : "Nein",
      "pLoc" : "Hosentasche",
      "incident" : "Zu dichtes Überholen",
      "participant" : "",
      "scary" : "Nein",
      "descr" : "",
      "region" : "Rastatt"
    },
    "geometry" : {
      "type" : "Point",
      "coordinates" : [ 8.391037, 48.983416 ]
    }
  }, {
    "type" : "Feature",
    "properties" : {
      "date" : "25/04/2021 19:26:09",
      "bikeType" : "City-/Trekking Bike",
      "child" : "Nein",
      "trailer" : "Nein",
      "pLoc" : "Hosentasche",
      "incident" : "Zu dichtes Überholen",
      "participant" : "",
      "scary" : "Nein",
      "descr" : "",
      "region" : "Rastatt"
    },
    "geometry" : {
      "type" : "Point",
      "coordinates" : [ 8.391381, 48.983798 ]
    }
  }, {
    "type" : "Feature",
    "properties" : {
      "date" : "25/04/2021 19:27:25",
      "bikeType" : "City-/Trekking Bike",
      "child" : "Nein",
      "trailer" : "Nein",
      "pLoc" : "Hosentasche",
      "incident" : "Entgegenkommender Verkehrsteilnehmer",
      "participant" : "Bus",
      "scary" : "Nein",
      "descr" : "",
      "region" : "Rastatt"
    },
    "geometry" : {
      "type" : "Point",
      "coordinates" : [ 8.394824, 48.987945 ]
    }
  }, {
    "type" : "Feature",
    "properties" : {
      "date" : "25/04/2021 19:28:57",
      "bikeType" : "City-/Trekking Bike",
      "child" : "Nein",
      "trailer" : "Nein",
      "pLoc" : "Hosentasche",
      "incident" : "Entgegenkommender Verkehrsteilnehmer",
      "participant" : "PKW",
      "scary" : "Nein",
      "descr" : "",
      "region" : "Rastatt"
    },
    "geometry" : {
      "type" : "Point",
      "coordinates" : [ 8.39053, 48.991366 ]
    }
  }, {
    "type" : "Feature",
    "properties" : {
      "date" : "27/04/2021 16:57:49",
      "bikeType" : "City-/Trekking Bike",
      "child" : "Nein",
      "trailer" : "Nein",
      "pLoc" : "Hosentasche",
      "incident" : "Zu dichtes Überholen",
      "participant" : "",
      "scary" : "Nein",
      "descr" : "",
      "region" : "Rastatt"
    },
    "geometry" : {
      "type" : "Point",
      "coordinates" : [ 8.393159, 48.989494 ]
    }
  }, {
    "type" : "Feature",
    "properties" : {
      "date" : "27/04/2021 16:58:05",
      "bikeType" : "City-/Trekking Bike",
      "child" : "Nein",
      "trailer" : "Nein",
      "pLoc" : "Hosentasche",
      "incident" : "Zu dichtes Überholen",
      "participant" : "",
      "scary" : "Nein",
      "descr" : "",
      "region" : "Rastatt"
    },
    "geometry" : {
      "type" : "Point",
      "coordinates" : [ 8.39502, 48.98938 ]
    }
  }, {
    "type" : "Feature",
    "properties" : {
      "date" : "27/04/2021 16:59:53",
      "bikeType" : "City-/Trekking Bike",
      "child" : "Nein",
      "trailer" : "Nein",
      "pLoc" : "Hosentasche",
      "incident" : "Beinahe-Abbiegeunfall",
      "participant" : "",
      "scary" : "Nein",
      "descr" : "",
      "region" : "Rastatt"
    },
    "geometry" : {
      "type" : "Point",
      "coordinates" : [ 8.390372, 48.982337 ]
    }
  } ]
}